entity,invoice_number,invoice_date,year,item_code,quantity,contact_raw,contact_canonical,status,account_raw,product_line,net,is_product_revenue,is_intra_group
Display Technologies,INV-2016/0001,2016-07-12,2016,,1,Apex Tech Scotland Ltd,Apex Tech Scotland Ltd,Paid,Sales - Non Motorised On Wall Screens,Non Motorised On Wall Screens,1092.0,1,1
Display Technologies,INV-0001,2016-08-19,2016,DT-DYN-2S-450,1,Meridian Audio Ltd,Meridian Audio Ltd,Paid,Sales - Motorised On Wall Screens,Motorised On Wall Screens,4617.6,1,0
Display Technologies,INV-0002,2016-08-19,2016,,1,Reference AV,Reference AV,Paid,Other Revenue,Other Revenue,280.0,0,0
Display Technologies,INV-0003,2016-09-17,2016,DT-CNTP-390,1,Apex Tech Scotland Ltd,Apex Tech Scotland Ltd,Paid,Sales - Non Motorised On Wall Screens,Non Motorised On Wall Screens,1326.0,1,1
Display Technologies,INV-0004,2016-10-22,2016,DT-DYN-2S-420,1,Sphere Custom Design,Sphere Custom Design,Paid,Sales - Motorised On Wall Screens,Motorised On Wall Screens,5460.0,1,0
Display Technologies,INV-0005,2016-10-27,2016,DT-FRNT-330,1,Apex Tech Scotland Ltd,Apex Tech Scotland Ltd,Paid,Sales - Non Motorised On Wall Screens,Non Motorised On Wall Screens,1092.0,1,1
Display Technologies,INV-0005,2016-10-27,2016,,6,Apex Tech Scotland Ltd,Apex Tech Scotland Ltd,Paid,Other Revenue,Other Revenue,120.0,0,1
Display Technologies,INV-0006,2016-11-22,2016,DT-FRNT-330,1,Meridian Audio Ltd,Meridian Audio Ltd,Paid,Sales - Non Motorised On Wall Screens,Non Motorised On Wall Screens,1092.0,1,0
Display Technologies,INV-0007,2016-11-25,2016,DT-FRNT-240,1,Meridian America Inc.,Meridian America Inc.,Paid,Sales - Non Motorised On Wall Screens,Non Motorised On Wall Screens,741.0,1,0
Display Technologies,INV-0007,2016-11-25,2016,,1,Meridian America Inc.,Meridian America Inc.,Paid,Sales - Non Motorised On Wall Screens,Non Motorised On Wall Screens,-741.0,1,0
Display Technologies,INV-0008,2016-11-28,2016,DT-DYN-2S-330,1,Meridian Audio Ltd,Meridian Audio Ltd,Paid,Sales - Motorised On Wall Screens,Motorised On Wall Screens,4290.0,1,0
Display Technologies,INV-0009,2016-11-28,2016,DT-FRNT-390,1,Meridian Audio Ltd,Meridian Audio Ltd,Paid,Sales - Non Motorised On Wall Screens,Non Motorised On Wall Screens,1404.0,1,0
Display Technologies,INV-0010,2016-11-28,2016,DT-FRNT-240,1,Meridian Audio Ltd,Meridian Audio Ltd,Paid,Sales - Non Motorised On Wall Screens,Non Motorised On Wall Screens,741.0,1,0
Display Technologies,INV-0011,2016-11-30,2016,DT-FRNT-300,1,Meridian Audio Ltd,Meridian Audio Ltd,Paid,Sales - Non Motorised On Wall Screens,Non Motorised On Wall Screens,936.0,1,0
Display Technologies,INV-0012,2016-11-30,2016,DT-DYN-2S-360,1,Meridian Audio Ltd,Meridian Audio Ltd,Paid,Sales - Motorised On Wall Screens,Motorised On Wall Screens,4680.0,1,0
Display Technologies,INV-0013,2016-12-12,2016,,1,Apex Tech Scotland Ltd,Apex Tech Scotland Ltd,Paid,Other Revenue,Other Revenue,208.33,0,1
Display Technologies,INV-0015,2017-01-05,2017,DT-DYN-2TB-300,1,Meridian Audio Ltd,Meridian Audio Ltd,Paid,Sales - Motorised On Wall Screens,Motorised On Wall Screens,3900.0,1,0
Display Technologies,INV-0016,2017-01-05,2017,DT-FRNT-300,1,Meridian Audio Ltd,Meridian Audio Ltd,Paid,Sales - Non Motorised On Wall Screens,Non Motorised On Wall Screens,936.0,1,0
Display Technologies,INV-0017,2017-01-05,2017,,1,Apex Tech Scotland Ltd,Apex Tech Scotland Ltd,Paid,Other Revenue,Other Revenue,2500.0,0,1
Display Technologies,INV-0018,2017-01-10,2017,DT-FRNT-510,1,Meridian America Inc.,Meridian America Inc.,Paid,Sales - Non Motorised On Wall Screens,Non Motorised On Wall Screens,2262.0,1,0
Display Technologies,INV-0018,2017-01-10,2017,,0,Meridian America Inc.,Meridian America Inc.,Paid,,,0.0,1,0
Display Technologies,INV-0019,2017-01-11,2017,DT-DYN-2TB-360,1,Apex Tech Scotland Ltd,Apex Tech Scotland Ltd,Paid,Sales - Motorised On Wall Screens,Motorised On Wall Screens,3599.86,1,1
Display Technologies,INV-0020,2017-01-13,2017,DT-FRNT-240,1,Deco 2000 Co. Ltd.,Deco 2000 Co. Ltd.,Paid,Sales - Non Motorised On Wall Screens,Non Motorised On Wall Screens,741.0,1,0
Display Technologies,INV-0020,2017-01-13,2017,,1,Deco 2000 Co. Ltd.,Deco 2000 Co. Ltd.,Paid,Sales - Non Motorised On Wall Screens,Non Motorised On Wall Screens,-78.0,1,0
Display Technologies,INV-0022,2017-01-25,2017,,1,Barco Fredrikstad AS,Barco Fredrikstad AS,Paid,Other Revenue,Other Revenue,3000.0,0,0
Display Technologies,INV-0023,2017-01-30,2017,DT-DYN-2S-420,1,AV Nirvana India,AV Nirvana India,Paid,Sales - Motorised On Wall Screens,Motorised On Wall Screens,4368.0,1,0
Display Technologies,INV-0023,2017-01-30,2017,DT-DYN-AMO-420,1,AV Nirvana India,AV Nirvana India,Paid,Sales - Motorised On Wall Screens,Motorised On Wall Screens,2184.0,1,0
Display Technologies,INV-0023,2017-01-30,2017,,1,AV Nirvana India,AV Nirvana India,Paid,Sales - Motorised On Wall Screens,Motorised On Wall Screens,-994.5,1,0
Display Technologies,INV-0024,2017-01-30,2017,DT-DYN-2S-360,1,Soundroom Lifestyle Technologies Pvt Ltd,Soundroom Lifestyle Technologies Pvt Ltd,Paid,Sales - Motorised On Wall Screens,Motorised On Wall Screens,4212.0,1,0
Display Technologies,INV-0024,2017-01-30,2017,DT-DYN-AMO-360,1,Soundroom Lifestyle Technologies Pvt Ltd,Soundroom Lifestyle Technologies Pvt Ltd,Paid,Sales - Motorised On Wall Screens,Motorised On Wall Screens,2106.0,1,0
Display Technologies,INV-0025,2017-01-30,2017,,1,Tech One Enterprise,Tech One Enterprise,Paid,Sales - Motorised On Wall Screens,Motorised On Wall Screens,7020.0,1,0
Display Technologies,INV-0027,2017-02-16,2017,DT-DYN-4-510,1,Meridian America Inc.,Meridian America Inc.,Paid,Sales - Motorised On Wall Screens,Motorised On Wall Screens,8580.0,1,0
Display Technologies,INV-0028,2017-02-20,2017,DT-DYN-2S-420,1,Meridian America Inc.,Meridian America Inc.,Paid,Sales - Motorised On Wall Screens,Motorised On Wall Screens,5460.0,1,0
Display Technologies,INV-0029,2017-02-20,2017,DT-DYN-2TB-330,1,Meridian Audio Ltd,Meridian Audio Ltd,Paid,Sales - Motorised On Wall Screens,Motorised On Wall Screens,3432.0,1,0
Display Technologies,INV-0029,2017-02-20,2017,,0,Meridian Audio Ltd,Meridian Audio Ltd,Paid,,,0.0,1,0
Display Technologies,INV-0030,2017-02-20,2017,DT-DYN-2TB-330,1,Meridian Audio Ltd,Meridian Audio Ltd,Paid,Sales - Motorised On Wall Screens,Motorised On Wall Screens,3861.0,1,0
Display Technologies,INV-0030,2017-02-20,2017,,0,Meridian Audio Ltd,Meridian Audio Ltd,Paid,,,0.0,1,0
Display Technologies,INV-0031,2017-02-21,2017,DT-FRNT-300,1,Meridian Audio Ltd,Meridian Audio Ltd,Paid,Sales - Non Motorised On Wall Screens,Non Motorised On Wall Screens,936.0,1,0
Display Technologies,INV-0032,2017-02-21,2017,DT-FRNT-330,1,Deco 2000 Co. Ltd.,Deco 2000 Co. Ltd.,Paid,Sales - Non Motorised On Wall Screens,Non Motorised On Wall Screens,1092.0,1,0
Display Technologies,INV-0033,2017-02-28,2017,DT-DYN-2S-330,1,Genesis Home Technologies SL,Genesis Home Technologies SL,Paid,Sales - Motorised On Wall Screens,Motorised On Wall Screens,3432.0,1,0
Display Technologies,INV-0033,2017-02-28,2017,DT-DYN-AMO-330,1,Genesis Home Technologies SL,Genesis Home Technologies SL,Paid,Sales - Motorised On Wall Screens,Motorised On Wall Screens,1716.0,1,0
Display Technologies,INV-0033,2017-02-28,2017,,0,Genesis Home Technologies SL,Genesis Home Technologies SL,Paid,,,0.0,1,0
Display Technologies,INV-0034,2017-03-08,2017,DT-FRNT-300,1,Special Elektronik,Special Elektronik,Paid,Sales - Non Motorised On Wall Screens,Non Motorised On Wall Screens,748.8,1,0
Display Technologies,INV-0034,2017-03-08,2017,,1,Special Elektronik,Special Elektronik,Paid,Other Revenue,Other Revenue,234.0,0,0
Display Technologies,INV-0034,2017-03-08,2017,,1,Special Elektronik,Special Elektronik,Paid,Other Revenue,Other Revenue,245.0,0,0
Display Technologies,INV-0035,2017-03-13,2017,,1,Genesis Home Technologies SL,Genesis Home Technologies SL,Paid,Other Revenue,Other Revenue,800.0,0,0
Display Technologies,INV-0036,2017-03-13,2017,DT-DYN-2TB-420,1,Meridian America Inc.,Meridian America Inc.,Paid,Sales - Motorised On Wall Screens,Motorised On Wall Screens,5460.0,1,0
Display Technologies,INV-0037,2017-04-09,2017,DT-FRNT-510,1,Apex Tech Scotland Ltd,Apex Tech Scotland Ltd,Paid,Sales - Non Motorised On Wall Screens,Non Motorised On Wall Screens,2262.0,1,1
Display Technologies,INV-0038,2017-04-09,2017,,1,Apex Tech Scotland Ltd,Apex Tech Scotland Ltd,Paid,Other Revenue,Other Revenue,975.0,0,1
Display Technologies,INV-0039,2017-04-13,2017,DT-FRNT-270,1,Meridian America Inc.,Meridian America Inc.,Paid,Sales - Non Motorised On Wall Screens,Non Motorised On Wall Screens,819.0,1,0
Display Technologies,INV-0040,2017-04-18,2017,DT-CNTP-330,1,Meridian America Inc.,Meridian America Inc.,Paid,Sales - Non Motorised On Wall Screens,Non Motorised On Wall Screens,1014.0,1,0
Display Technologies,INV-0041,2017-04-23,2017,DT-DYN-AM-420,1,Special Elektronik,Special Elektronik,Paid,Sales - Motorised On Wall Screens,Motorised On Wall Screens,3432.0,1,0
Display Technologies,INV-0041,2017-04-23,2017,,1,Special Elektronik,Special Elektronik,Paid,Other Revenue,Other Revenue,525.0,0,0
Display Technologies,INV-0042,2017-04-26,2017,DT-DYN-2S-360,1,Meridian America Inc.,Meridian America Inc.,Paid,Sales - Motorised On Wall Screens,Motorised On Wall Screens,4680.0,1,0
Display Technologies,INV-0043,2017-04-28,2017,DT-FRNT-240,1,Meridian Audio Ltd,Meridian Audio Ltd,Paid,Sales - Non Motorised On Wall Screens,Non Motorised On Wall Screens,741.0,1,0
Display Technologies,INV-0044,2017-05-05,2017,DT-FRNT-450,2,Meridian America Inc.,Meridian America Inc.,Paid,Sales - Non Motorised On Wall Screens,Non Motorised On Wall Screens,3432.0,1,0
Display Technologies,INV-0045,2017-05-16,2017,DT-FRNT-300,2,Meridian Audio Ltd,Meridian Audio Ltd,Paid,Sales - Non Motorised On Wall Screens,Non Motorised On Wall Screens,1872.0,1,0
Display Technologies,INV-0046,2017-05-28,2017,DT-DYN-2S-240,1,Meridian Audio Ltd,Meridian Audio Ltd,Paid,Sales - Motorised On Wall Screens,Motorised On Wall Screens,3120.0,1,0
Display Technologies,INV-0047,2017-06-15,2017,,1,Meridian America Inc.,Meridian America Inc.,Paid,Other Revenue,Other Revenue,1000.0,0,0
Display Technologies,INV-0047,2017-06-15,2017,,0,Meridian America Inc.,Meridian America Inc.,Paid,,,0.0,1,0
Display Technologies,INV-0048,2017-06-26,2017,DT-DYN-2S-420,1,LYS STYRING DATA AS,LYS STYRING DATA AS,Paid,Sales - Motorised On Wall Screens,Motorised On Wall Screens,6720.0,1,0
Display Technologies,INV-0048,2017-06-26,2017,DT-DYN-AMO-420,1,LYS STYRING DATA AS,LYS STYRING DATA AS,Paid,Sales - Motorised On Wall Screens,Motorised On Wall Screens,3360.0,1,0
Display Technologies,INV-0049,2017-06-27,2017,,10,Meridian America Inc.,Meridian America Inc.,Paid,Other Revenue,Other Revenue,170.0,0,0
Display Technologies,INV-0050,2017-07-04,2017,DT-DYN-4-360,1,Apex Tech Scotland Ltd,Apex Tech Scotland Ltd,Paid,Sales - Motorised On Wall Screens,Motorised On Wall Screens,6630.0,1,1
Display Technologies,INV-0050,2017-07-04,2017,,1,Apex Tech Scotland Ltd,Apex Tech Scotland Ltd,Paid,Other Revenue,Other Revenue,1657.5,0,1
Display Technologies,INV-0051,2017-07-05,2017,DT-FRNT-300,1,Meridian Audio Ltd,Meridian Audio Ltd,Paid,Sales - Non Motorised On Wall Screens,Non Motorised On Wall Screens,936.0,1,0
Display Technologies,INV-0052,2017-07-05,2017,DT-FRNT-270,1,Meridian Audio Ltd,Meridian Audio Ltd,Paid,Sales - Non Motorised On Wall Screens,Non Motorised On Wall Screens,819.0,1,0
Display Technologies,INV-0053,2017-07-05,2017,DT-VMM-DWN,1,Apex Tech Scotland Ltd,Apex Tech Scotland Ltd,Paid,Sales - Non Motorised Mount Solutions,Non Motorised Mount Solutions,975.0,1,1
Display Technologies,INV-0054,2017-07-05,2017,DT-DYN-2S-330,1,Meridian Audio Ltd,Meridian Audio Ltd,Paid,,,0.0,1,0
Display Technologies,INV-0054,2017-07-05,2017,,0,Meridian Audio Ltd,Meridian Audio Ltd,Paid,,,0.0,1,0
Display Technologies,INV-0055,2017-07-05,2017,,2,Apex Tech Scotland Ltd,Apex Tech Scotland Ltd,Paid,Other Revenue,Other Revenue,100.0,0,1
Display Technologies,INV-0057,2017-07-08,2017,,1,concept Hi Fi,concept Hi Fi,Paid,Other Revenue,Other Revenue,1560.0,0,0
Display Technologies,INV-0058,2017-07-13,2017,DT-CNTP-390,1,Meridian Audio Ltd,Meridian Audio Ltd,Paid,Sales - Non Motorised On Wall Screens,Non Motorised On Wall Screens,1326.0,1,0
Display Technologies,INV-0059,2017-07-13,2017,DT-VMM-RE-UP,1,Meridian Audio Ltd,Meridian Audio Ltd,Paid,Sales - Non Motorised Mount Solutions,Non Motorised Mount Solutions,975.0,1,0
Display Technologies,INV-0061,2017-07-23,2017,DT-FRNT-330,1,Meridian Audio Ltd,Meridian Audio Ltd,Paid,Sales - Non Motorised On Wall Screens,Non Motorised On Wall Screens,1092.0,1,0
Display Technologies,INV-0062,2017-07-23,2017,DT-FRNT-270,1,Meridian Audio Ltd,Meridian Audio Ltd,Paid,Sales - Non Motorised On Wall Screens,Non Motorised On Wall Screens,819.0,1,0
Display Technologies,INV-0063,2017-07-23,2017,DT-FRNT-360,1,Meridian Audio Ltd,Meridian Audio Ltd,Paid,Sales - Non Motorised On Wall Screens,Non Motorised On Wall Screens,1248.0,1,0
Display Technologies,INV-0064,2017-08-02,2017,,1,Cinema Acoustic Treatment Systems Ltd,Cinema Acoustic Treatment Systems Ltd,Paid,Other Revenue,Other Revenue,2800.0,0,0
Display Technologies,INV-0065,2017-08-08,2017,DT-FRNT-330,1,Meridian Audio Ltd,Meridian Audio Ltd,Paid,Sales - Non Motorised On Wall Screens,Non Motorised On Wall Screens,1092.0,1,0
Display Technologies,INV-0066,2017-08-08,2017,DT-FRNT-270,1,Sphere Custom Design,Sphere Custom Design,Paid,Sales - Non Motorised On Wall Screens,Non Motorised On Wall Screens,819.0,1,0
Display Technologies,INV-0067,2017-08-08,2017,DT-FRNT-270,1,Sphere Custom Design,Sphere Custom Design,Paid,Sales - Non Motorised On Wall Screens,Non Motorised On Wall Screens,819.0,1,0
Display Technologies,INV-0068,2017-08-08,2017,DT-CNTP-300,1,Meridian America Inc.,Meridian America Inc.,Paid,Sales - Non Motorised On Wall Screens,Non Motorised On Wall Screens,858.0,1,0
Display Technologies,INV-0069,2017-08-08,2017,DT-FRNT-270,1,Apex Tech Scotland Ltd,Apex Tech Scotland Ltd,Paid,Sales - Non Motorised On Wall Screens,Non Motorised On Wall Screens,819.0,1,1
Display Technologies,INV-0070,2017-08-08,2017,DT-FRNT-360,1,Apex Tech Scotland Ltd,Apex Tech Scotland Ltd,Paid,Sales - Non Motorised On Wall Screens,Non Motorised On Wall Screens,1248.0,1,1
Display Technologies,INV-0071,2017-08-08,2017,DT-VMM-UP,1,Apex Tech Scotland Ltd,Apex Tech Scotland Ltd,Paid,Sales - Non Motorised Mount Solutions,Non Motorised Mount Solutions,975.0,1,1
Display Technologies,INV-0073,2017-08-30,2017,DT-CNTP-270,1,Apex Tech Scotland Ltd,Apex Tech Scotland Ltd,Paid,Sales - Non Motorised On Wall Screens,Non Motorised On Wall Screens,666.9,1,1
Display Technologies,INV-0072,2017-08-31,2017,DT-DYN-2S-450,1,Meridian America Inc.,Meridian America Inc.,Paid,Sales - Motorised On Wall Screens,Motorised On Wall Screens,5850.0,1,0
Display Technologies,INV-0074,2017-09-14,2017,DT-DYN-2S-360,1,Apex Tech Scotland Ltd,Apex Tech Scotland Ltd,Paid,Sales - Motorised On Wall Screens,Motorised On Wall Screens,4680.0,1,1
Display Technologies,INV-0075,2017-09-21,2017,DT-DYN-2S-390,1,Hausba Smarthomes,Hausba Smarthomes,Paid,Sales - Motorised On Wall Screens,Motorised On Wall Screens,5070.0,1,0
Display Technologies,INV-0077,2017-09-28,2017,DT-FRNT-330,1,Apex Tech Scotland Ltd,Apex Tech Scotland Ltd,Paid,Sales - Non Motorised On Wall Screens,Non Motorised On Wall Screens,1092.0,1,1
Display Technologies,INV-0078,2017-09-28,2017,DT-DYN-AM-300,1,AV Nirvana India,AV Nirvana India,Paid,Sales - Motorised On Wall Screens,Motorised On Wall Screens,2000.0,1,0
Display Technologies,INV-0079,2017-09-28,2017,,1,AV Nirvana India,AV Nirvana India,Paid,Sales - Motorised On Wall Screens,Motorised On Wall Screens,1500.0,1,0
Display Technologies,INV-0080,2017-09-28,2017,,1,AV Nirvana India,AV Nirvana India,Paid,Other Revenue,Other Revenue,857.5,0,0
Display Technologies,INV-0082,2017-09-29,2017,DT-FRNT-300,1,Apex Tech Scotland Ltd,Apex Tech Scotland Ltd,Paid,Sales - Non Motorised On Wall Screens,Non Motorised On Wall Screens,842.4,1,1
Display Technologies,INV-0083,2017-10-02,2017,,5,Meridian America Inc.,Meridian America Inc.,Paid,Sales - Non Motorised On Wall Screens,Non Motorised On Wall Screens,800.0,1,0
Display Technologies,INV-0083,2017-10-02,2017,,4,Meridian America Inc.,Meridian America Inc.,Paid,,,0.0,1,0
Display Technologies,INV-0084,2017-10-02,2017,DT-CNTP-390,1,Meridian America Inc.,Meridian America Inc.,Paid,Sales - Non Motorised On Wall Screens,Non Motorised On Wall Screens,1326.0,1,0
Display Technologies,INV-0085,2017-10-10,2017,DT-VMM-UP,1,Meridian Audio Ltd,Meridian Audio Ltd,Paid,Sales - Non Motorised Mount Solutions,Non Motorised Mount Solutions,780.0,1,0
Display Technologies,INV-0085,2017-10-10,2017,DT-FRNT-330,1,Meridian Audio Ltd,Meridian Audio Ltd,Paid,Sales - Non Motorised On Wall Screens,Non Motorised On Wall Screens,873.6,1,0
Display Technologies,INV-0085,2017-10-10,2017,DT-FRNT-240,1,Meridian Audio Ltd,Meridian Audio Ltd,Paid,Sales - Non Motorised On Wall Screens,Non Motorised On Wall Screens,592.8,1,0
Display Technologies,INV-0085,2017-10-10,2017,,1,Meridian Audio Ltd,Meridian Audio Ltd,Paid,Sales - Other Screens,Other Screens,600.0,1,0
Display Technologies,INV-0086,2017-10-16,2017,DT-DYN-2S-360,1,Apex Tech Scotland Ltd,Apex Tech Scotland Ltd,Paid,Sales - Motorised On Wall Screens,Motorised On Wall Screens,4212.0,1,1
Display Technologies,INV-0088,2017-10-16,2017,DT-FRNT-300,1,Apex Tech Scotland Ltd,Apex Tech Scotland Ltd,Paid,Sales - Non Motorised On Wall Screens,Non Motorised On Wall Screens,936.0,1,1
Display Technologies,INV-0087,2017-10-18,2017,DT-FRNT-300,1,Special Elektronik,Special Elektronik,Paid,Sales - Non Motorised On Wall Screens,Non Motorised On Wall Screens,936.0,1,0
Display Technologies,INV-0089,2017-10-20,2017,,1,Apex Tech Scotland Ltd,Apex Tech Scotland Ltd,Paid,Sales - Image Surfaces,Image Surfaces,148.2,1,1
Display Technologies,INV-0090,2017-10-20,2017,,1,Apex Tech Scotland Ltd,Apex Tech Scotland Ltd,Paid,Sales - Mechanics,Mechanics,585.0,1,1
Display Technologies,INV-0091,2017-10-20,2017,DT-PHG-1,1,Apex Tech Scotland Ltd,Apex Tech Scotland Ltd,Paid,Sales - Port Hole Glass,Port Hole Glass,975.0,1,1
Display Technologies,INV-0092,2017-10-20,2017,DT-FRNT-420,1,Meridian America Inc.,Meridian America Inc.,Paid,Sales - Non Motorised On Wall Screens,Non Motorised On Wall Screens,1560.0,1,0
Display Technologies,INV-0093,2017-10-25,2017,,1,Meridian Audio Ltd,Meridian Audio Ltd,Paid,Other Revenue,Other Revenue,100.0,0,0
Display Technologies,INV-0093,2017-10-25,2017,,0,Meridian Audio Ltd,Meridian Audio Ltd,Paid,,,0.0,1,0
Display Technologies,INV-0094,2017-10-30,2017,DT-CNTP-450,1,Meridian America Inc.,Meridian America Inc.,Paid,Sales - Non Motorised On Wall Screens,Non Motorised On Wall Screens,1638.0,1,0
Display Technologies,INV-0096,2017-10-30,2017,DT-FRNT-300,1,Apex Tech Scotland Ltd,Apex Tech Scotland Ltd,Paid,Sales - Non Motorised On Wall Screens,Non Motorised On Wall Screens,936.0,1,1
Display Technologies,CN-0108,2017-10-31,2017,DT-FRNT-300,1,Apex Tech Scotland Ltd,Apex Tech Scotland Ltd,Paid,Sales - Non Motorised On Wall Screens,Non Motorised On Wall Screens,-936.0,1,1
Display Technologies,INV-0095,2017-11-01,2017,DT-CNTP-300,1,Meridian America Inc.,Meridian America Inc.,Paid,Sales - Non Motorised On Wall Screens,Non Motorised On Wall Screens,858.0,1,0
Display Technologies,INV-0098,2017-11-01,2017,DT-FRNT-360,1,Deco 2000 Co. Ltd.,Deco 2000 Co. Ltd.,Paid,Sales - Non Motorised On Wall Screens,Non Motorised On Wall Screens,1248.0,1,0
Display Technologies,INV-0099,2017-11-01,2017,DT-FRNT-330,1,Apex Tech Scotland Ltd,Apex Tech Scotland Ltd,Paid,Sales - Non Motorised On Wall Screens,Non Motorised On Wall Screens,1092.0,1,1
Display Technologies,INV-0100,2017-11-01,2017,DT-PHG-2,1,Apex Tech Scotland Ltd,Apex Tech Scotland Ltd,Paid,Sales - Port Hole Glass,Port Hole Glass,1170.0,1,1
Display Technologies,INV-0101,2017-11-01,2017,DT-PHG-2,1,Apex Tech Scotland Ltd,Apex Tech Scotland Ltd,Paid,Sales - Port Hole Glass,Port Hole Glass,1170.0,1,1
Display Technologies,INV-0102,2017-11-01,2017,DT-VMM-RE-UP,1,Apex Tech Scotland Ltd,Apex Tech Scotland Ltd,Paid,Sales - Non Motorised Mount Solutions,Non Motorised Mount Solutions,975.0,1,1
Display Technologies,INV-0103,2017-11-01,2017,DT-DYN-2S-420,1,Apex Tech Scotland Ltd,Apex Tech Scotland Ltd,Paid,Sales - Motorised On Wall Screens,Motorised On Wall Screens,5460.0,1,1
Display Technologies,INV-0104,2017-11-08,2017,DT-CNTP-360,1,Meridian America Inc.,Meridian America Inc.,Paid,Sales - Non Motorised On Wall Screens,Non Motorised On Wall Screens,1170.0,1,0
Display Technologies,INV-0105,2017-11-08,2017,DT-CNTP-510,1,Meridian Audio Ltd,Meridian Audio Ltd,Paid,Sales - Non Motorised On Wall Screens,Non Motorised On Wall Screens,2184.0,1,0
Display Technologies,INV-0106,2017-11-08,2017,DT-FRNT-240,1,Meridian Audio Ltd,Meridian Audio Ltd,Paid,Sales - Non Motorised On Wall Screens,Non Motorised On Wall Screens,741.0,1,0
Display Technologies,INV-0107,2017-11-09,2017,DT-FRNT-360,1,Special Elektronik,Special Elektronik,Paid,Sales - Non Motorised On Wall Screens,Non Motorised On Wall Screens,1248.0,1,0
Display Technologies,INV-0109,2017-11-17,2017,DT-VMM-UP,1,Genesis Home Technologies SL,Genesis Home Technologies SL,Paid,Sales - Non Motorised Mount Solutions,Non Motorised Mount Solutions,975.0,1,0
Display Technologies,INV-0110,2017-11-17,2017,DT-FRNT-300,1,Prime Solutions LLC,Prime Solutions LLC,Paid,Sales - Non Motorised On Wall Screens,Non Motorised On Wall Screens,936.0,1,0
Display Technologies,INV-0111,2017-11-22,2017,DT-FRNT-360,1,Meridian America Inc.,Meridian America Inc.,Paid,Sales - Non Motorised On Wall Screens,Non Motorised On Wall Screens,1248.0,1,0
Display Technologies,INV-0112,2017-11-26,2017,DT-FRNT-270,1,Special Elektronik,Special Elektronik,Paid,Sales - Non Motorised On Wall Screens,Non Motorised On Wall Screens,819.0,1,0
Display Technologies,INV-0116,2017-11-27,2017,DT-CNTP-300,1,Special Elektronik,Special Elektronik,Paid,Sales - Non Motorised On Wall Screens,Non Motorised On Wall Screens,858.0,1,0
Display Technologies,INV-0113,2017-11-28,2017,DT-DYN-2S-360,1,GR Media Solutions,GR Media Solutions,Paid,Sales - Motorised On Wall Screens,Motorised On Wall Screens,4680.0,1,0
Display Technologies,INV-0114,2017-12-01,2017,,1,Meridian Audio Ltd,Meridian Audio Ltd,Paid,Sales - Mechanics,Mechanics,585.0,1,0
Display Technologies,INV-0115,2017-12-01,2017,DT-FRNT-300,1,Meridian Audio Ltd,Meridian Audio Ltd,Paid,Sales - Non Motorised On Wall Screens,Non Motorised On Wall Screens,936.0,1,0
Display Technologies,INV-0117,2017-12-07,2017,DT-VMM-UP,1,Sphere Custom Design,Sphere Custom Design,Paid,Sales - Non Motorised Mount Solutions,Non Motorised Mount Solutions,975.0,1,0
Display Technologies,INV-0118,2017-12-07,2017,,0,Special Elektronik,Special Elektronik,Paid,,,0.0,1,0
Display Technologies,INV-0119,2017-12-07,2017,DT-DYN-2TB-360,1,Apex Tech Scotland Ltd,Apex Tech Scotland Ltd,Paid,Sales - Motorised On Wall Screens,Motorised On Wall Screens,4680.0,1,1
Display Technologies,INV-0120,2017-12-07,2017,DT-FRNT-300,1,Apex Tech Scotland Ltd,Apex Tech Scotland Ltd,Paid,Sales - Non Motorised On Wall Screens,Non Motorised On Wall Screens,936.0,1,1
Display Technologies,INV-0121,2017-12-11,2017,,50,Spirit Displays Limited,Spirit Displays Limited,Paid,Other Revenue,Other Revenue,350.0,0,0
Display Technologies,INV-0121,2017-12-11,2017,,1,Spirit Displays Limited,Spirit Displays Limited,Paid,Other Revenue,Other Revenue,7.5,0,0
Display Technologies,INV-0122,2017-12-11,2017,DT-FRNT-300,1,Special Elektronik,Special Elektronik,Paid,Sales - Non Motorised On Wall Screens,Non Motorised On Wall Screens,374.4,1,0
Display Technologies,INV-0122,2017-12-11,2017,,0,Special Elektronik,Special Elektronik,Paid,,,0.0,1,0
Display Technologies,INV-0122,2017-12-11,2017,,0,Special Elektronik,Special Elektronik,Paid,,,0.0,1,0
Display Technologies,INV-0124,2017-12-14,2017,DT-VMM-UP,1,Meridian America Inc.,Meridian America Inc.,Paid,Sales - Non Motorised Mount Solutions,Non Motorised Mount Solutions,975.0,1,0
Display Technologies,INV-0124,2017-12-14,2017,,1,Meridian America Inc.,Meridian America Inc.,Paid,Sales - Mechanics,Mechanics,325.0,1,0
Display Technologies,INV-0125,2017-12-21,2017,DT-VMM-UP,1,Meridian America Inc.,Meridian America Inc.,Paid,Sales - Non Motorised Mount Solutions,Non Motorised Mount Solutions,975.0,1,0
Display Technologies,INV-0126,2018-01-10,2018,DT-DYN-2S-450,1,GR Media Solutions,GR Media Solutions,Paid,Sales - Motorised On Wall Screens,Motorised On Wall Screens,5850.0,1,0
Display Technologies,INV-0126,2018-01-10,2018,,1,GR Media Solutions,GR Media Solutions,Paid,Sales - Motorised On Wall Screens,Motorised On Wall Screens,-4680.0,1,0
Display Technologies,INV-0128,2018-01-21,2018,DT-VMM-DWN,1,Genesis Home Technologies SL,Genesis Home Technologies SL,Paid,Sales - Non Motorised Mount Solutions,Non Motorised Mount Solutions,780.0,1,0
Display Technologies,INV-0127,2018-01-24,2018,DT-DYN-2S-360,1,Meridian Audio Ltd,Meridian Audio Ltd,Paid,Sales - Motorised On Wall Screens,Motorised On Wall Screens,4680.0,1,0
Display Technologies,INV-0129,2018-01-30,2018,DT-FRNT-360,1,Meridian America Inc.,Meridian America Inc.,Paid,Sales - Non Motorised On Wall Screens,Non Motorised On Wall Screens,1248.0,1,0
Display Technologies,INV-0130,2018-02-12,2018,DT-CNTP-390,1,Meridian America Inc.,Meridian America Inc.,Paid,Sales - Non Motorised On Wall Screens,Non Motorised On Wall Screens,1326.0,1,0
Display Technologies,INV-0130,2018-02-12,2018,,1,Meridian America Inc.,Meridian America Inc.,Paid,Sales - Non Motorised On Wall Screens,Non Motorised On Wall Screens,-249.6,1,0
Display Technologies,INV-0131,2018-02-12,2018,DT-DYN-4-390,1,Meridian America Inc.,Meridian America Inc.,Paid,Sales - Motorised On Wall Screens,Motorised On Wall Screens,7020.0,1,0
Display Technologies,INV-0131,2018-02-12,2018,DT-DYN-AMO-390,1,Meridian America Inc.,Meridian America Inc.,Paid,Sales - Motorised On Wall Screens,Motorised On Wall Screens,2535.0,1,0
Display Technologies,INV-0132,2018-02-12,2018,,1,Apex Tech Scotland Ltd,Apex Tech Scotland Ltd,Paid,Sales - Mechanics,Mechanics,585.0,1,1
Display Technologies,INV-0132,2018-02-12,2018,,1,Apex Tech Scotland Ltd,Apex Tech Scotland Ltd,Paid,Sales - Mechanics,Mechanics,78.0,1,1
Display Technologies,INV-0133,2018-02-16,2018,DT-DYN-2S-360,1,Prime Solutions LLC,Prime Solutions LLC,Paid,Sales - Motorised On Wall Screens,Motorised On Wall Screens,4680.0,1,0
Display Technologies,INV-0134,2018-02-18,2018,DT-FRNT-240,1,Meridian Audio Ltd,Meridian Audio Ltd,Paid,Sales - Non Motorised On Wall Screens,Non Motorised On Wall Screens,741.0,1,0
Display Technologies,INV-0135,2018-02-18,2018,DT-FRNT-450,1,Apex Tech Scotland Ltd,Apex Tech Scotland Ltd,Paid,Sales - Non Motorised On Wall Screens,Non Motorised On Wall Screens,1716.0,1,1
Display Technologies,INV-0136,2018-02-28,2018,DT-MMD,1,Apex Tech Scotland Ltd,Apex Tech Scotland Ltd,Paid,Sales - Motorised Mount Solutions,Motorised Mount Solutions,2418.0,1,1
Display Technologies,INV-0137,2018-02-28,2018,DT-MMD,1,Apex Tech Scotland Ltd,Apex Tech Scotland Ltd,Paid,Sales - Motorised Mount Solutions,Motorised Mount Solutions,2176.2,1,1
Display Technologies,INV-0140,2018-02-28,2018,DT-FRNT-270,1,Apex Tech Scotland Ltd,Apex Tech Scotland Ltd,Paid,Sales - Non Motorised On Wall Screens,Non Motorised On Wall Screens,819.0,1,1
Display Technologies,INV-0141,2018-02-28,2018,DT-FRNT-480,1,Apex Tech Scotland Ltd,Apex Tech Scotland Ltd,Paid,Sales - Non Motorised On Wall Screens,Non Motorised On Wall Screens,1872.0,1,1
Display Technologies,INV-0142,2018-02-28,2018,DT-FRNT-300,1,Apex Tech Scotland Ltd,Apex Tech Scotland Ltd,Paid,Sales - Non Motorised On Wall Screens,Non Motorised On Wall Screens,936.0,1,1
Display Technologies,INV-0138,2018-03-01,2018,DT-FRNT-330,1,Genesis Home Technologies SL,Genesis Home Technologies SL,Paid,Sales - Non Motorised On Wall Screens,Non Motorised On Wall Screens,1092.0,1,0
Display Technologies,INV-0139,2018-03-01,2018,DT-FRNT-360,1,Special Elektronik,Special Elektronik,Paid,Sales - Non Motorised On Wall Screens,Non Motorised On Wall Screens,1248.0,1,0
Display Technologies,INV-0143,2018-03-09,2018,DT-MMD,1,Meridian America Inc.,Meridian America Inc.,Paid,Sales - Motorised Mount Solutions,Motorised Mount Solutions,2418.0,1,0
Display Technologies,INV-0144,2018-03-09,2018,DT-FRNT-330,1,concept Hi Fi,concept Hi Fi,Paid,Sales - Non Motorised On Wall Screens,Non Motorised On Wall Screens,1092.0,1,0
Display Technologies,INV-0145,2018-03-13,2018,DT-DYN-2S-420,1,Meridian America Inc.,Meridian America Inc.,Paid,Sales - Motorised On Wall Screens,Motorised On Wall Screens,5460.0,1,0
Display Technologies,INV-0146,2018-03-13,2018,DT-FRNT-390,1,Apex Tech Scotland Ltd,Apex Tech Scotland Ltd,Paid,Sales - Non Motorised On Wall Screens,Non Motorised On Wall Screens,1404.0,1,1
Display Technologies,INV-0147,2018-03-27,2018,DT-DYN-4-420,1,Apex Tech Scotland Ltd,Apex Tech Scotland Ltd,Paid,Sales - Motorised On Wall Screens,Motorised On Wall Screens,7410.0,1,1
Display Technologies,INV-0148,2018-03-27,2018,DT-PHG-2,1,Apex Tech Scotland Ltd,Apex Tech Scotland Ltd,Paid,Sales - Port Hole Glass,Port Hole Glass,1170.0,1,1
Display Technologies,INV-0149,2018-03-27,2018,DT-VMM-UP,1,Apex Tech Scotland Ltd,Apex Tech Scotland Ltd,Paid,Sales - Non Motorised Mount Solutions,Non Motorised Mount Solutions,975.0,1,1
Display Technologies,INV-0150,2018-03-30,2018,DT-FRNT-360,1,Meridian Audio Ltd,Meridian Audio Ltd,Paid,Sales - Non Motorised On Wall Screens,Non Motorised On Wall Screens,1123.2,1,0
Display Technologies,INV-0151,2018-03-30,2018,DT-FRNT-270,1,Meridian Audio Ltd,Meridian Audio Ltd,Paid,Sales - Non Motorised On Wall Screens,Non Motorised On Wall Screens,819.0,1,0
Display Technologies,INV-0152,2018-04-04,2018,DT-CNTP-300,1,Special Elektronik,Special Elektronik,Paid,Sales - Non Motorised On Wall Screens,Non Motorised On Wall Screens,858.0,1,0
Display Technologies,INV-0154,2018-04-14,2018,DT-CNTP-240,1,Genesis Home Technologies SL,Genesis Home Technologies SL,Paid,Sales - Non Motorised On Wall Screens,Non Motorised On Wall Screens,663.0,1,0
Display Technologies,INV-0153,2018-04-23,2018,DT-DYN-2TB-300,1,GR Media Solutions,GR Media Solutions,Paid,Sales - Motorised On Wall Screens,Motorised On Wall Screens,3120.0,1,0
Display Technologies,INV-0155,2018-04-27,2018,,1.5,Electrovista,Electrovista,Paid,Other Revenue,Other Revenue,105.0,0,0
Display Technologies,INV-0158,2018-04-30,2018,DT-PHG-2,1,Apex Tech Scotland Ltd,Apex Tech Scotland Ltd,Paid,Sales - Port Hole Glass,Port Hole Glass,1170.0,1,1
Display Technologies,INV-0159,2018-04-30,2018,DT-FRNT-300,1,Apex Tech Scotland Ltd,Apex Tech Scotland Ltd,Paid,Sales - Non Motorised On Wall Screens,Non Motorised On Wall Screens,936.0,1,1
Display Technologies,INV-0160,2018-04-30,2018,DT-MMD,1,Apex Tech Scotland Ltd,Apex Tech Scotland Ltd,Paid,Sales - Motorised Mount Solutions,Motorised Mount Solutions,2418.0,1,1
Display Technologies,INV-0156,2018-04-30,2018,DT-FRNT-270,1,Meridian Audio Ltd,Meridian Audio Ltd,Paid,Sales - Non Motorised On Wall Screens,Non Motorised On Wall Screens,819.0,1,0
Display Technologies,INV-0157,2018-04-30,2018,DT-FRNT-360,1,Apex Tech Scotland Ltd,Apex Tech Scotland Ltd,Paid,Sales - Non Motorised On Wall Screens,Non Motorised On Wall Screens,1248.0,1,1
Display Technologies,INV-0123,2018-05-03,2018,,1,Arceau Arts GmbH / Brodmann,Arceau Arts GmbH / Brodmann,Paid,Other Revenue,Other Revenue,5000.0,0,0
Display Technologies,INV-0161,2018-05-07,2018,DT-FRNT-300,1,Apex Tech Scotland Ltd,Apex Tech Scotland Ltd,Paid,Sales - Non Motorised On Wall Screens,Non Motorised On Wall Screens,936.0,1,1
Display Technologies,INV-0166,2018-05-15,2018,DT-FRNT-240,1,Genesis Home Technologies SL,Genesis Home Technologies SL,Paid,Sales - Non Motorised On Wall Screens,Non Motorised On Wall Screens,741.0,1,0
Display Technologies,INV-0162,2018-05-16,2018,DT-FRNT-360,1,Meridian America Inc.,Meridian America Inc.,Paid,Sales - Non Motorised On Wall Screens,Non Motorised On Wall Screens,1248.0,1,0
Display Technologies,INV-0163,2018-05-18,2018,DT-CNTP-330,1,Meridian America Inc.,Meridian America Inc.,Paid,Sales - Non Motorised On Wall Screens,Non Motorised On Wall Screens,1014.0,1,0
Display Technologies,INV-0164,2018-05-18,2018,,1,Meridian America Inc.,Meridian America Inc.,Paid,Sales - Image Surfaces,Image Surfaces,148.2,1,0
Display Technologies,INV-0165,2018-05-18,2018,DT-DYN-4-300,1,Meridian America Inc.,Meridian America Inc.,Paid,Sales - Motorised On Wall Screens,Motorised On Wall Screens,5850.0,1,0
Display Technologies,INV-0167,2018-05-22,2018,DT-FRNT-450,1,Meridian America Inc.,Meridian America Inc.,Paid,Sales - Non Motorised On Wall Screens,Non Motorised On Wall Screens,1716.0,1,0
Display Technologies,INV-0168,2018-05-22,2018,DT-CNTP-330,1,Meridian America Inc.,Meridian America Inc.,Paid,Sales - Non Motorised On Wall Screens,Non Motorised On Wall Screens,1014.0,1,0
Display Technologies,INV-0168,2018-05-22,2018,,1,Meridian America Inc.,Meridian America Inc.,Paid,Sales - Mechanics,Mechanics,100.0,1,0
Display Technologies,INV-0169,2018-05-22,2018,DT-CNTP-330,1,Meridian America Inc.,Meridian America Inc.,Paid,Sales - Non Motorised On Wall Screens,Non Motorised On Wall Screens,1014.0,1,0
Display Technologies,INV-0169,2018-05-22,2018,,1,Meridian America Inc.,Meridian America Inc.,Paid,Sales - Mechanics,Mechanics,100.0,1,0
Display Technologies,INV-0170,2018-05-25,2018,DT-VMM-RE-UP,1,Apex Tech Scotland Ltd,Apex Tech Scotland Ltd,Paid,Sales - Non Motorised Mount Solutions,Non Motorised Mount Solutions,975.0,1,1
Display Technologies,INV-0171,2018-05-25,2018,DT-PHG-2,1,Apex Tech Scotland Ltd,Apex Tech Scotland Ltd,Paid,Sales - Port Hole Glass,Port Hole Glass,1170.0,1,1
Display Technologies,INV-0172,2018-05-25,2018,DT-ACM,1,Apex Tech Scotland Ltd,Apex Tech Scotland Ltd,Paid,Sales - Non Motorised Mount Solutions,Non Motorised Mount Solutions,585.0,1,1
Display Technologies,INV-0173,2018-05-25,2018,,1,Apex Tech Scotland Ltd,Apex Tech Scotland Ltd,Paid,Sales - Bespoke Solutions,Bespoke Solutions,400.0,1,1
Display Technologies,INV-0174,2018-05-25,2018,DT-VMM-UP,1,Apex Tech Scotland Ltd,Apex Tech Scotland Ltd,Paid,Sales - Non Motorised Mount Solutions,Non Motorised Mount Solutions,877.5,1,1
Display Technologies,INV-0175,2018-05-25,2018,DT-FRNT-360,1,Meridian America Inc.,Meridian America Inc.,Paid,Sales - Non Motorised On Wall Screens,Non Motorised On Wall Screens,312.0,1,0
Display Technologies,INV-0175,2018-05-25,2018,,0,Meridian America Inc.,Meridian America Inc.,Paid,,,0.0,1,0
Display Technologies,INV-0176,2018-05-29,2018,DT-CNTP-330,1,DVACO Group,DVACO Group,Paid,Sales - Non Motorised On Wall Screens,Non Motorised On Wall Screens,811.2,1,0
Display Technologies,INV-0177,2018-05-31,2018,DT-FRNT-270,1,Deco 2000 Co. Ltd.,Deco 2000 Co. Ltd.,Paid,Sales - Non Motorised On Wall Screens,Non Motorised On Wall Screens,819.0,1,0
Display Technologies,INV-0179,2018-05-31,2018,DT-DYN-2S-360,1,Apex Tech Scotland Ltd,Apex Tech Scotland Ltd,Paid,Sales - Motorised On Wall Screens,Motorised On Wall Screens,4680.0,1,1
Display Technologies,INV-0179,2018-05-31,2018,DT-DYN-AMO-360,1,Apex Tech Scotland Ltd,Apex Tech Scotland Ltd,Paid,Sales - Motorised On Wall Screens,Motorised On Wall Screens,2340.0,1,1
Display Technologies,INV-0178,2018-06-04,2018,,1,Ineva Design,Ineva Design,Paid,Sales - Non Motorised Mount Solutions,Non Motorised Mount Solutions,975.0,1,0
Display Technologies,INV-0180,2018-06-07,2018,DT-FRNT-270,1,AV Nirvana India,AV Nirvana India,Paid,Sales - Non Motorised On Wall Screens,Non Motorised On Wall Screens,819.0,1,0
Display Technologies,INV-0181,2018-06-13,2018,DT-FRNT-240,1,Meridian Audio Ltd,Meridian Audio Ltd,Paid,Sales - Non Motorised On Wall Screens,Non Motorised On Wall Screens,741.0,1,0
Display Technologies,INV-0182,2018-06-14,2018,DT-FRNT-330,1,Deco 2000 Co. Ltd.,Deco 2000 Co. Ltd.,Paid,Sales - Non Motorised On Wall Screens,Non Motorised On Wall Screens,1092.0,1,0
Display Technologies,INV-0183,2018-06-14,2018,,1,Apex Tech Scotland Ltd,Apex Tech Scotland Ltd,Paid,Sales - Motorised On Wall Screens,Motorised On Wall Screens,3510.0,1,1
Display Technologies,INV-0184,2018-06-18,2018,DT-HB-M,1,Meridian America Inc.,Meridian America Inc.,Paid,Sales - Hush Boxes,Hush Boxes,2340.0,1,0
Display Technologies,INV-0185,2018-06-18,2018,DT-DYN-2S-450,1,Meridian Audio Ltd,Meridian Audio Ltd,Paid,Sales - Motorised On Wall Screens,Motorised On Wall Screens,6240.0,1,0
Display Technologies,INV-0186,2018-06-19,2018,DT-CNTP-330,1,AV Nirvana India,AV Nirvana India,Paid,Sales - Non Motorised On Wall Screens,Non Motorised On Wall Screens,1014.0,1,0
Display Technologies,INV-0187,2018-06-21,2018,DT-CNTP-390,1,Prime Solutions LLC,Prime Solutions LLC,Paid,Sales - Non Motorised On Wall Screens,Non Motorised On Wall Screens,1326.0,1,0
Display Technologies,INV-0188,2018-06-22,2018,DT-FRNT-660,1,GR Media Solutions,GR Media Solutions,Paid,Sales - Non Motorised On Wall Screens,Non Motorised On Wall Screens,0.0,1,0
Display Technologies,INV-0188,2018-06-22,2018,DT-DYN-4-XL-660,1,GR Media Solutions,GR Media Solutions,Paid,Sales - Motorised On Wall Screens,Motorised On Wall Screens,17940.0,1,0
Display Technologies,INV-0188,2018-06-22,2018,,0,GR Media Solutions,GR Media Solutions,Paid,,,0.0,1,0
Display Technologies,INV-0188,2018-06-22,2018,,0,GR Media Solutions,GR Media Solutions,Paid,,,0.0,1,0
Display Technologies,INV-0189,2018-06-22,2018,DT-FRNT-690,1,GR Media Solutions,GR Media Solutions,Paid,Sales - Non Motorised On Wall Screens,Non Motorised On Wall Screens,0.0,1,0
Display Technologies,INV-0189,2018-06-22,2018,DT-DYN-4-XL-690,1,GR Media Solutions,GR Media Solutions,Paid,Sales - Motorised On Wall Screens,Motorised On Wall Screens,19890.0,1,0
Display Technologies,INV-0189,2018-06-22,2018,,0,GR Media Solutions,GR Media Solutions,Paid,,,0.0,1,0
Display Technologies,INV-0189,2018-06-22,2018,,0,GR Media Solutions,GR Media Solutions,Paid,,,0.0,1,0
Display Technologies,INV-0191,2018-07-03,2018,DT-FRNT-510,1,Meridian America Inc.,Meridian America Inc.,Paid,Sales - Non Motorised On Wall Screens,Non Motorised On Wall Screens,2262.0,1,0
Display Technologies,INV-0192,2018-07-03,2018,DT-FRNT-300,1,Genesis Home Technologies SL,Genesis Home Technologies SL,Paid,Sales - Non Motorised On Wall Screens,Non Motorised On Wall Screens,936.0,1,0
Display Technologies,INV-0193,2018-07-03,2018,DT-FRNT-300,1,Genesis Home Technologies SL,Genesis Home Technologies SL,Paid,Sales - Non Motorised On Wall Screens,Non Motorised On Wall Screens,936.0,1,0
Display Technologies,INV-0194,2018-07-03,2018,DT-DYN-2S-450,1,GR Media Solutions,GR Media Solutions,Paid,Sales - Motorised On Wall Screens,Motorised On Wall Screens,6240.0,1,0
Display Technologies,INV-0194,2018-07-03,2018,,1,GR Media Solutions,GR Media Solutions,Paid,Sales - Motorised On Wall Screens,Motorised On Wall Screens,-390.0,1,0
Display Technologies,INV-0195,2018-07-03,2018,DT-DYN-2S-420,1,Meridian America Inc.,Meridian America Inc.,Paid,Sales - Motorised On Wall Screens,Motorised On Wall Screens,5460.0,1,0
Display Technologies,INV-0196,2018-07-03,2018,DT-MMD,1,Apex Tech Scotland Ltd,Apex Tech Scotland Ltd,Paid,Sales - Motorised Mount Solutions,Motorised Mount Solutions,2418.0,1,1
Display Technologies,INV-0197,2018-07-03,2018,DT-DYN-2S-450,1,Meridian Audio Ltd,Meridian Audio Ltd,Paid,Sales - Motorised On Wall Screens,Motorised On Wall Screens,1560.0,1,0
Display Technologies,INV-0197,2018-07-03,2018,,0,Meridian Audio Ltd,Meridian Audio Ltd,Paid,,,0.0,1,0
Display Technologies,INV-0198,2018-07-04,2018,DT-FRNT-270,1,Special Elektronik,Special Elektronik,Paid,Sales - Non Motorised On Wall Screens,Non Motorised On Wall Screens,819.0,1,0
Display Technologies,INV-0190,2018-07-06,2018,DT-DYN-4-300,1,Meridian America Inc.,Meridian America Inc.,Paid,Sales - Motorised On Wall Screens,Motorised On Wall Screens,1462.5,1,0
Display Technologies,INV-0190,2018-07-06,2018,,0,Meridian America Inc.,Meridian America Inc.,Paid,,,0.0,1,0
Display Technologies,INV-0199,2018-07-10,2018,DT-FRNT-390,1,concept Hi Fi,concept Hi Fi,Paid,Sales - Non Motorised On Wall Screens,Non Motorised On Wall Screens,1404.0,1,0
Display Technologies,INV-0200,2018-07-10,2018,,5,Meridian America Inc.,Meridian America Inc.,Paid,Sales - Non Motorised On Wall Screens,Non Motorised On Wall Screens,500.0,1,0
Display Technologies,INV-0200,2018-07-10,2018,,5,Meridian America Inc.,Meridian America Inc.,Paid,Sales - Non Motorised On Wall Screens,Non Motorised On Wall Screens,500.0,1,0
Display Technologies,INV-0200,2018-07-10,2018,,0,Meridian America Inc.,Meridian America Inc.,Paid,,,0.0,1,0
Display Technologies,INV-0201,2018-07-10,2018,DT-VMM-UP,1,Apex Tech Scotland Ltd,Apex Tech Scotland Ltd,Paid,Sales - Non Motorised Mount Solutions,Non Motorised Mount Solutions,975.0,1,1
Display Technologies,INV-0202,2018-07-13,2018,DT-DYN-2S-330,1,Genesis Home Technologies SL,Genesis Home Technologies SL,Paid,Sales - Motorised On Wall Screens,Motorised On Wall Screens,3861.0,1,0
Display Technologies,INV-0204,2018-07-22,2018,DT-FRNT-300,1,Apex Tech Scotland Ltd,Apex Tech Scotland Ltd,Paid,Sales - Non Motorised On Wall Screens,Non Motorised On Wall Screens,936.0,1,1
Display Technologies,INV-0205,2018-07-22,2018,DT-DYN-2S-330,1,Apex Tech Scotland Ltd,Apex Tech Scotland Ltd,Paid,Sales - Motorised On Wall Screens,Motorised On Wall Screens,4290.0,1,1
Display Technologies,INV-0206,2018-07-22,2018,DT-MMD,1,Apex Tech Scotland Ltd,Apex Tech Scotland Ltd,Paid,Sales - Motorised Mount Solutions,Motorised Mount Solutions,2418.0,1,1
Display Technologies,INV-0206,2018-07-22,2018,DT-HB-M,1,Apex Tech Scotland Ltd,Apex Tech Scotland Ltd,Paid,Sales - Hush Boxes,Hush Boxes,2340.0,1,1
Display Technologies,INV-0207,2018-07-22,2018,DT-DYN-2S-360,1,Apex Tech Scotland Ltd,Apex Tech Scotland Ltd,Paid,Sales - Motorised On Wall Screens,Motorised On Wall Screens,4680.0,1,1
Display Technologies,INV-0208,2018-07-24,2018,DT-CNTP-270,1,Apex Tech Scotland Ltd,Apex Tech Scotland Ltd,Paid,Sales - Non Motorised On Wall Screens,Non Motorised On Wall Screens,741.0,1,1
Display Technologies,INV-0209,2018-07-24,2018,DT-FRNT-300,1,Meridian Audio Ltd,Meridian Audio Ltd,Paid,Sales - Non Motorised On Wall Screens,Non Motorised On Wall Screens,936.0,1,0
Display Technologies,INV-0210,2018-07-24,2018,DT-FRNT-420,1,Meridian America Inc.,Meridian America Inc.,Paid,Sales - Non Motorised On Wall Screens,Non Motorised On Wall Screens,1560.0,1,0
Display Technologies,INV-0210,2018-07-24,2018,,1,Meridian America Inc.,Meridian America Inc.,Paid,Sales - Motorised On Wall Screens,Motorised On Wall Screens,-90.0,1,0
Display Technologies,INV-0211,2018-07-25,2018,DT-PHG-2,1,Genesis Home Technologies SL,Genesis Home Technologies SL,Paid,Sales - Port Hole Glass,Port Hole Glass,1170.0,1,0
Display Technologies,INV-0211,2018-07-25,2018,,1,Genesis Home Technologies SL,Genesis Home Technologies SL,Paid,Sales - Non Motorised Mount Solutions,Non Motorised Mount Solutions,292.5,1,0
Display Technologies,INV-0213,2018-07-31,2018,DT-VMM-RE-UP,1,Maurizio Conti,Maurizio Conti,Paid,Sales - Non Motorised Mount Solutions,Non Motorised Mount Solutions,1500.0,1,0
Display Technologies,INV-0214,2018-08-09,2018,DT-FRNT-330,1,Meridian America Inc.,Meridian America Inc.,Paid,Sales - Non Motorised On Wall Screens,Non Motorised On Wall Screens,1092.0,1,0
Display Technologies,INV-0215,2018-08-09,2018,DT-HB-M,1,Meridian America Inc.,Meridian America Inc.,Paid,Sales - Hush Boxes,Hush Boxes,2340.0,1,0
Display Technologies,INV-0215,2018-08-09,2018,DT-VMM-UP,1,Meridian America Inc.,Meridian America Inc.,Paid,Sales - Non Motorised Mount Solutions,Non Motorised Mount Solutions,975.0,1,0
Display Technologies,INV-0216,2018-08-09,2018,DT-DYN-2S-450,1,Meridian America Inc.,Meridian America Inc.,Paid,Sales - Motorised On Wall Screens,Motorised On Wall Screens,6240.0,1,0
Display Technologies,INV-0217,2018-08-17,2018,DT-DYN-2TB-AM-300,1,Apex Tech Scotland Ltd,Apex Tech Scotland Ltd,Paid,Sales - Motorised On Wall Screens,Motorised On Wall Screens,5265.0,1,1
Display Technologies,INV-0218,2018-08-27,2018,DT-FRNT-330,1,Meridian America Inc.,Meridian America Inc.,Paid,Sales - Non Motorised On Wall Screens,Non Motorised On Wall Screens,1092.0,1,0
Display Technologies,INV-0219,2018-08-27,2018,DT-FRNT-330,1,Meridian America Inc.,Meridian America Inc.,Paid,Sales - Non Motorised On Wall Screens,Non Motorised On Wall Screens,1092.0,1,0
Display Technologies,INV-0220,2018-08-27,2018,DT-VMM-RE-UP,1,Genesis Technologies AG (Deutschland),Genesis Technologies AG (Deutschland),Paid,Sales - Non Motorised Mount Solutions,Non Motorised Mount Solutions,975.0,1,0
Display Technologies,INV-0221,2018-08-29,2018,DT-PHG-1,1,Meridian America Inc.,Meridian America Inc.,Paid,Sales - Port Hole Glass,Port Hole Glass,975.0,1,0
Display Technologies,INV-0222,2018-08-29,2018,DT-FRNT-390,1,Meridian America Inc.,Meridian America Inc.,Paid,Sales - Non Motorised On Wall Screens,Non Motorised On Wall Screens,1404.0,1,0
Display Technologies,INV-0223,2018-09-10,2018,DT-DYN-4-420,1,Wavetrain Cinemas PTY Ltd,Wavetrain Cinemas PTY Ltd,Paid,Sales - Motorised On Wall Screens,Motorised On Wall Screens,5928.0,1,0
Display Technologies,INV-0224,2018-09-10,2018,DT-DYN-2S-330,1,Wavetrain Cinemas PTY Ltd,Wavetrain Cinemas PTY Ltd,Paid,Sales - Motorised On Wall Screens,Motorised On Wall Screens,3432.0,1,0
Display Technologies,INV-0225,2018-09-10,2018,DT-VMM-UP,1,GR Media Solutions,GR Media Solutions,Paid,Sales - Non Motorised Mount Solutions,Non Motorised Mount Solutions,877.5,1,0
Display Technologies,INV-0226,2018-09-17,2018,DT-FRNT-300,1,Meridian Audio Ltd,Meridian Audio Ltd,Paid,Sales - Non Motorised On Wall Screens,Non Motorised On Wall Screens,936.0,1,0
Display Technologies,INV-0227,2018-09-17,2018,DT-FRNT-240,1,Meridian Audio Ltd,Meridian Audio Ltd,Paid,Sales - Non Motorised On Wall Screens,Non Motorised On Wall Screens,741.0,1,0
Display Technologies,INV-0228,2018-09-20,2018,DT-FRNT-360,1,Deco 2000 Co. Ltd.,Deco 2000 Co. Ltd.,Paid,Sales - Non Motorised On Wall Screens,Non Motorised On Wall Screens,1248.0,1,0
Display Technologies,INV-0229,2018-09-24,2018,DT-DYN-2S-510,1,GR Media Solutions,GR Media Solutions,Paid,Sales - Motorised On Wall Screens,Motorised On Wall Screens,7800.0,1,0
Display Technologies,INV-0231,2018-09-27,2018,DT-DYN-4-AM-XL-570,1,Meridian America Inc.,Meridian America Inc.,Paid,Sales - Motorised On Wall Screens,Motorised On Wall Screens,21606.0,1,0
Display Technologies,INV-0232,2018-10-02,2018,DT-FRNT-450,1,Meridian Audio Ltd,Meridian Audio Ltd,Paid,Sales - Non Motorised On Wall Screens,Non Motorised On Wall Screens,1716.0,1,0
Display Technologies,INV-0233,2018-10-02,2018,DT-FRNT-270,1,Apex Tech Scotland Ltd,Apex Tech Scotland Ltd,Paid,Sales - Non Motorised On Wall Screens,Non Motorised On Wall Screens,819.0,1,1
Display Technologies,INV-0234,2018-10-02,2018,DT-CNTP-300,1,Apex Tech Scotland Ltd,Apex Tech Scotland Ltd,Paid,Sales - Non Motorised On Wall Screens,Non Motorised On Wall Screens,858.0,1,1
Display Technologies,INV-0235,2018-10-02,2018,DT-FRNT-390,1,Apex Tech Scotland Ltd,Apex Tech Scotland Ltd,Paid,Sales - Non Motorised On Wall Screens,Non Motorised On Wall Screens,1404.0,1,1
Display Technologies,INV-0237,2018-10-15,2018,DT-PHG-2,1,AV Nirvana India,AV Nirvana India,Paid,Sales - Port Hole Glass,Port Hole Glass,1170.0,1,0
Display Technologies,INV-0238,2018-10-19,2018,,0,Meridian America Inc.,Meridian America Inc.,Paid,,,0.0,1,0
Display Technologies,INV-0240,2018-10-19,2018,DT-CNTP-300,1,Meridian America Inc.,Meridian America Inc.,Paid,Sales - Non Motorised On Wall Screens,Non Motorised On Wall Screens,858.0,1,0
Display Technologies,INV-0240,2018-10-19,2018,,0,Meridian America Inc.,Meridian America Inc.,Paid,,,0.0,1,0
Display Technologies,INV-0241,2018-10-21,2018,DT-FRNT-240,1,Apex Tech Scotland Ltd,Apex Tech Scotland Ltd,Paid,Sales - Non Motorised On Wall Screens,Non Motorised On Wall Screens,741.0,1,1
Display Technologies,INV-0241,2018-10-21,2018,,0,Apex Tech Scotland Ltd,Apex Tech Scotland Ltd,Paid,,,0.0,1,1
Display Technologies,INV-0242,2018-10-21,2018,DT-CNTP-240,1,Apex Tech Scotland Ltd,Apex Tech Scotland Ltd,Paid,Sales - Non Motorised On Wall Screens,Non Motorised On Wall Screens,663.0,1,1
Display Technologies,INV-0242,2018-10-21,2018,,0,Apex Tech Scotland Ltd,Apex Tech Scotland Ltd,Paid,,,0.0,1,1
Display Technologies,INV-0243,2018-10-21,2018,DT-FRNT-360,1,Genesis Home Technologies SL,Genesis Home Technologies SL,Paid,Sales - Non Motorised On Wall Screens,Non Motorised On Wall Screens,1248.0,1,0
Display Technologies,INV-0243,2018-10-21,2018,,0,Genesis Home Technologies SL,Genesis Home Technologies SL,Paid,,,0.0,1,0
Display Technologies,INV-0244,2018-10-21,2018,DT-FRNT-270,1,Meridian Audio Ltd,Meridian Audio Ltd,Paid,Sales - Non Motorised On Wall Screens,Non Motorised On Wall Screens,819.0,1,0
Display Technologies,INV-0244,2018-10-21,2018,,0,Meridian Audio Ltd,Meridian Audio Ltd,Paid,,,0.0,1,0
Display Technologies,INV-0245,2018-10-21,2018,,5,Prime Solutions LLC,Prime Solutions LLC,Paid,Sales - Other Screens,Other Screens,500.0,1,0
Display Technologies,INV-0246,2018-10-21,2018,DT-PHG-2,1,Meridian America Inc.,Meridian America Inc.,Paid,Sales - Port Hole Glass,Port Hole Glass,1170.0,1,0
Display Technologies,INV-0247,2018-10-21,2018,DT-FRNT-240,1,Meridian America Inc.,Meridian America Inc.,Paid,Sales - Non Motorised On Wall Screens,Non Motorised On Wall Screens,741.0,1,0
Display Technologies,INV-0247,2018-10-21,2018,,0,Meridian America Inc.,Meridian America Inc.,Paid,,,0.0,1,0
Display Technologies,INV-0248,2018-10-21,2018,DT-FRNT-360,1,Meridian America Inc.,Meridian America Inc.,Paid,Sales - Non Motorised On Wall Screens,Non Motorised On Wall Screens,1248.0,1,0
Display Technologies,INV-0248,2018-10-21,2018,,0,Meridian America Inc.,Meridian America Inc.,Paid,,,0.0,1,0
Display Technologies,INV-0249,2018-10-22,2018,DT-HB-M,1,Meridian America Inc.,Meridian America Inc.,Paid,Sales - Hush Boxes,Hush Boxes,2340.0,1,0
Display Technologies,INV-0249,2018-10-22,2018,,1,Meridian America Inc.,Meridian America Inc.,Paid,Other Revenue,Other Revenue,585.0,0,0
Display Technologies,INV-0249,2018-10-22,2018,,0,Meridian America Inc.,Meridian America Inc.,Paid,,,0.0,1,0
Display Technologies,1017,2018-10-31,2018,DT-FRNT-300,1,Meridian America Inc.,Meridian America Inc.,Paid,Sales - Non Motorised On Wall Screens,Non Motorised On Wall Screens,936.0,1,0
Display Technologies,INV-0251,2018-11-07,2018,DT-DYN-2S-270,1,AV Nirvana India,AV Nirvana India,Paid,Sales - Motorised On Wall Screens,Motorised On Wall Screens,3510.0,1,0
Display Technologies,INV-0252,2018-11-07,2018,DT-FRNT-330,1,AV Nirvana India,AV Nirvana India,Paid,Sales - Non Motorised On Wall Screens,Non Motorised On Wall Screens,1092.0,1,0
Display Technologies,INV-0252,2018-11-07,2018,,0,AV Nirvana India,AV Nirvana India,Paid,,,0.0,1,0
Display Technologies,INV-0251,2018-11-07,2018,,0,AV Nirvana India,AV Nirvana India,Paid,,,0.0,1,0
Display Technologies,1029,2018-11-07,2018,DT-CNTP-360,1,AV Nirvana India,AV Nirvana India,Paid,Sales - Non Motorised On Wall Screens,Non Motorised On Wall Screens,1170.0,1,0
Display Technologies,1019,2018-11-13,2018,,1,Meridian America Inc.,Meridian America Inc.,Paid,Sales - Bespoke Solutions,Bespoke Solutions,975.0,1,0
Display Technologies,1020,2018-11-13,2018,DT-FRNT-390,1,Meridian America Inc.,Meridian America Inc.,Paid,Sales - Non Motorised On Wall Screens,Non Motorised On Wall Screens,1404.0,1,0
Display Technologies,1022,2018-11-13,2018,DT-FRNT-420,1,Meridian America Inc.,Meridian America Inc.,Paid,Sales - Non Motorised On Wall Screens,Non Motorised On Wall Screens,1404.0,1,0
Display Technologies,1023,2018-11-13,2018,DT-FRNT-330,1,Special Elektronik,Special Elektronik,Paid,Sales - Non Motorised On Wall Screens,Non Motorised On Wall Screens,1092.0,1,0
Display Technologies,1018,2018-11-13,2018,DT-DYN-4-XL-450,1,Meridian America Inc.,Meridian America Inc.,Paid,Sales - Motorised On Wall Screens,Motorised On Wall Screens,8970.0,1,0
Display Technologies,1026,2018-11-16,2018,DT-FRNT-300,1,Apex Tech Scotland Ltd,Apex Tech Scotland Ltd,Paid,Sales - Non Motorised On Wall Screens,Non Motorised On Wall Screens,936.0,1,1
Display Technologies,1027,2018-11-16,2018,DT-FRNT-330,1,Apex Tech Scotland Ltd,Apex Tech Scotland Ltd,Paid,Sales - Non Motorised On Wall Screens,Non Motorised On Wall Screens,1092.0,1,1
Display Technologies,INV-0254,2018-11-16,2018,DT-FRNT-360,1,Meridian America Inc.,Meridian America Inc.,Paid,Sales - Non Motorised On Wall Screens,Non Motorised On Wall Screens,1248.0,1,0
Display Technologies,1025,2018-11-16,2018,DT-FRNT-360,1,Meridian Audio Ltd,Meridian Audio Ltd,Paid,Sales - Non Motorised On Wall Screens,Non Motorised On Wall Screens,1248.0,1,0
Display Technologies,INV-1030,2018-11-27,2018,DT-FRNT-420,1,Sphere Custom Design,Sphere Custom Design,Paid,Sales - Non Motorised On Wall Screens,Non Motorised On Wall Screens,1560.0,1,0
Display Technologies,INV-1030,2018-11-27,2018,,1,Sphere Custom Design,Sphere Custom Design,Paid,Other Revenue,Other Revenue,390.0,0,0
Display Technologies,1031,2018-11-27,2018,DT-CNTP-390,1,Meridian America Inc.,Meridian America Inc.,Paid,Sales - Non Motorised On Wall Screens,Non Motorised On Wall Screens,1326.0,1,0
Display Technologies,1031,2018-11-27,2018,,1,Meridian America Inc.,Meridian America Inc.,Paid,Other Revenue,Other Revenue,331.5,0,0
Display Technologies,1032,2018-12-03,2018,DT-FRNT-360,1,Meridian America Inc.,Meridian America Inc.,Paid,Sales - Non Motorised On Wall Screens,Non Motorised On Wall Screens,1248.0,1,0
Display Technologies,1032,2018-12-03,2018,,1,Meridian America Inc.,Meridian America Inc.,Paid,Sales - Non Motorised On Wall Screens,Non Motorised On Wall Screens,312.0,1,0
Display Technologies,1034,2018-12-10,2018,,1,Immersive Design Studios,Immersive Design Studios,Paid,Sales - Other Screens,Other Screens,4890.0,1,0
Display Technologies,1033,2018-12-10,2018,,1,Immersive Design Studios,Immersive Design Studios,Paid,Sales - Other Screens,Other Screens,19125.0,1,0
Display Technologies,INV-0258,2018-12-10,2018,,1,Immersive Design Studios,Immersive Design Studios,Paid,Sales - Other Screens,Other Screens,2360.0,1,0
Display Technologies,INV-0259,2018-12-10,2018,,0,Meridian America Inc.,Meridian America Inc.,Paid,,,0.0,1,0
Display Technologies,1035,2018-12-10,2018,DT-FRNT-330,1,Apex Tech Scotland Ltd,Apex Tech Scotland Ltd,Paid,Sales - Non Motorised On Wall Screens,Non Motorised On Wall Screens,1092.0,1,1
Display Technologies,1036,2018-12-10,2018,DT-CNTP-360,1,Apex Tech Scotland Ltd,Apex Tech Scotland Ltd,Paid,Sales - Non Motorised On Wall Screens,Non Motorised On Wall Screens,1170.0,1,1
Display Technologies,1037,2018-12-12,2018,DT-FRNT-360,1,Genesis Home Technologies SL,Genesis Home Technologies SL,Paid,Sales - Non Motorised On Wall Screens,Non Motorised On Wall Screens,1248.0,1,0
Display Technologies,1038,2018-12-17,2018,,1,Meridian America Inc.,Meridian America Inc.,Paid,Sales - Motorised Mount Solutions,Motorised Mount Solutions,7254.0,1,0
Display Technologies,1039,2018-12-19,2018,DT-FRNT-390,1,Meridian America Inc.,Meridian America Inc.,Paid,Sales - Non Motorised On Wall Screens,Non Motorised On Wall Screens,1404.0,1,0
Display Technologies,1040,2018-12-19,2018,DT-FRNT-390,1,Meridian America Inc.,Meridian America Inc.,Paid,Sales - Non Motorised On Wall Screens,Non Motorised On Wall Screens,1404.0,1,0
Display Technologies,1041,2018-12-28,2018,,1,Genesis Technologies AG,Genesis Technologies AG,Paid,Sales - Motorised Mount Solutions,Motorised Mount Solutions,975.0,1,0
Display Technologies,1042,2018-12-28,2018,DT-DYN-2TB-360,1,Meridian America Inc.,Meridian America Inc.,Paid,Sales - Motorised On Wall Screens,Motorised On Wall Screens,4680.0,1,0
Display Technologies,1042,2018-12-28,2018,,1,Meridian America Inc.,Meridian America Inc.,Paid,Other Revenue,Other Revenue,1170.0,0,0
Display Technologies,INV-1043,2019-01-17,2019,DT-CNTP-360,1,Meridian America Inc.,Meridian America Inc.,Paid,Sales - Non Motorised On Wall Screens,Non Motorised On Wall Screens,1170.0,1,0
Display Technologies,INV-1044,2019-01-17,2019,DT-DYN-2S-390,1,Meridian America Inc.,Meridian America Inc.,Paid,Sales - Motorised On Wall Screens,Motorised On Wall Screens,5070.0,1,0
Display Technologies,INV-1044,2019-01-17,2019,DT-PHG-1,1,Meridian America Inc.,Meridian America Inc.,Paid,Sales - Port Hole Glass,Port Hole Glass,975.0,1,0
Display Technologies,INV-1044,2019-01-17,2019,DT-VMM-RE-UP,1,Meridian America Inc.,Meridian America Inc.,Paid,Sales - Non Motorised Mount Solutions,Non Motorised Mount Solutions,975.0,1,0
Display Technologies,INV-1050,2019-01-17,2019,DT-DYN-2S-420,1,Sphere Custom Design,Sphere Custom Design,Paid,Sales - Motorised On Wall Screens,Motorised On Wall Screens,5460.0,1,0
Display Technologies,INV-1051,2019-01-17,2019,DT-DYN-4-XL-450,1,Apex Tech Scotland Ltd,Apex Tech Scotland Ltd,Paid,Sales - Motorised On Wall Screens,Motorised On Wall Screens,8970.0,1,1
Display Technologies,INV-1049,2019-01-17,2019,DT-FRNT-240,1,Apex Tech Scotland Ltd,Apex Tech Scotland Ltd,Paid,Sales - Non Motorised On Wall Screens,Non Motorised On Wall Screens,741.0,1,1
Display Technologies,INV-1045,2019-01-21,2019,DT-FRNT-300,1,Special Elektronik,Special Elektronik,Paid,Sales - Non Motorised On Wall Screens,Non Motorised On Wall Screens,936.0,1,0
Display Technologies,INV-1054,2019-01-29,2019,DT-DYN-2S-420,1,GR Media Solutions,GR Media Solutions,Paid,Sales - Motorised On Wall Screens,Motorised On Wall Screens,5460.0,1,0
Display Technologies,1056,2019-01-30,2019,DT-CNTP-330,1,Meridian America Inc.,Meridian America Inc.,Paid,Sales - Non Motorised On Wall Screens,Non Motorised On Wall Screens,912.6,1,0
Display Technologies,1056,2019-01-30,2019,,0,Meridian America Inc.,Meridian America Inc.,Paid,,,0.0,1,0
Display Technologies,1055,2019-01-30,2019,DT-DYN-2TB-390,1,Meridian America Inc.,Meridian America Inc.,Paid,Sales - Motorised On Wall Screens,Motorised On Wall Screens,5070.0,1,0
Display Technologies,1053,2019-01-30,2019,DT-FRNT-330,1,Apex Tech Scotland Ltd,Apex Tech Scotland Ltd,Paid,Sales - Non Motorised On Wall Screens,Non Motorised On Wall Screens,1092.0,1,1
Display Technologies,1058,2019-02-06,2019,DT-MMD,1,Genesis Home Technologies SL,Genesis Home Technologies SL,Paid,Sales - Motorised Mount Solutions,Motorised Mount Solutions,2176.2,1,0
Display Technologies,INV-0262,2019-02-11,2019,,0,Meridian America Inc.,Meridian America Inc.,Paid,,,0.0,1,0
Display Technologies,1057,2019-02-11,2019,,1,Meridian America Inc.,Meridian America Inc.,Paid,Other Revenue,Other Revenue,225.0,0,0
Display Technologies,1061,2019-02-11,2019,DT-PHG-2,1,Genesis Home Technologies SL,Genesis Home Technologies SL,Paid,Sales - Port Hole Glass,Port Hole Glass,1170.0,1,0
Display Technologies,1062,2019-02-11,2019,DT-VMM-UP,1,Meridian Audio Ltd,Meridian Audio Ltd,Paid,Sales - Non Motorised Mount Solutions,Non Motorised Mount Solutions,975.0,1,0
Display Technologies,INV-0263,2019-02-11,2019,DT-FRNT-360,1,Genesis Home Technologies SL,Genesis Home Technologies SL,Paid,Sales - Non Motorised On Wall Screens,Non Motorised On Wall Screens,1248.0,1,0
Display Technologies,INV-0263,2019-02-11,2019,,0,Genesis Home Technologies SL,Genesis Home Technologies SL,Paid,,,0.0,1,0
Display Technologies,1063,2019-02-14,2019,DT-ACM,1,Genesis Home Technologies SL,Genesis Home Technologies SL,Paid,Sales - Non Motorised Mount Solutions,Non Motorised Mount Solutions,585.0,1,0
Display Technologies,INV-0264,2019-02-18,2019,,1,CCI Intertrade Pvt Ltd,CCI Intertrade Pvt Ltd,Paid,Sales - Other Screens,Other Screens,1500.0,1,0
Display Technologies,INV-0264,2019-02-18,2019,,0,CCI Intertrade Pvt Ltd,CCI Intertrade Pvt Ltd,Paid,,,0.0,1,0
Display Technologies,1064,2019-02-19,2019,DT-DYN-2S-360,1,GR Media Solutions,GR Media Solutions,Paid,Sales - Motorised On Wall Screens,Motorised On Wall Screens,4680.0,1,0
Display Technologies,INV-0265,2019-02-20,2019,DT-DYN-2TB-300,1,Apex Tech Scotland Ltd,Apex Tech Scotland Ltd,Paid,Sales - Motorised On Wall Screens,Motorised On Wall Screens,3900.0,1,1
Display Technologies,INV-0266,2019-02-20,2019,DT-DYN-2S-420,1,Apex Tech Scotland Ltd,Apex Tech Scotland Ltd,Paid,Sales - Motorised On Wall Screens,Motorised On Wall Screens,5460.0,1,1
Display Technologies,INV-0267,2019-02-20,2019,DT-CNTP-300,1,Apex Tech Scotland Ltd,Apex Tech Scotland Ltd,Paid,Sales - Non Motorised On Wall Screens,Non Motorised On Wall Screens,858.0,1,1
Display Technologies,INV-0268,2019-02-20,2019,DT-FRNT-240,1,Apex Tech Scotland Ltd,Apex Tech Scotland Ltd,Paid,Sales - Non Motorised On Wall Screens,Non Motorised On Wall Screens,666.9,1,1
Display Technologies,INV-0268,2019-02-20,2019,,0,Apex Tech Scotland Ltd,Apex Tech Scotland Ltd,Paid,,,0.0,1,1
Display Technologies,1065,2019-02-20,2019,DT-ACM,1,Meridian America Inc.,Meridian America Inc.,Paid,Sales - Non Motorised Mount Solutions,Non Motorised Mount Solutions,585.0,1,0
Display Technologies,1066,2019-02-20,2019,DT-FRNT-450,1,Meridian America Inc.,Meridian America Inc.,Paid,Sales - Non Motorised On Wall Screens,Non Motorised On Wall Screens,1716.0,1,0
Display Technologies,1067,2019-02-22,2019,DT-FRNT-360,1,Special Elektronik,Special Elektronik,Paid,Sales - Non Motorised On Wall Screens,Non Motorised On Wall Screens,1248.0,1,0
Display Technologies,1068,2019-02-22,2019,DT-FRNT-480,1,Meridian America Inc.,Meridian America Inc.,Paid,Sales - Non Motorised On Wall Screens,Non Motorised On Wall Screens,1872.0,1,0
Display Technologies,1069,2019-02-22,2019,DT-FRNT-360,1,Meridian America Inc.,Meridian America Inc.,Paid,Sales - Non Motorised On Wall Screens,Non Motorised On Wall Screens,998.4,1,0
Display Technologies,1071,2019-02-24,2019,DT-FRNT-330,1,Hausba Smarthomes,Hausba Smarthomes,Paid,Sales - Non Motorised On Wall Screens,Non Motorised On Wall Screens,1092.0,1,0
Display Technologies,1071,2019-02-24,2019,DT-FRNT-390,1,Hausba Smarthomes,Hausba Smarthomes,Paid,Sales - Non Motorised On Wall Screens,Non Motorised On Wall Screens,1404.0,1,0
Display Technologies,1071,2019-02-24,2019,DT-PHG-1,1,Hausba Smarthomes,Hausba Smarthomes,Paid,Sales - Port Hole Glass,Port Hole Glass,975.0,1,0
Display Technologies,1072,2019-02-25,2019,DT-FRNT-270,1,Genesis Home Technologies SL,Genesis Home Technologies SL,Paid,Sales - Non Motorised On Wall Screens,Non Motorised On Wall Screens,819.0,1,0
Display Technologies,CN-0269,2019-02-26,2019,DT-VMM-UP,1,Meridian Audio Ltd,Meridian Audio Ltd,Paid,Sales - Non Motorised Mount Solutions,Non Motorised Mount Solutions,-975.0,1,0
Display Technologies,1070,2019-02-26,2019,DT-FRNT-300,1,Meridian Audio Ltd,Meridian Audio Ltd,Paid,Sales - Non Motorised On Wall Screens,Non Motorised On Wall Screens,936.0,1,0
Display Technologies,1073,2019-02-26,2019,DT-DYN-2TB-360,1,Meridian Audio Ltd,Meridian Audio Ltd,Paid,Sales - Motorised On Wall Screens,Motorised On Wall Screens,4680.0,1,0
Display Technologies,1075,2019-02-26,2019,DT-ACM,1,Apex Tech Scotland Ltd,Apex Tech Scotland Ltd,Paid,Sales - Non Motorised Mount Solutions,Non Motorised Mount Solutions,585.0,1,1
Display Technologies,1074,2019-02-26,2019,DT-FRNT-420,1,Apex Tech Scotland Ltd,Apex Tech Scotland Ltd,Paid,Sales - Non Motorised On Wall Screens,Non Motorised On Wall Screens,1560.0,1,1
Display Technologies,INV-0270,2019-03-01,2019,,0,Meridian America Inc.,Meridian America Inc.,Paid,,,0.0,1,0
Display Technologies,1078,2019-03-03,2019,DT-FRNT-330,1,Genesis Home Technologies SL,Genesis Home Technologies SL,Paid,Sales - Non Motorised On Wall Screens,Non Motorised On Wall Screens,1092.0,1,0
Display Technologies,1080,2019-03-08,2019,DT-FRNT-420,1,Deco 2000 Co. Ltd.,Deco 2000 Co. Ltd.,Paid,Sales - Non Motorised On Wall Screens,Non Motorised On Wall Screens,1248.0,1,0
Display Technologies,1079,2019-03-08,2019,DT-FRNT-300,1,Deco 2000 Co. Ltd.,Deco 2000 Co. Ltd.,Paid,Sales - Non Motorised On Wall Screens,Non Motorised On Wall Screens,936.0,1,0
Display Technologies,INV-0271,2019-03-10,2019,DT-ACM,1,Apex Tech Scotland Ltd,Apex Tech Scotland Ltd,Paid,Sales - Non Motorised Mount Solutions,Non Motorised Mount Solutions,585.0,1,1
Display Technologies,INV-0271,2019-03-10,2019,,1,Apex Tech Scotland Ltd,Apex Tech Scotland Ltd,Paid,Other Revenue,Other Revenue,117.0,0,1
Display Technologies,INV-0271,2019-03-10,2019,,1,Apex Tech Scotland Ltd,Apex Tech Scotland Ltd,Paid,Other Revenue,Other Revenue,285.0,0,1
Display Technologies,INV-0272,2019-03-12,2019,,1,CCI Intertrade Pvt Ltd,CCI Intertrade Pvt Ltd,Paid,Other Revenue,Other Revenue,256.0,0,0
Display Technologies,INV-0272,2019-03-12,2019,,0,CCI Intertrade Pvt Ltd,CCI Intertrade Pvt Ltd,Paid,,,0.0,1,0
Display Technologies,INV-0273,2019-03-13,2019,,0,Meridian America Inc.,Meridian America Inc.,Paid,,,0.0,1,0
Display Technologies,1081,2019-03-14,2019,DT-FRNT-330,1,Meridian America Inc.,Meridian America Inc.,Paid,Sales - Non Motorised On Wall Screens,Non Motorised On Wall Screens,1092.0,1,0
Display Technologies,1082,2019-03-18,2019,DT-FRNT-420,1,Meridian America Inc.,Meridian America Inc.,Paid,Sales - Non Motorised On Wall Screens,Non Motorised On Wall Screens,1560.0,1,0
Display Technologies,1083,2019-03-18,2019,DT-FRNT-330,1,Prime Solutions LLC,Prime Solutions LLC,Paid,Sales - Non Motorised On Wall Screens,Non Motorised On Wall Screens,1092.0,1,0
Display Technologies,1084,2019-03-18,2019,DT-DYN-2S-480,1,Prime Solutions LLC,Prime Solutions LLC,Approved,Sales - Motorised On Wall Screens,Motorised On Wall Screens,7020.0,1,0
Display Technologies,1085,2019-03-18,2019,DT-CNTP-330,1,Prime Solutions LLC,Prime Solutions LLC,Paid,Sales - Non Motorised On Wall Screens,Non Motorised On Wall Screens,1014.0,1,0
Display Technologies,1087,2019-03-18,2019,DT-VMM-DWN,1,Meridian America Inc.,Meridian America Inc.,Paid,Sales - Non Motorised Mount Solutions,Non Motorised Mount Solutions,975.0,1,0
Display Technologies,1089,2019-03-18,2019,DT-FRNT-300,1,Apex Tech Scotland Ltd,Apex Tech Scotland Ltd,Paid,Sales - Non Motorised On Wall Screens,Non Motorised On Wall Screens,936.0,1,1
Display Technologies,1090,2019-03-18,2019,DT-VMM-UP,1,Wavetrain Cinemas PTY Ltd,Wavetrain Cinemas PTY Ltd,Paid,Sales - Non Motorised Mount Solutions,Non Motorised Mount Solutions,780.0,1,0
Display Technologies,1091,2019-03-19,2019,DT-MMD,1,Meridian America Inc.,Meridian America Inc.,Paid,Sales - Motorised Mount Solutions,Motorised Mount Solutions,2418.0,1,0
Display Technologies,CN-0275,2019-03-19,2019,DT-HB-M,1,Meridian America Inc.,Meridian America Inc.,Approved,Sales - Hush Boxes,Hush Boxes,-2340.0,1,0
Display Technologies,CN-0275,2019-03-19,2019,,0,Meridian America Inc.,Meridian America Inc.,Approved,,,0.0,1,0
Display Technologies,1096,2019-03-20,2019,DT-FRNT-420,1,GR Media Solutions,GR Media Solutions,Paid,Sales - Non Motorised On Wall Screens,Non Motorised On Wall Screens,1560.0,1,0
Display Technologies,1095,2019-03-20,2019,DT-FRNT-330,1,Apex Tech Scotland Ltd,Apex Tech Scotland Ltd,Paid,Sales - Non Motorised On Wall Screens,Non Motorised On Wall Screens,1092.0,1,1
Display Technologies,1094,2019-03-20,2019,DT-PHG-1,1,Apex Tech Scotland Ltd,Apex Tech Scotland Ltd,Paid,Sales - Port Hole Glass,Port Hole Glass,975.0,1,1
Display Technologies,1093,2019-03-20,2019,DT-FRNT-330,1,Apex Tech Scotland Ltd,Apex Tech Scotland Ltd,Paid,Sales - Non Motorised On Wall Screens,Non Motorised On Wall Screens,1092.0,1,1
Display Technologies,1093,2019-03-20,2019,DT-ACM,1,Apex Tech Scotland Ltd,Apex Tech Scotland Ltd,Paid,Sales - Non Motorised Mount Solutions,Non Motorised Mount Solutions,585.0,1,1
Display Technologies,1097,2019-03-25,2019,DT-CNTP-270,1,Prime Solutions LLC,Prime Solutions LLC,Paid,Sales - Non Motorised On Wall Screens,Non Motorised On Wall Screens,741.0,1,0
Display Technologies,1098,2019-03-25,2019,DT-MMD,1,Meridian America Inc.,Meridian America Inc.,Paid,Sales - Motorised Mount Solutions,Motorised Mount Solutions,1692.6,1,0
Display Technologies,1099,2019-03-25,2019,DT-FRNT-420,1,Meridian America Inc.,Meridian America Inc.,Paid,Sales - Non Motorised On Wall Screens,Non Motorised On Wall Screens,1560.0,1,0
Display Technologies,1101,2019-03-25,2019,DT-VMM-UP,1,Apex Tech Scotland Ltd,Apex Tech Scotland Ltd,Paid,Sales - Non Motorised Mount Solutions,Non Motorised Mount Solutions,975.0,1,1
Display Technologies,1102,2019-03-25,2019,DT-DYN-4-AM-XL-450,1,Apex Tech Scotland Ltd,Apex Tech Scotland Ltd,Paid,Sales - Motorised On Wall Screens,Motorised On Wall Screens,11056.5,1,1
Display Technologies,1103,2019-03-25,2019,DT-DYN-2S-330,1,Apex Tech Scotland Ltd,Apex Tech Scotland Ltd,Paid,Sales - Motorised On Wall Screens,Motorised On Wall Screens,4290.0,1,1
Display Technologies,1104,2019-03-29,2019,DT-CNTP-360,1,CCI Intertrade Pvt Ltd,CCI Intertrade Pvt Ltd,Paid,Sales - Non Motorised On Wall Screens,Non Motorised On Wall Screens,1462.5,1,0
Display Technologies,1104,2019-03-29,2019,,0,CCI Intertrade Pvt Ltd,CCI Intertrade Pvt Ltd,Paid,,,0.0,1,0
Display Technologies,INV-0277,2019-04-04,2019,,0,Meridian America Inc.,Meridian America Inc.,Paid,,,0.0,1,0
Display Technologies,1106,2019-04-05,2019,DT-FRNT-270,1,Special Elektronik,Special Elektronik,Approved,Sales - Non Motorised On Wall Screens,Non Motorised On Wall Screens,819.0,1,0
Display Technologies,1105,2019-04-05,2019,DT-FRNT-330,1,Meridian America Inc.,Meridian America Inc.,Paid,Sales - Non Motorised On Wall Screens,Non Motorised On Wall Screens,982.8,1,0
Display Technologies,1108,2019-04-08,2019,DT-FRNT-390,1,Meridian America Inc.,Meridian America Inc.,Paid,Sales - Non Motorised On Wall Screens,Non Motorised On Wall Screens,1404.0,1,0
Display Technologies,1108,2019-04-08,2019,DT-HB-KIT-BARCO-LOK,1,Meridian America Inc.,Meridian America Inc.,Paid,Sales - Hush Boxes,Hush Boxes,4738.5,1,0
Display Technologies,1109,2019-04-08,2019,DT-FRNT-360,1,Apex Tech Scotland Ltd,Apex Tech Scotland Ltd,Paid,Sales - Non Motorised On Wall Screens,Non Motorised On Wall Screens,1248.0,1,1
Display Technologies,1107,2019-04-08,2019,DT-CNTP-270,1,Meridian America Inc.,Meridian America Inc.,Paid,Sales - Non Motorised On Wall Screens,Non Motorised On Wall Screens,741.0,1,0
Display Technologies,1110,2019-04-09,2019,DT-M-2,2,Apex Tech Scotland Ltd,Apex Tech Scotland Ltd,Paid,Sales - Mistral,Mistral,1248.0,1,1
Display Technologies,1110,2019-04-09,2019,DT-M-C,1,Apex Tech Scotland Ltd,Apex Tech Scotland Ltd,Paid,Sales - Mistral,Mistral,370.5,1,1
Display Technologies,1111,2019-04-10,2019,DT-FRNT-270,1,Meridian America Inc.,Meridian America Inc.,Paid,Sales - Non Motorised On Wall Screens,Non Motorised On Wall Screens,819.0,1,0
Display Technologies,1112,2019-04-11,2019,DT-ACM,1,Meridian America Inc.,Meridian America Inc.,Paid,Sales - Non Motorised Mount Solutions,Non Motorised Mount Solutions,585.0,1,0
Display Technologies,1113,2019-04-14,2019,DT-FRNT-390,1,Meridian America Inc.,Meridian America Inc.,Approved,Sales - Non Motorised On Wall Screens,Non Motorised On Wall Screens,1404.0,1,0
Display Technologies,INV-0278,2019-04-15,2019,,0,Meridian America Inc.,Meridian America Inc.,Approved,,,0.0,1,0
Display Technologies,1114,2019-04-15,2019,DT-MMD,1,Meridian America Inc.,Meridian America Inc.,Approved,Sales - Motorised Mount Solutions,Motorised Mount Solutions,2418.0,1,0
Display Technologies,1115,2019-04-16,2019,DT-DYN-2S-AM-XL-540,1,CCI Intertrade Pvt Ltd,CCI Intertrade Pvt Ltd,Approved,Sales - Motorised On Wall Screens,Motorised On Wall Screens,9360.0,1,0
Display Technologies,INV-0279,2019-04-18,2019,,1.5,Electrovista,Electrovista,Approved,Other Revenue,Other Revenue,105.0,0,0
Display Technologies,INV-0279,2019-04-18,2019,,1,Electrovista,Electrovista,Approved,Other Revenue,Other Revenue,70.0,0,0
Display Technologies,INV-0279,2019-04-18,2019,,2,Electrovista,Electrovista,Approved,Other Revenue,Other Revenue,140.0,0,0
Display Technologies,INV-0279,2019-04-18,2019,,1,Electrovista,Electrovista,Approved,Other Revenue,Other Revenue,34.0,0,0
Display Technologies,INV-0280,2019-04-25,2019,,0,Meridian America Inc.,Meridian America Inc.,Paid,,,0.0,1,0
Display Technologies,INV-0280,2019-04-25,2019,,1,Meridian America Inc.,Meridian America Inc.,Paid,Shipping Out,Shipping Out,170.42,0,0
Display Technologies,INV-0280,2019-04-25,2019,,1,Meridian America Inc.,Meridian America Inc.,Paid,Shipping Out,Shipping Out,140.42,0,0
Display Technologies,INV-0280,2019-04-25,2019,,1,Meridian America Inc.,Meridian America Inc.,Paid,Shipping Out,Shipping Out,337.39,0,0
Display Technologies,1118,2019-04-26,2019,,1,Meridian America Inc.,Meridian America Inc.,Paid,Sales - Non Motorised On Wall Screens,Non Motorised On Wall Screens,100.0,1,0
Display Technologies,INV-0281,2019-04-29,2019,DT-SHIP,4,Apex Tech Scotland Ltd,Apex Tech Scotland Ltd,Paid,Freight Costs - Outward,Freight Costs - Outward,300.0,0,1
Display Technologies,INV-0281,2019-04-29,2019,DT-SHIP,2,Apex Tech Scotland Ltd,Apex Tech Scotland Ltd,Paid,Freight Costs - Outward,Freight Costs - Outward,150.0,0,1
Display Technologies,INV-0281,2019-04-29,2019,DT-SHIP,4,Apex Tech Scotland Ltd,Apex Tech Scotland Ltd,Paid,Freight Costs - Outward,Freight Costs - Outward,300.0,0,1
Display Technologies,1119,2019-04-30,2019,DT-PHG-2,1,Meridian America Inc.,Meridian America Inc.,Paid,Sales - Port Hole Glass,Port Hole Glass,1170.0,1,0
Display Technologies,1120,2019-04-30,2019,DT-HB-M,1,Meridian America Inc.,Meridian America Inc.,Paid,Sales - Hush Boxes,Hush Boxes,1872.0,1,0
Display Technologies,1120,2019-04-30,2019,DT-M-C,1,Meridian America Inc.,Meridian America Inc.,Paid,Sales - Mistral,Mistral,370.5,1,0
Display Technologies,1120,2019-04-30,2019,DT-M-2,4,Meridian America Inc.,Meridian America Inc.,Paid,Sales - Mistral,Mistral,2496.0,1,0
Display Technologies,1120,2019-04-30,2019,DT-HBO-VM,1,Meridian America Inc.,Meridian America Inc.,Paid,Sales - Hush Boxes,Hush Boxes,780.0,1,0
Display Technologies,1119,2019-04-30,2019,DT-VMM-RE-DWN,1,Meridian America Inc.,Meridian America Inc.,Paid,Sales - Non Motorised Mount Solutions,Non Motorised Mount Solutions,975.0,1,0
Display Technologies,1122,2019-05-02,2019,DT-FRNT-390,1,Meridian Audio Ltd,Meridian Audio Ltd,Paid,Sales - Non Motorised On Wall Screens,Non Motorised On Wall Screens,1404.0,1,0
Display Technologies,1122,2019-05-02,2019,DT-SHIP,1,Meridian Audio Ltd,Meridian Audio Ltd,Paid,Freight Costs - Outward,Freight Costs - Outward,75.0,0,0
Display Technologies,1123,2019-05-02,2019,,1,Meridian America Inc.,Meridian America Inc.,Paid,Sales - Non Motorised Mount Solutions,Non Motorised Mount Solutions,877.5,1,0
Display Technologies,INV-0282,2019-05-03,2019,DT-SHIP,1,Meridian America Inc.,Meridian America Inc.,Paid,Shipping Out,Shipping Out,361.39,0,0
Display Technologies,INV-0282,2019-05-03,2019,,1,Meridian America Inc.,Meridian America Inc.,Paid,Shipping Out,Shipping Out,351.79,0,0
Display Technologies,INV-0282,2019-05-03,2019,,1,Meridian America Inc.,Meridian America Inc.,Paid,Shipping Out,Shipping Out,415.39,0,0
Display Technologies,1121,2019-05-06,2019,DT-FRNT-330,1,Meridian America Inc.,Meridian America Inc.,Paid,Sales - Non Motorised On Wall Screens,Non Motorised On Wall Screens,982.8,1,0
Display Technologies,1124,2019-05-07,2019,DT-DYN-2S-420,1,Meridian America Inc.,Meridian America Inc.,Paid,Sales - Motorised On Wall Screens,Motorised On Wall Screens,5460.0,1,0
Display Technologies,1125,2019-05-08,2019,DT-DYN-2S-480,1,Prime Solutions LLC,Prime Solutions LLC,Paid,Sales - Motorised On Wall Screens,Motorised On Wall Screens,5616.0,1,0
Display Technologies,1126,2019-05-09,2019,DT-MMD,1,Genesis Home Technologies SL,Genesis Home Technologies SL,Paid,Sales - Motorised Mount Solutions,Motorised Mount Solutions,1934.4,1,0
Display Technologies,1128,2019-05-09,2019,DT-FRNT-360,1,Meridian America Inc.,Meridian America Inc.,Paid,Sales - Non Motorised On Wall Screens,Non Motorised On Wall Screens,1248.0,1,0
Display Technologies,INV-0284,2019-05-10,2019,DT-FRNT-390,1,Meridian Audio Ltd,Meridian Audio Ltd,Paid,Sales - Non Motorised On Wall Screens,Non Motorised On Wall Screens,315.0,1,0
Display Technologies,1138,2019-05-13,2019,,1,Meridian Audio Ltd,Meridian Audio Ltd,Paid,Sales - Bespoke Solutions,Bespoke Solutions,483.6,1,0
Display Technologies,1130,2019-05-13,2019,,1,Genesis Technologies AG (Deutschland).,Genesis Technologies AG (Deutschland).,Paid,Sales - Non Motorised Mount Solutions,Non Motorised Mount Solutions,1950.0,1,0
Display Technologies,1131,2019-05-13,2019,,2,Genesis Technologies AG,Genesis Technologies AG,Paid,Sales - Non Motorised On Wall Screens,Non Motorised On Wall Screens,200.0,1,0
Display Technologies,1131,2019-05-13,2019,DT-SHIP,1,Genesis Technologies AG,Genesis Technologies AG,Paid,Freight Costs - Outward,Freight Costs - Outward,40.0,0,0
Display Technologies,1132,2019-05-13,2019,DT-FRNT-300,1,Apex Tech Scotland Ltd,Apex Tech Scotland Ltd,Paid,Sales - Non Motorised On Wall Screens,Non Motorised On Wall Screens,842.4,1,1
Display Technologies,1132,2019-05-13,2019,DT-SHIP,1,Apex Tech Scotland Ltd,Apex Tech Scotland Ltd,Paid,Freight Costs - Outward,Freight Costs - Outward,75.0,0,1
Display Technologies,1133,2019-05-13,2019,DT-MMD,1,Meridian Audio Ltd,Meridian Audio Ltd,Paid,Sales - Motorised Mount Solutions,Motorised Mount Solutions,2418.0,1,0
Display Technologies,1133,2019-05-13,2019,DT-DYN-2S-450,1,Meridian Audio Ltd,Meridian Audio Ltd,Paid,Sales - Motorised On Wall Screens,Motorised On Wall Screens,6240.0,1,0
Display Technologies,1134,2019-05-14,2019,DT-FRNT-270,1,Apex Tech Scotland Ltd,Apex Tech Scotland Ltd,Paid,Sales - Non Motorised On Wall Screens,Non Motorised On Wall Screens,819.0,1,1
Display Technologies,1135,2019-05-14,2019,DT-FRNT-270,1,Meridian America Inc.,Meridian America Inc.,Paid,Sales - Non Motorised On Wall Screens,Non Motorised On Wall Screens,819.0,1,0
Display Technologies,1135,2019-05-14,2019,DT-FRNT-330,1,Meridian America Inc.,Meridian America Inc.,Paid,Sales - Non Motorised On Wall Screens,Non Motorised On Wall Screens,1092.0,1,0
Display Technologies,1136,2019-05-14,2019,,1,Meridian America Inc.,Meridian America Inc.,Paid,Sales - Image Surfaces,Image Surfaces,561.6,1,0
Display Technologies,INV-0286,2019-05-16,2019,DT-CNTP-270,1,Deco 2000 Co. Ltd.,Deco 2000 Co. Ltd.,Paid,Sales - Non Motorised On Wall Screens,Non Motorised On Wall Screens,741.0,1,0
Display Technologies,1139,2019-05-16,2019,DT-FRNT-360,1,Deco 2000 Co. Ltd.,Deco 2000 Co. Ltd.,Paid,Sales - Non Motorised On Wall Screens,Non Motorised On Wall Screens,1248.0,1,0
Display Technologies,1140,2019-05-16,2019,DT-FRNT-330,1,Deco 2000 Co. Ltd.,Deco 2000 Co. Ltd.,Paid,Sales - Non Motorised On Wall Screens,Non Motorised On Wall Screens,1092.0,1,0
Display Technologies,1141,2019-05-16,2019,DT-CNTP-420,1,Deco 2000 Co. Ltd.,Deco 2000 Co. Ltd.,Paid,Sales - Non Motorised On Wall Screens,Non Motorised On Wall Screens,1482.0,1,0
Display Technologies,1142,2019-05-16,2019,,1,Deco 2000 Co. Ltd.,Deco 2000 Co. Ltd.,Paid,Sales - Image Surfaces,Image Surfaces,499.2,1,0
Display Technologies,1137,2019-05-16,2019,DT-FRNT-300,1,Deco 2000 Co. Ltd.,Deco 2000 Co. Ltd.,Paid,Sales - Non Motorised On Wall Screens,Non Motorised On Wall Screens,936.0,1,0
Display Technologies,1143,2019-05-23,2019,DT-DYN-2S-AM-300,1,Wavetrain Cinemas PTY Ltd,Wavetrain Cinemas PTY Ltd,Paid,Sales - Motorised On Wall Screens,Motorised On Wall Screens,5850.0,1,0
Display Technologies,CN-0287,2019-05-28,2019,DT-MMD,1,Meridian America Inc.,Meridian America Inc.,Approved,Sales - Motorised Mount Solutions,Motorised Mount Solutions,-2418.0,1,0
Display Technologies,CN-0287,2019-05-28,2019,,0,Meridian America Inc.,Meridian America Inc.,Approved,,,0.0,1,0
Display Technologies,1144,2019-05-28,2019,DT-FRNT-330,1,Apex Tech Scotland Ltd,Apex Tech Scotland Ltd,Paid,Sales - Non Motorised On Wall Screens,Non Motorised On Wall Screens,1092.0,1,1
Display Technologies,INV-0288,2019-05-29,2019,,0,Meridian America Inc.,Meridian America Inc.,Paid,,,0.0,1,0
Display Technologies,INV-0288,2019-05-29,2019,,1,Meridian America Inc.,Meridian America Inc.,Paid,Shipping Out,Shipping Out,185.42,0,0
Display Technologies,INV-0288,2019-05-29,2019,,1,Meridian America Inc.,Meridian America Inc.,Paid,Shipping Out,Shipping Out,392.59,0,0
Display Technologies,INV-0288,2019-05-29,2019,,1,Meridian America Inc.,Meridian America Inc.,Paid,Shipping Out,Shipping Out,385.39,0,0
Display Technologies,INV-0288,2019-05-29,2019,,1,Meridian America Inc.,Meridian America Inc.,Paid,Shipping Out,Shipping Out,778.79,0,0
Display Technologies,1145,2019-05-31,2019,DT-VMM-UP,1,Apex Tech Scotland Ltd,Apex Tech Scotland Ltd,Paid,Sales - Non Motorised Mount Solutions,Non Motorised Mount Solutions,975.0,1,1
Display Technologies,1145,2019-05-31,2019,DT-PHG-1,1,Apex Tech Scotland Ltd,Apex Tech Scotland Ltd,Paid,Sales - Port Hole Glass,Port Hole Glass,975.0,1,1
Display Technologies,1145,2019-05-31,2019,DT-SHIP,2,Apex Tech Scotland Ltd,Apex Tech Scotland Ltd,Paid,Freight Costs - Outward,Freight Costs - Outward,150.0,0,1
Display Technologies,1146,2019-06-04,2019,DT-CNTP-270,1,Prime Solutions LLC,Prime Solutions LLC,Paid,Sales - Non Motorised On Wall Screens,Non Motorised On Wall Screens,741.0,1,0
Display Technologies,1147,2019-06-04,2019,DT-FRNT-270,1,Prime Solutions LLC,Prime Solutions LLC,Approved,Sales - Non Motorised On Wall Screens,Non Motorised On Wall Screens,819.0,1,0
Display Technologies,INV-0289,2019-06-04,2019,DT-SHIP,1,Apex Tech Scotland Ltd,Apex Tech Scotland Ltd,Paid,Freight Costs - Outward,Freight Costs - Outward,75.0,0,1
Display Technologies,INV-0290,2019-06-05,2019,,1,Meridian America Inc.,Meridian America Inc.,Paid,Shipping Out,Shipping Out,912.99,0,0
Display Technologies,INV-0290,2019-06-05,2019,,1,Meridian America Inc.,Meridian America Inc.,Paid,Shipping Out,Shipping Out,559.39,0,0
Display Technologies,1148,2019-06-05,2019,DT-DYN-2S-390,1,Wavetrain Cinemas PTY Ltd,Wavetrain Cinemas PTY Ltd,Paid,Sales - Motorised On Wall Screens,Motorised On Wall Screens,5070.0,1,0
Display Technologies,1149,2019-06-05,2019,DT-FRNT-330,1,Meridian Audio Ltd,Meridian Audio Ltd,Paid,Sales - Non Motorised On Wall Screens,Non Motorised On Wall Screens,1092.0,1,0
Display Technologies,1149,2019-06-05,2019,DT-SHIP,1,Meridian Audio Ltd,Meridian Audio Ltd,Paid,Freight Costs - Outward,Freight Costs - Outward,75.0,0,0
Display Technologies,1150,2019-06-05,2019,DT-FRNT-270,1,Meridian Audio Ltd,Meridian Audio Ltd,Paid,Sales - Non Motorised On Wall Screens,Non Motorised On Wall Screens,819.0,1,0
Display Technologies,1150,2019-06-05,2019,DT-SHIP,1,Meridian Audio Ltd,Meridian Audio Ltd,Paid,Freight Costs - Outward,Freight Costs - Outward,75.0,0,0
Display Technologies,1151,2019-06-07,2019,DT-FRNT-270,1,Deco 2000 Co. Ltd.,Deco 2000 Co. Ltd.,Paid,Sales - Non Motorised On Wall Screens,Non Motorised On Wall Screens,819.0,1,0
Display Technologies,1152,2019-06-11,2019,DT-DYN-2S-480,1,Hausba Smarthomes,Hausba Smarthomes,Paid,Sales - Motorised On Wall Screens,Motorised On Wall Screens,7020.0,1,0
Display Technologies,1153,2019-06-13,2019,DT-FRNT-330,1,Meridian Audio Ltd,Meridian Audio Ltd,Paid,Sales - Non Motorised On Wall Screens,Non Motorised On Wall Screens,873.6,1,0
Display Technologies,1154,2019-06-13,2019,DT-FRNT-660,1,AV Nirvana India,AV Nirvana India,Paid,Sales - Non Motorised On Wall Screens,Non Motorised On Wall Screens,4953.0,1,0
Display Technologies,1154,2019-06-13,2019,,1,AV Nirvana India,AV Nirvana India,Paid,Sales - Non Motorised On Wall Screens,Non Motorised On Wall Screens,990.6,1,0
Display Technologies,1155,2019-06-13,2019,DT-CNTP-330,1,AV Nirvana India,AV Nirvana India,Paid,Sales - Non Motorised On Wall Screens,Non Motorised On Wall Screens,1014.0,1,0
Display Technologies,INV-0291,2019-06-14,2019,,1,Meridian America Inc.,Meridian America Inc.,Paid,Shipping Out,Shipping Out,1365.29,0,0
Display Technologies,INV-0291,2019-06-14,2019,,0,Meridian America Inc.,Meridian America Inc.,Paid,,,0.0,1,0
Display Technologies,INV-0292,2019-06-14,2019,,0,Apex Tech Scotland Ltd,Apex Tech Scotland Ltd,Paid,,,0.0,1,1
Display Technologies,INV-0292,2019-06-14,2019,DT-SHIP,2,Apex Tech Scotland Ltd,Apex Tech Scotland Ltd,Paid,Freight Costs - Outward,Freight Costs - Outward,150.0,0,1
Display Technologies,1156,2019-06-24,2019,DT-DYN-4-390,1,Meridian America Inc.,Meridian America Inc.,Paid,Sales - Motorised On Wall Screens,Motorised On Wall Screens,8775.0,1,0
Display Technologies,1156,2019-06-24,2019,,0,Meridian America Inc.,Meridian America Inc.,Paid,,,0.0,1,0
Display Technologies,INV-0293,2019-06-25,2019,,0,Meridian America Inc.,Meridian America Inc.,Paid,,,0.0,1,0
Display Technologies,INV-0293,2019-06-25,2019,,1,Meridian America Inc.,Meridian America Inc.,Paid,Shipping Out,Shipping Out,165.42,0,0
Display Technologies,1159,2019-06-25,2019,,1,Meridian America Inc.,Meridian America Inc.,Paid,Other Revenue,Other Revenue,499.2,0,0
Display Technologies,INV-0294,2019-06-25,2019,,0,Meridian Audio Ltd,Meridian Audio Ltd,Paid,,,0.0,1,0
Display Technologies,INV-0294,2019-06-25,2019,,1,Meridian Audio Ltd,Meridian Audio Ltd,Paid,Freight Costs - Outward,Freight Costs - Outward,75.0,0,0
Display Technologies,1157,2019-06-25,2019,DT-MMD,1,Meridian Audio Ltd,Meridian Audio Ltd,Paid,Sales - Motorised Mount Solutions,Motorised Mount Solutions,2418.0,1,0
Display Technologies,1157,2019-06-25,2019,,1,Meridian Audio Ltd,Meridian Audio Ltd,Paid,Sales - Bespoke Solutions,Bespoke Solutions,-580.32,1,0
Display Technologies,1157,2019-06-25,2019,,1,Meridian Audio Ltd,Meridian Audio Ltd,Paid,Sales - Bespoke Solutions,Bespoke Solutions,100.0,1,0
Display Technologies,1158,2019-06-25,2019,DT-MMD,1,Meridian Audio Ltd,Meridian Audio Ltd,Paid,Sales - Motorised Mount Solutions,Motorised Mount Solutions,2418.0,1,0
Display Technologies,1158,2019-06-25,2019,,1,Meridian Audio Ltd,Meridian Audio Ltd,Paid,Sales - Bespoke Solutions,Bespoke Solutions,100.0,1,0
Display Technologies,1160,2019-06-25,2019,DT-FRNT-270,1,Meridian America Inc.,Meridian America Inc.,Paid,Sales - Non Motorised On Wall Screens,Non Motorised On Wall Screens,819.0,1,0
Display Technologies,INV-0294,2019-06-25,2019,,1,Meridian Audio Ltd,Meridian Audio Ltd,Paid,Sales - Non Motorised Mount Solutions,Non Motorised Mount Solutions,75.0,1,0
Display Technologies,INV-0293,2019-06-25,2019,,1,Meridian America Inc.,Meridian America Inc.,Paid,Shipping Out,Shipping Out,1025.09,0,0
Display Technologies,INV-0295,2019-06-27,2019,DT-SHIP,1,Apex Tech Scotland Ltd,Apex Tech Scotland Ltd,Paid,Freight Costs - Outward,Freight Costs - Outward,75.0,0,1
Display Technologies,INV-0296,2019-06-27,2019,DT-SHIP,6,Apex Tech Scotland Ltd,Apex Tech Scotland Ltd,Paid,Shipping Out,Shipping Out,450.0,0,1
Display Technologies,1161,2019-07-01,2019,DT-FRNT-270,1,Special Elektronik,Special Elektronik,Paid,Sales - Non Motorised On Wall Screens,Non Motorised On Wall Screens,655.2,1,0
Display Technologies,1162,2019-07-02,2019,DT-FRNT-360,1,Genesis Home Technologies SL,Genesis Home Technologies SL,Paid,Sales - Non Motorised On Wall Screens,Non Motorised On Wall Screens,1248.0,1,0
Display Technologies,1163,2019-07-03,2019,DT-DYN-2S-510,1,GR Media Solutions,GR Media Solutions,Paid,Sales - Motorised On Wall Screens,Motorised On Wall Screens,6240.0,1,0
Display Technologies,INV-0297,2019-07-05,2019,,1,Meridian America Inc.,Meridian America Inc.,Paid,Sales - Non Motorised Mount Solutions,Non Motorised Mount Solutions,1462.5,1,0
Display Technologies,INV-0298,2019-07-05,2019,,0,Meridian America Inc.,Meridian America Inc.,Paid,,,0.0,1,0
Display Technologies,INV-0298,2019-07-05,2019,,1,Meridian America Inc.,Meridian America Inc.,Paid,Shipping Out,Shipping Out,194.99,0,0
Display Technologies,1164,2019-07-05,2019,DT-FRNT-300,1,Special Elektronik,Special Elektronik,Paid,Sales - Non Motorised On Wall Screens,Non Motorised On Wall Screens,936.0,1,0
Display Technologies,1165,2019-07-05,2019,DT-ACM,1,Meridian Audio Ltd,Meridian Audio Ltd,Paid,Sales - Non Motorised Mount Solutions,Non Motorised Mount Solutions,585.0,1,0
Display Technologies,1166,2019-07-05,2019,DT-VMM-UP,1,Prime Solutions LLC,Prime Solutions LLC,Paid,Sales - Non Motorised Mount Solutions,Non Motorised Mount Solutions,780.0,1,0
Display Technologies,1168,2019-07-05,2019,DT-FRNT-360,1,Prime Solutions LLC,Prime Solutions LLC,Paid,Sales - Non Motorised On Wall Screens,Non Motorised On Wall Screens,1248.0,1,0
Display Technologies,1169,2019-07-05,2019,DT-FRNT-360,1,Prime Solutions LLC,Prime Solutions LLC,Paid,Sales - Non Motorised On Wall Screens,Non Motorised On Wall Screens,1248.0,1,0
Display Technologies,1170,2019-07-08,2019,DT-ACM,1,Meridian America Inc.,Meridian America Inc.,Paid,Sales - Non Motorised Mount Solutions,Non Motorised Mount Solutions,585.0,1,0
Display Technologies,1171,2019-07-08,2019,DT-FRNT-390,1,Meridian America Inc.,Meridian America Inc.,Paid,Sales - Non Motorised On Wall Screens,Non Motorised On Wall Screens,1404.0,1,0
Display Technologies,1173,2019-07-08,2019,DT-HB-M,1,Meridian America Inc.,Meridian America Inc.,Paid,Sales - Hush Boxes,Hush Boxes,2340.0,1,0
Display Technologies,1173,2019-07-08,2019,DT-M-C,1,Meridian America Inc.,Meridian America Inc.,Paid,Sales - Mistral,Mistral,370.5,1,0
Display Technologies,1173,2019-07-08,2019,DT-M-2,2,Meridian America Inc.,Meridian America Inc.,Paid,Sales - Mistral,Mistral,1248.0,1,0
Display Technologies,1173,2019-07-08,2019,DT-HBO-VM,1,Meridian America Inc.,Meridian America Inc.,Paid,Sales - Hush Boxes,Hush Boxes,780.0,1,0
Display Technologies,1173,2019-07-08,2019,DT-PHG-1,1,Meridian America Inc.,Meridian America Inc.,Paid,Sales - Port Hole Glass,Port Hole Glass,975.0,1,0
Display Technologies,INV-0299,2019-07-09,2019,,0,Meridian America Inc.,Meridian America Inc.,Paid,,,0.0,1,0
Display Technologies,INV-0299,2019-07-09,2019,,1,Meridian America Inc.,Meridian America Inc.,Paid,Shipping Out,Shipping Out,385.39,0,0
Display Technologies,CN-0300,2019-07-09,2019,,1,Meridian Audio Ltd,Meridian Audio Ltd,Paid,Sales - Motorised On Wall Screens,Motorised On Wall Screens,-1170.0,1,0
Display Technologies,1174,2019-07-09,2019,DT-DYN-2TB-AM-390,1,Meridian Audio Ltd,Meridian Audio Ltd,Paid,Sales - Motorised On Wall Screens,Motorised On Wall Screens,7800.0,1,0
Display Technologies,1174,2019-07-09,2019,DT-MMD,1,Meridian Audio Ltd,Meridian Audio Ltd,Paid,Sales - Motorised Mount Solutions,Motorised Mount Solutions,2418.0,1,0
Display Technologies,1175,2019-07-11,2019,DT-FRNT-240,1,Meridian America Inc.,Meridian America Inc.,Paid,Sales - Non Motorised On Wall Screens,Non Motorised On Wall Screens,741.0,1,0
Display Technologies,INV-0301,2019-07-15,2019,,0,Meridian America Inc.,Meridian America Inc.,Paid,,,0.0,1,0
Display Technologies,INV-0301,2019-07-15,2019,,1,Meridian America Inc.,Meridian America Inc.,Paid,Shipping Out,Shipping Out,268.79,0,0
Display Technologies,INV-0301,2019-07-15,2019,,1,Meridian America Inc.,Meridian America Inc.,Paid,Shipping Out,Shipping Out,166.42,0,0
Display Technologies,INV-0301,2019-07-15,2019,,1,Meridian America Inc.,Meridian America Inc.,Paid,Shipping Out,Shipping Out,399.79,0,0
Display Technologies,1177,2019-07-17,2019,DT-FRNT-300,1,Meridian America Inc.,Meridian America Inc.,Paid,Sales - Non Motorised On Wall Screens,Non Motorised On Wall Screens,936.0,1,0
Display Technologies,1178,2019-07-17,2019,DT-FRNT-240,1,Meridian Audio Ltd,Meridian Audio Ltd,Paid,Sales - Non Motorised On Wall Screens,Non Motorised On Wall Screens,741.0,1,0
Display Technologies,1182,2019-07-17,2019,DT-FRNT-480,1,Meridian America Inc.,Meridian America Inc.,Paid,Sales - Non Motorised On Wall Screens,Non Motorised On Wall Screens,1872.0,1,0
Display Technologies,1183,2019-07-22,2019,DT-VMM-DWN,1,Genesis Home Technologies SL,Genesis Home Technologies SL,Paid,Sales - Non Motorised Mount Solutions,Non Motorised Mount Solutions,975.0,1,0
Display Technologies,1183,2019-07-22,2019,DT-PHG-2,1,Genesis Home Technologies SL,Genesis Home Technologies SL,Paid,Sales - Port Hole Glass,Port Hole Glass,1170.0,1,0
Display Technologies,1184,2019-07-23,2019,DT-FRNT-510,1,Apex Tech Scotland Ltd,Apex Tech Scotland Ltd,Paid,Sales - Non Motorised On Wall Screens,Non Motorised On Wall Screens,2262.0,1,1
Display Technologies,1188,2019-07-25,2019,DT-FRNT-270,1,Deco 2000 Co. Ltd.,Deco 2000 Co. Ltd.,Paid,Sales - Non Motorised On Wall Screens,Non Motorised On Wall Screens,819.0,1,0
Display Technologies,1187,2019-07-25,2019,DT-FRNT-510,1,Deco 2000 Co. Ltd.,Deco 2000 Co. Ltd.,Paid,Sales - Non Motorised On Wall Screens,Non Motorised On Wall Screens,2262.0,1,0
Display Technologies,1186,2019-07-25,2019,DT-CNTP-270,1,Deco 2000 Co. Ltd.,Deco 2000 Co. Ltd.,Paid,Sales - Non Motorised On Wall Screens,Non Motorised On Wall Screens,741.0,1,0
Display Technologies,1185,2019-07-25,2019,,1,Meridian America Inc.,Meridian America Inc.,Paid,Sales - Non Motorised On Wall Screens,Non Motorised On Wall Screens,100.0,1,0
Display Technologies,1189,2019-07-30,2019,DT-PHG-1,1,Meridian America Inc.,Meridian America Inc.,Paid,Sales - Port Hole Glass,Port Hole Glass,975.0,1,0
Display Technologies,INV-0302,2019-08-05,2019,,0,Meridian America Inc.,Meridian America Inc.,Paid,,,0.0,1,0
Display Technologies,INV-0302,2019-08-05,2019,,1,Meridian America Inc.,Meridian America Inc.,Paid,Shipping Out,Shipping Out,385.39,0,0
Display Technologies,INV-0302,2019-08-05,2019,,1,Meridian America Inc.,Meridian America Inc.,Paid,Shipping Out,Shipping Out,409.39,0,0
Display Technologies,INV-0303,2019-08-05,2019,,1,Meridian America Inc.,Meridian America Inc.,Paid,Shipping Out,Shipping Out,409.39,0,0
Display Technologies,INV-0303,2019-08-05,2019,,1,Meridian America Inc.,Meridian America Inc.,Paid,Shipping Out,Shipping Out,310.39,0,0
Display Technologies,1191,2019-08-05,2019,,1,Meridian America Inc.,Meridian America Inc.,Paid,Sales - Non Motorised On Wall Screens,Non Motorised On Wall Screens,100.0,1,0
Display Technologies,1191,2019-08-05,2019,,1,Meridian America Inc.,Meridian America Inc.,Paid,Sales - Non Motorised On Wall Screens,Non Motorised On Wall Screens,100.0,1,0
Display Technologies,1192,2019-08-05,2019,DT-FRNT-360,1,Genesis Home Technologies SL,Genesis Home Technologies SL,Paid,Sales - Non Motorised On Wall Screens,Non Motorised On Wall Screens,1018.4,1,0
Display Technologies,1193,2019-08-07,2019,DT-VMM-UP,1,Genesis Home Technologies SL,Genesis Home Technologies SL,Paid,Sales - Non Motorised Mount Solutions,Non Motorised Mount Solutions,780.0,1,0
Display Technologies,1194,2019-08-07,2019,DT-FRNT-450,1,Apex Tech Scotland Ltd,Apex Tech Scotland Ltd,Paid,Sales - Non Motorised On Wall Screens,Non Motorised On Wall Screens,1716.0,1,1
Display Technologies,1195,2019-08-07,2019,DT-DYN-2S-AM-240,1,Apex Tech Scotland Ltd,Apex Tech Scotland Ltd,Paid,Sales - Motorised On Wall Screens,Motorised On Wall Screens,4680.0,1,1
Display Technologies,1196,2019-08-07,2019,DT-FRNT-270,1,Apex Tech Scotland Ltd,Apex Tech Scotland Ltd,Paid,Sales - Non Motorised On Wall Screens,Non Motorised On Wall Screens,819.0,1,1
Display Technologies,1197,2019-08-07,2019,,1,Deco 2000 Co. Ltd.,Deco 2000 Co. Ltd.,Paid,Sales - Non Motorised On Wall Screens,Non Motorised On Wall Screens,100.0,1,0
Display Technologies,1197,2019-08-07,2019,,1,Deco 2000 Co. Ltd.,Deco 2000 Co. Ltd.,Paid,Sales - Non Motorised On Wall Screens,Non Motorised On Wall Screens,100.0,1,0
Display Technologies,1197,2019-08-07,2019,,1,Deco 2000 Co. Ltd.,Deco 2000 Co. Ltd.,Paid,Sales - Non Motorised On Wall Screens,Non Motorised On Wall Screens,100.0,1,0
Display Technologies,1176,2019-08-08,2019,DT-VMM-DWN,1,Meridian America Inc.,Meridian America Inc.,Paid,Sales - Non Motorised Mount Solutions,Non Motorised Mount Solutions,975.0,1,0
Display Technologies,INV-0330,2019-08-09,2019,,1,Meridian America Inc.,Meridian America Inc.,Paid,Sales - Non Motorised On Wall Screens,Non Motorised On Wall Screens,100.0,1,0
Display Technologies,1198,2019-08-13,2019,DT-PHG-2,1,Meridian America Inc.,Meridian America Inc.,Paid,Sales - Port Hole Glass,Port Hole Glass,1170.0,1,0
Display Technologies,1198,2019-08-13,2019,DT-DYN-2S-510,1,Meridian America Inc.,Meridian America Inc.,Paid,Sales - Motorised On Wall Screens,Motorised On Wall Screens,7800.0,1,0
Display Technologies,1198,2019-08-13,2019,,1,Meridian America Inc.,Meridian America Inc.,Paid,Sales - Non Motorised Mount Solutions,Non Motorised Mount Solutions,975.0,1,0
Display Technologies,1200,2019-08-15,2019,DT-MMD,1,Meridian Audio Ltd,Meridian Audio Ltd,Paid,Sales - Motorised Mount Solutions,Motorised Mount Solutions,2418.0,1,0
Display Technologies,1201,2019-08-16,2019,DT-DYN-2TB-270,1,Meridian Audio Ltd,Meridian Audio Ltd,Paid,Sales - Motorised On Wall Screens,Motorised On Wall Screens,3510.0,1,0
Display Technologies,INV-0306,2019-08-20,2019,,0,Meridian America Inc.,Meridian America Inc.,Paid,,,0.0,1,0
Display Technologies,INV-0306,2019-08-20,2019,,1,Meridian America Inc.,Meridian America Inc.,Paid,Shipping Out,Shipping Out,219.99,0,0
Display Technologies,INV-0306,2019-08-20,2019,,1,Meridian America Inc.,Meridian America Inc.,Paid,Shipping Out,Shipping Out,140.42,0,0
Display Technologies,INV-0306,2019-08-20,2019,,1,Meridian America Inc.,Meridian America Inc.,Paid,Shipping Out,Shipping Out,140.42,0,0
Display Technologies,1202,2019-08-22,2019,DT-DYN-2S-450,1,Wavetrain Cinemas PTY Ltd,Wavetrain Cinemas PTY Ltd,Paid,Sales - Motorised On Wall Screens,Motorised On Wall Screens,6240.0,1,0
Display Technologies,1202,2019-08-22,2019,DT-PHG-2,1,Wavetrain Cinemas PTY Ltd,Wavetrain Cinemas PTY Ltd,Paid,Sales - Port Hole Glass,Port Hole Glass,1170.0,1,0
Display Technologies,1203,2019-08-26,2019,DT-ACM,1,Meridian America Inc.,Meridian America Inc.,Paid,Sales - Non Motorised Mount Solutions,Non Motorised Mount Solutions,585.0,1,0
Display Technologies,1204,2019-08-31,2019,DT-MMD,1,Meridian America Inc.,Meridian America Inc.,Paid,Sales - Motorised Mount Solutions,Motorised Mount Solutions,2176.2,1,0
Display Technologies,1205,2019-08-31,2019,DT-FRNT-360,1,Meridian America Inc.,Meridian America Inc.,Paid,Sales - Non Motorised On Wall Screens,Non Motorised On Wall Screens,1248.0,1,0
Display Technologies,1207,2019-09-03,2019,DT-FRNT-600,6,Special Elektronik,Special Elektronik,Paid,Sales - Non Motorised On Wall Screens,Non Motorised On Wall Screens,22698.0,1,0
Display Technologies,INV-0307,2019-09-04,2019,DT-SHIP,1,Apex Tech Scotland Ltd,Apex Tech Scotland Ltd,Paid,Freight Costs - Outward,Freight Costs - Outward,75.0,0,1
Display Technologies,1206,2019-09-04,2019,DT-DYN-2TB-XL-570,1,GR Media Solutions,GR Media Solutions,Paid,Sales - Motorised On Wall Screens,Motorised On Wall Screens,12675.0,1,0
Display Technologies,1206,2019-09-04,2019,,0,GR Media Solutions,GR Media Solutions,Paid,,,0.0,1,0
Display Technologies,1208,2019-09-05,2019,DT-DYN-2S-AM-360,1,Meridian Audio Ltd,Meridian Audio Ltd,Paid,Sales - Motorised On Wall Screens,Motorised On Wall Screens,7215.0,1,0
Display Technologies,1209,2019-09-05,2019,DT-FRNT-690,1,Sphere Custom Design,Sphere Custom Design,Paid,Sales - Non Motorised On Wall Screens,Non Motorised On Wall Screens,5538.0,1,0
Display Technologies,1210,2019-09-05,2019,DT-FRNT-420,1,Sphere Custom Design,Sphere Custom Design,Paid,Sales - Non Motorised On Wall Screens,Non Motorised On Wall Screens,1560.0,1,0
Display Technologies,1211,2019-09-05,2019,DT-DYN-AM-240,1,Genesis Technologies AG (Deutschland).,Genesis Technologies AG (Deutschland).,Paid,Sales - Motorised On Wall Screens,Motorised On Wall Screens,1852.5,1,0
Display Technologies,1211,2019-09-05,2019,,1,Genesis Technologies AG (Deutschland).,Genesis Technologies AG (Deutschland).,Paid,Sales - Non Motorised On Wall Screens,Non Motorised On Wall Screens,100.0,1,0
Display Technologies,,2019-09-05,2019,,1,Meridian America Inc.,Meridian America Inc.,Paid,Accounts Receivable,Accounts Receivable,-423.24,0,0
Display Technologies,INV-0308,2019-09-10,2019,,0,Meridian America Inc.,Meridian America Inc.,Paid,,,0.0,1,0
Display Technologies,INV-0308,2019-09-10,2019,,1,Meridian America Inc.,Meridian America Inc.,Paid,Shipping Out,Shipping Out,385.39,0,0
Display Technologies,INV-0309,2019-09-10,2019,,1,Meridian America Inc.,Meridian America Inc.,Paid,Sales - Image Surfaces,Image Surfaces,148.2,1,0
Display Technologies,INV-0308,2019-09-10,2019,,1,Meridian America Inc.,Meridian America Inc.,Paid,Shipping Out,Shipping Out,1008.91,0,0
Display Technologies,INV-0308,2019-09-10,2019,,1,Meridian America Inc.,Meridian America Inc.,Paid,Shipping Out,Shipping Out,361.39,0,0
Display Technologies,1212,2019-09-11,2019,DT-VMM-RE-UP,1,Meridian Audio Ltd,Meridian Audio Ltd,Paid,Sales - Non Motorised Mount Solutions,Non Motorised Mount Solutions,975.0,1,0
Display Technologies,1213,2019-09-11,2019,DT-FRNT-330,1,Meridian Audio Ltd,Meridian Audio Ltd,Paid,Sales - Non Motorised On Wall Screens,Non Motorised On Wall Screens,1092.0,1,0
Display Technologies,INV-0310,2019-09-12,2019,,1,Meridian America Inc.,Meridian America Inc.,Paid,Sales - Image Surfaces,Image Surfaces,156.0,1,0
Display Technologies,INV-0310,2019-09-12,2019,,1,Meridian America Inc.,Meridian America Inc.,Paid,Shipping Out,Shipping Out,81.0,0,0
Display Technologies,1214,2019-09-15,2019,DT-FRNT-270,1,Deco 2000 Co. Ltd.,Deco 2000 Co. Ltd.,Paid,Sales - Non Motorised On Wall Screens,Non Motorised On Wall Screens,819.0,1,0
Display Technologies,INV-0311,2019-09-17,2019,DT-CNTP-270,1,Clarity AV Pte Ltd,Clarity AV Pte Ltd,Paid,Sales - Non Motorised On Wall Screens,Non Motorised On Wall Screens,741.0,1,0
Display Technologies,1215,2019-09-17,2019,DT-FRNT-300,1,Meridian America Inc.,Meridian America Inc.,Paid,Sales - Non Motorised On Wall Screens,Non Motorised On Wall Screens,748.8,1,0
Display Technologies,1218,2019-09-19,2019,DT-FRNT-240,1,Meridian Audio Ltd,Meridian Audio Ltd,Paid,Sales - Non Motorised On Wall Screens,Non Motorised On Wall Screens,666.9,1,0
Display Technologies,1217,2019-09-19,2019,DT-PHG-1,1,Building Automation Products Norway AS,Building Automation Products Norway AS,Paid,Sales - Port Hole Glass,Port Hole Glass,975.0,1,0
Display Technologies,INV-0312,2019-09-20,2019,,1,Clarity AV Pte Ltd,Clarity AV Pte Ltd,Paid,Shipping Out,Shipping Out,365.0,0,0
Display Technologies,1221,2019-09-23,2019,DT-FRNT-270,1,Meridian America Inc.,Meridian America Inc.,Paid,Sales - Non Motorised On Wall Screens,Non Motorised On Wall Screens,819.0,1,0
Display Technologies,INV-0313,2019-09-24,2019,,2,CCI Intertrade Pvt Ltd,CCI Intertrade Pvt Ltd,Approved,Sales - Motorised On Wall Screens,Motorised On Wall Screens,100.0,1,0
Display Technologies,CN-0314,2019-09-26,2019,,1,Display Technologies Ltd,Display Technologies Ltd,Approved,Cost of Sales - Accessories,Cost of Sales - Accessories,-35.1,0,1
Display Technologies,INV-0315,2019-09-26,2019,,1,Apex Tech Scotland Ltd,Apex Tech Scotland Ltd,Paid,Shipping Out,Shipping Out,620.0,0,1
Display Technologies,1220,2019-09-27,2019,DT-DYN-4-XL-450,1,Meridian America Inc.,Meridian America Inc.,Paid,Sales - Motorised On Wall Screens,Motorised On Wall Screens,8970.0,1,0
Display Technologies,INV-0316,2019-09-30,2019,,1,Meridian America Inc.,Meridian America Inc.,Paid,Sales - Image Surfaces,Image Surfaces,187.2,1,0
Display Technologies,INV-0316,2019-09-30,2019,,0,Meridian America Inc.,Meridian America Inc.,Paid,,,0.0,1,0
Display Technologies,INV-0316,2019-09-30,2019,,1,Meridian America Inc.,Meridian America Inc.,Paid,Shipping Out,Shipping Out,110.29,0,0
Display Technologies,1222,2019-09-30,2019,DT-DYN-2S-AM-330,1,Genesis Home Technologies SL,Genesis Home Technologies SL,Paid,Sales - Motorised On Wall Screens,Motorised On Wall Screens,6630.0,1,0
Display Technologies,INV-0317,2019-09-30,2019,,1,"HomeTronics, Inc","HomeTronics, Inc",Paid,Sales - Non Motorised On Wall Screens,Non Motorised On Wall Screens,6000.0,1,0
Display Technologies,INV-0317,2019-09-30,2019,,1,"HomeTronics, Inc","HomeTronics, Inc",Paid,Freight Costs - Outward,Freight Costs - Outward,410.0,0,0
Display Technologies,1223,2019-09-30,2019,DT-FRNT-300,1,Apex Tech Scotland Ltd,Apex Tech Scotland Ltd,Paid,Sales - Non Motorised On Wall Screens,Non Motorised On Wall Screens,936.0,1,1
Display Technologies,1224,2019-09-30,2019,DT-ACM,1,Meridian America Inc.,Meridian America Inc.,Paid,Sales - Non Motorised Mount Solutions,Non Motorised Mount Solutions,585.0,1,0
Display Technologies,1225,2019-10-01,2019,DT-VMM-UP,1,Meridian Audio Ltd,Meridian Audio Ltd,Paid,Sales - Non Motorised Mount Solutions,Non Motorised Mount Solutions,975.0,1,0
Display Technologies,INV-0318,2019-10-03,2019,DT-SHIP,1,Meridian Audio Ltd,Meridian Audio Ltd,Paid,Freight Costs - Outward,Freight Costs - Outward,75.0,0,0
Display Technologies,INV-0318,2019-10-03,2019,DT-SHIP,1,Meridian Audio Ltd,Meridian Audio Ltd,Paid,Freight Costs - Outward,Freight Costs - Outward,75.0,0,0
Display Technologies,INV-0318,2019-10-03,2019,DT-SHIP,1,Meridian Audio Ltd,Meridian Audio Ltd,Paid,Freight Costs - Outward,Freight Costs - Outward,75.0,0,0
Display Technologies,INV-0318,2019-10-03,2019,,1,Meridian Audio Ltd,Meridian Audio Ltd,Paid,Freight Costs - Outward,Freight Costs - Outward,201.0,0,0
Display Technologies,INV-0318,2019-10-03,2019,,1,Meridian Audio Ltd,Meridian Audio Ltd,Paid,Freight Costs - Outward,Freight Costs - Outward,696.0,0,0
Display Technologies,INV-0319,2019-10-04,2019,,0,Meridian America Inc.,Meridian America Inc.,Paid,,,0.0,1,0
Display Technologies,INV-0319,2019-10-04,2019,,1,Meridian America Inc.,Meridian America Inc.,Paid,Shipping Out,Shipping Out,185.42,0,0
Display Technologies,INV-0319,2019-10-04,2019,,1,Meridian America Inc.,Meridian America Inc.,Paid,Shipping Out,Shipping Out,447.95,0,0
Display Technologies,INV-0319,2019-10-04,2019,,1,Meridian America Inc.,Meridian America Inc.,Paid,Shipping Out,Shipping Out,361.36,0,0
Display Technologies,1226,2019-10-07,2019,DT-PHG-1,1,Deco 2000 Co. Ltd.,Deco 2000 Co. Ltd.,Paid,Sales - Port Hole Glass,Port Hole Glass,975.0,1,0
Display Technologies,CN-0320,2019-10-08,2019,DT-ACM,1,Meridian America Inc.,Meridian America Inc.,Paid,Sales - Non Motorised Mount Solutions,Non Motorised Mount Solutions,-585.0,1,0
Display Technologies,1228,2019-10-10,2019,DT-FRNT-390,1,Meridian America Inc.,Meridian America Inc.,Paid,Sales - Non Motorised On Wall Screens,Non Motorised On Wall Screens,1263.6,1,0
Display Technologies,1227,2019-10-10,2019,DT-FRNT-300,1,Meridian America Inc.,Meridian America Inc.,Paid,Sales - Non Motorised On Wall Screens,Non Motorised On Wall Screens,748.8,1,0
Display Technologies,1227,2019-10-10,2019,,1,Meridian America Inc.,Meridian America Inc.,Paid,Sales - Non Motorised On Wall Screens,Non Motorised On Wall Screens,150.0,1,0
Display Technologies,1229,2019-10-11,2019,DT-DYN-2TB-420,1,Meridian America Inc.,Meridian America Inc.,Paid,Sales - Motorised On Wall Screens,Motorised On Wall Screens,5460.0,1,0
Display Technologies,1230,2019-10-14,2019,DT-DYN-2S-AM-360,1,Apex Tech Scotland Ltd,Apex Tech Scotland Ltd,Paid,Sales - Motorised On Wall Screens,Motorised On Wall Screens,7215.0,1,1
Display Technologies,INV-0321,2019-10-14,2019,,1,Apex Tech Scotland Ltd,Apex Tech Scotland Ltd,Paid,Sales - Image Surfaces,Image Surfaces,343.0,1,1
Display Technologies,INV-0321,2019-10-14,2019,,1,Apex Tech Scotland Ltd,Apex Tech Scotland Ltd,Paid,Shipping Out,Shipping Out,30.0,0,1
Display Technologies,CN-0322,2019-10-15,2019,DT-DYN-2TB-420,1,Meridian America Inc.,Meridian America Inc.,Paid,Sales - Motorised On Wall Screens,Motorised On Wall Screens,-5460.0,1,0
Display Technologies,CN-0322,2019-10-15,2019,DT-DYN-2TB-390,1,Meridian America Inc.,Meridian America Inc.,Paid,Sales - Motorised On Wall Screens,Motorised On Wall Screens,5070.0,1,0
Display Technologies,1231,2019-10-15,2019,DT-FRNT-450,1,Meridian Audio Ltd,Meridian Audio Ltd,Paid,Sales - Non Motorised On Wall Screens,Non Motorised On Wall Screens,1716.0,1,0
Display Technologies,INV-0323,2019-10-15,2019,DT-MMD,1,Datanet IT,Datanet IT,Paid,Sales - Motorised Mount Solutions,Motorised Mount Solutions,3720.0,1,0
Display Technologies,INV-0323,2019-10-15,2019,,1,Datanet IT,Datanet IT,Paid,Sales - Motorised Mount Solutions,Motorised Mount Solutions,930.0,1,0
Display Technologies,1232,2019-10-15,2019,DT-CNTP-330,1,Meridian America Inc.,Meridian America Inc.,Paid,Sales - Non Motorised On Wall Screens,Non Motorised On Wall Screens,1014.0,1,0
Display Technologies,1233,2019-10-16,2019,DT-FRNT-330,1,Apex Tech Scotland Ltd,Apex Tech Scotland Ltd,Paid,Sales - Non Motorised On Wall Screens,Non Motorised On Wall Screens,1092.0,1,1
Display Technologies,1234,2019-10-17,2019,DT-FRNT-270,1,Deco 2000 Co. Ltd.,Deco 2000 Co. Ltd.,Paid,Sales - Non Motorised On Wall Screens,Non Motorised On Wall Screens,819.0,1,0
Display Technologies,1234,2019-10-17,2019,,1,Deco 2000 Co. Ltd.,Deco 2000 Co. Ltd.,Paid,Sales - Image Surfaces,Image Surfaces,218.4,1,0
Display Technologies,INV-0324,2019-10-18,2019,DT-SHIP,1,Apex Tech Scotland Ltd,Apex Tech Scotland Ltd,Paid,Freight Costs - Outward,Freight Costs - Outward,75.0,0,1
Display Technologies,INV-0324,2019-10-18,2019,DT-SHIP,1,Apex Tech Scotland Ltd,Apex Tech Scotland Ltd,Paid,Freight Costs - Outward,Freight Costs - Outward,75.0,0,1
Display Technologies,INV-0325,2019-10-21,2019,DT-FRNT-690,1,Sphere Custom Design,Sphere Custom Design,Paid,Sales - Non Motorised On Wall Screens,Non Motorised On Wall Screens,1384.5,1,0
Display Technologies,1235,2019-10-21,2019,DT-CNTP-330,1,Apex Tech Scotland Ltd,Apex Tech Scotland Ltd,Paid,Sales - Non Motorised On Wall Screens,Non Motorised On Wall Screens,1014.0,1,1
Display Technologies,1235,2019-10-21,2019,DT-CNTP-330,1,Apex Tech Scotland Ltd,Apex Tech Scotland Ltd,Paid,Sales - Non Motorised On Wall Screens,Non Motorised On Wall Screens,253.5,1,1
Display Technologies,1235,2019-10-21,2019,DT-SHIP,1,Apex Tech Scotland Ltd,Apex Tech Scotland Ltd,Paid,Shipping Out,Shipping Out,75.0,0,1
Display Technologies,INV-0326,2019-10-22,2019,DT-SHIP,1,Meridian Audio Ltd,Meridian Audio Ltd,Paid,Freight Costs - Outward,Freight Costs - Outward,75.0,0,0
Display Technologies,INV-0327,2019-10-23,2019,,7.78,Wisdom Audio Europe B.V,Wisdom Audio Europe B.V,Paid,Other Revenue,Other Revenue,622.4,0,0
Display Technologies,INV-0327,2019-10-23,2019,DT-SHIP,1,Wisdom Audio Europe B.V,Wisdom Audio Europe B.V,Paid,Shipping Out,Shipping Out,75.0,0,0
Display Technologies,1236,2019-10-25,2019,DT-MMD,1,Sphere Custom Design,Sphere Custom Design,Paid,Sales - Motorised Mount Solutions,Motorised Mount Solutions,2418.0,1,0
Display Technologies,1237,2019-10-25,2019,DT-CNTP-330,1,Sphere Custom Design,Sphere Custom Design,Paid,Sales - Non Motorised On Wall Screens,Non Motorised On Wall Screens,1014.0,1,0
Display Technologies,1238,2019-10-25,2019,,1,Meridian America Inc.,Meridian America Inc.,Paid,Sales - Non Motorised On Wall Screens,Non Motorised On Wall Screens,100.0,1,0
Display Technologies,1239,2019-10-28,2019,DT-PHG-1,1,Hausba Smarthomes,Hausba Smarthomes,Paid,Sales - Port Hole Glass,Port Hole Glass,975.0,1,0
Display Technologies,1240,2019-10-29,2019,DT-VMM-UP,1,Meridian America Inc.,Meridian America Inc.,Paid,Sales - Non Motorised Mount Solutions,Non Motorised Mount Solutions,975.0,1,0
Display Technologies,1240,2019-10-29,2019,DT-PHG-2,1,Meridian America Inc.,Meridian America Inc.,Paid,Sales - Port Hole Glass,Port Hole Glass,1170.0,1,0
Display Technologies,1241,2019-10-29,2019,DT-FRNT-360,1,Meridian America Inc.,Meridian America Inc.,Paid,Sales - Non Motorised On Wall Screens,Non Motorised On Wall Screens,1248.0,1,0
Display Technologies,1242,2019-10-29,2019,DT-VMM-RE-DWN,1,Meridian America Inc.,Meridian America Inc.,Paid,Sales - Non Motorised Mount Solutions,Non Motorised Mount Solutions,975.0,1,0
Display Technologies,1242,2019-10-29,2019,DT-PHG-2,1,Meridian America Inc.,Meridian America Inc.,Paid,Sales - Port Hole Glass,Port Hole Glass,1830.4,1,0
Display Technologies,1243,2019-10-29,2019,DT-CNTP-270,1,Prime Solutions LLC,Prime Solutions LLC,Paid,Sales - Non Motorised On Wall Screens,Non Motorised On Wall Screens,741.0,1,0
Display Technologies,1244,2019-10-29,2019,DT-FRNT-270,1,Prime Solutions LLC,Prime Solutions LLC,Paid,Sales - Non Motorised On Wall Screens,Non Motorised On Wall Screens,819.0,1,0
Display Technologies,INV-0329,2019-10-29,2019,,1,Meridian America Inc.,Meridian America Inc.,Paid,Shipping Out,Shipping Out,361.39,0,0
Display Technologies,INV-0328,2019-10-29,2019,DT-SHIP,3,Meridian Audio Ltd,Meridian Audio Ltd,Paid,Shipping Out,Shipping Out,225.0,0,0
Display Technologies,INV-0329,2019-10-29,2019,,0,Meridian America Inc.,Meridian America Inc.,Paid,,,0.0,1,0
Display Technologies,INV-0329,2019-10-29,2019,,1,Meridian America Inc.,Meridian America Inc.,Paid,Shipping Out,Shipping Out,385.39,0,0
Display Technologies,1245,2019-11-04,2019,DT-PHG-1,1,Meridian Audio Ltd,Meridian Audio Ltd,Paid,Sales - Port Hole Glass,Port Hole Glass,975.0,1,0
Display Technologies,1246,2019-11-05,2019,DT-FRNT-360,1,Deco 2000 Co. Ltd.,Deco 2000 Co. Ltd.,Paid,Sales - Non Motorised On Wall Screens,Non Motorised On Wall Screens,1248.0,1,0
Display Technologies,1247,2019-11-05,2019,DT-DYN-2TB-XL-540,1,Meridian America Inc.,Meridian America Inc.,Paid,Sales - Motorised On Wall Screens,Motorised On Wall Screens,9360.0,1,0
Display Technologies,1248,2019-11-06,2019,DT-DYN-4-AM-XL-450,1,Meridian America Inc.,Meridian America Inc.,Paid,Sales - Motorised On Wall Screens,Motorised On Wall Screens,11056.5,1,0
Display Technologies,INV-0331,2019-11-07,2019,,0,Meridian America Inc.,Meridian America Inc.,Paid,,,0.0,1,0
Display Technologies,INV-0331,2019-11-07,2019,,1,Meridian America Inc.,Meridian America Inc.,Paid,Shipping Out,Shipping Out,385.39,0,0
Display Technologies,INV-0331,2019-11-07,2019,,1,Meridian America Inc.,Meridian America Inc.,Paid,Shipping Out,Shipping Out,140.42,0,0
Display Technologies,INV-0331,2019-11-07,2019,,1,Meridian America Inc.,Meridian America Inc.,Paid,Shipping Out,Shipping Out,130.13,0,0
Display Technologies,1249,2019-11-11,2019,DT-FRNT-270,1,Meridian Audio Ltd,Meridian Audio Ltd,Paid,Sales - Non Motorised On Wall Screens,Non Motorised On Wall Screens,327.6,1,0
Display Technologies,1250,2019-11-11,2019,DT-MMD,1,Meridian America Inc.,Meridian America Inc.,Paid,Sales - Motorised Mount Solutions,Motorised Mount Solutions,2418.0,1,0
Display Technologies,INV-0332,2019-11-12,2019,,1,Genesis Home Technologies SL,Genesis Home Technologies SL,Paid,Sales - Motorised On Wall Screens,Motorised On Wall Screens,600.0,1,0
Display Technologies,INV-0332,2019-11-12,2019,DT-SHIP,1,Genesis Home Technologies SL,Genesis Home Technologies SL,Paid,Freight Costs - Outward,Freight Costs - Outward,75.0,0,0
Display Technologies,INV-0332,2019-11-12,2019,,0,Genesis Home Technologies SL,Genesis Home Technologies SL,Paid,,,0.0,1,0
Display Technologies,1251,2019-11-12,2019,,1,Meridian America Inc.,Meridian America Inc.,Paid,Sales - Non Motorised On Wall Screens,Non Motorised On Wall Screens,100.0,1,0
Display Technologies,1252,2019-11-12,2019,DT-PHG-2,1,Meridian America Inc.,Meridian America Inc.,Paid,Sales - Port Hole Glass,Port Hole Glass,1170.0,1,0
Display Technologies,INV-0333,2019-11-14,2019,,0,Meridian America Inc.,Meridian America Inc.,Paid,,,0.0,1,0
Display Technologies,INV-0333,2019-11-14,2019,,1,Meridian America Inc.,Meridian America Inc.,Paid,Shipping Out,Shipping Out,236.55,0,0
Display Technologies,INV-0333,2019-11-14,2019,,1,Meridian America Inc.,Meridian America Inc.,Paid,Shipping Out,Shipping Out,268.5,0,0
Display Technologies,INV-0334,2019-11-19,2019,,0,Meridian Audio Ltd,Meridian Audio Ltd,Paid,,,0.0,1,0
Display Technologies,INV-0334,2019-11-19,2019,DT-SHIP,1,Meridian Audio Ltd,Meridian Audio Ltd,Paid,Freight Costs - Outward,Freight Costs - Outward,75.0,0,0
Display Technologies,INV-0334,2019-11-19,2019,DT-SHIP,1,Meridian Audio Ltd,Meridian Audio Ltd,Paid,Freight Costs - Outward,Freight Costs - Outward,75.0,0,0
Display Technologies,1253,2019-11-20,2019,DT-M-2,4,Meridian America Inc.,Meridian America Inc.,Paid,Sales - Mistral,Mistral,2496.0,1,0
Display Technologies,1253,2019-11-20,2019,DT-M-C,2,Meridian America Inc.,Meridian America Inc.,Paid,Sales - Mistral,Mistral,741.0,1,0
Display Technologies,1253,2019-11-20,2019,DT-VMM-DWN,2,Meridian America Inc.,Meridian America Inc.,Paid,Sales - Non Motorised Mount Solutions,Non Motorised Mount Solutions,1950.0,1,0
Display Technologies,1254,2019-11-22,2019,DT-FRNT-270,1,Genesis Home Technologies SL,Genesis Home Technologies SL,Paid,Sales - Non Motorised On Wall Screens,Non Motorised On Wall Screens,819.0,1,0
Display Technologies,1254,2019-11-22,2019,DT-ACM,1,Genesis Home Technologies SL,Genesis Home Technologies SL,Paid,Sales - Non Motorised Mount Solutions,Non Motorised Mount Solutions,585.0,1,0
Display Technologies,1257,2019-11-25,2019,DT-DYN-2S-390,1,Apex Tech Scotland Ltd,Apex Tech Scotland Ltd,Paid,Sales - Motorised On Wall Screens,Motorised On Wall Screens,5070.0,1,1
Display Technologies,1257,2019-11-25,2019,DT-VMM-RE-UP,1,Apex Tech Scotland Ltd,Apex Tech Scotland Ltd,Paid,Sales - Non Motorised Mount Solutions,Non Motorised Mount Solutions,975.0,1,1
Display Technologies,1257,2019-11-25,2019,DT-PHG-2,1,Apex Tech Scotland Ltd,Apex Tech Scotland Ltd,Paid,Sales - Port Hole Glass,Port Hole Glass,1170.0,1,1
Display Technologies,1256,2019-11-25,2019,DT-FRNT-300,1,Apex Tech Scotland Ltd,Apex Tech Scotland Ltd,Paid,Sales - Non Motorised On Wall Screens,Non Motorised On Wall Screens,936.0,1,1
Display Technologies,1255,2019-11-25,2019,DT-FRNT-300,1,Apex Tech Scotland Ltd,Apex Tech Scotland Ltd,Paid,Sales - Non Motorised On Wall Screens,Non Motorised On Wall Screens,936.0,1,1
Display Technologies,1258,2019-11-27,2019,,5,Zene Private Theater,Zene Private Theater,Paid,Sales - Image Surfaces,Image Surfaces,2808.0,1,0
Display Technologies,1258,2019-11-27,2019,,1,Zene Private Theater,Zene Private Theater,Paid,Sales - Image Surfaces,Image Surfaces,561.6,1,0
Display Technologies,1258,2019-11-27,2019,,0,Zene Private Theater,Zene Private Theater,Paid,,,0.0,1,0
Display Technologies,1259,2019-11-27,2019,DT-FRNT-420,1,Zene Private Theater,Zene Private Theater,Paid,Sales - Non Motorised On Wall Screens,Non Motorised On Wall Screens,1560.0,1,0
Display Technologies,1262,2019-11-28,2019,DT-FRNT-360,1,Deco 2000 Co. Ltd.,Deco 2000 Co. Ltd.,Paid,Sales - Non Motorised On Wall Screens,Non Motorised On Wall Screens,1248.0,1,0
Display Technologies,1261,2019-11-28,2019,DT-VMM-UP,1,Meridian America Inc.,Meridian America Inc.,Paid,Sales - Non Motorised Mount Solutions,Non Motorised Mount Solutions,975.0,1,0
Display Technologies,1260,2019-11-28,2019,DT-FRNT-300,1,Genesis Home Technologies SL,Genesis Home Technologies SL,Paid,Sales - Non Motorised On Wall Screens,Non Motorised On Wall Screens,936.0,1,0
Display Technologies,1263,2019-12-03,2019,DT-CNTP-240,1,AV Consult,AV Consult,Paid,Sales - Non Motorised On Wall Screens,Non Motorised On Wall Screens,1020.0,1,0
Display Technologies,1263,2019-12-03,2019,DT-SHIP,1,AV Consult,AV Consult,Paid,Freight Costs - Outward,Freight Costs - Outward,150.0,0,0
Display Technologies,1264,2019-12-05,2019,DT-SST-R-390,1,Meridian America Inc.,Meridian America Inc.,Paid,Sales - Bespoke Solutions,Bespoke Solutions,16146.0,1,0
Display Technologies,1264,2019-12-05,2019,,0,Meridian America Inc.,Meridian America Inc.,Paid,,,0.0,1,0
Display Technologies,1265,2019-12-05,2019,DT-PHG-1,1,Meridian America Inc.,Meridian America Inc.,Paid,Sales - Port Hole Glass,Port Hole Glass,975.0,1,0
Display Technologies,INV-0335,2019-12-05,2019,,1,Meridian America Inc.,Meridian America Inc.,Paid,Shipping Out,Shipping Out,411.79,0,0
Display Technologies,INV-0335,2019-12-05,2019,,1,Meridian America Inc.,Meridian America Inc.,Paid,Shipping Out,Shipping Out,985.99,0,0
Display Technologies,1266,2019-12-05,2019,DT-VMM-DWN,1,Meridian America Inc.,Meridian America Inc.,Paid,Sales - Non Motorised Mount Solutions,Non Motorised Mount Solutions,975.0,1,0
Display Technologies,1267,2019-12-11,2019,DT-FRNT-270,1,Genesis Home Technologies SL,Genesis Home Technologies SL,Paid,Sales - Non Motorised On Wall Screens,Non Motorised On Wall Screens,819.0,1,0
Display Technologies,1268,2019-12-17,2019,DT-FRNT-510,1,Apex Tech Scotland Ltd,Apex Tech Scotland Ltd,Paid,Sales - Non Motorised On Wall Screens,Non Motorised On Wall Screens,2262.0,1,1
Display Technologies,INV-0336,2019-12-17,2019,,1,Datanet IT,Datanet IT,Paid,Shipping Out,Shipping Out,2349.46,0,0
Display Technologies,1268,2019-12-17,2019,DT-SHIP,1,Apex Tech Scotland Ltd,Apex Tech Scotland Ltd,Paid,Freight Costs - Outward,Freight Costs - Outward,75.0,0,1
Display Technologies,INV-0337,2019-12-18,2019,,1,AV Nirvana India,AV Nirvana India,Paid,Sales - Other Screens,Other Screens,2020.0,1,0
Display Technologies,1269,2019-12-18,2019,DT-DYN-2S-360,1,Meridian America Inc.,Meridian America Inc.,Paid,Sales - Motorised On Wall Screens,Motorised On Wall Screens,4680.0,1,0
Display Technologies,1270,2019-12-20,2019,DT-DYN-4-390,1,AV Nirvana India,AV Nirvana India,Paid,Sales - Motorised On Wall Screens,Motorised On Wall Screens,5000.0,1,0
Display Technologies,1271,2019-12-20,2019,DT-ACM,1,CCI Intertrade Pvt Ltd,CCI Intertrade Pvt Ltd,Paid,Sales - Non Motorised Mount Solutions,Non Motorised Mount Solutions,585.0,1,0
Display Technologies,1274,2019-12-30,2019,DT-FRNT-390,1,Apex Tech Scotland Ltd,Apex Tech Scotland Ltd,Paid,Sales - Non Motorised On Wall Screens,Non Motorised On Wall Screens,1404.0,1,1
Display Technologies,1274,2019-12-30,2019,,0,Apex Tech Scotland Ltd,Apex Tech Scotland Ltd,Paid,,,0.0,1,1
Display Technologies,1273,2019-12-30,2019,DT-PHG-1,1,Apex Tech Scotland Ltd,Apex Tech Scotland Ltd,Paid,Sales - Port Hole Glass,Port Hole Glass,975.0,1,1
Display Technologies,1273,2019-12-30,2019,DT-SHIP,1,Apex Tech Scotland Ltd,Apex Tech Scotland Ltd,Paid,Freight Costs - Outward,Freight Costs - Outward,75.0,0,1
Display Technologies,1274,2019-12-30,2019,DT-SHIP,1,Apex Tech Scotland Ltd,Apex Tech Scotland Ltd,Paid,Freight Costs - Outward,Freight Costs - Outward,75.0,0,1
Display Technologies,1275,2019-12-30,2019,DT-DYN-2S-420,1,Apex Tech Scotland Ltd,Apex Tech Scotland Ltd,Paid,Sales - Motorised On Wall Screens,Motorised On Wall Screens,5460.0,1,1
Display Technologies,1275,2019-12-30,2019,DT-HB-S,1,Apex Tech Scotland Ltd,Apex Tech Scotland Ltd,Paid,Sales - Hush Boxes,Hush Boxes,1560.0,1,1
Display Technologies,1275,2019-12-30,2019,DT-HBO-VM,1,Apex Tech Scotland Ltd,Apex Tech Scotland Ltd,Paid,Sales - Hush Boxes,Hush Boxes,780.0,1,1
Display Technologies,1275,2019-12-30,2019,DT-M-C,1,Apex Tech Scotland Ltd,Apex Tech Scotland Ltd,Paid,Sales - Mistral,Mistral,370.5,1,1
Display Technologies,1275,2019-12-30,2019,,2,Apex Tech Scotland Ltd,Apex Tech Scotland Ltd,Paid,Sales - Mechanics,Mechanics,741.0,1,1
Display Technologies,1275,2019-12-30,2019,DT-SHIP,4,Apex Tech Scotland Ltd,Apex Tech Scotland Ltd,Paid,Freight Costs - Outward,Freight Costs - Outward,300.0,0,1
Display Technologies,1276,2020-01-02,2020,DT-HB-XL,1,AV Nirvana India,AV Nirvana India,Paid,Sales - Hush Boxes,Hush Boxes,2990.0,1,0
Display Technologies,1276,2020-01-02,2020,DT-M-C,1,AV Nirvana India,AV Nirvana India,Paid,,,0.0,1,0
Display Technologies,1276,2020-01-02,2020,,2,AV Nirvana India,AV Nirvana India,Paid,,,0.0,1,0
Display Technologies,1276,2020-01-02,2020,DT-PHG-1,1,AV Nirvana India,AV Nirvana India,Paid,Sales - Port Hole Glass,Port Hole Glass,1050.0,1,0
Display Technologies,1276,2020-01-02,2020,,0,AV Nirvana India,AV Nirvana India,Paid,,,0.0,1,0
Display Technologies,INV-0339,2020-01-02,2020,,1,AV Nirvana India,AV Nirvana India,Paid,Sales - Bespoke Solutions,Bespoke Solutions,2000.0,1,0
Display Technologies,INV-0340,2020-01-03,2020,,1,AV Nirvana India,AV Nirvana India,Paid,Sales - Bespoke Solutions,Bespoke Solutions,1350.5,1,0
Display Technologies,1272,2020-01-07,2020,,1,Jacobs Goossenaerts bvba,Jacobs Goossenaerts bvba,Paid,Sales - Non Motorised On Wall Screens,Non Motorised On Wall Screens,10014.66,1,0
Display Technologies,1272,2020-01-07,2020,,0,Jacobs Goossenaerts bvba,Jacobs Goossenaerts bvba,Paid,,,0.0,1,0
Display Technologies,1278,2020-01-07,2020,DT-VMM-UP,1,Genesis Technologies AG,Genesis Technologies AG,Paid,Sales - Non Motorised Mount Solutions,Non Motorised Mount Solutions,975.0,1,0
Display Technologies,1278,2020-01-07,2020,DT-PHG-2,1,Genesis Technologies AG,Genesis Technologies AG,Paid,Sales - Port Hole Glass,Port Hole Glass,1170.0,1,0
Display Technologies,1279,2020-01-07,2020,DT-PHG-1,1,Meridian America Inc.,Meridian America Inc.,Paid,Sales - Port Hole Glass,Port Hole Glass,975.0,1,0
Display Technologies,1279,2020-01-07,2020,DT-VMM-RE-UP,0,Meridian America Inc.,Meridian America Inc.,Paid,Sales - Non Motorised Mount Solutions,Non Motorised Mount Solutions,0.0,1,0
Display Technologies,INV-0341,2020-01-08,2020,,1,Apex Tech Scotland Ltd,Apex Tech Scotland Ltd,Paid,Other Revenue,Other Revenue,2334.0,0,1
Display Technologies,INV-0341,2020-01-08,2020,DT-SHIP,3,Apex Tech Scotland Ltd,Apex Tech Scotland Ltd,Paid,Freight Costs - Outward,Freight Costs - Outward,225.0,0,1
Display Technologies,INV-0342,2020-01-08,2020,,1,Apex Tech Scotland Ltd,Apex Tech Scotland Ltd,Paid,Other Revenue,Other Revenue,1054.35,0,1
Display Technologies,INV-0342,2020-01-08,2020,DT-SHIP,2,Apex Tech Scotland Ltd,Apex Tech Scotland Ltd,Paid,Freight Costs - Outward,Freight Costs - Outward,150.0,0,1
Display Technologies,1280,2020-01-13,2020,DT-DYN-2TB-300,1,GR Media Solutions,GR Media Solutions,Paid,Sales - Motorised On Wall Screens,Motorised On Wall Screens,3900.0,1,0
Display Technologies,1281,2020-01-13,2020,DT-DYN-2TB-AM-420,1,Meridian Audio Ltd,Meridian Audio Ltd,Paid,Sales - Motorised On Wall Screens,Motorised On Wall Screens,8385.0,1,0
Display Technologies,1281,2020-01-13,2020,DT-SHIP,1,Meridian Audio Ltd,Meridian Audio Ltd,Paid,Freight Costs - Outward,Freight Costs - Outward,225.0,0,0
Display Technologies,INV-0343,2020-01-13,2020,,0,Meridian America Inc.,Meridian America Inc.,Paid,,,0.0,1,0
Display Technologies,INV-0343,2020-01-13,2020,,1,Meridian America Inc.,Meridian America Inc.,Paid,Shipping Out,Shipping Out,160.42,0,0
Display Technologies,INV-0343,2020-01-13,2020,,1,Meridian America Inc.,Meridian America Inc.,Paid,Shipping Out,Shipping Out,160.42,0,0
Display Technologies,INV-0343,2020-01-13,2020,,1,Meridian America Inc.,Meridian America Inc.,Paid,Shipping Out,Shipping Out,194.99,0,0
Display Technologies,INV-0343,2020-01-13,2020,,1,Meridian America Inc.,Meridian America Inc.,Paid,Shipping Out,Shipping Out,669.99,0,0
Display Technologies,INV-0344,2020-01-13,2020,,1,Meridian America Inc.,Meridian America Inc.,Paid,Sales - Other Screens,Other Screens,225.0,1,0
Display Technologies,INV-0344,2020-01-13,2020,,1,Meridian America Inc.,Meridian America Inc.,Paid,Shipping Out,Shipping Out,60.0,0,0
Display Technologies,1285,2020-01-14,2020,DT-FRNT-300,1,Prime Solutions LLC,Prime Solutions LLC,Paid,Sales - Non Motorised On Wall Screens,Non Motorised On Wall Screens,936.0,1,0
Display Technologies,1283,2020-01-14,2020,DT-MMD,1,Prime Solutions LLC,Prime Solutions LLC,Paid,Sales - Motorised Mount Solutions,Motorised Mount Solutions,2418.0,1,0
Display Technologies,1286,2020-01-15,2020,DT-DYN-2TB-360,1,Meridian America Inc.,Meridian America Inc.,Paid,Sales - Motorised On Wall Screens,Motorised On Wall Screens,4680.0,1,0
Display Technologies,1287,2020-01-15,2020,,0,Immersive Design Studios,Immersive Design Studios,Paid,,,0.0,1,0
Display Technologies,1287,2020-01-15,2020,,1,Immersive Design Studios,Immersive Design Studios,Paid,Sales - Image Surfaces,Image Surfaces,4820.0,1,0
Display Technologies,1287,2020-01-15,2020,DT-SHIP,1,Immersive Design Studios,Immersive Design Studios,Paid,Freight Costs - Outward,Freight Costs - Outward,150.0,0,0
Display Technologies,INV-0345,2020-01-17,2020,,0,Meridian America Inc.,Meridian America Inc.,Paid,,,0.0,1,0
Display Technologies,INV-0345,2020-01-17,2020,,1,Meridian America Inc.,Meridian America Inc.,Paid,Shipping Out,Shipping Out,256.19,0,0
Display Technologies,INV-0345,2020-01-17,2020,,1,Meridian America Inc.,Meridian America Inc.,Paid,Shipping Out,Shipping Out,176.59,0,0
Display Technologies,INV-0345,2020-01-17,2020,,1,Meridian America Inc.,Meridian America Inc.,Paid,Shipping Out,Shipping Out,160.42,0,0
Display Technologies,INV-0345,2020-01-17,2020,,1,Meridian America Inc.,Meridian America Inc.,Paid,Shipping Out,Shipping Out,160.42,0,0
Display Technologies,INV-0345,2020-01-17,2020,,1,Meridian America Inc.,Meridian America Inc.,Paid,Shipping Out,Shipping Out,174.99,0,0
Display Technologies,1288,2020-01-21,2020,DT-DYN-2S-360,1,Genesis Home Technologies SL,Genesis Home Technologies SL,Paid,Sales - Motorised On Wall Screens,Motorised On Wall Screens,4680.0,1,0
Display Technologies,1288,2020-01-21,2020,DT-ACM,1,Genesis Home Technologies SL,Genesis Home Technologies SL,Paid,Sales - Non Motorised Mount Solutions,Non Motorised Mount Solutions,585.0,1,0
Display Technologies,1289,2020-01-21,2020,,1,Meridian America Inc.,Meridian America Inc.,Paid,Sales - Non Motorised On Wall Screens,Non Motorised On Wall Screens,100.0,1,0
Display Technologies,1289,2020-01-21,2020,,1,Meridian America Inc.,Meridian America Inc.,Paid,Sales - Non Motorised On Wall Screens,Non Motorised On Wall Screens,100.0,1,0
Display Technologies,INV-0346,2020-01-22,2020,,1,Glimm Screens BV,Glimm Screens BV,Approved,Other Revenue,Other Revenue,3654.34,0,0
Display Technologies,INV-0346,2020-01-22,2020,,1,Glimm Screens BV,Glimm Screens BV,Approved,Other Revenue,Other Revenue,5333.04,0,0
Display Technologies,1290,2020-01-28,2020,,1,Meridian America Inc.,Meridian America Inc.,Paid,Sales - Image Surfaces,Image Surfaces,273.0,1,0
Display Technologies,1291,2020-01-28,2020,DT-FRNT-270,1,Meridian America Inc.,Meridian America Inc.,Paid,Sales - Non Motorised On Wall Screens,Non Motorised On Wall Screens,819.0,1,0
Display Technologies,1292,2020-01-29,2020,,1,Meridian America Inc.,Meridian America Inc.,Paid,Sales - Non Motorised On Wall Screens,Non Motorised On Wall Screens,100.0,1,0
Display Technologies,1292,2020-01-29,2020,,1,Meridian America Inc.,Meridian America Inc.,Paid,Sales - Non Motorised On Wall Screens,Non Motorised On Wall Screens,100.0,1,0
Display Technologies,CN-0347,2020-01-30,2020,,1,Meridian America Inc.,Meridian America Inc.,Paid,Shipping Out,Shipping Out,-237.16,0,0
Display Technologies,1293,2020-01-30,2020,DT-FRNT-330,1,Meridian America Inc.,Meridian America Inc.,Paid,Sales - Non Motorised On Wall Screens,Non Motorised On Wall Screens,1092.0,1,0
Display Technologies,1294,2020-01-31,2020,DT-ACM,1,Apex Tech Scotland Ltd,Apex Tech Scotland Ltd,Approved,Sales - Non Motorised Mount Solutions,Non Motorised Mount Solutions,585.0,1,1
Display Technologies,1294,2020-01-31,2020,DT-DYN-2S-360,1,Apex Tech Scotland Ltd,Apex Tech Scotland Ltd,Approved,Sales - Motorised On Wall Screens,Motorised On Wall Screens,4680.0,1,1
Display Technologies,1295,2020-02-02,2020,DT-FRNT-420,1,Meridian America Inc.,Meridian America Inc.,Paid,Sales - Non Motorised On Wall Screens,Non Motorised On Wall Screens,1560.0,1,0
Display Technologies,INV-0348,2020-02-04,2020,,0,Meridian America Inc.,Meridian America Inc.,Paid,,,0.0,1,0
Display Technologies,INV-0348,2020-02-04,2020,,1,Meridian America Inc.,Meridian America Inc.,Paid,Shipping Out,Shipping Out,838.79,0,0
Display Technologies,INV-0349,2020-02-04,2020,,1,Meridian America Inc.,Meridian America Inc.,Paid,Sales - Non Motorised Mount Solutions,Non Motorised Mount Solutions,930.0,1,0
Display Technologies,INV-0350,2020-02-04,2020,,1,Apex Tech Scotland Ltd,Apex Tech Scotland Ltd,Paid,Other Revenue,Other Revenue,67.42,0,1
Display Technologies,INV-0350,2020-02-04,2020,,1,Apex Tech Scotland Ltd,Apex Tech Scotland Ltd,Paid,Shipping Out,Shipping Out,35.0,0,1
Display Technologies,INV-0351,2020-02-04,2020,DT-SHIP,1,Apex Tech Scotland Ltd,Apex Tech Scotland Ltd,Paid,Freight Costs - Outward,Freight Costs - Outward,75.0,0,1
Display Technologies,INV-0351,2020-02-04,2020,DT-SHIP,1,Apex Tech Scotland Ltd,Apex Tech Scotland Ltd,Paid,Freight Costs - Outward,Freight Costs - Outward,75.0,0,1
Display Technologies,INV-0351,2020-02-04,2020,,1,Apex Tech Scotland Ltd,Apex Tech Scotland Ltd,Paid,Freight Costs - Outward,Freight Costs - Outward,316.4,0,1
Display Technologies,INV-0351,2020-02-04,2020,DT-SHIP,2,Apex Tech Scotland Ltd,Apex Tech Scotland Ltd,Paid,Freight Costs - Outward,Freight Costs - Outward,150.0,0,1
Display Technologies,INV-0352,2020-02-04,2020,,0,Apex Tech Scotland Ltd,Apex Tech Scotland Ltd,Paid,,,0.0,1,1
Display Technologies,INV-0352,2020-02-04,2020,,1,Apex Tech Scotland Ltd,Apex Tech Scotland Ltd,Paid,Sales - Image Surfaces,Image Surfaces,100.0,1,1
Display Technologies,INV-0352,2020-02-04,2020,,1,Apex Tech Scotland Ltd,Apex Tech Scotland Ltd,Paid,Sales - Image Surfaces,Image Surfaces,249.6,1,1
Display Technologies,INV-0352,2020-02-04,2020,,2,Apex Tech Scotland Ltd,Apex Tech Scotland Ltd,Paid,Shipping Out,Shipping Out,20.0,0,1
Display Technologies,INV-0352,2020-02-04,2020,DT-SHIP,1,Apex Tech Scotland Ltd,Apex Tech Scotland Ltd,Paid,Freight Costs - Outward,Freight Costs - Outward,75.0,0,1
Display Technologies,1296,2020-02-05,2020,DT-FRNT-330,1,GR Media Solutions,GR Media Solutions,Paid,Sales - Non Motorised On Wall Screens,Non Motorised On Wall Screens,1092.0,1,0
Display Technologies,1297,2020-02-05,2020,DT-DYN-2S-AM-XL-450,1,Meridian Audio Ltd,Meridian Audio Ltd,Paid,Sales - Motorised On Wall Screens,Motorised On Wall Screens,9945.0,1,0
Display Technologies,1298,2020-02-05,2020,DT-FRNT-390,1,Meridian America Inc.,Meridian America Inc.,Paid,Sales - Non Motorised On Wall Screens,Non Motorised On Wall Screens,1404.0,1,0
Display Technologies,1300,2020-02-06,2020,,1,Meridian Audio Ltd,Meridian Audio Ltd,Paid,Sales - Bespoke Solutions,Bespoke Solutions,1800.0,1,0
Display Technologies,1299,2020-02-06,2020,DT-SST-R-360,1,Meridian America Inc.,Meridian America Inc.,Paid,Sales - Bespoke Solutions,Bespoke Solutions,15405.0,1,0
Display Technologies,1301,2020-02-13,2020,DT-DYN-2S-270,1,Genesis Home Technologies SL,Genesis Home Technologies SL,Paid,Sales - Motorised On Wall Screens,Motorised On Wall Screens,3510.0,1,0
Display Technologies,1303,2020-02-14,2020,DT-FRNT-240,1,Meridian America Inc.,Meridian America Inc.,Paid,Sales - Non Motorised On Wall Screens,Non Motorised On Wall Screens,666.9,1,0
Display Technologies,1302,2020-02-14,2020,DT-FRNT-390,1,Meridian America Inc.,Meridian America Inc.,Paid,Sales - Non Motorised On Wall Screens,Non Motorised On Wall Screens,1404.0,1,0
Display Technologies,1302,2020-02-14,2020,DT-PHG-2,1,Meridian America Inc.,Meridian America Inc.,Paid,Sales - Port Hole Glass,Port Hole Glass,1170.0,1,0
Display Technologies,INV-0353,2020-02-17,2020,,0,Meridian America Inc.,Meridian America Inc.,Paid,,,0.0,1,0
Display Technologies,INV-0353,2020-02-17,2020,,1,Meridian America Inc.,Meridian America Inc.,Paid,Shipping Out,Shipping Out,385.39,0,0
Display Technologies,INV-0353,2020-02-17,2020,,1,Meridian America Inc.,Meridian America Inc.,Paid,Shipping Out,Shipping Out,385.39,0,0
Display Technologies,INV-0353,2020-02-17,2020,,1,Meridian America Inc.,Meridian America Inc.,Paid,Shipping Out,Shipping Out,385.39,0,0
Display Technologies,1304,2020-02-23,2020,DT-CM,1,Meridian America Inc.,Meridian America Inc.,Paid,Sales - Non Motorised Mount Solutions,Non Motorised Mount Solutions,351.0,1,0
Display Technologies,1305,2020-02-24,2020,DT-DYN-2S-300,1,Meridian America Inc.,Meridian America Inc.,Paid,Sales - Motorised On Wall Screens,Motorised On Wall Screens,3510.0,1,0
Display Technologies,INV-0354,2020-02-25,2020,,0,Meridian America Inc.,Meridian America Inc.,Paid,,,0.0,1,0
Display Technologies,INV-0354,2020-02-25,2020,,1,Meridian America Inc.,Meridian America Inc.,Paid,Shipping Out,Shipping Out,385.39,0,0
Display Technologies,INV-0354,2020-02-25,2020,,1,Meridian America Inc.,Meridian America Inc.,Paid,Shipping Out,Shipping Out,361.39,0,0
Display Technologies,CN-0355,2020-03-02,2020,DT-SHIP,1,Meridian America Inc.,Meridian America Inc.,Paid,Freight Costs - Inward,Freight Costs - Inward,-103.53,0,0
Display Technologies,CN-0355,2020-03-02,2020,DT-SHIP,1,Meridian America Inc.,Meridian America Inc.,Paid,Freight Costs - Inward,Freight Costs - Inward,-11.68,0,0
Display Technologies,CN-0355,2020-03-02,2020,DT-SHIP,1,Meridian America Inc.,Meridian America Inc.,Paid,Freight Costs - Inward,Freight Costs - Inward,-103.28,0,0
Display Technologies,1306,2020-03-03,2020,DT-FRNT-240,1,Meridian Audio Ltd,Meridian Audio Ltd,Paid,Sales - Non Motorised On Wall Screens,Non Motorised On Wall Screens,741.0,1,0
Display Technologies,1307,2020-03-03,2020,DT-FRNT-330,1,Meridian Audio Ltd,Meridian Audio Ltd,Paid,Sales - Non Motorised On Wall Screens,Non Motorised On Wall Screens,1092.0,1,0
Display Technologies,1308,2020-03-03,2020,DT-FRNT-270,1,Genesis Home Technologies SL,Genesis Home Technologies SL,Paid,Sales - Non Motorised On Wall Screens,Non Motorised On Wall Screens,819.0,1,0
Display Technologies,1309,2020-03-03,2020,DT-M-200,2,Apex Tech Scotland Ltd,Apex Tech Scotland Ltd,Approved,Sales - Mistral,Mistral,780.0,1,1
Display Technologies,1309,2020-03-03,2020,,1,Apex Tech Scotland Ltd,Apex Tech Scotland Ltd,Approved,Sales - Bespoke Solutions,Bespoke Solutions,800.0,1,1
Display Technologies,1309,2020-03-03,2020,,1,Apex Tech Scotland Ltd,Apex Tech Scotland Ltd,Approved,Sales - Mechanics,Mechanics,351.0,1,1
Display Technologies,1309,2020-03-03,2020,DT-HB-M,1,Apex Tech Scotland Ltd,Apex Tech Scotland Ltd,Approved,Sales - Hush Boxes,Hush Boxes,2145.0,1,1
Display Technologies,1310,2020-03-04,2020,DT-FRNT-330,1,Special Elektronik,Special Elektronik,Paid,Sales - Non Motorised On Wall Screens,Non Motorised On Wall Screens,1092.0,1,0
Display Technologies,1311,2020-03-04,2020,,1,Meridian America Inc.,Meridian America Inc.,Paid,Sales - Non Motorised On Wall Screens,Non Motorised On Wall Screens,100.0,1,0
Display Technologies,1312,2020-03-04,2020,DT-DYN-1-270,1,Meridian America Inc.,Meridian America Inc.,Paid,Sales - Motorised On Wall Screens,Motorised On Wall Screens,2047.5,1,0
Display Technologies,1314,2020-03-05,2020,DT-FRNT-600,1,Meridian America Inc.,Meridian America Inc.,Paid,Sales - Non Motorised On Wall Screens,Non Motorised On Wall Screens,3783.0,1,0
Display Technologies,1315,2020-03-05,2020,,1,Meridian America Inc.,Meridian America Inc.,Paid,Sales - Non Motorised Mount Solutions,Non Motorised Mount Solutions,975.0,1,0
Display Technologies,1313,2020-03-05,2020,DT-DYN-2S-390,1,Genesis Technologies AG (Deutschland).,Genesis Technologies AG (Deutschland).,Paid,Sales - Motorised On Wall Screens,Motorised On Wall Screens,4056.0,1,0
Display Technologies,1313,2020-03-05,2020,DT-VMM-UP,1,Genesis Technologies AG (Deutschland).,Genesis Technologies AG (Deutschland).,Paid,Sales - Non Motorised Mount Solutions,Non Motorised Mount Solutions,780.0,1,0
Display Technologies,1313,2020-03-05,2020,DT-PHG-1,1,Genesis Technologies AG (Deutschland).,Genesis Technologies AG (Deutschland).,Paid,Sales - Port Hole Glass,Port Hole Glass,780.0,1,0
Display Technologies,1313,2020-03-05,2020,,1,Genesis Technologies AG (Deutschland).,Genesis Technologies AG (Deutschland).,Paid,Sales - Mechanics,Mechanics,280.8,1,0
Display Technologies,1313,2020-03-05,2020,DT-M-150,2,Genesis Technologies AG (Deutschland).,Genesis Technologies AG (Deutschland).,Paid,Sales - Mistral,Mistral,624.0,1,0
Display Technologies,1316,2020-03-09,2020,DT-PHG-2,1,Genesis Technologies AG (Deutschland).,Genesis Technologies AG (Deutschland).,Approved,Sales - Port Hole Glass,Port Hole Glass,2340.0,1,0
Display Technologies,INV-0356,2020-03-10,2020,,3,Apex Tech Scotland Ltd,Apex Tech Scotland Ltd,Paid,Sales - Bespoke Solutions,Bespoke Solutions,6000.0,1,1
Display Technologies,1317,2020-03-10,2020,DT-DYN-2S-360,1,Meridian America Inc.,Meridian America Inc.,Paid,Sales - Motorised On Wall Screens,Motorised On Wall Screens,4680.0,1,0
Display Technologies,1319,2020-03-11,2020,,1,Meridian America Inc.,Meridian America Inc.,Paid,Sales - Non Motorised On Wall Screens,Non Motorised On Wall Screens,100.0,1,0
Display Technologies,1318,2020-03-11,2020,DT-DYN-2S-390,1,Meridian America Inc.,Meridian America Inc.,Paid,Sales - Motorised On Wall Screens,Motorised On Wall Screens,5070.0,1,0
Display Technologies,1320,2020-03-12,2020,DT-DYN-2TB-240,1,Meridian Audio Ltd,Meridian Audio Ltd,Paid,Sales - Motorised On Wall Screens,Motorised On Wall Screens,3120.0,1,0
Display Technologies,1321,2020-03-12,2020,DT-DYN-AM-420,1,Prime Solutions LLC,Prime Solutions LLC,Paid,Sales - Motorised On Wall Screens,Motorised On Wall Screens,3900.0,1,0
Display Technologies,1322,2020-03-13,2020,DT-VMM-UP,1,Prime Solutions LLC,Prime Solutions LLC,Paid,Sales - Non Motorised Mount Solutions,Non Motorised Mount Solutions,975.0,1,0
Display Technologies,1323,2020-03-13,2020,DT-PHG-1,1,Prime Solutions LLC,Prime Solutions LLC,Paid,Sales - Port Hole Glass,Port Hole Glass,975.0,1,0
Display Technologies,1324,2020-03-13,2020,DT-PHG-1,1,Prime Solutions LLC,Prime Solutions LLC,Paid,Sales - Port Hole Glass,Port Hole Glass,877.5,1,0
Display Technologies,INV-0357,2020-03-13,2020,,0,Meridian America Inc.,Meridian America Inc.,Paid,,,0.0,1,0
Display Technologies,INV-0357,2020-03-13,2020,,1,Meridian America Inc.,Meridian America Inc.,Paid,Shipping Out,Shipping Out,160.42,0,0
Display Technologies,INV-0357,2020-03-13,2020,,1,Meridian America Inc.,Meridian America Inc.,Paid,Shipping Out,Shipping Out,90.29,0,0
Display Technologies,INV-0357,2020-03-13,2020,,1,Meridian America Inc.,Meridian America Inc.,Paid,Shipping Out,Shipping Out,120.42,0,0
Display Technologies,INV-0357,2020-03-13,2020,,1,Meridian America Inc.,Meridian America Inc.,Paid,Shipping Out,Shipping Out,140.42,0,0
Display Technologies,INV-0357,2020-03-13,2020,,1,Meridian America Inc.,Meridian America Inc.,Paid,Shipping Out,Shipping Out,495.79,0,0
Display Technologies,1325,2020-03-17,2020,DT-PHG-1,1,Genesis Home Technologies SL,Genesis Home Technologies SL,Paid,Sales - Port Hole Glass,Port Hole Glass,975.0,1,0
Display Technologies,1326,2020-03-18,2020,DT-FRNT-330,1,GR Media Solutions,GR Media Solutions,Paid,Sales - Non Motorised On Wall Screens,Non Motorised On Wall Screens,1092.0,1,0
Display Technologies,1327,2020-03-18,2020,DT-FRNT-330,1,Meridian America Inc.,Meridian America Inc.,Paid,Sales - Non Motorised On Wall Screens,Non Motorised On Wall Screens,1092.0,1,0
Display Technologies,1328,2020-03-18,2020,DT-DYN-2S-XL-690,1,Meridian America Inc.,Meridian America Inc.,Paid,Sales - Motorised On Wall Screens,Motorised On Wall Screens,15600.0,1,0
Display Technologies,1329,2020-03-23,2020,DT-FRNT-300,1,Prime Solutions LLC,Prime Solutions LLC,Paid,Sales - Non Motorised On Wall Screens,Non Motorised On Wall Screens,936.0,1,0
Display Technologies,INV-0358,2020-03-26,2020,DT-VMM-RE-UP,1,Apex Tech Scotland Ltd,Apex Tech Scotland Ltd,Approved,Sales - Non Motorised Mount Solutions,Non Motorised Mount Solutions,975.0,1,1
Display Technologies,INV-0358,2020-03-26,2020,,0,Apex Tech Scotland Ltd,Apex Tech Scotland Ltd,Approved,,,0.0,1,1
Display Technologies,INV-0358,2020-03-26,2020,DT-SHIP,1,Apex Tech Scotland Ltd,Apex Tech Scotland Ltd,Approved,Freight Costs - Outward,Freight Costs - Outward,75.0,0,1
Display Technologies,1330,2020-03-27,2020,DT-FRNT-330,1,Deco 2000 Co. Ltd.,Deco 2000 Co. Ltd.,Paid,Sales - Non Motorised On Wall Screens,Non Motorised On Wall Screens,1092.0,1,0
Display Technologies,INV-0359,2020-03-29,2020,,1,Meridian Audio Ltd,Meridian Audio Ltd,Approved,Shipping Out,Shipping Out,90.0,0,0
Display Technologies,1331,2020-03-30,2020,DT-PHG-2,1,Meridian America Inc.,Meridian America Inc.,Paid,Sales - Port Hole Glass,Port Hole Glass,1170.0,1,0
Display Technologies,1331,2020-03-30,2020,DT-VMM-UP,1,Meridian America Inc.,Meridian America Inc.,Paid,Sales - Non Motorised Mount Solutions,Non Motorised Mount Solutions,975.0,1,0
Display Technologies,1332,2020-03-30,2020,DT-FRNT-390,1,Meridian America Inc.,Meridian America Inc.,Paid,Sales - Non Motorised On Wall Screens,Non Motorised On Wall Screens,1404.0,1,0
Display Technologies,1333,2020-03-30,2020,DT-DYN-2S-420,1,Meridian America Inc.,Meridian America Inc.,Paid,Sales - Motorised On Wall Screens,Motorised On Wall Screens,5460.0,1,0
Display Technologies,1334,2020-04-02,2020,DT-FRNT-420,1,Prime Solutions LLC,Prime Solutions LLC,Paid,Sales - Non Motorised On Wall Screens,Non Motorised On Wall Screens,1560.0,1,0
Display Technologies,1335,2020-04-02,2020,DT-FRNT-330,1,Apex Tech Scotland Ltd,Apex Tech Scotland Ltd,Approved,Sales - Non Motorised On Wall Screens,Non Motorised On Wall Screens,1092.0,1,1
Display Technologies,1336,2020-04-02,2020,DT-PHG-2,1,Apex Tech Scotland Ltd,Apex Tech Scotland Ltd,Approved,Sales - Port Hole Glass,Port Hole Glass,1170.0,1,1
Display Technologies,1337,2020-04-02,2020,DT-VMM-DWN,1,Apex Tech Scotland Ltd,Apex Tech Scotland Ltd,Approved,Sales - Non Motorised Mount Solutions,Non Motorised Mount Solutions,975.0,1,1
Display Technologies,1337,2020-04-02,2020,DT-FRNT-270,1,Apex Tech Scotland Ltd,Apex Tech Scotland Ltd,Approved,Sales - Non Motorised On Wall Screens,Non Motorised On Wall Screens,819.0,1,1
Display Technologies,1337,2020-04-02,2020,DT-PHG-2,1,Apex Tech Scotland Ltd,Apex Tech Scotland Ltd,Approved,Sales - Port Hole Glass,Port Hole Glass,1170.0,1,1
Display Technologies,1338,2020-04-08,2020,DT-FRNT-390,1,Meridian America Inc.,Meridian America Inc.,Paid,Sales - Non Motorised On Wall Screens,Non Motorised On Wall Screens,1404.0,1,0
Display Technologies,1339,2020-04-16,2020,DT-CNTP-360,1,Meridian America Inc.,Meridian America Inc.,Paid,Sales - Non Motorised On Wall Screens,Non Motorised On Wall Screens,1170.0,1,0
Display Technologies,1340,2020-04-17,2020,DT-FRNT-360,1,Prime Solutions LLC,Prime Solutions LLC,Paid,Sales - Non Motorised On Wall Screens,Non Motorised On Wall Screens,1123.2,1,0
Display Technologies,1341,2020-04-22,2020,DT-FRNT-330,1,Prime Solutions LLC,Prime Solutions LLC,Paid,Sales - Non Motorised On Wall Screens,Non Motorised On Wall Screens,1092.0,1,0
Display Technologies,INV-0361,2020-04-24,2020,,0,Meridian America Inc.,Meridian America Inc.,Paid,,,0.0,1,0
Display Technologies,INV-0361,2020-04-24,2020,,1,Meridian America Inc.,Meridian America Inc.,Paid,Shipping Out,Shipping Out,398.89,0,0
Display Technologies,INV-0361,2020-04-24,2020,,1,Meridian America Inc.,Meridian America Inc.,Paid,Shipping Out,Shipping Out,398.89,0,0
Display Technologies,1342,2020-04-29,2020,DT-FRNT-270,1,Prime Solutions LLC,Prime Solutions LLC,Paid,Sales - Non Motorised On Wall Screens,Non Motorised On Wall Screens,737.1,1,0
Display Technologies,1343,2020-04-30,2020,DT-FRNT-330,1,Meridian America Inc.,Meridian America Inc.,Paid,Sales - Non Motorised On Wall Screens,Non Motorised On Wall Screens,1092.0,1,0
Display Technologies,1344,2020-05-01,2020,,1,Genesis Technologies AG,Genesis Technologies AG,Paid,Sales - Non Motorised Mount Solutions,Non Motorised Mount Solutions,1025.0,1,0
Display Technologies,INV-0362,2020-05-04,2020,DT-SHIP,1,Apex Tech Scotland Ltd,Apex Tech Scotland Ltd,Approved,Freight Costs - Outward,Freight Costs - Outward,75.0,0,1
Display Technologies,INV-0362,2020-05-04,2020,,0,Apex Tech Scotland Ltd,Apex Tech Scotland Ltd,Approved,,,0.0,1,1
Display Technologies,INV-0363,2020-05-04,2020,,1,Meridian America Inc.,Meridian America Inc.,Approved,Shipping Out,Shipping Out,398.0,0,0
Display Technologies,INV-0363,2020-05-04,2020,,1,Meridian America Inc.,Meridian America Inc.,Approved,Shipping Out,Shipping Out,374.0,0,0
Display Technologies,1345,2020-05-05,2020,DT-FRNT-390,1,Meridian America Inc.,Meridian America Inc.,Paid,Sales - Non Motorised On Wall Screens,Non Motorised On Wall Screens,1404.0,1,0
Display Technologies,1346,2020-05-06,2020,DT-FRNT-240,1,Meridian America Inc.,Meridian America Inc.,Paid,Sales - Non Motorised On Wall Screens,Non Motorised On Wall Screens,741.0,1,0
Display Technologies,1347,2020-05-09,2020,DT-MMD,1,Meridian America Inc.,Meridian America Inc.,Paid,Sales - Motorised Mount Solutions,Motorised Mount Solutions,2418.0,1,0
Display Technologies,INV-0364,2020-05-14,2020,,0,Meridian America Inc.,Meridian America Inc.,Approved,,,0.0,1,0
Display Technologies,INV-0364,2020-05-14,2020,,1,Meridian America Inc.,Meridian America Inc.,Approved,Sales - Bespoke Solutions,Bespoke Solutions,2700.0,1,0
Display Technologies,INV-0364,2020-05-14,2020,,0,Meridian America Inc.,Meridian America Inc.,Approved,,,0.0,1,0
Display Technologies,1348,2020-05-14,2020,DT-FRNT-270,1,Meridian America Inc.,Meridian America Inc.,Paid,Sales - Non Motorised On Wall Screens,Non Motorised On Wall Screens,737.1,1,0
Display Technologies,1351,2020-05-15,2020,DT-FRNT-300,1,Meridian America Inc.,Meridian America Inc.,Paid,Sales - Non Motorised On Wall Screens,Non Motorised On Wall Screens,842.4,1,0
Display Technologies,1352,2020-05-15,2020,DT-FRNT-570,1,Meridian America Inc.,Meridian America Inc.,Paid,Sales - Non Motorised On Wall Screens,Non Motorised On Wall Screens,3198.0,1,0
Display Technologies,1349,2020-05-15,2020,,1,Meridian America Inc.,Meridian America Inc.,Paid,Sales - Motorised On Wall Screens,Motorised On Wall Screens,2340.0,1,0
Display Technologies,1350,2020-05-15,2020,DT-FRNT-510,1,Zene Private Theater,Zene Private Theater,Paid,Sales - Non Motorised On Wall Screens,Non Motorised On Wall Screens,2262.0,1,0
Display Technologies,INV-0365,2020-05-18,2020,,0,Meridian America Inc.,Meridian America Inc.,Paid,,,0.0,1,0
Display Technologies,INV-0365,2020-05-18,2020,,1,Meridian America Inc.,Meridian America Inc.,Paid,Sales - Bespoke Solutions,Bespoke Solutions,3100.0,1,0
Display Technologies,INV-0365,2020-05-18,2020,,0,Meridian America Inc.,Meridian America Inc.,Paid,,,0.0,1,0
Display Technologies,INV-0367,2020-05-19,2020,,1,Meridian America Inc.,Meridian America Inc.,Approved,Other Revenue,Other Revenue,303.81,0,0
Display Technologies,INV-0367,2020-05-19,2020,,1,Meridian America Inc.,Meridian America Inc.,Approved,Shipping Out,Shipping Out,88.1,0,0
Display Technologies,INV-0367,2020-05-19,2020,,0,Meridian America Inc.,Meridian America Inc.,Approved,,,0.0,1,0
Display Technologies,1353,2020-05-21,2020,DT-DYN-2S-330,1,Meridian Audio Ltd,Meridian Audio Ltd,Approved,Sales - Motorised On Wall Screens,Motorised On Wall Screens,4290.0,1,0
Display Technologies,1353,2020-05-21,2020,DT-SHIP,1,Meridian Audio Ltd,Meridian Audio Ltd,Approved,Freight Costs - Outward,Freight Costs - Outward,150.0,0,0
Display Technologies,1354,2020-05-21,2020,DT-DYN-2TB-300,1,Meridian Audio Ltd,Meridian Audio Ltd,Approved,Sales - Motorised On Wall Screens,Motorised On Wall Screens,3900.0,1,0
Display Technologies,1354,2020-05-21,2020,DT-SHIP,1,Meridian Audio Ltd,Meridian Audio Ltd,Approved,Freight Costs - Outward,Freight Costs - Outward,175.0,0,0
Display Technologies,INV-0368,2020-05-26,2020,DT-SHIP,1,Apex Tech Scotland Ltd,Apex Tech Scotland Ltd,Paid,Freight Costs - Outward,Freight Costs - Outward,75.0,0,1
Display Technologies,INV-0368,2020-05-26,2020,,1,Apex Tech Scotland Ltd,Apex Tech Scotland Ltd,Paid,Shipping Out,Shipping Out,450.0,0,1
Display Technologies,INV-0368,2020-05-26,2020,DT-SHIP,2,Apex Tech Scotland Ltd,Apex Tech Scotland Ltd,Paid,Freight Costs - Outward,Freight Costs - Outward,150.0,0,1
Display Technologies,INV-0368,2020-05-26,2020,DT-SHIP,1,Apex Tech Scotland Ltd,Apex Tech Scotland Ltd,Paid,Shipping Out,Shipping Out,450.0,0,1
Display Technologies,1355,2020-05-28,2020,DT-DYN-2S-450,1,Apex Tech Scotland Ltd,Apex Tech Scotland Ltd,Paid,Sales - Motorised On Wall Screens,Motorised On Wall Screens,6279.5,1,1
Display Technologies,1355,2020-05-28,2020,,1,Apex Tech Scotland Ltd,Apex Tech Scotland Ltd,Paid,Sales - Image Surfaces,Image Surfaces,429.0,1,1
Display Technologies,1356,2020-06-03,2020,DT-CNTP-330,1,Special Elektronik,Special Elektronik,Paid,Sales - Non Motorised On Wall Screens,Non Motorised On Wall Screens,1014.0,1,0
Display Technologies,1359,2020-06-03,2020,,4,AV Nirvana India,AV Nirvana India,Paid,Sales - Non Motorised On Wall Screens,Non Motorised On Wall Screens,2000.0,1,0
Display Technologies,1358,2020-06-03,2020,DT-HB-S,1,Apex Tech Scotland Ltd,Apex Tech Scotland Ltd,Paid,Sales - Hush Boxes,Hush Boxes,1560.0,1,1
Display Technologies,1357,2020-06-03,2020,,1,Meridian America Inc.,Meridian America Inc.,Paid,Sales - Non Motorised Mount Solutions,Non Motorised Mount Solutions,975.0,1,0
Display Technologies,1360,2020-06-04,2020,DT-CNTP-360,1,Special Elektronik,Special Elektronik,Paid,Sales - Non Motorised On Wall Screens,Non Motorised On Wall Screens,1111.7,1,0
Display Technologies,1360,2020-06-04,2020,,1,Special Elektronik,Special Elektronik,Paid,Other Revenue,Other Revenue,292.5,0,0
Display Technologies,1361,2020-06-08,2020,DT-FRNT-420,1,Prime Solutions LLC,Prime Solutions LLC,Paid,Sales - Non Motorised On Wall Screens,Non Motorised On Wall Screens,1560.0,1,0
Display Technologies,INV-0369,2020-06-09,2020,,0,Meridian America Inc.,Meridian America Inc.,Paid,,,0.0,1,0
Display Technologies,INV-0369,2020-06-09,2020,,1,Meridian America Inc.,Meridian America Inc.,Paid,Shipping Out,Shipping Out,370.34,0,0
Display Technologies,INV-0369,2020-06-09,2020,,1,Meridian America Inc.,Meridian America Inc.,Paid,Shipping Out,Shipping Out,370.34,0,0
Display Technologies,1362,2020-06-09,2020,DT-PHG-1,1,Genesis Home Technologies SL,Genesis Home Technologies SL,Paid,Sales - Port Hole Glass,Port Hole Glass,975.0,1,0
Display Technologies,INV-0369,2020-06-09,2020,,1,Meridian America Inc.,Meridian America Inc.,Paid,Shipping Out,Shipping Out,297.9,0,0
Display Technologies,1363,2020-06-15,2020,DT-FRNT-300,1,AV Nirvana India,AV Nirvana India,Paid,Sales - Non Motorised On Wall Screens,Non Motorised On Wall Screens,374.4,1,0
Display Technologies,1364,2020-06-15,2020,,111.69,Immersive Design Studios,Immersive Design Studios,Paid,Sales - Non Motorised On Wall Screens,Non Motorised On Wall Screens,41548.68,1,0
Display Technologies,1364,2020-06-15,2020,,22,Immersive Design Studios,Immersive Design Studios,Paid,Sales - Non Motorised On Wall Screens,Non Motorised On Wall Screens,7920.0,1,0
Display Technologies,1364,2020-06-15,2020,,111.69,Immersive Design Studios,Immersive Design Studios,Paid,Sales - Non Motorised On Wall Screens,Non Motorised On Wall Screens,41548.68,1,0
Display Technologies,1364,2020-06-15,2020,,22,Immersive Design Studios,Immersive Design Studios,Paid,Sales - Non Motorised On Wall Screens,Non Motorised On Wall Screens,7920.0,1,0
Display Technologies,1445,2020-06-16,2020,,1,AV Nirvana India,AV Nirvana India,Paid,Sales - Non Motorised On Wall Screens,Non Motorised On Wall Screens,1500.0,1,0
Display Technologies,1460,2020-06-16,2020,,1,AV Nirvana India,AV Nirvana India,Paid,Sales - Non Motorised On Wall Screens,Non Motorised On Wall Screens,374.4,1,0
Display Technologies,1367,2020-06-16,2020,DT-FRNT-270,1,Special Elektronik,Special Elektronik,Paid,Sales - Non Motorised On Wall Screens,Non Motorised On Wall Screens,926.25,1,0
Display Technologies,1367,2020-06-16,2020,,1,Special Elektronik,Special Elektronik,Paid,Sales - Image Surfaces,Image Surfaces,166.25,1,0
Display Technologies,1368,2020-06-16,2020,DT-CNTP-360,1,Meridian America Inc.,Meridian America Inc.,Paid,Sales - Non Motorised On Wall Screens,Non Motorised On Wall Screens,1106.7,1,0
Display Technologies,1368,2020-06-16,2020,,1,Meridian America Inc.,Meridian America Inc.,Paid,Sales - Image Surfaces,Image Surfaces,445.0,1,0
Display Technologies,1369,2020-06-23,2020,DT-CNTP-360,1,AV Nirvana India,AV Nirvana India,Paid,Sales - Non Motorised On Wall Screens,Non Motorised On Wall Screens,1055.93,1,0
Display Technologies,1369,2020-06-23,2020,,1,AV Nirvana India,AV Nirvana India,Paid,Sales - Image Surfaces,Image Surfaces,277.88,1,0
Display Technologies,1370,2020-06-25,2020,DT-FRNT-360,1,Meridian America Inc.,Meridian America Inc.,Paid,Sales - Non Motorised On Wall Screens,Non Motorised On Wall Screens,1296.75,1,0
Display Technologies,1370,2020-06-25,2020,,1,Meridian America Inc.,Meridian America Inc.,Paid,Sales - Image Surfaces,Image Surfaces,277.88,1,0
Display Technologies,1371,2020-06-26,2020,DT-DYN-2S-450,1,Genesis Home Technologies SL,Genesis Home Technologies SL,Paid,Sales - Motorised On Wall Screens,Motorised On Wall Screens,6280.06,1,0
Display Technologies,1371,2020-06-26,2020,,1,Genesis Home Technologies SL,Genesis Home Technologies SL,Paid,Sales - Image Surfaces,Image Surfaces,407.55,1,0
Display Technologies,1372,2020-06-30,2020,DT-FRNT-240,1,P&C Power Sound Ltd,P&C Power Sound Ltd,Paid,Sales - Non Motorised On Wall Screens,Non Motorised On Wall Screens,741.0,1,0
Display Technologies,1373,2020-07-01,2020,DT-FRNT-270,1,Prime Solutions LLC,Prime Solutions LLC,Paid,Sales - Non Motorised On Wall Screens,Non Motorised On Wall Screens,926.25,1,0
Display Technologies,1373,2020-07-01,2020,,1,Prime Solutions LLC,Prime Solutions LLC,Paid,Sales - Image Surfaces,Image Surfaces,222.3,1,0
Display Technologies,1375,2020-07-01,2020,,1,Meridian America Inc.,Meridian America Inc.,Paid,Sales - Non Motorised On Wall Screens,Non Motorised On Wall Screens,100.0,1,0
Display Technologies,1374,2020-07-01,2020,DT-CNTP-360,1,Meridian America Inc.,Meridian America Inc.,Paid,Sales - Non Motorised On Wall Screens,Non Motorised On Wall Screens,1111.5,1,0
Display Technologies,1374,2020-07-01,2020,,1,Meridian America Inc.,Meridian America Inc.,Paid,Sales - Image Surfaces,Image Surfaces,292.5,1,0
Display Technologies,1376,2020-07-02,2020,DT-DYN-2S-360,1,Genesis Home Technologies SL,Genesis Home Technologies SL,Paid,Sales - Motorised On Wall Screens,Motorised On Wall Screens,3900.0,1,0
Display Technologies,1376,2020-07-02,2020,,1,Genesis Home Technologies SL,Genesis Home Technologies SL,Paid,Sales - Image Surfaces,Image Surfaces,327.6,1,0
Display Technologies,1376,2020-07-02,2020,,1,Genesis Home Technologies SL,Genesis Home Technologies SL,Paid,Sales - Non Motorised Mount Solutions,Non Motorised Mount Solutions,780.0,1,0
Display Technologies,1377,2020-07-02,2020,DT-FRNT-360,1,Meridian America Inc.,Meridian America Inc.,Paid,Sales - Non Motorised On Wall Screens,Non Motorised On Wall Screens,1365.0,1,0
Display Technologies,1377,2020-07-02,2020,,1,Meridian America Inc.,Meridian America Inc.,Paid,Sales - Image Surfaces,Image Surfaces,292.5,1,0
Display Technologies,INV-0372,2020-07-03,2020,,1,Meridian America Inc.,Meridian America Inc.,Paid,Shipping Out,Shipping Out,370.39,0,0
Display Technologies,INV-0372,2020-07-03,2020,,1,Meridian America Inc.,Meridian America Inc.,Paid,Shipping Out,Shipping Out,395.52,0,0
Display Technologies,1378,2020-07-07,2020,DT-CNTP-240,1,Deco 2000 Co. Ltd.,Deco 2000 Co. Ltd.,Paid,Sales - Non Motorised On Wall Screens,Non Motorised On Wall Screens,666.9,1,0
Display Technologies,1378,2020-07-07,2020,,1,Deco 2000 Co. Ltd.,Deco 2000 Co. Ltd.,Paid,Sales - Image Surfaces,Image Surfaces,129.68,1,0
Display Technologies,1379,2020-07-07,2020,DT-VMM-DWN,1,Meridian Audio Ltd,Meridian Audio Ltd,Paid,Sales - Non Motorised Mount Solutions,Non Motorised Mount Solutions,975.0,1,0
Display Technologies,INV-0373,2020-07-09,2020,,0,AV Nirvana India,AV Nirvana India,Paid,,,0.0,1,0
Display Technologies,INV-0373,2020-07-09,2020,,1,AV Nirvana India,AV Nirvana India,Paid,Sales - Motorised On Wall Screens,Motorised On Wall Screens,2371.2,1,0
Display Technologies,INV-0374,2020-07-09,2020,,1,AV Nirvana India,AV Nirvana India,Paid,Sales - Non Motorised On Wall Screens,Non Motorised On Wall Screens,799.5,1,0
Display Technologies,1380,2020-07-09,2020,,1,Meridian America Inc.,Meridian America Inc.,Paid,Sales - Non Motorised On Wall Screens,Non Motorised On Wall Screens,100.0,1,0
Display Technologies,1380,2020-07-09,2020,,1,Meridian America Inc.,Meridian America Inc.,Paid,Sales - Non Motorised On Wall Screens,Non Motorised On Wall Screens,100.0,1,0
Display Technologies,1383,2020-07-13,2020,DT-FRNT-420,1,AV Nirvana India,AV Nirvana India,Paid,Sales - Non Motorised On Wall Screens,Non Motorised On Wall Screens,614.25,1,0
Display Technologies,1383,2020-07-13,2020,,1,AV Nirvana India,AV Nirvana India,Paid,Sales - Image Surfaces,Image Surfaces,185.25,1,0
Display Technologies,1382,2020-07-13,2020,DT-DYN-2TB-330,1,AV Nirvana India,AV Nirvana India,Paid,Sales - Motorised On Wall Screens,Motorised On Wall Screens,2148.9,1,0
Display Technologies,1382,2020-07-13,2020,,1,AV Nirvana India,AV Nirvana India,Paid,Sales - Image Surfaces,Image Surfaces,222.3,1,0
Display Technologies,1381,2020-07-13,2020,DT-PHG-2,1,concept Hi Fi,concept Hi Fi,Paid,Sales - Port Hole Glass,Port Hole Glass,1825.2,1,0
Display Technologies,1381,2020-07-13,2020,,0,concept Hi Fi,concept Hi Fi,Paid,,,0.0,1,0
Display Technologies,INV-0376,2020-07-15,2020,,1,Meridian America Inc.,Meridian America Inc.,Paid,Sales - Image Surfaces,Image Surfaces,221.0,1,0
Display Technologies,INV-0376,2020-07-15,2020,,0,Meridian America Inc.,Meridian America Inc.,Paid,,,0.0,1,0
Display Technologies,INV-0377,2020-07-16,2020,,0,Meridian America Inc.,Meridian America Inc.,Paid,,,0.0,1,0
Display Technologies,INV-0377,2020-07-16,2020,,1,Meridian America Inc.,Meridian America Inc.,Paid,Shipping Out,Shipping Out,140.0,0,0
Display Technologies,INV-0377,2020-07-16,2020,,1,Meridian America Inc.,Meridian America Inc.,Paid,Shipping Out,Shipping Out,140.0,0,0
Display Technologies,INV-0377,2020-07-16,2020,,1,Meridian America Inc.,Meridian America Inc.,Paid,Shipping Out,Shipping Out,370.39,0,0
Display Technologies,CN-0378,2020-07-16,2020,DT-FRNT-270,1,Prime Solutions LLC,Prime Solutions LLC,Paid,Sales - Non Motorised On Wall Screens,Non Motorised On Wall Screens,-819.0,1,0
Display Technologies,INV-0379,2020-07-16,2020,,1,Apex Tech Scotland Ltd,Apex Tech Scotland Ltd,Paid,Sales - Non Motorised Mount Solutions,Non Motorised Mount Solutions,1500.0,1,1
Display Technologies,INV-0379,2020-07-16,2020,DT-SHIP,1.5,Apex Tech Scotland Ltd,Apex Tech Scotland Ltd,Paid,Shipping Out,Shipping Out,112.5,0,1
Display Technologies,1384,2020-07-17,2020,DT-PHG-1,1,Meridian America Inc.,Meridian America Inc.,Paid,Sales - Port Hole Glass,Port Hole Glass,975.0,1,0
Display Technologies,1384,2020-07-17,2020,DT-PHG-1,1,Meridian America Inc.,Meridian America Inc.,Paid,Sales - Port Hole Glass,Port Hole Glass,975.0,1,0
Display Technologies,INV-0380,2020-07-20,2020,,1,Immersive Design Studios,Immersive Design Studios,Paid,Freight Costs - Outward,Freight Costs - Outward,12503.26,0,0
Display Technologies,INV-0380,2020-07-20,2020,,1,Immersive Design Studios,Immersive Design Studios,Paid,Freight Costs - Outward,Freight Costs - Outward,2168.96,0,0
Display Technologies,1385,2020-07-23,2020,DT-FRNT-330,1,Genesis Home Technologies SL,Genesis Home Technologies SL,Paid,Sales - Non Motorised On Wall Screens,Non Motorised On Wall Screens,1228.5,1,0
Display Technologies,1385,2020-07-23,2020,,1,Genesis Home Technologies SL,Genesis Home Technologies SL,Paid,Sales - Image Surfaces,Image Surfaces,292.5,1,0
Display Technologies,INV-0381,2020-07-24,2020,,0,Meridian America Inc.,Meridian America Inc.,Paid,,,0.0,1,0
Display Technologies,INV-0381,2020-07-24,2020,,1,Meridian America Inc.,Meridian America Inc.,Paid,Shipping Out,Shipping Out,394.52,0,0
Display Technologies,INV-0382,2020-07-28,2020,DT-DYN-2S-XL-720,1,Apex Tech Scotland Ltd,Apex Tech Scotland Ltd,Paid,Sales - Motorised On Wall Screens,Motorised On Wall Screens,17160.0,1,1
Display Technologies,1387,2020-07-28,2020,DT-FRNT-300,1,Genesis Home Technologies SL,Genesis Home Technologies SL,Paid,Sales - Non Motorised On Wall Screens,Non Motorised On Wall Screens,1092.0,1,0
Display Technologies,1387,2020-07-28,2020,,1,Genesis Home Technologies SL,Genesis Home Technologies SL,Paid,Sales - Image Surfaces,Image Surfaces,195.0,1,0
Display Technologies,1388,2020-07-28,2020,,1,Meridian America Inc.,Meridian America Inc.,Paid,Sales - Non Motorised On Wall Screens,Non Motorised On Wall Screens,100.0,1,0
Display Technologies,1389,2020-07-29,2020,DT-DYN-2S-420,1,Meridian America Inc.,Meridian America Inc.,Paid,Sales - Motorised On Wall Screens,Motorised On Wall Screens,5967.0,1,0
Display Technologies,1389,2020-07-29,2020,,1,Meridian America Inc.,Meridian America Inc.,Paid,Sales - Image Surfaces,Image Surfaces,370.5,1,0
Display Technologies,1389,2020-07-29,2020,,1,Meridian America Inc.,Meridian America Inc.,Paid,Sales - Non Motorised Mount Solutions,Non Motorised Mount Solutions,975.0,1,0
Display Technologies,1389,2020-07-29,2020,DT-PHG-2,1,Meridian America Inc.,Meridian America Inc.,Paid,Sales - Port Hole Glass,Port Hole Glass,1170.0,1,0
Display Technologies,1390,2020-07-29,2020,DT-PHG-1,1,Genesis Home Technologies SL,Genesis Home Technologies SL,Paid,Sales - Port Hole Glass,Port Hole Glass,780.0,1,0
Display Technologies,1390,2020-07-29,2020,,1,Genesis Home Technologies SL,Genesis Home Technologies SL,Paid,Sales - Bespoke Solutions,Bespoke Solutions,950.0,1,0
Display Technologies,INV-0383,2020-07-31,2020,,1,Meridian America Inc.,Meridian America Inc.,Paid,Shipping Out,Shipping Out,420.89,0,0
Display Technologies,INV-0384,2020-07-31,2020,,2,Electrovista,Electrovista,Approved,Other Revenue,Other Revenue,140.0,0,0
Display Technologies,INV-0385,2020-07-31,2020,,1,Dzyn Ltd,Dzyn Ltd,Paid,Inter Company - Dzyn Ltd,Inter Company - Dzyn Ltd,3064.16,0,1
Display Technologies,INV-0383,2020-07-31,2020,,1,Meridian America Inc.,Meridian America Inc.,Paid,Shipping Out,Shipping Out,88.22,0,0
Display Technologies,INV-0383,2020-07-31,2020,,1,Meridian America Inc.,Meridian America Inc.,Paid,Shipping Out,Shipping Out,122.9,0,0
Display Technologies,INV-0383,2020-07-31,2020,,1,Meridian America Inc.,Meridian America Inc.,Paid,Shipping Out,Shipping Out,405.92,0,0
Display Technologies,1391,2020-07-31,2020,DT-FRNT-360,1,Meridian America Inc.,Meridian America Inc.,Paid,Sales - Non Motorised On Wall Screens,Non Motorised On Wall Screens,1365.0,1,0
Display Technologies,1391,2020-07-31,2020,,1,Meridian America Inc.,Meridian America Inc.,Paid,Sales - Image Surfaces,Image Surfaces,292.5,1,0
Display Technologies,1392,2020-07-31,2020,DT-FRNT-300,1,Meridian America Inc.,Meridian America Inc.,Paid,Sales - Non Motorised On Wall Screens,Non Motorised On Wall Screens,1092.0,1,0
Display Technologies,1392,2020-07-31,2020,,1,Meridian America Inc.,Meridian America Inc.,Paid,Sales - Image Surfaces,Image Surfaces,195.0,1,0
Display Technologies,1393,2020-08-06,2020,,1,Meridian America Inc.,Meridian America Inc.,Paid,Sales - Image Surfaces,Image Surfaces,331.5,1,0
Display Technologies,1393,2020-08-06,2020,,1,Meridian America Inc.,Meridian America Inc.,Paid,Sales - Image Surfaces,Image Surfaces,100.0,1,0
Display Technologies,1394,2020-08-07,2020,DT-DYN-AM-270,1,Special Elektronik,Special Elektronik,Paid,Sales - Motorised On Wall Screens,Motorised On Wall Screens,2260.05,1,0
Display Technologies,1394,2020-08-07,2020,,1,Special Elektronik,Special Elektronik,Paid,Sales - Image Surfaces,Image Surfaces,222.3,1,0
Display Technologies,1395,2020-08-10,2020,DT-CNTP-360,1,Meridian America Inc.,Meridian America Inc.,Paid,Sales - Non Motorised On Wall Screens,Non Motorised On Wall Screens,1111.5,1,0
Display Technologies,1395,2020-08-10,2020,,1,Meridian America Inc.,Meridian America Inc.,Paid,Sales - Image Surfaces,Image Surfaces,292.5,1,0
Display Technologies,1396,2020-08-11,2020,DT-VMM-UP,1,Meridian Audio Ltd,Meridian Audio Ltd,Paid,Sales - Non Motorised Mount Solutions,Non Motorised Mount Solutions,975.0,1,0
Display Technologies,1396,2020-08-11,2020,DT-SHIP,1,Meridian Audio Ltd,Meridian Audio Ltd,Paid,Shipping Out,Shipping Out,75.0,0,0
Display Technologies,1397,2020-08-11,2020,DT-FRNT-300,1,Meridian America Inc.,Meridian America Inc.,Paid,Sales - Non Motorised On Wall Screens,Non Motorised On Wall Screens,1092.0,1,0
Display Technologies,1397,2020-08-11,2020,,1,Meridian America Inc.,Meridian America Inc.,Paid,Sales - Image Surfaces,Image Surfaces,195.0,1,0
Display Technologies,INV-0387,2020-08-17,2020,,1,Meridian America Inc.,Meridian America Inc.,Paid,Shipping Out,Shipping Out,395.52,0,0
Display Technologies,INV-0387,2020-08-17,2020,,0,Meridian America Inc.,Meridian America Inc.,Paid,,,0.0,1,0
Display Technologies,1398,2020-08-17,2020,DT-CNTP-510,1,Meridian America Inc.,Meridian America Inc.,Paid,Sales - Non Motorised On Wall Screens,Non Motorised On Wall Screens,1950.0,1,0
Display Technologies,1398,2020-08-17,2020,,1,Meridian America Inc.,Meridian America Inc.,Paid,Sales - Image Surfaces,Image Surfaces,546.0,1,0
Display Technologies,1398,2020-08-17,2020,DT-PHG-1,1,Meridian America Inc.,Meridian America Inc.,Paid,Sales - Port Hole Glass,Port Hole Glass,975.0,1,0
Display Technologies,1398,2020-08-17,2020,,1,Meridian America Inc.,Meridian America Inc.,Paid,Sales - Mechanics,Mechanics,370.5,1,0
Display Technologies,1398,2020-08-17,2020,,2,Meridian America Inc.,Meridian America Inc.,Paid,Sales - Mechanics,Mechanics,1248.0,1,0
Display Technologies,1398,2020-08-17,2020,,1,Meridian America Inc.,Meridian America Inc.,Paid,Sales - Mechanics,Mechanics,2340.0,1,0
Display Technologies,1398,2020-08-17,2020,,1,Meridian America Inc.,Meridian America Inc.,Paid,Sales - Non Motorised Mount Solutions,Non Motorised Mount Solutions,780.0,1,0
Display Technologies,1399,2020-08-17,2020,DT-CNTP-330,1,Meridian America Inc.,Meridian America Inc.,Paid,Sales - Non Motorised On Wall Screens,Non Motorised On Wall Screens,994.5,1,0
Display Technologies,1399,2020-08-17,2020,,1,Meridian America Inc.,Meridian America Inc.,Paid,Sales - Image Surfaces,Image Surfaces,234.0,1,0
Display Technologies,1400,2020-08-17,2020,DT-PHG-1,1,GR Media Solutions,GR Media Solutions,Paid,Sales - Port Hole Glass,Port Hole Glass,975.0,1,0
Display Technologies,INV-0387,2020-08-17,2020,,1,Meridian America Inc.,Meridian America Inc.,Paid,Shipping Out,Shipping Out,390.49,0,0
Display Technologies,1401,2020-08-19,2020,DT-FRNT-450,1,Apex Tech Scotland Ltd,Apex Tech Scotland Ltd,Paid,Sales - Non Motorised On Wall Screens,Non Motorised On Wall Screens,1950.0,1,1
Display Technologies,1401,2020-08-19,2020,,1,Apex Tech Scotland Ltd,Apex Tech Scotland Ltd,Paid,Sales - Image Surfaces,Image Surfaces,429.0,1,1
Display Technologies,1402,2020-08-19,2020,DT-FRNT-270,1,Meridian Audio Ltd,Meridian Audio Ltd,Paid,Sales - Non Motorised On Wall Screens,Non Motorised On Wall Screens,828.75,1,0
Display Technologies,1402,2020-08-19,2020,,1,Meridian Audio Ltd,Meridian Audio Ltd,Paid,Sales - Image Surfaces,Image Surfaces,149.18,1,0
Display Technologies,1403,2020-08-21,2020,DT-FRNT-390,1,Genesis Home Technologies SL,Genesis Home Technologies SL,Paid,Sales - Non Motorised On Wall Screens,Non Motorised On Wall Screens,1540.5,1,0
Display Technologies,1403,2020-08-21,2020,,1,Genesis Home Technologies SL,Genesis Home Technologies SL,Paid,Sales - Image Surfaces,Image Surfaces,331.5,1,0
Display Technologies,1404,2020-08-21,2020,DT-DYN-2S-450,1,Genesis Home Technologies SL,Genesis Home Technologies SL,Paid,Sales - Motorised On Wall Screens,Motorised On Wall Screens,6610.5,1,0
Display Technologies,1404,2020-08-21,2020,,1,Genesis Home Technologies SL,Genesis Home Technologies SL,Paid,Sales - Image Surfaces,Image Surfaces,429.0,1,0
Display Technologies,1404,2020-08-21,2020,DT-PHG-2,1,Genesis Home Technologies SL,Genesis Home Technologies SL,Paid,Sales - Port Hole Glass,Port Hole Glass,1170.0,1,0
Display Technologies,1405,2020-08-24,2020,DT-FRNT-330,1,Genesis Home Technologies SL,Genesis Home Technologies SL,Paid,Sales - Non Motorised On Wall Screens,Non Motorised On Wall Screens,1228.5,1,0
Display Technologies,1405,2020-08-24,2020,,1,Genesis Home Technologies SL,Genesis Home Technologies SL,Paid,Sales - Image Surfaces,Image Surfaces,234.0,1,0
Display Technologies,1407,2020-08-25,2020,DT-CNTP-300,1,Sphere Custom Design,Sphere Custom Design,Paid,Sales - Non Motorised On Wall Screens,Non Motorised On Wall Screens,877.5,1,0
Display Technologies,1407,2020-08-25,2020,,1,Sphere Custom Design,Sphere Custom Design,Paid,Sales - Image Surfaces,Image Surfaces,195.0,1,0
Display Technologies,1406,2020-08-25,2020,DT-FRNT-360,1,Genesis Technologies AG (Deutschland).,Genesis Technologies AG (Deutschland).,Paid,Sales - Non Motorised On Wall Screens,Non Motorised On Wall Screens,1228.5,1,0
Display Technologies,1406,2020-08-25,2020,,1,Genesis Technologies AG (Deutschland).,Genesis Technologies AG (Deutschland).,Paid,Sales - Image Surfaces,Image Surfaces,263.25,1,0
Display Technologies,1406,2020-08-25,2020,,0,Genesis Technologies AG (Deutschland).,Genesis Technologies AG (Deutschland).,Paid,,,0.0,1,0
Display Technologies,1408,2020-08-25,2020,,1,Meridian America Inc.,Meridian America Inc.,Paid,Sales - Non Motorised Mount Solutions,Non Motorised Mount Solutions,1755.0,1,0
Display Technologies,INV-0388,2020-08-26,2020,,1,TPI Cinema Ltd,TPI Cinema Ltd,Approved,Other Revenue,Other Revenue,2916.67,0,0
Display Technologies,1409,2020-08-28,2020,DT-FRNT-270,1,Apex Tech Scotland Ltd,Apex Tech Scotland Ltd,Paid,Sales - Non Motorised On Wall Screens,Non Motorised On Wall Screens,975.0,1,1
Display Technologies,1409,2020-08-28,2020,,1,Apex Tech Scotland Ltd,Apex Tech Scotland Ltd,Paid,Sales - Image Surfaces,Image Surfaces,175.5,1,1
Display Technologies,INV-0389,2020-09-02,2020,,1,AV Nirvana India,AV Nirvana India,Paid,Sales - Non Motorised On Wall Screens,Non Motorised On Wall Screens,7500.0,1,0
Display Technologies,INV-0390,2020-09-02,2020,,1,AV Nirvana India,AV Nirvana India,Paid,Sales - Non Motorised On Wall Screens,Non Motorised On Wall Screens,7500.0,1,0
Display Technologies,INV-0390,2020-09-02,2020,,1,AV Nirvana India,AV Nirvana India,Paid,,,0.0,1,0
Display Technologies,INV-0391,2020-09-07,2020,,0,Meridian America Inc.,Meridian America Inc.,Paid,,,0.0,1,0
Display Technologies,INV-0391,2020-09-07,2020,,1,Meridian America Inc.,Meridian America Inc.,Paid,Shipping Out,Shipping Out,375.42,0,0
Display Technologies,INV-0391,2020-09-07,2020,,1,Meridian America Inc.,Meridian America Inc.,Paid,Shipping Out,Shipping Out,350.29,0,0
Display Technologies,INV-0391,2020-09-07,2020,,1,Meridian America Inc.,Meridian America Inc.,Paid,Shipping Out,Shipping Out,335.1,0,0
Display Technologies,1410,2020-09-07,2020,DT-FRNT-420,1,Zene Private Theater,Zene Private Theater,Paid,Sales - Non Motorised On Wall Screens,Non Motorised On Wall Screens,1735.5,1,0
Display Technologies,1410,2020-09-07,2020,,1,Zene Private Theater,Zene Private Theater,Paid,Sales - Image Surfaces,Image Surfaces,370.5,1,0
Display Technologies,1415,2020-09-08,2020,,1,Meridian America Inc.,Meridian America Inc.,Paid,,,0.0,1,0
Display Technologies,1414,2020-09-08,2020,,5,Zene Private Theater,Zene Private Theater,Paid,Sales - Image Surfaces,Image Surfaces,1852.5,1,0
Display Technologies,1414,2020-09-08,2020,,5,Zene Private Theater,Zene Private Theater,Paid,Sales - Image Surfaces,Image Surfaces,2437.5,1,0
Display Technologies,1414,2020-09-08,2020,,5,Zene Private Theater,Zene Private Theater,Paid,Sales - Image Surfaces,Image Surfaces,975.0,1,0
Display Technologies,1414,2020-09-08,2020,,5,Zene Private Theater,Zene Private Theater,Paid,Sales - Image Surfaces,Image Surfaces,1462.5,1,0
Display Technologies,1413,2020-09-08,2020,DT-DYN-2TB-330,1,Deco 2000 Co. Ltd.,Deco 2000 Co. Ltd.,Paid,Sales - Motorised On Wall Screens,Motorised On Wall Screens,4524.0,1,0
Display Technologies,1413,2020-09-08,2020,,1,Deco 2000 Co. Ltd.,Deco 2000 Co. Ltd.,Paid,Sales - Image Surfaces,Image Surfaces,214.5,1,0
Display Technologies,1412,2020-09-08,2020,DT-FRNT-420,1,Prime Solutions LLC,Prime Solutions LLC,Paid,Sales - Non Motorised On Wall Screens,Non Motorised On Wall Screens,1735.5,1,0
Display Technologies,1412,2020-09-08,2020,,1,Prime Solutions LLC,Prime Solutions LLC,Paid,Sales - Image Surfaces,Image Surfaces,370.5,1,0
Display Technologies,1416,2020-09-11,2020,DT-DYN-2S-420,1,Apex Technologies USA,Apex Technologies USA,Paid,Sales - Motorised On Wall Screens,Motorised On Wall Screens,5967.0,1,0
Display Technologies,1416,2020-09-11,2020,,1,Apex Technologies USA,Apex Technologies USA,Paid,Sales - Image Surfaces,Image Surfaces,370.5,1,0
Display Technologies,1417,2020-09-11,2020,DT-FRNT-450,1,Prime Solutions LLC,Prime Solutions LLC,Paid,Sales - Non Motorised On Wall Screens,Non Motorised On Wall Screens,1950.0,1,0
Display Technologies,1417,2020-09-11,2020,,1,Prime Solutions LLC,Prime Solutions LLC,Paid,Sales - Image Surfaces,Image Surfaces,429.0,1,0
Display Technologies,INV-0392,2020-09-14,2020,,0,Meridian America Inc.,Meridian America Inc.,Paid,,,0.0,1,0
Display Technologies,INV-0392,2020-09-14,2020,,1,Meridian America Inc.,Meridian America Inc.,Paid,Shipping Out,Shipping Out,320.14,0,0
Display Technologies,1418,2020-09-14,2020,,1,Apex Technologies USA,Apex Technologies USA,Paid,Sales - Non Motorised Mount Solutions,Non Motorised Mount Solutions,975.0,1,0
Display Technologies,1418,2020-09-14,2020,DT-PHG-1,1,Apex Technologies USA,Apex Technologies USA,Paid,Sales - Port Hole Glass,Port Hole Glass,975.0,1,0
Display Technologies,INV-0393,2020-09-14,2020,,0,Meridian Audio Ltd,Meridian Audio Ltd,Paid,,,0.0,1,0
Display Technologies,INV-0393,2020-09-14,2020,,1,Meridian Audio Ltd,Meridian Audio Ltd,Paid,Shipping Out,Shipping Out,75.0,0,0
Display Technologies,INV-0392,2020-09-14,2020,,1,Meridian America Inc.,Meridian America Inc.,Paid,Shipping Out,Shipping Out,1076.77,0,0
Display Technologies,INV-0392,2020-09-14,2020,,1,Meridian America Inc.,Meridian America Inc.,Paid,Shipping Out,Shipping Out,55.0,0,0
Display Technologies,INV-0392,2020-09-14,2020,,1,Meridian America Inc.,Meridian America Inc.,Paid,Shipping Out,Shipping Out,135.0,0,0
Display Technologies,1419,2020-09-17,2020,,1,Apex Technologies USA,Apex Technologies USA,Paid,Sales - Non Motorised Mount Solutions,Non Motorised Mount Solutions,292.5,1,0
Display Technologies,1420,2020-09-17,2020,,1,Apex Technologies USA,Apex Technologies USA,Paid,Sales - Non Motorised Mount Solutions,Non Motorised Mount Solutions,975.0,1,0
Display Technologies,INV-0394,2020-09-22,2020,,1,Apex Technologies USA,Apex Technologies USA,Paid,Shipping Out,Shipping Out,1080.96,0,0
Display Technologies,INV-0394,2020-09-22,2020,,1,Apex Technologies USA,Apex Technologies USA,Paid,Shipping Out,Shipping Out,135.0,0,0
Display Technologies,INV-0395,2020-09-22,2020,DT-SHIP,1,Apex Tech Scotland Ltd,Apex Tech Scotland Ltd,Paid,Shipping Out,Shipping Out,75.0,0,1
Display Technologies,INV-0394,2020-09-22,2020,,0,Apex Technologies USA,Apex Technologies USA,Paid,,,0.0,1,0
Display Technologies,INV-0394,2020-09-22,2020,,1,Apex Technologies USA,Apex Technologies USA,Paid,Shipping Out,Shipping Out,152.4,0,0
Display Technologies,INV-0395,2020-09-22,2020,,0,Apex Tech Scotland Ltd,Apex Tech Scotland Ltd,Paid,,,0.0,1,1
Display Technologies,INV-0394,2020-09-22,2020,,1,Apex Technologies USA,Apex Technologies USA,Paid,Shipping Out,Shipping Out,115.0,0,0
Display Technologies,INV-0394,2020-09-22,2020,,1,Apex Technologies USA,Apex Technologies USA,Paid,Shipping Out,Shipping Out,115.0,0,0
Display Technologies,INV-0394,2020-09-22,2020,,1,Apex Technologies USA,Apex Technologies USA,Paid,Shipping Out,Shipping Out,325.0,0,0
Display Technologies,INV-0394,2020-09-22,2020,,1,Apex Technologies USA,Apex Technologies USA,Paid,Shipping Out,Shipping Out,118.12,0,0
Display Technologies,1421,2020-09-28,2020,DT-DYN-2TB-XL-600,1,Apex Technologies USA,Apex Technologies USA,Paid,Sales - Motorised On Wall Screens,Motorised On Wall Screens,14695.2,1,0
Display Technologies,1421,2020-09-28,2020,,1,Apex Technologies USA,Apex Technologies USA,Paid,Sales - Image Surfaces,Image Surfaces,741.0,1,0
Display Technologies,1422,2020-09-28,2020,DT-DYN-4-XL-600,1,Apex Technologies USA,Apex Technologies USA,Paid,Sales - Motorised On Wall Screens,Motorised On Wall Screens,17854.2,1,0
Display Technologies,1422,2020-09-28,2020,,1,Apex Technologies USA,Apex Technologies USA,Paid,Sales - Image Surfaces,Image Surfaces,741.0,1,0
Display Technologies,1423,2020-09-28,2020,DT-PHG-1,1,Genesis Home Technologies SL,Genesis Home Technologies SL,Paid,Sales - Port Hole Glass,Port Hole Glass,975.0,1,0
Display Technologies,1424,2020-09-28,2020,,1,Apex Technologies USA,Apex Technologies USA,Paid,Sales - Non Motorised On Wall Screens,Non Motorised On Wall Screens,100.0,1,0
Display Technologies,1425,2020-09-28,2020,,1,Apex Technologies USA,Apex Technologies USA,Paid,Sales - Non Motorised On Wall Screens,Non Motorised On Wall Screens,100.0,1,0
Display Technologies,1426,2020-09-28,2020,DT-FRNT-360,1,Apex Technologies USA,Apex Technologies USA,Paid,Sales - Non Motorised On Wall Screens,Non Motorised On Wall Screens,1228.5,1,0
Display Technologies,1426,2020-09-28,2020,,1,Apex Technologies USA,Apex Technologies USA,Paid,Sales - Image Surfaces,Image Surfaces,263.25,1,0
Display Technologies,1426,2020-09-28,2020,,1,Apex Technologies USA,Apex Technologies USA,Paid,Sales - Non Motorised Mount Solutions,Non Motorised Mount Solutions,877.5,1,0
Display Technologies,1426,2020-09-28,2020,DT-M-200,2,Apex Technologies USA,Apex Technologies USA,Paid,Sales - Mistral,Mistral,842.4,1,0
Display Technologies,1426,2020-09-28,2020,DT-M-C,1,Apex Technologies USA,Apex Technologies USA,Paid,Sales - Mistral,Mistral,351.0,1,0
Display Technologies,1428,2020-10-02,2020,,1,Genesis Home Technologies SL,Genesis Home Technologies SL,Paid,Sales - Non Motorised Mount Solutions,Non Motorised Mount Solutions,292.5,1,0
Display Technologies,1427,2020-10-02,2020,,1,Genesis Technologies AG,Genesis Technologies AG,Paid,Sales - Bespoke Solutions,Bespoke Solutions,150.0,1,0
Display Technologies,1430,2020-10-06,2020,DT-DYN-2S-360,1,Apex Technologies USA,Apex Technologies USA,Paid,Sales - Motorised On Wall Screens,Motorised On Wall Screens,4875.0,1,0
Display Technologies,1430,2020-10-06,2020,,1,Apex Technologies USA,Apex Technologies USA,Paid,Sales - Image Surfaces,Image Surfaces,292.5,1,0
Display Technologies,1430,2020-10-06,2020,,1,Apex Technologies USA,Apex Technologies USA,Paid,Sales - Motorised Mount Solutions,Motorised Mount Solutions,2925.0,1,0
Display Technologies,1430,2020-10-06,2020,,2,Apex Technologies USA,Apex Technologies USA,Paid,Sales - Mechanics,Mechanics,1250.0,1,0
Display Technologies,1430,2020-10-06,2020,,1,Apex Technologies USA,Apex Technologies USA,Paid,Sales - Mechanics,Mechanics,390.0,1,0
Display Technologies,1431,2020-10-08,2020,DT-FRNT-360,1,Apex Technologies USA,Apex Technologies USA,Paid,Sales - Non Motorised On Wall Screens,Non Motorised On Wall Screens,1365.0,1,0
Display Technologies,1431,2020-10-08,2020,,1,Apex Technologies USA,Apex Technologies USA,Paid,Sales - Image Surfaces,Image Surfaces,292.5,1,0
Display Technologies,1433,2020-10-12,2020,,1,Apex Technologies USA,Apex Technologies USA,Paid,Sales - Non Motorised Mount Solutions,Non Motorised Mount Solutions,295.0,1,0
Display Technologies,1434,2020-10-13,2020,DT-DYN-2TB-390,1,Apex Technologies USA,Apex Technologies USA,Paid,Sales - Motorised On Wall Screens,Motorised On Wall Screens,5577.0,1,0
Display Technologies,1434,2020-10-13,2020,,1,Apex Technologies USA,Apex Technologies USA,Paid,Sales - Image Surfaces,Image Surfaces,331.5,1,0
Display Technologies,1436,2020-10-14,2020,,1,Apex Technologies USA,Apex Technologies USA,Paid,Sales - Non Motorised Mount Solutions,Non Motorised Mount Solutions,400.0,1,0
Display Technologies,1435,2020-10-14,2020,DT-FRNT-360,1,Apex Technologies USA,Apex Technologies USA,Paid,Sales - Non Motorised On Wall Screens,Non Motorised On Wall Screens,1365.0,1,0
Display Technologies,1435,2020-10-14,2020,,1,Apex Technologies USA,Apex Technologies USA,Paid,Sales - Image Surfaces,Image Surfaces,292.5,1,0
Display Technologies,1437,2020-10-19,2020,DT-PHG-1,1,Apex Technologies USA,Apex Technologies USA,Paid,Sales - Port Hole Glass,Port Hole Glass,975.0,1,0
Display Technologies,1438,2020-10-20,2020,DT-FRNT-270,1,Meridian Audio Ltd,Meridian Audio Ltd,Paid,Sales - Non Motorised On Wall Screens,Non Motorised On Wall Screens,975.0,1,0
Display Technologies,1439,2020-10-22,2020,,1,Special Elektronik,Special Elektronik,Approved,Sales - Non Motorised On Wall Screens,Non Motorised On Wall Screens,100.0,1,0
Display Technologies,CN-0396,2020-10-27,2020,DT-FRNT-270,1,Meridian Audio Ltd,Meridian Audio Ltd,Paid,Sales - Non Motorised On Wall Screens,Non Motorised On Wall Screens,-245.0,1,0
Display Technologies,CN-0396,2020-10-27,2020,,0,Meridian Audio Ltd,Meridian Audio Ltd,Paid,,,0.0,1,0
Display Technologies,INV-1436,2020-10-27,2020,,1,Apex Technologies USA,Apex Technologies USA,Paid,Sales - Non Motorised Mount Solutions,Non Motorised Mount Solutions,600.0,1,0
Display Technologies,1440,2020-10-27,2020,DT-DYN-2S-420,1,Genesis Home Technologies SL,Genesis Home Technologies SL,Paid,Sales - Motorised On Wall Screens,Motorised On Wall Screens,5967.0,1,0
Display Technologies,1440,2020-10-27,2020,,1,Genesis Home Technologies SL,Genesis Home Technologies SL,Paid,Sales - Image Surfaces,Image Surfaces,370.5,1,0
Display Technologies,1440,2020-10-27,2020,,1,Genesis Home Technologies SL,Genesis Home Technologies SL,Paid,Sales - Non Motorised Mount Solutions,Non Motorised Mount Solutions,975.0,1,0
Display Technologies,1441,2020-10-27,2020,DT-FRNT-360,1,Apex Technologies USA,Apex Technologies USA,Paid,Sales - Non Motorised On Wall Screens,Non Motorised On Wall Screens,1365.0,1,0
Display Technologies,1441,2020-10-27,2020,,1,Apex Technologies USA,Apex Technologies USA,Paid,Sales - Image Surfaces,Image Surfaces,292.5,1,0
Display Technologies,1442,2020-10-29,2020,DT-FRNT-360,1,Apex Technologies USA,Apex Technologies USA,Paid,Sales - Non Motorised On Wall Screens,Non Motorised On Wall Screens,1365.0,1,0
Display Technologies,1442,2020-10-29,2020,,1,Apex Technologies USA,Apex Technologies USA,Paid,Sales - Image Surfaces,Image Surfaces,292.5,1,0
Display Technologies,INV-0397,2020-10-30,2020,,0,Apex Technologies USA,Apex Technologies USA,Paid,,,0.0,1,0
Display Technologies,INV-0397,2020-10-30,2020,,1,Apex Technologies USA,Apex Technologies USA,Paid,Shipping Out,Shipping Out,125.0,0,0
Display Technologies,INV-0398,2020-10-30,2020,,1,P Farrow & Sons Ltd,P Farrow & Sons Ltd,Paid,Sales - Other Screens,Other Screens,480.0,1,0
Display Technologies,INV-0397,2020-10-30,2020,,1,Apex Technologies USA,Apex Technologies USA,Paid,Shipping Out,Shipping Out,265.37,0,0
Display Technologies,INV-0397,2020-10-30,2020,,1,Apex Technologies USA,Apex Technologies USA,Paid,Shipping Out,Shipping Out,38.67,0,0
Display Technologies,INV-0397,2020-10-30,2020,,1,Apex Technologies USA,Apex Technologies USA,Paid,Shipping Out,Shipping Out,270.39,0,0
Display Technologies,INV-0397,2020-10-30,2020,,1,Apex Technologies USA,Apex Technologies USA,Paid,Shipping Out,Shipping Out,295.52,0,0
Display Technologies,1444,2020-11-03,2020,DT-MMD,1,Apex Technologies USA,Apex Technologies USA,Paid,Sales - Motorised Mount Solutions,Motorised Mount Solutions,2925.0,1,0
Display Technologies,INV-0400,2020-11-04,2020,,1,Meridian Audio Ltd,Meridian Audio Ltd,Paid,Sales - Non Motorised Mount Solutions,Non Motorised Mount Solutions,380.4,1,0
Display Technologies,INV-0400,2020-11-04,2020,,1,Meridian Audio Ltd,Meridian Audio Ltd,Paid,Freight Costs - Outward,Freight Costs - Outward,40.0,0,0
Display Technologies,1451,2020-11-05,2020,,1,Apex Technologies USA,Apex Technologies USA,Paid,Sales - Non Motorised Mount Solutions,Non Motorised Mount Solutions,780.0,1,0
Display Technologies,1452,2020-11-05,2020,,1,Apex Technologies USA,Apex Technologies USA,Paid,Sales - Motorised Mount Solutions,Motorised Mount Solutions,2925.0,1,0
Display Technologies,1453,2020-11-05,2020,DT-FRNT-390,1,Apex Technologies USA,Apex Technologies USA,Paid,Sales - Non Motorised On Wall Screens,Non Motorised On Wall Screens,1540.5,1,0
Display Technologies,1453,2020-11-05,2020,,1,Apex Technologies USA,Apex Technologies USA,Paid,Sales - Image Surfaces,Image Surfaces,331.5,1,0
Display Technologies,1454,2020-11-10,2020,DT-CNTP-300,1,Deco 2000 Co. Ltd.,Deco 2000 Co. Ltd.,Paid,Sales - Non Motorised On Wall Screens,Non Motorised On Wall Screens,877.5,1,0
Display Technologies,1454,2020-11-10,2020,,1,Deco 2000 Co. Ltd.,Deco 2000 Co. Ltd.,Paid,Sales - Image Surfaces,Image Surfaces,292.5,1,0
Display Technologies,INV-0401,2020-11-10,2020,,1,Jacobs Goossenaerts bvba,Jacobs Goossenaerts bvba,Paid,Sales - Non Motorised On Wall Screens,Non Motorised On Wall Screens,6676.44,1,0
Display Technologies,INV-0401,2020-11-10,2020,,0,Jacobs Goossenaerts bvba,Jacobs Goossenaerts bvba,Paid,,,0.0,1,0
Display Technologies,INV-0401,2020-11-10,2020,,1,Jacobs Goossenaerts bvba,Jacobs Goossenaerts bvba,Paid,Shipping Out,Shipping Out,500.0,0,0
Display Technologies,INV-0401,2020-11-10,2020,,11.52,Jacobs Goossenaerts bvba,Jacobs Goossenaerts bvba,Paid,Sales - Non Motorised On Wall Screens,Non Motorised On Wall Screens,345.6,1,0
Display Technologies,INV-0402,2020-11-10,2020,,0,Apex Technologies USA,Apex Technologies USA,Paid,,,0.0,1,0
Display Technologies,INV-0402,2020-11-10,2020,,1,Apex Technologies USA,Apex Technologies USA,Paid,Shipping Out,Shipping Out,305.57,0,0
Display Technologies,1455,2020-11-10,2020,,1,Apex Technologies USA,Apex Technologies USA,Paid,Sales - Non Motorised On Wall Screens,Non Motorised On Wall Screens,100.0,1,0
Display Technologies,1455,2020-11-10,2020,,1,Apex Technologies USA,Apex Technologies USA,Paid,Sales - Non Motorised On Wall Screens,Non Motorised On Wall Screens,100.0,1,0
Display Technologies,INV-0402,2020-11-10,2020,,1,Apex Technologies USA,Apex Technologies USA,Paid,Shipping Out,Shipping Out,109.78,0,0
Display Technologies,1456,2020-11-11,2020,DT-FRNT-330,1,Deco 2000 Co. Ltd.,Deco 2000 Co. Ltd.,Paid,Sales - Non Motorised On Wall Screens,Non Motorised On Wall Screens,1228.5,1,0
Display Technologies,1456,2020-11-11,2020,,1,Deco 2000 Co. Ltd.,Deco 2000 Co. Ltd.,Paid,Sales - Image Surfaces,Image Surfaces,214.5,1,0
Display Technologies,1457,2020-11-12,2020,,1,Apex Technologies USA,Apex Technologies USA,Paid,Sales - Other Screens,Other Screens,250.0,1,0
Display Technologies,1458,2020-11-13,2020,DT-FRNT-360,1,Genesis Home Technologies SL,Genesis Home Technologies SL,Paid,Sales - Non Motorised On Wall Screens,Non Motorised On Wall Screens,1365.0,1,0
Display Technologies,1458,2020-11-13,2020,,1,Genesis Home Technologies SL,Genesis Home Technologies SL,Paid,Sales - Image Surfaces,Image Surfaces,292.5,1,0
Display Technologies,1459,2020-11-16,2020,DT-FRNT-390,1,Apex Tech Scotland Ltd,Apex Tech Scotland Ltd,Paid,Sales - Non Motorised On Wall Screens,Non Motorised On Wall Screens,1540.5,1,1
Display Technologies,1459,2020-11-16,2020,,1,Apex Tech Scotland Ltd,Apex Tech Scotland Ltd,Paid,Sales - Image Surfaces,Image Surfaces,331.5,1,1
Display Technologies,INV-0403,2020-11-16,2020,DT-CNTP-330,1,Deco 2000 Co. Ltd.,Deco 2000 Co. Ltd.,Paid,Sales - Non Motorised On Wall Screens,Non Motorised On Wall Screens,994.5,1,0
Display Technologies,INV-0403,2020-11-16,2020,,1,Deco 2000 Co. Ltd.,Deco 2000 Co. Ltd.,Paid,Sales - Image Surfaces,Image Surfaces,234.0,1,0
Display Technologies,1461,2020-11-16,2020,,1,Apex Technologies USA,Apex Technologies USA,Paid,Sales - Non Motorised Mount Solutions,Non Motorised Mount Solutions,292.5,1,0
Display Technologies,1463,2020-11-17,2020,,1,Apex Technologies USA,Apex Technologies USA,Paid,Sales - Non Motorised Mount Solutions,Non Motorised Mount Solutions,292.5,1,0
Display Technologies,1464,2020-11-17,2020,DT-PHG-1,1,Apex Technologies USA,Apex Technologies USA,Paid,Sales - Port Hole Glass,Port Hole Glass,975.0,1,0
Display Technologies,INV-0404,2020-11-17,2020,,1,Meridian America Inc.,Meridian America Inc.,Paid,Shipping Out,Shipping Out,1448.81,0,0
Display Technologies,INV-0405,2020-11-17,2020,,1,Meridian America Inc.,Meridian America Inc.,Paid,Shipping Out,Shipping Out,1546.46,0,0
Display Technologies,INV-0406,2020-11-17,2020,,1,Meridian America Inc.,Meridian America Inc.,Paid,Shipping Out,Shipping Out,2845.53,0,0
Display Technologies,INV-0407,2020-11-17,2020,,1,Apex Technologies USA,Apex Technologies USA,Paid,Shipping Out,Shipping Out,1804.5,0,0
Display Technologies,1465,2020-11-18,2020,DT-PHG-2,1,Apex Technologies USA,Apex Technologies USA,Paid,Sales - Port Hole Glass,Port Hole Glass,1170.0,1,0
Display Technologies,1465,2020-11-18,2020,,1,Apex Technologies USA,Apex Technologies USA,Paid,Sales - Non Motorised Mount Solutions,Non Motorised Mount Solutions,975.0,1,0
Display Technologies,INV-0408,2020-11-20,2020,,0,Apex Technologies USA,Apex Technologies USA,Paid,,,0.0,1,0
Display Technologies,INV-0408,2020-11-20,2020,,1,Apex Technologies USA,Apex Technologies USA,Paid,Shipping Out,Shipping Out,113.12,0,0
Display Technologies,INV-0408,2020-11-20,2020,,1,Apex Technologies USA,Apex Technologies USA,Paid,Shipping Out,Shipping Out,113.12,0,0
Display Technologies,INV-0408,2020-11-20,2020,,1,Apex Technologies USA,Apex Technologies USA,Paid,Shipping Out,Shipping Out,315.62,0,0
Display Technologies,INV-0408,2020-11-20,2020,,1,Apex Technologies USA,Apex Technologies USA,Paid,Shipping Out,Shipping Out,315.62,0,0
Display Technologies,1466,2020-11-20,2020,,1,Apex Technologies USA,Apex Technologies USA,Paid,Sales - Non Motorised Mount Solutions,Non Motorised Mount Solutions,292.5,1,0
Display Technologies,1469,2020-11-23,2020,,2,Apex Technologies USA,Apex Technologies USA,Paid,Sales - Mechanics,Mechanics,1248.0,1,0
Display Technologies,1469,2020-11-23,2020,,1,Apex Technologies USA,Apex Technologies USA,Paid,Sales - Mechanics,Mechanics,390.0,1,0
Display Technologies,1470,2020-11-24,2020,DT-FRNT-390,1,Zene Private Theater,Zene Private Theater,Paid,Sales - Non Motorised On Wall Screens,Non Motorised On Wall Screens,1540.5,1,0
Display Technologies,1470,2020-11-24,2020,,1,Zene Private Theater,Zene Private Theater,Paid,Sales - Image Surfaces,Image Surfaces,331.5,1,0
Display Technologies,1471,2020-11-25,2020,DT-FRNT-480,1,Apex Technologies USA,Apex Technologies USA,Paid,Sales - Non Motorised On Wall Screens,Non Motorised On Wall Screens,2203.5,1,0
Display Technologies,1471,2020-11-25,2020,,1,Apex Technologies USA,Apex Technologies USA,Paid,Sales - Image Surfaces,Image Surfaces,487.5,1,0
Display Technologies,1471,2020-11-25,2020,,1,Apex Technologies USA,Apex Technologies USA,Paid,Sales - Non Motorised Mount Solutions,Non Motorised Mount Solutions,1200.0,1,0
Display Technologies,1473,2020-11-26,2020,DT-PHG-1,1,Meridian Audio Ltd,Meridian Audio Ltd,Paid,Sales - Port Hole Glass,Port Hole Glass,975.0,1,0
Display Technologies,INV-0409,2020-11-26,2020,,0,Apex Technologies USA,Apex Technologies USA,Approved,,,0.0,1,0
Display Technologies,INV-0409,2020-11-26,2020,,1,Apex Technologies USA,Apex Technologies USA,Approved,Shipping Out,Shipping Out,61.9,0,0
Display Technologies,1474,2020-11-26,2020,,1,Prime Solutions LLC,Prime Solutions LLC,Paid,Sales - Image Surfaces,Image Surfaces,100.0,1,0
Display Technologies,INV-0409,2020-11-26,2020,,1,Apex Technologies USA,Apex Technologies USA,Approved,Shipping Out,Shipping Out,624.77,0,0
Display Technologies,INV-0409,2020-11-26,2020,,1,Apex Technologies USA,Apex Technologies USA,Approved,Shipping Out,Shipping Out,26.27,0,0
Display Technologies,1477,2020-12-02,2020,,1,Apex Technologies USA,Apex Technologies USA,Paid,Sales - Non Motorised Mount Solutions,Non Motorised Mount Solutions,590.0,1,0
Display Technologies,1475,2020-12-02,2020,DT-FRNT-300,1,Genesis Home Technologies SL,Genesis Home Technologies SL,Paid,Sales - Non Motorised On Wall Screens,Non Motorised On Wall Screens,1092.0,1,0
Display Technologies,1475,2020-12-02,2020,,1,Genesis Home Technologies SL,Genesis Home Technologies SL,Paid,Sales - Image Surfaces,Image Surfaces,195.0,1,0
Display Technologies,1476,2020-12-03,2020,DT-FRNT-300,1,Genesis Home Technologies SL,Genesis Home Technologies SL,Paid,Sales - Non Motorised On Wall Screens,Non Motorised On Wall Screens,1092.0,1,0
Display Technologies,1476,2020-12-03,2020,,1,Genesis Home Technologies SL,Genesis Home Technologies SL,Paid,Sales - Image Surfaces,Image Surfaces,175.5,1,0
Display Technologies,1478,2020-12-04,2020,DT-CNTP-360,1,Apex Technologies USA,Apex Technologies USA,Paid,Sales - Non Motorised On Wall Screens,Non Motorised On Wall Screens,1111.5,1,0
Display Technologies,1478,2020-12-04,2020,,1,Apex Technologies USA,Apex Technologies USA,Paid,Sales - Image Surfaces,Image Surfaces,292.5,1,0
Display Technologies,INV-0410,2020-12-08,2020,,1,Apex Technologies USA,Apex Technologies USA,Paid,Shipping Out,Shipping Out,216.5,0,0
Display Technologies,INV-0410,2020-12-08,2020,,1,Apex Technologies USA,Apex Technologies USA,Paid,Shipping Out,Shipping Out,120.0,0,0
Display Technologies,INV-0410,2020-12-08,2020,,0,Apex Technologies USA,Apex Technologies USA,Paid,,,0.0,1,0
Display Technologies,INV-0410,2020-12-08,2020,,1,Apex Technologies USA,Apex Technologies USA,Paid,Shipping Out,Shipping Out,165.13,0,0
Display Technologies,INV-0410,2020-12-08,2020,,1,Apex Technologies USA,Apex Technologies USA,Paid,Shipping Out,Shipping Out,355.82,0,0
Display Technologies,INV-0410,2020-12-08,2020,,1,Apex Technologies USA,Apex Technologies USA,Paid,Shipping Out,Shipping Out,240.24,0,0
Display Technologies,1480,2020-12-08,2020,DT-PHG-1,1,Genesis Technologies AG (Deutschland).,Genesis Technologies AG (Deutschland).,Paid,Sales - Port Hole Glass,Port Hole Glass,975.0,1,0
Display Technologies,1481,2020-12-10,2020,,2,Prime Solutions LLC,Prime Solutions LLC,Approved,Sales - Non Motorised Mount Solutions,Non Motorised Mount Solutions,1950.0,1,0
Display Technologies,1482,2020-12-10,2020,DT-FRNT-300,1,Prime Solutions LLC,Prime Solutions LLC,Paid,Sales - Non Motorised On Wall Screens,Non Motorised On Wall Screens,1092.0,1,0
Display Technologies,1482,2020-12-10,2020,,1,Prime Solutions LLC,Prime Solutions LLC,Paid,Sales - Image Surfaces,Image Surfaces,195.0,1,0
Display Technologies,INV-0412,2020-12-10,2020,,0,Apex Tech Scotland Ltd,Apex Tech Scotland Ltd,Paid,,,0.0,1,1
Display Technologies,INV-0412,2020-12-10,2020,,1,Apex Tech Scotland Ltd,Apex Tech Scotland Ltd,Paid,Shipping Out,Shipping Out,316.34,0,1
Display Technologies,INV-0412,2020-12-10,2020,,1,Apex Tech Scotland Ltd,Apex Tech Scotland Ltd,Paid,Shipping Out,Shipping Out,312.98,0,1
Display Technologies,1483,2020-12-10,2020,DT-FRNT-420,1,Prime Solutions LLC,Prime Solutions LLC,Approved,Sales - Non Motorised On Wall Screens,Non Motorised On Wall Screens,1735.5,1,0
Display Technologies,1483,2020-12-10,2020,,1,Prime Solutions LLC,Prime Solutions LLC,Approved,Sales - Image Surfaces,Image Surfaces,370.5,1,0
Display Technologies,1484,2020-12-10,2020,DT-CNTP-270,1,Prime Solutions LLC,Prime Solutions LLC,Approved,Sales - Non Motorised On Wall Screens,Non Motorised On Wall Screens,780.0,1,0
Display Technologies,1484,2020-12-10,2020,,1,Prime Solutions LLC,Prime Solutions LLC,Approved,Sales - Image Surfaces,Image Surfaces,175.0,1,0
Display Technologies,INV-0411,2020-12-10,2020,,0,Meridian Audio Ltd,Meridian Audio Ltd,Approved,,,0.0,1,0
Display Technologies,INV-0411,2020-12-10,2020,,1,Meridian Audio Ltd,Meridian Audio Ltd,Approved,Shipping Out,Shipping Out,35.0,0,0
Display Technologies,1485,2020-12-11,2020,DT-DYN-2S-360,1,Apex Tech Scotland Ltd,Apex Tech Scotland Ltd,Paid,Sales - Motorised On Wall Screens,Motorised On Wall Screens,4875.0,1,1
Display Technologies,1485,2020-12-11,2020,,1,Apex Tech Scotland Ltd,Apex Tech Scotland Ltd,Paid,Sales - Image Surfaces,Image Surfaces,409.5,1,1
Display Technologies,1486,2020-12-16,2020,,1,Apex Technologies USA,Apex Technologies USA,Paid,Sales - Motorised On Wall Screens,Motorised On Wall Screens,5577.0,1,0
Display Technologies,1486,2020-12-16,2020,,1,Apex Technologies USA,Apex Technologies USA,Paid,Sales - Image Surfaces,Image Surfaces,331.5,1,0
Display Technologies,1487,2020-12-16,2020,,1,Apex Technologies USA,Apex Technologies USA,Paid,Sales - Non Motorised Mount Solutions,Non Motorised Mount Solutions,295.0,1,0
Display Technologies,INV-0413,2020-12-21,2020,,1,Apex Technologies USA,Apex Technologies USA,Paid,Sales - Non Motorised On Wall Screens,Non Motorised On Wall Screens,975.0,1,0
Display Technologies,INV-0413,2020-12-21,2020,,1,Apex Technologies USA,Apex Technologies USA,Paid,Sales - Image Surfaces,Image Surfaces,175.5,1,0
Display Technologies,INV-0414,2020-12-21,2020,,1,Genesis Technologies AG (Deutschland).,Genesis Technologies AG (Deutschland).,Paid,Shipping Out,Shipping Out,794.17,0,0
Display Technologies,1490,2020-12-23,2020,DT-FRNT-330,1,Apex Technologies USA,Apex Technologies USA,Paid,Sales - Non Motorised On Wall Screens,Non Motorised On Wall Screens,1228.5,1,0
Display Technologies,1490,2020-12-23,2020,,1,Apex Technologies USA,Apex Technologies USA,Paid,Sales - Image Surfaces,Image Surfaces,214.5,1,0
Display Technologies,INV-1497,2020-12-29,2020,,0,Immersive Design Studios,Immersive Design Studios,Approved,,,0.0,1,0
Display Technologies,INV-1497,2020-12-29,2020,,43,Immersive Design Studios,Immersive Design Studios,Approved,Sales - Other Screens,Other Screens,15996.0,1,0
Display Technologies,INV-1497,2020-12-29,2020,,12,Immersive Design Studios,Immersive Design Studios,Approved,Sales - Other Screens,Other Screens,3000.0,1,0
Display Technologies,INV-1497,2020-12-29,2020,,1,Immersive Design Studios,Immersive Design Studios,Approved,Sales - Other Screens,Other Screens,1500.0,1,0
Display Technologies,1491,2020-12-31,2020,DT-PHG-1,1,Apex Technologies USA,Apex Technologies USA,Paid,Sales - Port Hole Glass,Port Hole Glass,975.0,1,0
Display Technologies,1492,2020-12-31,2020,,1,Apex Technologies USA,Apex Technologies USA,Paid,Sales - Image Surfaces,Image Surfaces,331.5,1,0
Display Technologies,1492,2020-12-31,2020,,1,Apex Technologies USA,Apex Technologies USA,Paid,Sales - Motorised On Wall Screens,Motorised On Wall Screens,5401.5,1,0
Display Technologies,1493,2021-01-06,2021,DT-DYN-2S-420,1,Apex Tech Scotland Ltd,Apex Tech Scotland Ltd,Paid,Sales - Motorised On Wall Screens,Motorised On Wall Screens,5967.0,1,1
Display Technologies,1493,2021-01-06,2021,,1,Apex Tech Scotland Ltd,Apex Tech Scotland Ltd,Paid,Sales - Image Surfaces,Image Surfaces,370.5,1,1
Display Technologies,1493,2021-01-06,2021,,2,Apex Tech Scotland Ltd,Apex Tech Scotland Ltd,Paid,Sales - Non Motorised Mount Solutions,Non Motorised Mount Solutions,1950.0,1,1
Display Technologies,1493,2021-01-06,2021,DT-PHG-2,2,Apex Tech Scotland Ltd,Apex Tech Scotland Ltd,Paid,Sales - Port Hole Glass,Port Hole Glass,2340.0,1,1
Display Technologies,1494,2021-01-06,2021,DT-DYN-2TB-300,1,Apex Tech Scotland Ltd,Apex Tech Scotland Ltd,Paid,Sales - Motorised On Wall Screens,Motorised On Wall Screens,4075.5,1,1
Display Technologies,1494,2021-01-06,2021,,1,Apex Tech Scotland Ltd,Apex Tech Scotland Ltd,Paid,Sales - Image Surfaces,Image Surfaces,292.5,1,1
Display Technologies,1495,2021-01-07,2021,DT-FRNT-390,1,GR Media Solutions,GR Media Solutions,Paid,Sales - Non Motorised On Wall Screens,Non Motorised On Wall Screens,1540.5,1,0
Display Technologies,1495,2021-01-07,2021,,1,GR Media Solutions,GR Media Solutions,Paid,Sales - Image Surfaces,Image Surfaces,292.5,1,0
Display Technologies,1496,2021-01-07,2021,DT-FRNT-420,1,Meridian Audio Ltd,Meridian Audio Ltd,Paid,Sales - Non Motorised On Wall Screens,Non Motorised On Wall Screens,1735.5,1,0
Display Technologies,1496,2021-01-07,2021,,1,Meridian Audio Ltd,Meridian Audio Ltd,Paid,Sales - Image Surfaces,Image Surfaces,370.5,1,0
Display Technologies,1496,2021-01-07,2021,,1,Meridian Audio Ltd,Meridian Audio Ltd,Paid,Sales - Non Motorised Mount Solutions,Non Motorised Mount Solutions,975.0,1,0
Display Technologies,1496,2021-01-07,2021,DT-PHG-1,1,Meridian Audio Ltd,Meridian Audio Ltd,Paid,Sales - Port Hole Glass,Port Hole Glass,975.0,1,0
Display Technologies,1498,2021-01-12,2021,DT-PHG-1,1,Apex Technologies USA,Apex Technologies USA,Paid,Sales - Port Hole Glass,Port Hole Glass,975.0,1,0
Display Technologies,1498,2021-01-12,2021,DT-FRNT-330,1,Apex Technologies USA,Apex Technologies USA,Paid,Sales - Non Motorised On Wall Screens,Non Motorised On Wall Screens,1228.5,1,0
Display Technologies,1498,2021-01-12,2021,,1,Apex Technologies USA,Apex Technologies USA,Paid,Sales - Image Surfaces,Image Surfaces,234.0,1,0
Display Technologies,1499,2021-01-14,2021,,1,Apex Technologies USA,Apex Technologies USA,Paid,Sales - Non Motorised Mount Solutions,Non Motorised Mount Solutions,295.0,1,0
Display Technologies,1503,2021-01-18,2021,DT-DYN-2S-360,1,Apex Technologies USA,Apex Technologies USA,Paid,Sales - Motorised On Wall Screens,Motorised On Wall Screens,4875.0,1,0
Display Technologies,1503,2021-01-18,2021,,1,Apex Technologies USA,Apex Technologies USA,Paid,Sales - Image Surfaces,Image Surfaces,292.5,1,0
Display Technologies,1501,2021-01-18,2021,DT-DYN-2S-300,1,Apex Tech Scotland Ltd,Apex Tech Scotland Ltd,Paid,Sales - Motorised On Wall Screens,Motorised On Wall Screens,3978.0,1,1
Display Technologies,1501,2021-01-18,2021,,1,Apex Tech Scotland Ltd,Apex Tech Scotland Ltd,Paid,Sales - Image Surfaces,Image Surfaces,195.0,1,1
Display Technologies,1500,2021-01-18,2021,DT-CNTP-360,1,Apex Tech Scotland Ltd,Apex Tech Scotland Ltd,Paid,Sales - Non Motorised On Wall Screens,Non Motorised On Wall Screens,1111.5,1,1
Display Technologies,1500,2021-01-18,2021,,1,Apex Tech Scotland Ltd,Apex Tech Scotland Ltd,Paid,Sales - Image Surfaces,Image Surfaces,292.5,1,1
Display Technologies,1504,2021-01-19,2021,DT-DYN-2S-390,1,Genesis Home Technologies SL,Genesis Home Technologies SL,Paid,Sales - Motorised On Wall Screens,Motorised On Wall Screens,4321.2,1,0
Display Technologies,1504,2021-01-19,2021,,1,Genesis Home Technologies SL,Genesis Home Technologies SL,Paid,Sales - Image Surfaces,Image Surfaces,374.4,1,0
Display Technologies,1506,2021-01-20,2021,,1,Apex Technologies USA,Apex Technologies USA,Paid,Sales - Non Motorised Mount Solutions,Non Motorised Mount Solutions,975.0,1,0
Display Technologies,1511,2021-01-21,2021,,1,Meridian Audio Ltd,Meridian Audio Ltd,Paid,Sales - Image Surfaces,Image Surfaces,306.0,1,0
Display Technologies,1511,2021-01-21,2021,,2,Meridian Audio Ltd,Meridian Audio Ltd,Paid,,,0.0,1,0
Display Technologies,1511,2021-01-21,2021,,10,Meridian Audio Ltd,Meridian Audio Ltd,Paid,,,0.0,1,0
Display Technologies,1512,2021-01-21,2021,DT-CNTP-300,1,Sphere Custom Design,Sphere Custom Design,Paid,Sales - Non Motorised On Wall Screens,Non Motorised On Wall Screens,877.5,1,0
Display Technologies,1512,2021-01-21,2021,,1,Sphere Custom Design,Sphere Custom Design,Paid,Sales - Image Surfaces,Image Surfaces,195.0,1,0
Display Technologies,1513,2021-01-21,2021,DT-FRNT-450,1,Apex Tech Scotland Ltd,Apex Tech Scotland Ltd,Paid,Sales - Non Motorised On Wall Screens,Non Motorised On Wall Screens,2437.5,1,1
Display Technologies,1513,2021-01-21,2021,,1,Apex Tech Scotland Ltd,Apex Tech Scotland Ltd,Paid,Sales - Image Surfaces,Image Surfaces,536.25,1,1
Display Technologies,1514,2021-01-21,2021,,1,Apex Technologies USA,Apex Technologies USA,Paid,Sales - Non Motorised Mount Solutions,Non Motorised Mount Solutions,295.0,1,0
Display Technologies,1515,2021-01-25,2021,DT-DYN-2S-420,1,Apex Technologies USA,Apex Technologies USA,Paid,Sales - Motorised On Wall Screens,Motorised On Wall Screens,5967.0,1,0
Display Technologies,1515,2021-01-25,2021,,1,Apex Technologies USA,Apex Technologies USA,Paid,Sales - Image Surfaces,Image Surfaces,370.5,1,0
Display Technologies,1516,2021-01-26,2021,DT-DYN-2S-450,1,Meridian Audio Ltd,Meridian Audio Ltd,Paid,Sales - Motorised On Wall Screens,Motorised On Wall Screens,6610.59,1,0
Display Technologies,1516,2021-01-26,2021,,1,Meridian Audio Ltd,Meridian Audio Ltd,Paid,Sales - Image Surfaces,Image Surfaces,429.0,1,0
Display Technologies,1517,2021-01-26,2021,DT-PHG-1,1,Prime Solutions LLC,Prime Solutions LLC,Paid,Sales - Port Hole Glass,Port Hole Glass,975.0,1,0
Display Technologies,1517,2021-01-26,2021,,0,Prime Solutions LLC,Prime Solutions LLC,Paid,,,0.0,1,0
Display Technologies,1518,2021-01-26,2021,,1,Apex Technologies USA,Apex Technologies USA,Paid,Sales - Non Motorised Mount Solutions,Non Motorised Mount Solutions,1950.0,1,0
Display Technologies,1518,2021-01-26,2021,DT-PHG-2,1,Apex Technologies USA,Apex Technologies USA,Paid,Sales - Port Hole Glass,Port Hole Glass,2566.8,1,0
Display Technologies,1520,2021-01-27,2021,,1,Meridian Audio Ltd,Meridian Audio Ltd,Paid,Sales - Motorised On Wall Screens,Motorised On Wall Screens,877.5,1,0
Display Technologies,1520,2021-01-27,2021,,1,Meridian Audio Ltd,Meridian Audio Ltd,Paid,Sales - Image Surfaces,Image Surfaces,292.5,1,0
Display Technologies,1522,2021-01-28,2021,,1,Apex Technologies USA,Apex Technologies USA,Paid,Sales - Motorised On Wall Screens,Motorised On Wall Screens,6201.0,1,0
Display Technologies,1522,2021-01-28,2021,,1,Apex Technologies USA,Apex Technologies USA,Paid,Sales - Image Surfaces,Image Surfaces,370.5,1,0
Display Technologies,1521,2021-01-28,2021,DT-FRNT-300,1,Special Elektronik,Special Elektronik,Paid,Sales - Non Motorised On Wall Screens,Non Motorised On Wall Screens,1092.0,1,0
Display Technologies,1521,2021-01-28,2021,,1,Special Elektronik,Special Elektronik,Paid,Sales - Image Surfaces,Image Surfaces,292.5,1,0
Display Technologies,,2021-01-28,2021,,1,tool Station,tool Station,Approved,Accounts Receivable,Accounts Receivable,-16.98,0,0
Display Technologies,1523,2021-01-29,2021,,1,Apex Tech Scotland Ltd,Apex Tech Scotland Ltd,Paid,Sales - Non Motorised Mount Solutions,Non Motorised Mount Solutions,292.5,1,1
Display Technologies,1524,2021-02-02,2021,DT-FRNT-480,1,AV Nirvana India,AV Nirvana India,Paid,Sales - Non Motorised On Wall Screens,Non Motorised On Wall Screens,2203.5,1,0
Display Technologies,1524,2021-02-02,2021,,1,AV Nirvana India,AV Nirvana India,Paid,Sales - Image Surfaces,Image Surfaces,487.5,1,0
Display Technologies,1525,2021-02-04,2021,DT-FRNT-420,1,Meridian Audio Ltd,Meridian Audio Ltd,Paid,Sales - Non Motorised On Wall Screens,Non Motorised On Wall Screens,1735.5,1,0
Display Technologies,1525,2021-02-04,2021,,1,Meridian Audio Ltd,Meridian Audio Ltd,Paid,Sales - Image Surfaces,Image Surfaces,370.5,1,0
Display Technologies,INV-0416,2021-02-05,2021,,1,Meridian Audio Ltd,Meridian Audio Ltd,Paid,Freight Costs - Outward,Freight Costs - Outward,150.0,0,0
Display Technologies,INV-0416,2021-02-05,2021,,0,Meridian Audio Ltd,Meridian Audio Ltd,Paid,,,0.0,1,0
Display Technologies,INV-0416,2021-02-05,2021,,0,Meridian Audio Ltd,Meridian Audio Ltd,Paid,,,0.0,1,0
Display Technologies,INV-0417,2021-02-05,2021,,1,Apex Tech Scotland Ltd,Apex Tech Scotland Ltd,Paid,Shipping Out,Shipping Out,150.0,0,1
Display Technologies,INV-0417,2021-02-05,2021,,1,Apex Tech Scotland Ltd,Apex Tech Scotland Ltd,Paid,Shipping Out,Shipping Out,30.0,0,1
Display Technologies,INV-0417,2021-02-05,2021,,1,Apex Tech Scotland Ltd,Apex Tech Scotland Ltd,Paid,Shipping Out,Shipping Out,75.0,0,1
Display Technologies,1529,2021-02-08,2021,DT-DYN-4-XL-480,1,Apex Technologies USA,Apex Technologies USA,Paid,Sales - Motorised On Wall Screens,Motorised On Wall Screens,9633.0,1,0
Display Technologies,1529,2021-02-08,2021,,1,Apex Technologies USA,Apex Technologies USA,Paid,Sales - Image Surfaces,Image Surfaces,487.5,1,0
Display Technologies,1530,2021-02-09,2021,DT-FRNT-450,1,AV Nirvana India,AV Nirvana India,Paid,Sales - Non Motorised On Wall Screens,Non Motorised On Wall Screens,1950.0,1,0
Display Technologies,1530,2021-02-09,2021,,1,AV Nirvana India,AV Nirvana India,Paid,Sales - Image Surfaces,Image Surfaces,429.0,1,0
Display Technologies,1531,2021-02-11,2021,DT-FRNT-330,1,Apex Technologies USA,Apex Technologies USA,Paid,Sales - Non Motorised On Wall Screens,Non Motorised On Wall Screens,1228.5,1,0
Display Technologies,1531,2021-02-11,2021,,1,Apex Technologies USA,Apex Technologies USA,Paid,Sales - Image Surfaces,Image Surfaces,234.0,1,0
Display Technologies,INV-0418,2021-02-15,2021,DT-SHIP,1,Meridian Audio Ltd,Meridian Audio Ltd,Paid,Shipping Out,Shipping Out,75.0,0,0
Display Technologies,1534,2021-02-15,2021,DT-DYN-2S-390,1,Apex Tech Scotland Ltd,Apex Tech Scotland Ltd,Paid,Sales - Motorised On Wall Screens,Motorised On Wall Screens,5401.5,1,1
Display Technologies,1534,2021-02-15,2021,,1,Apex Tech Scotland Ltd,Apex Tech Scotland Ltd,Paid,Sales - Image Surfaces,Image Surfaces,468.0,1,1
Display Technologies,1534,2021-02-15,2021,DT-PHG-1,1,Apex Tech Scotland Ltd,Apex Tech Scotland Ltd,Paid,Sales - Port Hole Glass,Port Hole Glass,546.0,1,1
Display Technologies,1533,2021-02-15,2021,DT-DYN-4-330,1,Apex Tech Scotland Ltd,Apex Tech Scotland Ltd,Paid,Sales - Motorised On Wall Screens,Motorised On Wall Screens,6493.5,1,1
Display Technologies,1533,2021-02-15,2021,,1,Apex Tech Scotland Ltd,Apex Tech Scotland Ltd,Paid,Sales - Image Surfaces,Image Surfaces,234.0,1,1
Display Technologies,1536,2021-02-16,2021,DT-M-200,2,Audiogene,Audiogene,Paid,Sales - Mistral,Mistral,1092.0,1,0
Display Technologies,1536,2021-02-16,2021,,1,Audiogene,Audiogene,Paid,Sales - Hush Boxes,Hush Boxes,2145.0,1,0
Display Technologies,1536,2021-02-16,2021,,1,Audiogene,Audiogene,Paid,Sales - Mistral,Mistral,390.0,1,0
Display Technologies,1536,2021-02-16,2021,,1,Audiogene,Audiogene,Paid,Sales - Motorised Mount Solutions,Motorised Mount Solutions,2925.0,1,0
Display Technologies,1537,2021-02-18,2021,DT-DYN-2S-390,1,Apex Technologies USA,Apex Technologies USA,Paid,Sales - Motorised On Wall Screens,Motorised On Wall Screens,5401.5,1,0
Display Technologies,1537,2021-02-18,2021,,1,Apex Technologies USA,Apex Technologies USA,Paid,Sales - Image Surfaces,Image Surfaces,331.5,1,0
Display Technologies,1538,2021-02-22,2021,,1,Apex Technologies USA,Apex Technologies USA,Paid,Sales - Non Motorised Mount Solutions,Non Motorised Mount Solutions,295.0,1,0
Display Technologies,1539,2021-02-22,2021,DT-DYN-2TB-XL-510,1,Apex Technologies USA,Apex Technologies USA,Paid,Sales - Motorised On Wall Screens,Motorised On Wall Screens,8716.5,1,0
Display Technologies,1539,2021-02-22,2021,,2,Apex Technologies USA,Apex Technologies USA,Paid,Sales - Image Surfaces,Image Surfaces,546.0,1,0
Display Technologies,1541,2021-02-22,2021,,1,Apex Technologies USA,Apex Technologies USA,Paid,Sales - Non Motorised On Wall Screens,Non Motorised On Wall Screens,100.0,1,0
Display Technologies,1541,2021-02-22,2021,,1,Apex Technologies USA,Apex Technologies USA,Paid,Sales - Non Motorised On Wall Screens,Non Motorised On Wall Screens,100.0,1,0
Display Technologies,1540,2021-02-22,2021,,1,Apex Technologies USA,Apex Technologies USA,Paid,Sales - Non Motorised On Wall Screens,Non Motorised On Wall Screens,100.0,1,0
Display Technologies,1540,2021-02-22,2021,,1,Apex Technologies USA,Apex Technologies USA,Paid,Sales - Non Motorised On Wall Screens,Non Motorised On Wall Screens,100.0,1,0
Display Technologies,1540,2021-02-22,2021,,1,Apex Technologies USA,Apex Technologies USA,Paid,Sales - Non Motorised On Wall Screens,Non Motorised On Wall Screens,100.0,1,0
Display Technologies,1542,2021-02-24,2021,DT-DYN-4-XL-570,1,Apex Technologies USA,Apex Technologies USA,Paid,Sales - Motorised On Wall Screens,Motorised On Wall Screens,13338.0,1,0
Display Technologies,1542,2021-02-24,2021,,1,Apex Technologies USA,Apex Technologies USA,Paid,Sales - Image Surfaces,Image Surfaces,682.5,1,0
Display Technologies,1544,2021-02-25,2021,DT-FRNT-300,1,Prime Solutions LLC,Prime Solutions LLC,Paid,Sales - Non Motorised On Wall Screens,Non Motorised On Wall Screens,1092.0,1,0
Display Technologies,1544,2021-02-25,2021,,1,Prime Solutions LLC,Prime Solutions LLC,Paid,Sales - Image Surfaces,Image Surfaces,195.0,1,0
Display Technologies,1543,2021-02-25,2021,DT-FRNT-330,1,Prime Solutions LLC,Prime Solutions LLC,Paid,Sales - Non Motorised On Wall Screens,Non Motorised On Wall Screens,1228.5,1,0
Display Technologies,1543,2021-02-25,2021,,1,Prime Solutions LLC,Prime Solutions LLC,Paid,Sales - Image Surfaces,Image Surfaces,234.0,1,0
Display Technologies,1545,2021-02-25,2021,,1,Prime Solutions LLC,Prime Solutions LLC,Paid,Sales - Mistral,Mistral,370.5,1,0
Display Technologies,1545,2021-02-25,2021,,2,Prime Solutions LLC,Prime Solutions LLC,Paid,Sales - Mistral,Mistral,1092.0,1,0
Display Technologies,1545,2021-02-25,2021,,1,Prime Solutions LLC,Prime Solutions LLC,Paid,Sales - Motorised Mount Solutions,Motorised Mount Solutions,5070.0,1,0
Display Technologies,INV-0420,2021-02-25,2021,DT-SHIP,1,Meridian Audio Ltd,Meridian Audio Ltd,Paid,Shipping Out,Shipping Out,75.0,0,0
Display Technologies,INV-0420,2021-02-25,2021,,0,Meridian Audio Ltd,Meridian Audio Ltd,Paid,,,0.0,1,0
Display Technologies,1549,2021-03-03,2021,DT-CNTP-360,1,Apex Technologies USA,Apex Technologies USA,Paid,Sales - Non Motorised On Wall Screens,Non Motorised On Wall Screens,1111.5,1,0
Display Technologies,1549,2021-03-03,2021,,1,Apex Technologies USA,Apex Technologies USA,Paid,Sales - Image Surfaces,Image Surfaces,292.5,1,0
Display Technologies,1548,2021-03-03,2021,DT-FRNT-330,1,Apex Technologies USA,Apex Technologies USA,Paid,Sales - Non Motorised On Wall Screens,Non Motorised On Wall Screens,1228.5,1,0
Display Technologies,1548,2021-03-03,2021,,1,Apex Technologies USA,Apex Technologies USA,Paid,Sales - Image Surfaces,Image Surfaces,234.0,1,0
Display Technologies,1550,2021-03-04,2021,DT-FRNT-270,1,Apex Technologies USA,Apex Technologies USA,Paid,Sales - Non Motorised On Wall Screens,Non Motorised On Wall Screens,975.0,1,0
Display Technologies,1550,2021-03-04,2021,,1,Apex Technologies USA,Apex Technologies USA,Paid,Sales - Image Surfaces,Image Surfaces,175.5,1,0
Display Technologies,1551,2021-03-05,2021,,1,Genesis Technologies AG,Genesis Technologies AG,Paid,Sales - Non Motorised Mount Solutions,Non Motorised Mount Solutions,292.5,1,0
Display Technologies,1554,2021-03-05,2021,DT-MMD,1,Genesis Home Technologies SL,Genesis Home Technologies SL,Paid,Sales - Motorised Mount Solutions,Motorised Mount Solutions,2925.0,1,0
Display Technologies,1553,2021-03-05,2021,DT-DYN-2S-360,1,Genesis Home Technologies SL,Genesis Home Technologies SL,Paid,Sales - Motorised On Wall Screens,Motorised On Wall Screens,4875.0,1,0
Display Technologies,1553,2021-03-05,2021,,1,Genesis Home Technologies SL,Genesis Home Technologies SL,Paid,Sales - Image Surfaces,Image Surfaces,409.5,1,0
Display Technologies,1552,2021-03-05,2021,DT-DYN-2S-390,1,Genesis Home Technologies SL,Genesis Home Technologies SL,Paid,Sales - Motorised On Wall Screens,Motorised On Wall Screens,5401.5,1,0
Display Technologies,1552,2021-03-05,2021,,1,Genesis Home Technologies SL,Genesis Home Technologies SL,Paid,Sales - Image Surfaces,Image Surfaces,468.0,1,0
Display Technologies,1556,2021-03-08,2021,,1,Apex Technologies USA,Apex Technologies USA,Paid,Sales - Non Motorised Mount Solutions,Non Motorised Mount Solutions,975.0,1,0
Display Technologies,1557,2021-03-09,2021,,1,Apex Technologies USA,Apex Technologies USA,Paid,Sales - Image Surfaces,Image Surfaces,370.5,1,0
Display Technologies,1557,2021-03-09,2021,,0,Apex Technologies USA,Apex Technologies USA,Paid,,,0.0,1,0
Display Technologies,INV-0421,2021-03-09,2021,,1,P Farrow & Sons Ltd,P Farrow & Sons Ltd,Paid,Other Revenue,Other Revenue,469.1,0,0
Display Technologies,1560,2021-03-10,2021,,1,Special Elektronik,Special Elektronik,Approved,Sales - Other Screens,Other Screens,100.0,1,0
Display Technologies,1558,2021-03-10,2021,,1,Apex Tech Scotland Ltd,Apex Tech Scotland Ltd,Paid,Sales - Motorised On Wall Screens,Motorised On Wall Screens,9633.0,1,1
Display Technologies,1558,2021-03-10,2021,,1,Apex Tech Scotland Ltd,Apex Tech Scotland Ltd,Paid,Sales - Image Surfaces,Image Surfaces,487.5,1,1
Display Technologies,1558,2021-03-10,2021,,2,Apex Tech Scotland Ltd,Apex Tech Scotland Ltd,Paid,Sales - Port Hole Glass,Port Hole Glass,4800.0,1,1
Display Technologies,1558,2021-03-10,2021,,1,Apex Tech Scotland Ltd,Apex Tech Scotland Ltd,Paid,Sales - Non Motorised Mount Solutions,Non Motorised Mount Solutions,1250.0,1,1
Display Technologies,1559,2021-03-10,2021,DT-DYN-2S-510,1,Genesis Home Technologies SL,Genesis Home Technologies SL,Paid,Sales - Motorised On Wall Screens,Motorised On Wall Screens,8112.0,1,0
Display Technologies,1559,2021-03-10,2021,,1,Genesis Home Technologies SL,Genesis Home Technologies SL,Paid,Sales - Image Surfaces,Image Surfaces,546.0,1,0
Display Technologies,1559,2021-03-10,2021,,1,Genesis Home Technologies SL,Genesis Home Technologies SL,Paid,Sales - Hush Boxes,Hush Boxes,2145.0,1,0
Display Technologies,1559,2021-03-10,2021,,1,Genesis Home Technologies SL,Genesis Home Technologies SL,Paid,Sales - Mistral,Mistral,370.5,1,0
Display Technologies,1559,2021-03-10,2021,,1,Genesis Home Technologies SL,Genesis Home Technologies SL,Paid,Sales - Mistral,Mistral,546.0,1,0
Display Technologies,1561,2021-03-10,2021,DT-CNTP-300,1,Apex Tech Scotland Ltd,Apex Tech Scotland Ltd,Paid,Sales - Non Motorised On Wall Screens,Non Motorised On Wall Screens,877.5,1,1
Display Technologies,1561,2021-03-10,2021,,1,Apex Tech Scotland Ltd,Apex Tech Scotland Ltd,Paid,Sales - Image Surfaces,Image Surfaces,292.5,1,1
Display Technologies,1562,2021-03-11,2021,DT-FRNT-480,1,Apex Tech Scotland Ltd,Apex Tech Scotland Ltd,Paid,Sales - Non Motorised On Wall Screens,Non Motorised On Wall Screens,2203.5,1,1
Display Technologies,1562,2021-03-11,2021,,1,Apex Tech Scotland Ltd,Apex Tech Scotland Ltd,Paid,Sales - Image Surfaces,Image Surfaces,409.5,1,1
Display Technologies,1562,2021-03-11,2021,,1,Apex Tech Scotland Ltd,Apex Tech Scotland Ltd,Paid,Sales - Hush Boxes,Hush Boxes,2925.0,1,1
Display Technologies,1562,2021-03-11,2021,,2,Apex Tech Scotland Ltd,Apex Tech Scotland Ltd,Paid,Sales - Mistral,Mistral,1092.0,1,1
Display Technologies,1562,2021-03-11,2021,,1,Apex Tech Scotland Ltd,Apex Tech Scotland Ltd,Paid,Sales - Mistral,Mistral,390.0,1,1
Display Technologies,1563,2021-03-12,2021,DT-PHG-2,1,GR Media Solutions,GR Media Solutions,Paid,Sales - Port Hole Glass,Port Hole Glass,1462.5,1,0
Display Technologies,1564,2021-03-12,2021,DT-DYN-4-360,1,Apex Technologies USA,Apex Technologies USA,Paid,Sales - Motorised On Wall Screens,Motorised On Wall Screens,6883.5,1,0
Display Technologies,1564,2021-03-12,2021,,1,Apex Technologies USA,Apex Technologies USA,Paid,Sales - Image Surfaces,Image Surfaces,292.5,1,0
Display Technologies,1565,2021-03-15,2021,DT-FRNT-300,1,Apex Tech Scotland Ltd,Apex Tech Scotland Ltd,Paid,Sales - Non Motorised On Wall Screens,Non Motorised On Wall Screens,1092.0,1,1
Display Technologies,1565,2021-03-15,2021,,1,Apex Tech Scotland Ltd,Apex Tech Scotland Ltd,Paid,Sales - Image Surfaces,Image Surfaces,195.0,1,1
Display Technologies,1566,2021-03-15,2021,,1,Apex Technologies USA,Apex Technologies USA,Paid,Sales - Non Motorised Mount Solutions,Non Motorised Mount Solutions,1462.5,1,0
Display Technologies,1567,2021-03-16,2021,DT-FRNT-300,1,Apex Technologies USA,Apex Technologies USA,Paid,Sales - Non Motorised On Wall Screens,Non Motorised On Wall Screens,1092.0,1,0
Display Technologies,1567,2021-03-16,2021,,1,Apex Technologies USA,Apex Technologies USA,Paid,Sales - Image Surfaces,Image Surfaces,195.0,1,0
Display Technologies,1568,2021-03-16,2021,,1,Apex Technologies USA,Apex Technologies USA,Paid,Sales - Non Motorised Mount Solutions,Non Motorised Mount Solutions,292.5,1,0
Display Technologies,1568,2021-03-16,2021,DT-PHG-1,1,Apex Technologies USA,Apex Technologies USA,Paid,Sales - Port Hole Glass,Port Hole Glass,975.0,1,0
Display Technologies,INV-0422,2021-03-18,2021,,1,Meridian Audio Ltd,Meridian Audio Ltd,Paid,Freight Costs - Outward,Freight Costs - Outward,325.0,0,0
Display Technologies,1569,2021-03-18,2021,,1,Apex Technologies USA,Apex Technologies USA,Paid,Sales - Non Motorised Mount Solutions,Non Motorised Mount Solutions,975.0,1,0
Display Technologies,1570,2021-03-22,2021,DT-DYN-2S-XL-600,1,Genesis Technologies AG (Deutschland).,Genesis Technologies AG (Deutschland).,Paid,Sales - Motorised On Wall Screens,Motorised On Wall Screens,11544.0,1,0
Display Technologies,1570,2021-03-22,2021,,1,Genesis Technologies AG (Deutschland).,Genesis Technologies AG (Deutschland).,Paid,Sales - Image Surfaces,Image Surfaces,741.0,1,0
Display Technologies,1571,2021-03-22,2021,,1,Apex Technologies USA,Apex Technologies USA,Paid,Sales - Non Motorised Mount Solutions,Non Motorised Mount Solutions,1462.5,1,0
Display Technologies,1573,2021-03-23,2021,DT-PHG-2,1,Apex Technologies USA,Apex Technologies USA,Paid,Sales - Port Hole Glass,Port Hole Glass,1170.0,1,0
Display Technologies,1573,2021-03-23,2021,,1,Apex Technologies USA,Apex Technologies USA,Paid,Sales - Non Motorised Mount Solutions,Non Motorised Mount Solutions,975.0,1,0
Display Technologies,1574,2021-03-24,2021,DT-MMD,1,Apex Technologies USA,Apex Technologies USA,Paid,Sales - Motorised Mount Solutions,Motorised Mount Solutions,2925.0,1,0
Display Technologies,1577,2021-03-24,2021,DT-CNTP-300,1,Apex Technologies USA,Apex Technologies USA,Paid,Sales - Non Motorised On Wall Screens,Non Motorised On Wall Screens,877.5,1,0
Display Technologies,1577,2021-03-24,2021,,1,Apex Technologies USA,Apex Technologies USA,Paid,Sales - Image Surfaces,Image Surfaces,292.5,1,0
Display Technologies,1578,2021-03-31,2021,DT-FRNT-300,1,Meridian Audio Ltd,Meridian Audio Ltd,Paid,Sales - Non Motorised On Wall Screens,Non Motorised On Wall Screens,1092.0,1,0
Display Technologies,1578,2021-03-31,2021,,1,Meridian Audio Ltd,Meridian Audio Ltd,Paid,Sales - Image Surfaces,Image Surfaces,195.0,1,0
Display Technologies,1580,2021-03-31,2021,,1,Apex Tech Scotland Ltd,Apex Tech Scotland Ltd,Paid,Sales - Non Motorised On Wall Screens,Non Motorised On Wall Screens,20000.0,1,1
Display Technologies,1580,2021-03-31,2021,,0,Apex Tech Scotland Ltd,Apex Tech Scotland Ltd,Paid,,,0.0,1,1
Display Technologies,1582,2021-03-31,2021,,1,Apex Technologies USA,Apex Technologies USA,Paid,Sales - Non Motorised Mount Solutions,Non Motorised Mount Solutions,975.0,1,0
Display Technologies,1582,2021-03-31,2021,,1,Apex Technologies USA,Apex Technologies USA,Paid,Sales - Mistral,Mistral,390.0,1,0
Display Technologies,1582,2021-03-31,2021,,2,Apex Technologies USA,Apex Technologies USA,Paid,Sales - Mistral,Mistral,1092.0,1,0
Display Technologies,1584,2021-03-31,2021,,1,Genesis Home Technologies SL,Genesis Home Technologies SL,Paid,Sales - Hush Boxes,Hush Boxes,2145.0,1,0
Display Technologies,1584,2021-03-31,2021,,1,Genesis Home Technologies SL,Genesis Home Technologies SL,Paid,Sales - Mistral,Mistral,390.0,1,0
Display Technologies,1584,2021-03-31,2021,,2,Genesis Home Technologies SL,Genesis Home Technologies SL,Paid,Sales - Mistral,Mistral,1092.0,1,0
Display Technologies,1585,2021-03-31,2021,DT-CNTP-510,1,Apex Tech Scotland Ltd,Apex Tech Scotland Ltd,Paid,Sales - Non Motorised On Wall Screens,Non Motorised On Wall Screens,1950.0,1,1
Display Technologies,1585,2021-03-31,2021,,1,Apex Tech Scotland Ltd,Apex Tech Scotland Ltd,Paid,Sales - Other Screens,Other Screens,546.0,1,1
Display Technologies,1586,2021-03-31,2021,DT-DYN-2S-360,1,Genesis Home Technologies SL,Genesis Home Technologies SL,Paid,Sales - Motorised On Wall Screens,Motorised On Wall Screens,4875.0,1,0
Display Technologies,1586,2021-03-31,2021,,1,Genesis Home Technologies SL,Genesis Home Technologies SL,Paid,Sales - Image Surfaces,Image Surfaces,409.5,1,0
Display Technologies,1586,2021-03-31,2021,,1,Genesis Home Technologies SL,Genesis Home Technologies SL,Paid,Sales - Non Motorised Mount Solutions,Non Motorised Mount Solutions,975.0,1,0
Display Technologies,1586,2021-03-31,2021,,2,Genesis Home Technologies SL,Genesis Home Technologies SL,Paid,Sales - Mistral,Mistral,1092.0,1,0
Display Technologies,1586,2021-03-31,2021,,1,Genesis Home Technologies SL,Genesis Home Technologies SL,Paid,Sales - Mistral,Mistral,390.0,1,0
Display Technologies,1581,2021-03-31,2021,DT-DYN-2TB-270,1,Apex Tech Scotland Ltd,Apex Tech Scotland Ltd,Paid,Sales - Motorised On Wall Screens,Motorised On Wall Screens,3685.5,1,1
Display Technologies,1581,2021-03-31,2021,,1,Apex Tech Scotland Ltd,Apex Tech Scotland Ltd,Paid,Sales - Image Surfaces,Image Surfaces,175.5,1,1
Display Technologies,1581,2021-03-31,2021,,1,Apex Tech Scotland Ltd,Apex Tech Scotland Ltd,Paid,Sales - Image Surfaces,Image Surfaces,292.5,1,1
Display Technologies,1588,2021-04-07,2021,DT-PHG-2,1,Genesis Home Technologies SL,Genesis Home Technologies SL,Paid,Sales - Port Hole Glass,Port Hole Glass,1170.0,1,0
Display Technologies,1587,2021-04-07,2021,,1,Meridian Audio Ltd,Meridian Audio Ltd,Paid,Sales - Non Motorised Mount Solutions,Non Motorised Mount Solutions,292.5,1,0
Display Technologies,1587,2021-04-07,2021,DT-SHIP,1,Meridian Audio Ltd,Meridian Audio Ltd,Paid,Shipping Out,Shipping Out,50.0,0,0
Display Technologies,1589,2021-04-07,2021,,1,Apex Technologies USA,Apex Technologies USA,Paid,Sales - Image Surfaces,Image Surfaces,604.5,1,0
Display Technologies,1589,2021-04-07,2021,,0,Apex Technologies USA,Apex Technologies USA,Paid,,,0.0,1,0
Display Technologies,1590,2021-04-07,2021,DT-DYN-2S-330,1,Apex Technologies USA,Apex Technologies USA,Paid,Sales - Motorised On Wall Screens,Motorised On Wall Screens,4387.5,1,0
Display Technologies,1590,2021-04-07,2021,,1,Apex Technologies USA,Apex Technologies USA,Paid,Sales - Image Surfaces,Image Surfaces,351.0,1,0
Display Technologies,1591,2021-04-09,2021,DT-FRNT-330,1,Genesis Home Technologies SL,Genesis Home Technologies SL,Paid,Sales - Non Motorised On Wall Screens,Non Motorised On Wall Screens,1228.5,1,0
Display Technologies,1591,2021-04-09,2021,,1,Genesis Home Technologies SL,Genesis Home Technologies SL,Paid,Sales - Image Surfaces,Image Surfaces,234.0,1,0
Display Technologies,1593,2021-04-14,2021,DT-PHG-2,1,Prime Solutions LLC,Prime Solutions LLC,Paid,Sales - Port Hole Glass,Port Hole Glass,1170.0,1,0
Display Technologies,1593,2021-04-14,2021,DT-FRNT-300,1,Prime Solutions LLC,Prime Solutions LLC,Paid,Sales - Non Motorised On Wall Screens,Non Motorised On Wall Screens,1092.0,1,0
Display Technologies,1593,2021-04-14,2021,,1,Prime Solutions LLC,Prime Solutions LLC,Paid,Sales - Image Surfaces,Image Surfaces,292.5,1,0
Display Technologies,INV-0424,2021-04-19,2021,DT-SHIP,1,Meridian Audio Ltd,Meridian Audio Ltd,Paid,Shipping Out,Shipping Out,75.0,0,0
Display Technologies,INV-0424,2021-04-19,2021,,0,Meridian Audio Ltd,Meridian Audio Ltd,Paid,,,0.0,1,0
Display Technologies,1594,2021-04-21,2021,DT-FRNT-450,1,Genesis Home Technologies SL,Genesis Home Technologies SL,Paid,Sales - Non Motorised On Wall Screens,Non Motorised On Wall Screens,1950.0,1,0
Display Technologies,1594,2021-04-21,2021,,1,Genesis Home Technologies SL,Genesis Home Technologies SL,Paid,Sales - Image Surfaces,Image Surfaces,429.0,1,0
Display Technologies,1595,2021-04-21,2021,DT-FRNT-300,1,Apex Technologies USA,Apex Technologies USA,Paid,Sales - Non Motorised On Wall Screens,Non Motorised On Wall Screens,1092.0,1,0
Display Technologies,1595,2021-04-21,2021,,1,Apex Technologies USA,Apex Technologies USA,Paid,Sales - Image Surfaces,Image Surfaces,292.5,1,0
Display Technologies,1595,2021-04-21,2021,,1,Apex Technologies USA,Apex Technologies USA,Paid,Sales - Non Motorised Mount Solutions,Non Motorised Mount Solutions,295.0,1,0
Display Technologies,1597,2021-04-23,2021,DT-PHG-2,1,Apex Tech International Ltd,Apex Tech International Ltd,Paid,Sales - Port Hole Glass,Port Hole Glass,1782.0,1,1
Display Technologies,1597,2021-04-23,2021,DT-SHIP,1,Apex Tech International Ltd,Apex Tech International Ltd,Paid,Shipping Out,Shipping Out,75.0,0,1
Display Technologies,1598,2021-04-23,2021,DT-DYN-2S-360,1,Meridian Audio Ltd,Meridian Audio Ltd,Paid,Sales - Motorised On Wall Screens,Motorised On Wall Screens,4875.0,1,0
Display Technologies,1598,2021-04-23,2021,,1,Meridian Audio Ltd,Meridian Audio Ltd,Paid,Sales - Image Surfaces,Image Surfaces,229.5,1,0
Display Technologies,1599,2021-04-27,2021,DT-FRNT-270,1,Genesis Home Technologies SL,Genesis Home Technologies SL,Paid,Sales - Non Motorised On Wall Screens,Non Motorised On Wall Screens,975.0,1,0
Display Technologies,1599,2021-04-27,2021,,1,Genesis Home Technologies SL,Genesis Home Technologies SL,Paid,Sales - Image Surfaces,Image Surfaces,234.0,1,0
Display Technologies,1600,2021-04-29,2021,,1,Apex Technologies USA,Apex Technologies USA,Paid,Sales - Non Motorised Mount Solutions,Non Motorised Mount Solutions,295.0,1,0
Display Technologies,1601,2021-04-29,2021,DT-DYN-2S-AM-300,1,Meridian Audio Ltd,Meridian Audio Ltd,Paid,Sales - Motorised On Wall Screens,Motorised On Wall Screens,5811.0,1,0
Display Technologies,1601,2021-04-29,2021,,1,Meridian Audio Ltd,Meridian Audio Ltd,Paid,Sales - Image Surfaces,Image Surfaces,195.0,1,0
Display Technologies,1601,2021-04-29,2021,DT-PHG-1,1,Meridian Audio Ltd,Meridian Audio Ltd,Paid,Sales - Port Hole Glass,Port Hole Glass,975.0,1,0
Display Technologies,1601,2021-04-29,2021,,1,Meridian Audio Ltd,Meridian Audio Ltd,Paid,Sales - Non Motorised Mount Solutions,Non Motorised Mount Solutions,975.0,1,0
Display Technologies,INV-0425,2021-05-04,2021,,1,Apex Technologies USA,Apex Technologies USA,Paid,Sales - Non Motorised Mount Solutions,Non Motorised Mount Solutions,295.0,1,0
Display Technologies,INV-0425,2021-05-04,2021,,0,Apex Technologies USA,Apex Technologies USA,Paid,,,0.0,1,0
Display Technologies,1602,2021-05-04,2021,DT-DYN-2S-AM-330,1,Apex Technologies USA,Apex Technologies USA,Paid,Sales - Motorised On Wall Screens,Motorised On Wall Screens,6376.5,1,0
Display Technologies,1602,2021-05-04,2021,,1,Apex Technologies USA,Apex Technologies USA,Paid,Sales - Image Surfaces,Image Surfaces,214.5,1,0
Display Technologies,1603,2021-05-05,2021,DT-DYN-2S-AM-330,1,Genesis Home Technologies SL,Genesis Home Technologies SL,Paid,Sales - Motorised On Wall Screens,Motorised On Wall Screens,6376.5,1,0
Display Technologies,1603,2021-05-05,2021,,1,Genesis Home Technologies SL,Genesis Home Technologies SL,Paid,Sales - Image Surfaces,Image Surfaces,351.0,1,0
Display Technologies,INV-0426,2021-05-05,2021,DT-PHG-2,1,Apex Technologies USA,Apex Technologies USA,Paid,Sales - Port Hole Glass,Port Hole Glass,1170.0,1,0
Display Technologies,INV-0426,2021-05-05,2021,,0,Apex Technologies USA,Apex Technologies USA,Paid,,,0.0,1,0
Display Technologies,1604,2021-05-10,2021,DT-DYN-2TB-330,1,Apex Tech Scotland Ltd,Apex Tech Scotland Ltd,Paid,Sales - Motorised On Wall Screens,Motorised On Wall Screens,4524.0,1,1
Display Technologies,1604,2021-05-10,2021,,1,Apex Tech Scotland Ltd,Apex Tech Scotland Ltd,Paid,Sales - Image Surfaces,Image Surfaces,234.0,1,1
Display Technologies,1604,2021-05-10,2021,,1,Apex Tech Scotland Ltd,Apex Tech Scotland Ltd,Paid,Sales - Non Motorised Mount Solutions,Non Motorised Mount Solutions,292.5,1,1
Display Technologies,INV-0427,2021-05-13,2021,,25,ProtoPixel,ProtoPixel,Paid,Sales - Bespoke Solutions,Bespoke Solutions,1087.75,1,0
Display Technologies,INV-0427,2021-05-13,2021,,1,ProtoPixel,ProtoPixel,Paid,Sales - Bespoke Solutions,Bespoke Solutions,25.0,1,0
Display Technologies,INV-0427,2021-05-13,2021,,1,ProtoPixel,ProtoPixel,Paid,Shipping Out,Shipping Out,250.0,0,0
Display Technologies,1605,2021-05-13,2021,DT-PHG-1,1,Apex Technologies USA,Apex Technologies USA,Paid,Sales - Port Hole Glass,Port Hole Glass,975.0,1,0
Display Technologies,1606,2021-05-14,2021,,1,Apex Technologies USA,Apex Technologies USA,Paid,Sales - Bespoke Solutions,Bespoke Solutions,650.0,1,0
Display Technologies,INV-0428,2021-05-19,2021,,0,Apex Tech Scotland Ltd,Apex Tech Scotland Ltd,Paid,,,0.0,1,1
Display Technologies,INV-0428,2021-05-19,2021,,1,Apex Tech Scotland Ltd,Apex Tech Scotland Ltd,Paid,Shipping Out,Shipping Out,350.0,0,1
Display Technologies,1607,2021-05-19,2021,DT-DYN-2S-510,1,Prime Solutions LLC,Prime Solutions LLC,Paid,Sales - Motorised On Wall Screens,Motorised On Wall Screens,8112.0,1,0
Display Technologies,1607,2021-05-19,2021,,1,Prime Solutions LLC,Prime Solutions LLC,Paid,Sales - Image Surfaces,Image Surfaces,546.0,1,0
Display Technologies,1608,2021-05-19,2021,DT-DYN-2TB-300,1,Prime Solutions LLC,Prime Solutions LLC,Paid,Sales - Motorised On Wall Screens,Motorised On Wall Screens,4075.5,1,0
Display Technologies,1608,2021-05-19,2021,,1,Prime Solutions LLC,Prime Solutions LLC,Paid,Sales - Image Surfaces,Image Surfaces,292.5,1,0
Display Technologies,INV-0428,2021-05-19,2021,,1,Apex Tech Scotland Ltd,Apex Tech Scotland Ltd,Paid,Shipping Out,Shipping Out,630.0,0,1
Display Technologies,INV-0429,2021-05-19,2021,,0,Cinema Acoustic Treatment Systems Ltd,Cinema Acoustic Treatment Systems Ltd,Paid,,,0.0,1,0
Display Technologies,INV-0429,2021-05-19,2021,,0,Cinema Acoustic Treatment Systems Ltd,Cinema Acoustic Treatment Systems Ltd,Paid,,,0.0,1,0
Display Technologies,INV-0429,2021-05-19,2021,,30,Cinema Acoustic Treatment Systems Ltd,Cinema Acoustic Treatment Systems Ltd,Paid,Other Revenue,Other Revenue,720.0,0,0
Display Technologies,INV-0429,2021-05-19,2021,,16,Cinema Acoustic Treatment Systems Ltd,Cinema Acoustic Treatment Systems Ltd,Paid,Warehousing,Warehousing,160.0,0,0
Display Technologies,INV-0429,2021-05-19,2021,,30,Cinema Acoustic Treatment Systems Ltd,Cinema Acoustic Treatment Systems Ltd,Paid,Other Revenue,Other Revenue,150.0,0,0
Display Technologies,INV-0429,2021-05-19,2021,,3,Cinema Acoustic Treatment Systems Ltd,Cinema Acoustic Treatment Systems Ltd,Paid,Shipping Out,Shipping Out,45.0,0,0
Display Technologies,INV-0429,2021-05-19,2021,,0,Cinema Acoustic Treatment Systems Ltd,Cinema Acoustic Treatment Systems Ltd,Paid,,,0.0,1,0
Display Technologies,INV-0429,2021-05-19,2021,,32,Cinema Acoustic Treatment Systems Ltd,Cinema Acoustic Treatment Systems Ltd,Paid,Warehousing,Warehousing,320.0,0,0
Display Technologies,INV-0429,2021-05-19,2021,,0,Cinema Acoustic Treatment Systems Ltd,Cinema Acoustic Treatment Systems Ltd,Paid,,,0.0,1,0
Display Technologies,INV-0429,2021-05-19,2021,,40,Cinema Acoustic Treatment Systems Ltd,Cinema Acoustic Treatment Systems Ltd,Paid,Warehousing,Warehousing,400.0,0,0
Display Technologies,INV-0429,2021-05-19,2021,,2,Cinema Acoustic Treatment Systems Ltd,Cinema Acoustic Treatment Systems Ltd,Paid,Shipping Out,Shipping Out,30.0,0,0
Display Technologies,INV-0429,2021-05-19,2021,,1,Cinema Acoustic Treatment Systems Ltd,Cinema Acoustic Treatment Systems Ltd,Paid,Shipping Out,Shipping Out,270.0,0,0
Display Technologies,INV-0429,2021-05-19,2021,,0,Cinema Acoustic Treatment Systems Ltd,Cinema Acoustic Treatment Systems Ltd,Paid,,,0.0,1,0
Display Technologies,INV-0429,2021-05-19,2021,,32,Cinema Acoustic Treatment Systems Ltd,Cinema Acoustic Treatment Systems Ltd,Paid,Warehousing,Warehousing,320.0,0,0
Display Technologies,1609,2021-05-24,2021,DT-FRNT-450,1,Apex Technologies USA,Apex Technologies USA,Paid,Sales - Non Motorised On Wall Screens,Non Motorised On Wall Screens,1950.0,1,0
Display Technologies,1609,2021-05-24,2021,,1,Apex Technologies USA,Apex Technologies USA,Paid,Sales - Image Surfaces,Image Surfaces,429.0,1,0
Display Technologies,INV-0430,2021-05-27,2021,,1,Apex Tech Scotland Ltd,Apex Tech Scotland Ltd,Paid,Sales - Other Screens,Other Screens,1585.0,1,1
Display Technologies,1610,2021-06-01,2021,DT-FRNT-270,1,Genesis Home Technologies SL,Genesis Home Technologies SL,Paid,Sales - Non Motorised On Wall Screens,Non Motorised On Wall Screens,975.0,1,0
Display Technologies,1610,2021-06-01,2021,,1,Genesis Home Technologies SL,Genesis Home Technologies SL,Paid,Sales - Image Surfaces,Image Surfaces,234.0,1,0
Display Technologies,1611,2021-06-01,2021,DT-FRNT-360,1,Apex Technologies USA,Apex Technologies USA,Paid,Sales - Non Motorised On Wall Screens,Non Motorised On Wall Screens,1365.0,1,0
Display Technologies,1611,2021-06-01,2021,,1,Apex Technologies USA,Apex Technologies USA,Paid,Sales - Image Surfaces,Image Surfaces,292.5,1,0
Display Technologies,,2021-06-02,2021,,1,Genesis Home Technologies SL,Genesis Home Technologies SL,Paid,Accounts Receivable,Accounts Receivable,-241.8,0,0
Display Technologies,1612,2021-06-03,2021,,1,Meridian Audio Ltd,Meridian Audio Ltd,Paid,Sales - Hush Boxes,Hush Boxes,780.0,1,0
Display Technologies,1612,2021-06-03,2021,,1,Meridian Audio Ltd,Meridian Audio Ltd,Paid,Sales - Hush Boxes,Hush Boxes,2145.0,1,0
Display Technologies,1612,2021-06-03,2021,,1,Meridian Audio Ltd,Meridian Audio Ltd,Paid,Sales - Mistral,Mistral,390.0,1,0
Display Technologies,1612,2021-06-03,2021,,2,Meridian Audio Ltd,Meridian Audio Ltd,Paid,Sales - Mistral,Mistral,1092.0,1,0
Display Technologies,1612,2021-06-03,2021,,1,Meridian Audio Ltd,Meridian Audio Ltd,Paid,Sales - Port Hole Glass,Port Hole Glass,1170.0,1,0
Display Technologies,1613,2021-06-07,2021,DT-DYN-4-XL-480,1,Apex Technologies USA,Apex Technologies USA,Paid,Sales - Motorised On Wall Screens,Motorised On Wall Screens,9633.0,1,0
Display Technologies,1613,2021-06-07,2021,,1,Apex Technologies USA,Apex Technologies USA,Paid,Sales - Image Surfaces,Image Surfaces,487.5,1,0
Display Technologies,1614,2021-06-08,2021,DT-FRNT-360,1,Genesis Home Technologies SL,Genesis Home Technologies SL,Paid,Sales - Non Motorised On Wall Screens,Non Motorised On Wall Screens,1365.0,1,0
Display Technologies,1614,2021-06-08,2021,,1,Genesis Home Technologies SL,Genesis Home Technologies SL,Paid,Sales - Image Surfaces,Image Surfaces,292.5,1,0
Display Technologies,INV-0431,2021-06-08,2021,,120,Apex Technologies USA,Apex Technologies USA,Paid,Warehousing,Warehousing,480.0,0,0
Display Technologies,1616,2021-06-09,2021,,1,Apex Tech Scotland Ltd,Apex Tech Scotland Ltd,Paid,Sales - Non Motorised Mount Solutions,Non Motorised Mount Solutions,5000.0,1,1
Display Technologies,1617,2021-06-09,2021,,1,Zene Private Theater,Zene Private Theater,Paid,Sales - Image Surfaces,Image Surfaces,741.0,1,0
Display Technologies,1618,2021-06-09,2021,DT-DYN-2TB-330,1,Deco 2000 Co. Ltd.,Deco 2000 Co. Ltd.,Paid,Sales - Motorised On Wall Screens,Motorised On Wall Screens,4524.0,1,0
Display Technologies,1618,2021-06-09,2021,,1,Deco 2000 Co. Ltd.,Deco 2000 Co. Ltd.,Paid,Sales - Image Surfaces,Image Surfaces,351.0,1,0
Display Technologies,1620,2021-06-10,2021,DT-PHG-2,1,Genesis Home Technologies SL,Genesis Home Technologies SL,Paid,Sales - Port Hole Glass,Port Hole Glass,1170.0,1,0
Display Technologies,INV-0432,2021-06-10,2021,,1,Light Walls Ltd,Light Walls Ltd,Paid,Sales - Bespoke Solutions,Bespoke Solutions,390.0,1,0
Display Technologies,INV-0433,2021-06-11,2021,,1,Meridian Audio Ltd,Meridian Audio Ltd,Paid,Freight Costs - Outward,Freight Costs - Outward,225.0,0,0
Display Technologies,INV-0433,2021-06-11,2021,,0,Meridian Audio Ltd,Meridian Audio Ltd,Paid,,,0.0,1,0
Display Technologies,1623,2021-06-11,2021,DT-FRNT-270,1,Apex Technologies USA,Apex Technologies USA,Paid,Sales - Non Motorised On Wall Screens,Non Motorised On Wall Screens,975.0,1,0
Display Technologies,1623,2021-06-11,2021,,1,Apex Technologies USA,Apex Technologies USA,Paid,Sales - Image Surfaces,Image Surfaces,234.0,1,0
Display Technologies,1624,2021-06-11,2021,,1,Apex Technologies USA,Apex Technologies USA,Paid,Sales - Image Surfaces,Image Surfaces,292.5,1,0
Display Technologies,1625,2021-06-15,2021,DT-DYN-4-XL-600,1,Genesis Home Technologies SL,Genesis Home Technologies SL,Paid,Sales - Motorised On Wall Screens,Motorised On Wall Screens,14878.5,1,0
Display Technologies,1625,2021-06-15,2021,,1,Genesis Home Technologies SL,Genesis Home Technologies SL,Paid,Sales - Image Surfaces,Image Surfaces,741.0,1,0
Display Technologies,1625,2021-06-15,2021,DT-PHG-2,1,Genesis Home Technologies SL,Genesis Home Technologies SL,Paid,Sales - Port Hole Glass,Port Hole Glass,1170.0,1,0
Display Technologies,1626,2021-06-15,2021,DT-FRNT-420,1,Apex Technologies USA,Apex Technologies USA,Paid,Sales - Non Motorised On Wall Screens,Non Motorised On Wall Screens,1735.5,1,0
Display Technologies,1626,2021-06-15,2021,,1,Apex Technologies USA,Apex Technologies USA,Paid,Sales - Image Surfaces,Image Surfaces,370.5,1,0
Display Technologies,1627,2021-06-15,2021,DT-FRNT-420,1,Apex Tech Scotland Ltd,Apex Tech Scotland Ltd,Paid,Sales - Non Motorised On Wall Screens,Non Motorised On Wall Screens,1735.5,1,1
Display Technologies,1627,2021-06-15,2021,,1,Apex Tech Scotland Ltd,Apex Tech Scotland Ltd,Paid,Sales - Image Surfaces,Image Surfaces,370.5,1,1
Display Technologies,1628,2021-06-15,2021,DT-DYN-2S-360,1,Apex Tech Scotland Ltd,Apex Tech Scotland Ltd,Paid,Sales - Motorised On Wall Screens,Motorised On Wall Screens,4875.0,1,1
Display Technologies,1628,2021-06-15,2021,,1,Apex Tech Scotland Ltd,Apex Tech Scotland Ltd,Paid,Sales - Image Surfaces,Image Surfaces,409.5,1,1
Display Technologies,1629,2021-06-16,2021,DT-DYN-2S-420,1,Apex Tech International Ltd,Apex Tech International Ltd,Paid,Sales - Motorised On Wall Screens,Motorised On Wall Screens,5967.0,1,1
Display Technologies,1629,2021-06-16,2021,,1,Apex Tech International Ltd,Apex Tech International Ltd,Paid,Sales - Image Surfaces,Image Surfaces,370.5,1,1
Display Technologies,1629,2021-06-16,2021,DT-PHG-2,1,Apex Tech International Ltd,Apex Tech International Ltd,Paid,Sales - Port Hole Glass,Port Hole Glass,1170.0,1,1
Display Technologies,1629,2021-06-16,2021,DT-SHIP,1,Apex Tech International Ltd,Apex Tech International Ltd,Paid,Shipping Out,Shipping Out,750.0,0,1
Display Technologies,1631,2021-06-18,2021,DT-FRNT-390,1,Apex Technologies USA,Apex Technologies USA,Paid,Sales - Non Motorised On Wall Screens,Non Motorised On Wall Screens,1540.5,1,0
Display Technologies,1631,2021-06-18,2021,,1,Apex Technologies USA,Apex Technologies USA,Paid,Sales - Image Surfaces,Image Surfaces,331.5,1,0
Display Technologies,1633,2021-06-24,2021,,1,Deco 2000 Co. Ltd.,Deco 2000 Co. Ltd.,Paid,Sales - Image Surfaces,Image Surfaces,136.5,1,0
Display Technologies,INV-0434,2021-06-24,2021,DT-SHIP,1,Meridian Audio Ltd,Meridian Audio Ltd,Paid,Shipping Out,Shipping Out,75.0,0,0
Display Technologies,INV-0434,2021-06-24,2021,,0,Meridian Audio Ltd,Meridian Audio Ltd,Paid,,,0.0,1,0
Display Technologies,1632,2021-06-24,2021,DT-FRNT-390,1,Prime Solutions LLC,Prime Solutions LLC,Paid,Sales - Non Motorised On Wall Screens,Non Motorised On Wall Screens,1540.5,1,0
Display Technologies,1632,2021-06-24,2021,,1,Prime Solutions LLC,Prime Solutions LLC,Paid,Sales - Image Surfaces,Image Surfaces,331.5,1,0
Display Technologies,1632,2021-06-24,2021,,1,Prime Solutions LLC,Prime Solutions LLC,Paid,Sales - Port Hole Glass,Port Hole Glass,546.0,1,0
Display Technologies,1634,2021-06-25,2021,,1,AV Nirvana India,AV Nirvana India,Paid,Sales - Non Motorised Mount Solutions,Non Motorised Mount Solutions,975.0,1,0
Display Technologies,1635,2021-06-25,2021,,1,Apex Technologies USA,Apex Technologies USA,Paid,Sales - Mistral,Mistral,390.0,1,0
Display Technologies,1635,2021-06-25,2021,,2,Apex Technologies USA,Apex Technologies USA,Paid,Sales - Mistral,Mistral,1092.0,1,0
Display Technologies,1639,2021-06-29,2021,DT-ACM,1,Apex Technologies USA,Apex Technologies USA,Paid,Sales - Non Motorised Mount Solutions,Non Motorised Mount Solutions,292.5,1,0
Display Technologies,1640,2021-06-29,2021,,1,Apex Technologies USA,Apex Technologies USA,Paid,Sales - Non Motorised Mount Solutions,Non Motorised Mount Solutions,295.0,1,0
Display Technologies,1638,2021-06-29,2021,DT-MMD,1,PMC,PMC,Paid,Sales - Motorised Mount Solutions,Motorised Mount Solutions,2925.0,1,0
Display Technologies,1641,2021-06-30,2021,DT-FRNT-390,1,Genesis Home Technologies SL,Genesis Home Technologies SL,Paid,Sales - Non Motorised On Wall Screens,Non Motorised On Wall Screens,1540.5,1,0
Display Technologies,1641,2021-06-30,2021,,1,Genesis Home Technologies SL,Genesis Home Technologies SL,Paid,Sales - Image Surfaces,Image Surfaces,331.5,1,0
Display Technologies,1642,2021-07-02,2021,,1,Apex Technologies USA,Apex Technologies USA,Paid,Sales - Non Motorised Mount Solutions,Non Motorised Mount Solutions,1462.5,1,0
Display Technologies,1643,2021-07-02,2021,DT-DYN-2S-300,1,Apex Technologies USA,Apex Technologies USA,Paid,Sales - Motorised On Wall Screens,Motorised On Wall Screens,3978.0,1,0
Display Technologies,1643,2021-07-02,2021,,1,Apex Technologies USA,Apex Technologies USA,Paid,Sales - Image Surfaces,Image Surfaces,195.0,1,0
Display Technologies,1644,2021-07-02,2021,DT-FRNT-360,1,Apex Technologies USA,Apex Technologies USA,Paid,Sales - Non Motorised On Wall Screens,Non Motorised On Wall Screens,1365.0,1,0
Display Technologies,1644,2021-07-02,2021,,1,Apex Technologies USA,Apex Technologies USA,Paid,Sales - Image Surfaces,Image Surfaces,292.5,1,0
Display Technologies,1645,2021-07-02,2021,DT-DYN-2TB-420,1,Apex Technologies USA,Apex Technologies USA,Paid,Sales - Motorised On Wall Screens,Motorised On Wall Screens,6201.0,1,0
Display Technologies,1645,2021-07-02,2021,,1,Apex Technologies USA,Apex Technologies USA,Paid,Sales - Image Surfaces,Image Surfaces,370.5,1,0
Display Technologies,1645,2021-07-02,2021,DT-PHG-2,1,Apex Technologies USA,Apex Technologies USA,Paid,Sales - Port Hole Glass,Port Hole Glass,1170.0,1,0
Display Technologies,1645,2021-07-02,2021,,1,Apex Technologies USA,Apex Technologies USA,Paid,Sales - Non Motorised Mount Solutions,Non Motorised Mount Solutions,975.0,1,0
Display Technologies,1646,2021-07-02,2021,DT-DYN-2S-360,1,Apex Tech Scotland Ltd,Apex Tech Scotland Ltd,Paid,Sales - Motorised On Wall Screens,Motorised On Wall Screens,4875.0,1,1
Display Technologies,1646,2021-07-02,2021,,1,Apex Tech Scotland Ltd,Apex Tech Scotland Ltd,Paid,Sales - Image Surfaces,Image Surfaces,409.5,1,1
Display Technologies,1647,2021-07-02,2021,DT-FRNT-330,1,Apex Technologies USA,Apex Technologies USA,Paid,Sales - Non Motorised On Wall Screens,Non Motorised On Wall Screens,1228.5,1,0
Display Technologies,1647,2021-07-02,2021,,1,Apex Technologies USA,Apex Technologies USA,Paid,Sales - Image Surfaces,Image Surfaces,351.0,1,0
Display Technologies,INV-0436,2021-07-05,2021,,0,Apex Tech Scotland Ltd,Apex Tech Scotland Ltd,Paid,,,0.0,1,1
Display Technologies,INV-0436,2021-07-05,2021,DT-SHIP,4,Apex Tech Scotland Ltd,Apex Tech Scotland Ltd,Paid,Shipping Out,Shipping Out,300.0,0,1
Display Technologies,1648,2021-07-05,2021,DT-DYN-2S-480,1,Apex Technologies USA,Apex Technologies USA,Paid,Sales - Motorised On Wall Screens,Motorised On Wall Screens,7332.0,1,0
Display Technologies,1648,2021-07-05,2021,,1,Apex Technologies USA,Apex Technologies USA,Paid,Sales - Image Surfaces,Image Surfaces,487.5,1,0
Display Technologies,INV-0436,2021-07-05,2021,DT-SHIP,3,Apex Tech Scotland Ltd,Apex Tech Scotland Ltd,Paid,Shipping Out,Shipping Out,225.0,0,1
Display Technologies,1650,2021-07-06,2021,DT-PHG-1,1,Apex Tech Scotland Ltd,Apex Tech Scotland Ltd,Paid,Sales - Port Hole Glass,Port Hole Glass,975.0,1,1
Display Technologies,1652,2021-07-07,2021,DT-DYN-2S-510,1,AV Nirvana India,AV Nirvana India,Approved,Sales - Motorised On Wall Screens,Motorised On Wall Screens,8112.0,1,0
Display Technologies,1652,2021-07-07,2021,,1,AV Nirvana India,AV Nirvana India,Approved,Sales - Image Surfaces,Image Surfaces,546.0,1,0
Display Technologies,1651,2021-07-07,2021,DT-FRNT-300,1,Genesis Home Technologies SL,Genesis Home Technologies SL,Paid,Sales - Non Motorised On Wall Screens,Non Motorised On Wall Screens,1092.0,1,0
Display Technologies,1651,2021-07-07,2021,,1,Genesis Home Technologies SL,Genesis Home Technologies SL,Paid,Sales - Image Surfaces,Image Surfaces,292.5,1,0
Display Technologies,1653,2021-07-08,2021,DT-CNTP-360,1,AV Nirvana India,AV Nirvana India,Paid,Sales - Non Motorised On Wall Screens,Non Motorised On Wall Screens,1111.5,1,0
Display Technologies,1653,2021-07-08,2021,,1,AV Nirvana India,AV Nirvana India,Paid,Sales - Image Surfaces,Image Surfaces,292.5,1,0
Display Technologies,INV-0437,2021-07-08,2021,,1,P Farrow & Sons Ltd,P Farrow & Sons Ltd,Paid,Other Revenue,Other Revenue,768.0,0,0
Display Technologies,1655,2021-07-08,2021,,1,Apex Technologies USA,Apex Technologies USA,Paid,Sales - Hush Boxes,Hush Boxes,2145.0,1,0
Display Technologies,1655,2021-07-08,2021,,2,Apex Technologies USA,Apex Technologies USA,Paid,Sales - Mistral,Mistral,1092.0,1,0
Display Technologies,1656,2021-07-12,2021,DT-DYN-2S-450,1,Genesis Technologies AG (Deutschland).,Genesis Technologies AG (Deutschland).,Paid,Sales - Motorised On Wall Screens,Motorised On Wall Screens,6610.59,1,0
Display Technologies,1656,2021-07-12,2021,,1,Genesis Technologies AG (Deutschland).,Genesis Technologies AG (Deutschland).,Paid,Sales - Image Surfaces,Image Surfaces,429.0,1,0
Display Technologies,1657,2021-07-12,2021,DT-CNTP-510,1,AV Nirvana India,AV Nirvana India,Paid,Sales - Non Motorised On Wall Screens,Non Motorised On Wall Screens,1950.0,1,0
Display Technologies,1657,2021-07-12,2021,,1,AV Nirvana India,AV Nirvana India,Paid,Sales - Image Surfaces,Image Surfaces,546.0,1,0
Display Technologies,1658,2021-07-12,2021,,1,Genesis Home Technologies SL,Genesis Home Technologies SL,Paid,Sales - Non Motorised On Wall Screens,Non Motorised On Wall Screens,491.4,1,0
Display Technologies,1659,2021-07-12,2021,,1,Apex Technologies USA,Apex Technologies USA,Paid,Sales - Mistral,Mistral,390.0,1,0
Display Technologies,1659,2021-07-12,2021,,1,Apex Technologies USA,Apex Technologies USA,Paid,Sales - Non Motorised Mount Solutions,Non Motorised Mount Solutions,1950.0,1,0
Display Technologies,1659,2021-07-12,2021,,2,Apex Technologies USA,Apex Technologies USA,Paid,Sales - Mistral,Mistral,1248.0,1,0
Display Technologies,INV-0438,2021-07-12,2021,,1,Apex Tech Scotland Ltd,Apex Tech Scotland Ltd,Paid,Shipping Out,Shipping Out,30.0,0,1
Display Technologies,INV-0438,2021-07-12,2021,,1,Apex Tech Scotland Ltd,Apex Tech Scotland Ltd,Paid,Shipping Out,Shipping Out,150.0,0,1
Display Technologies,INV-0438,2021-07-12,2021,,1,Apex Tech Scotland Ltd,Apex Tech Scotland Ltd,Paid,Shipping Out,Shipping Out,475.0,0,1
Display Technologies,1660,2021-07-13,2021,,1,Apex Technologies USA,Apex Technologies USA,Paid,Sales - Non Motorised Mount Solutions,Non Motorised Mount Solutions,975.0,1,0
Display Technologies,1661,2021-07-13,2021,DT-FRNT-390,1,Apex Technologies USA,Apex Technologies USA,Paid,Sales - Non Motorised On Wall Screens,Non Motorised On Wall Screens,1540.5,1,0
Display Technologies,1661,2021-07-13,2021,,1,Apex Technologies USA,Apex Technologies USA,Paid,Sales - Image Surfaces,Image Surfaces,468.0,1,0
Display Technologies,1662,2021-07-15,2021,DT-FRNT-420,1,GR Media Solutions,GR Media Solutions,Paid,Sales - Non Motorised On Wall Screens,Non Motorised On Wall Screens,1735.5,1,0
Display Technologies,1662,2021-07-15,2021,,1,GR Media Solutions,GR Media Solutions,Paid,Sales - Image Surfaces,Image Surfaces,331.5,1,0
Display Technologies,1662,2021-07-15,2021,DT-PHG-1,1,GR Media Solutions,GR Media Solutions,Paid,Sales - Port Hole Glass,Port Hole Glass,975.0,1,0
Display Technologies,INV-0439,2021-07-15,2021,,120,Apex Technologies USA,Apex Technologies USA,Paid,Warehousing,Warehousing,480.0,0,0
Display Technologies,1663,2021-07-22,2021,DT-DYN-2TB-XL-450,1,GR Media Solutions,GR Media Solutions,Paid,Sales - Motorised On Wall Screens,Motorised On Wall Screens,6942.0,1,0
Display Technologies,1663,2021-07-22,2021,,1,GR Media Solutions,GR Media Solutions,Paid,Sales - Image Surfaces,Image Surfaces,429.0,1,0
Display Technologies,1665,2021-07-23,2021,DT-MMD,1,Meridian Audio Ltd,Meridian Audio Ltd,Paid,Sales - Motorised Mount Solutions,Motorised Mount Solutions,2925.0,1,0
Display Technologies,1664,2021-07-23,2021,DT-FRNT-270,1,Special Elektronik,Special Elektronik,Paid,Sales - Non Motorised On Wall Screens,Non Motorised On Wall Screens,975.0,1,0
Display Technologies,1664,2021-07-23,2021,,1,Special Elektronik,Special Elektronik,Paid,Sales - Image Surfaces,Image Surfaces,234.0,1,0
Display Technologies,1664,2021-07-23,2021,,1,Special Elektronik,Special Elektronik,Paid,Sales - Image Surfaces,Image Surfaces,234.0,1,0
Display Technologies,1666,2021-07-27,2021,DT-PHG-2,1,National AV Solutions Pty Ltd,National AV Solutions Pty Ltd,Paid,Sales - Port Hole Glass,Port Hole Glass,1170.0,1,0
Display Technologies,1666,2021-07-27,2021,DT-PHG-1,1,National AV Solutions Pty Ltd,National AV Solutions Pty Ltd,Paid,Sales - Port Hole Glass,Port Hole Glass,546.0,1,0
Display Technologies,1667,2021-07-28,2021,DT-FRNT-330,1,Apex Technologies USA,Apex Technologies USA,Paid,Sales - Non Motorised On Wall Screens,Non Motorised On Wall Screens,1228.5,1,0
Display Technologies,1667,2021-07-28,2021,,1,Apex Technologies USA,Apex Technologies USA,Paid,Sales - Image Surfaces,Image Surfaces,234.0,1,0
Display Technologies,INV-0442,2021-08-01,2021,,2,Electrovista,Electrovista,Approved,Sales - Bespoke Solutions,Bespoke Solutions,111.5,1,0
Display Technologies,INV-0442,2021-08-01,2021,,2,Electrovista,Electrovista,Approved,Sales - Bespoke Solutions,Bespoke Solutions,150.0,1,0
Display Technologies,INV-0440,2021-08-01,2021,,120,Apex Technologies USA,Apex Technologies USA,Paid,Warehousing,Warehousing,480.0,0,0
Display Technologies,INV-0441,2021-08-01,2021,,1,Nordic and Wild,Nordic and Wild,Paid,Sales - Bespoke Solutions,Bespoke Solutions,31.26,1,0
Display Technologies,INV-0441,2021-08-01,2021,,2,Nordic and Wild,Nordic and Wild,Paid,Sales - Bespoke Solutions,Bespoke Solutions,47.94,1,0
Display Technologies,INV-0441,2021-08-01,2021,,1,Nordic and Wild,Nordic and Wild,Paid,Sales - Bespoke Solutions,Bespoke Solutions,33.76,1,0
Display Technologies,INV-0441,2021-08-01,2021,,3,Nordic and Wild,Nordic and Wild,Paid,Sales - Bespoke Solutions,Bespoke Solutions,22.14,1,0
Display Technologies,INV-0441,2021-08-01,2021,,4,Nordic and Wild,Nordic and Wild,Paid,Sales - Bespoke Solutions,Bespoke Solutions,300.0,1,0
Display Technologies,INV-0443,2021-08-02,2021,,1,Meridian Audio Ltd,Meridian Audio Ltd,Paid,Freight Costs - Outward,Freight Costs - Outward,479.17,0,0
Display Technologies,INV-0443,2021-08-02,2021,,0,Meridian Audio Ltd,Meridian Audio Ltd,Paid,,,0.0,1,0
Display Technologies,1670,2021-08-02,2021,DT-DYN-2TB-330,1,Genesis Home Technologies SL,Genesis Home Technologies SL,Paid,Sales - Motorised On Wall Screens,Motorised On Wall Screens,4524.0,1,0
Display Technologies,1670,2021-08-02,2021,,1,Genesis Home Technologies SL,Genesis Home Technologies SL,Paid,Sales - Image Surfaces,Image Surfaces,234.0,1,0
Display Technologies,1671,2021-08-03,2021,DT-ACM,1,Apex Technologies USA,Apex Technologies USA,Paid,Sales - Non Motorised Mount Solutions,Non Motorised Mount Solutions,292.5,1,0
Display Technologies,1672,2021-08-04,2021,DT-MMD,1,Prime Solutions LLC,Prime Solutions LLC,Paid,Sales - Motorised Mount Solutions,Motorised Mount Solutions,2925.0,1,0
Display Technologies,1673,2021-08-04,2021,DT-FRNT-300,1,Prime Solutions LLC,Prime Solutions LLC,Paid,Sales - Non Motorised On Wall Screens,Non Motorised On Wall Screens,1092.0,1,0
Display Technologies,1673,2021-08-04,2021,,1,Prime Solutions LLC,Prime Solutions LLC,Paid,Sales - Image Surfaces,Image Surfaces,195.0,1,0
Display Technologies,1674,2021-08-04,2021,DT-FRNT-420,1,Prime Solutions LLC,Prime Solutions LLC,Paid,Sales - Non Motorised On Wall Screens,Non Motorised On Wall Screens,1735.5,1,0
Display Technologies,1674,2021-08-04,2021,,1,Prime Solutions LLC,Prime Solutions LLC,Paid,Sales - Image Surfaces,Image Surfaces,370.5,1,0
Display Technologies,1675,2021-08-04,2021,DT-FRNT-270,1,Prime Solutions LLC,Prime Solutions LLC,Paid,Sales - Non Motorised On Wall Screens,Non Motorised On Wall Screens,975.0,1,0
Display Technologies,1675,2021-08-04,2021,,1,Prime Solutions LLC,Prime Solutions LLC,Paid,Sales - Image Surfaces,Image Surfaces,234.0,1,0
Display Technologies,INV-0444,2021-08-07,2021,DT-SHIP,2,Meridian Audio Ltd,Meridian Audio Ltd,Paid,Shipping Out,Shipping Out,150.0,0,0
Display Technologies,INV-0444,2021-08-07,2021,,0,Meridian Audio Ltd,Meridian Audio Ltd,Paid,,,0.0,1,0
Display Technologies,1676,2021-08-07,2021,,1,Apex Technologies USA,Apex Technologies USA,Paid,Sales - Non Motorised On Wall Screens,Non Motorised On Wall Screens,1092.0,1,0
Display Technologies,1676,2021-08-07,2021,,1,Apex Technologies USA,Apex Technologies USA,Paid,Sales - Image Surfaces,Image Surfaces,195.0,1,0
Display Technologies,1668,2021-08-07,2021,,1,Apex Technologies USA,Apex Technologies USA,Paid,Sales - Non Motorised On Wall Screens,Non Motorised On Wall Screens,1228.5,1,0
Display Technologies,1668,2021-08-07,2021,,1,Apex Technologies USA,Apex Technologies USA,Paid,Sales - Image Surfaces,Image Surfaces,351.0,1,0
Display Technologies,1677,2021-08-08,2021,,1,Apex Tech Scotland Ltd,Apex Tech Scotland Ltd,Paid,Sales - Hush Boxes,Hush Boxes,2145.0,1,1
Display Technologies,1677,2021-08-08,2021,,2,Apex Tech Scotland Ltd,Apex Tech Scotland Ltd,Paid,Sales - Mistral,Mistral,936.0,1,1
Display Technologies,1677,2021-08-08,2021,,1,Apex Tech Scotland Ltd,Apex Tech Scotland Ltd,Paid,Sales - Mistral,Mistral,390.0,1,1
Display Technologies,INV-0445,2021-08-08,2021,,12,Light Walls Ltd,Light Walls Ltd,Paid,Sales - Bespoke Solutions,Bespoke Solutions,3000.0,1,0
Display Technologies,1679,2021-08-12,2021,,1,Apex Technologies USA,Apex Technologies USA,Paid,Sales - Non Motorised On Wall Screens,Non Motorised On Wall Screens,1228.5,1,0
Display Technologies,1679,2021-08-12,2021,,1,Apex Technologies USA,Apex Technologies USA,Paid,Sales - Image Surfaces,Image Surfaces,175.5,1,0
Display Technologies,INV-0446,2021-08-16,2021,,1,Apex Technologies USA,Apex Technologies USA,Paid,Sales - Non Motorised On Wall Screens,Non Motorised On Wall Screens,702.0,1,0
Display Technologies,INV-0446,2021-08-16,2021,,1,Apex Technologies USA,Apex Technologies USA,Paid,Sales - Image Surfaces,Image Surfaces,195.0,1,0
Display Technologies,1681,2021-08-17,2021,,1,Apex Technologies USA,Apex Technologies USA,Paid,Sales - Port Hole Glass,Port Hole Glass,2154.0,1,0
Display Technologies,1682,2021-08-26,2021,,1,Zene Private Theater,Zene Private Theater,Paid,Sales - Non Motorised On Wall Screens,Non Motorised On Wall Screens,1735.5,1,0
Display Technologies,1682,2021-08-26,2021,,1,Zene Private Theater,Zene Private Theater,Paid,Sales - Image Surfaces,Image Surfaces,370.5,1,0
Display Technologies,1683,2021-08-27,2021,,1,Apex Technologies USA,Apex Technologies USA,Paid,Sales - Non Motorised On Wall Screens,Non Motorised On Wall Screens,1111.5,1,0
Display Technologies,1683,2021-08-27,2021,,1,Apex Technologies USA,Apex Technologies USA,Paid,Sales - Image Surfaces,Image Surfaces,292.5,1,0
Display Technologies,1684,2021-08-27,2021,,1,Meridian Audio Ltd,Meridian Audio Ltd,Paid,Sales - Non Motorised Mount Solutions,Non Motorised Mount Solutions,975.0,1,0
Display Technologies,1684,2021-08-27,2021,,1,Meridian Audio Ltd,Meridian Audio Ltd,Paid,Sales - Non Motorised Mount Solutions,Non Motorised Mount Solutions,459.0,1,0
Display Technologies,INV-0447,2021-08-31,2021,,120,Apex Technologies USA,Apex Technologies USA,Paid,Warehousing,Warehousing,480.0,0,0
Display Technologies,INV-0448,2021-08-31,2021,,1,Immersive Design Studios,Immersive Design Studios,Paid,Shipping Out,Shipping Out,3500.0,0,0
Display Technologies,1685,2021-08-31,2021,,1,Special Elektronik,Special Elektronik,Paid,Sales - Port Hole Glass,Port Hole Glass,975.0,1,0
Display Technologies,1685,2021-08-31,2021,,1,Special Elektronik,Special Elektronik,Paid,Sales - Non Motorised Mount Solutions,Non Motorised Mount Solutions,975.0,1,0
Display Technologies,CN-0449,2021-09-01,2021,,1,Prime Solutions LLC,Prime Solutions LLC,Paid,Sales - Non Motorised On Wall Screens,Non Motorised On Wall Screens,-853.0,1,0
Display Technologies,1687,2021-09-02,2021,,1,Apex Technologies USA,Apex Technologies USA,Paid,Sales - Non Motorised On Wall Screens,Non Motorised On Wall Screens,975.0,1,0
Display Technologies,1687,2021-09-02,2021,,1,Apex Technologies USA,Apex Technologies USA,Paid,Sales - Image Surfaces,Image Surfaces,175.5,1,0
Display Technologies,1687,2021-09-02,2021,,1,Apex Technologies USA,Apex Technologies USA,Paid,Sales - Mistral,Mistral,390.0,1,0
Display Technologies,1687,2021-09-02,2021,,2,Apex Technologies USA,Apex Technologies USA,Paid,Sales - Mistral,Mistral,1092.0,1,0
Display Technologies,1688,2021-09-02,2021,,1,National AV Solutions Pty Ltd,National AV Solutions Pty Ltd,Paid,Sales - Non Motorised On Wall Screens,Non Motorised On Wall Screens,1950.0,1,0
Display Technologies,1688,2021-09-02,2021,,1,National AV Solutions Pty Ltd,National AV Solutions Pty Ltd,Paid,Sales - Image Surfaces,Image Surfaces,429.0,1,0
Display Technologies,1689,2021-09-02,2021,,1,National AV Solutions Pty Ltd,National AV Solutions Pty Ltd,Paid,Sales - Non Motorised On Wall Screens,Non Motorised On Wall Screens,1735.5,1,0
Display Technologies,1689,2021-09-02,2021,,1,National AV Solutions Pty Ltd,National AV Solutions Pty Ltd,Paid,Sales - Image Surfaces,Image Surfaces,370.5,1,0
Display Technologies,1686,2021-09-02,2021,,1,Apex Technologies USA,Apex Technologies USA,Paid,Sales - Port Hole Glass,Port Hole Glass,1965.0,1,0
Display Technologies,1690,2021-09-02,2021,DT-FRNT-330,1,Apex Tech Scotland Ltd,Apex Tech Scotland Ltd,Paid,Sales - Non Motorised On Wall Screens,Non Motorised On Wall Screens,1228.5,1,1
Display Technologies,1690,2021-09-02,2021,,1,Apex Tech Scotland Ltd,Apex Tech Scotland Ltd,Paid,Sales - Image Surfaces,Image Surfaces,234.0,1,1
Display Technologies,1691,2021-09-02,2021,,2,Apex Tech Scotland Ltd,Apex Tech Scotland Ltd,Paid,Sales - Mistral,Mistral,1092.0,1,1
Display Technologies,1691,2021-09-02,2021,,1,Apex Tech Scotland Ltd,Apex Tech Scotland Ltd,Paid,Sales - Mistral,Mistral,390.0,1,1
Display Technologies,1692,2021-09-03,2021,,1,Apex Technologies USA,Apex Technologies USA,Paid,Sales - Non Motorised Mount Solutions,Non Motorised Mount Solutions,975.0,1,0
Display Technologies,1692,2021-09-03,2021,,1,Apex Technologies USA,Apex Technologies USA,Paid,Sales - Port Hole Glass,Port Hole Glass,1170.0,1,0
Display Technologies,1693,2021-09-08,2021,DT-FRNT-300,1,Apex Tech International Ltd,Apex Tech International Ltd,Paid,Sales - Non Motorised On Wall Screens,Non Motorised On Wall Screens,1092.0,1,1
Display Technologies,1693,2021-09-08,2021,,1,Apex Tech International Ltd,Apex Tech International Ltd,Paid,Sales - Image Surfaces,Image Surfaces,292.5,1,1
Display Technologies,CN-0452,2021-09-08,2021,,1,Apex Technologies USA,Apex Technologies USA,Paid,Cost of Sales - Others,Cost of Sales - Others,-530.62,0,0
Display Technologies,1694,2021-09-09,2021,,1,Apex Technologies USA,Apex Technologies USA,Paid,Sales - Non Motorised On Wall Screens,Non Motorised On Wall Screens,2203.5,1,0
Display Technologies,1694,2021-09-09,2021,,1,Apex Technologies USA,Apex Technologies USA,Paid,Sales - Image Surfaces,Image Surfaces,487.5,1,0
Display Technologies,1695,2021-09-13,2021,DT-FRNT-330,1,Apex Technologies USA,Apex Technologies USA,Paid,Sales - Non Motorised On Wall Screens,Non Motorised On Wall Screens,1228.5,1,0
Display Technologies,1695,2021-09-13,2021,,1,Apex Technologies USA,Apex Technologies USA,Paid,Sales - Image Surfaces,Image Surfaces,234.0,1,0
Display Technologies,1695,2021-09-13,2021,,1,Apex Technologies USA,Apex Technologies USA,Paid,Sales - Non Motorised Mount Solutions,Non Motorised Mount Solutions,292.5,1,0
Display Technologies,1696,2021-09-13,2021,DT-FRNT-360,1,Apex Technologies USA,Apex Technologies USA,Paid,Sales - Non Motorised On Wall Screens,Non Motorised On Wall Screens,1365.0,1,0
Display Technologies,1696,2021-09-13,2021,,1,Apex Technologies USA,Apex Technologies USA,Paid,Sales - Image Surfaces,Image Surfaces,292.5,1,0
Display Technologies,1697,2021-09-13,2021,DT-FRNT-330,1,Apex Technologies USA,Apex Technologies USA,Paid,Sales - Non Motorised On Wall Screens,Non Motorised On Wall Screens,1228.5,1,0
Display Technologies,1697,2021-09-13,2021,,1,Apex Technologies USA,Apex Technologies USA,Paid,Sales - Image Surfaces,Image Surfaces,234.0,1,0
Display Technologies,1698,2021-09-15,2021,DT-M-150,4,Apex Tech Scotland Ltd,Apex Tech Scotland Ltd,Paid,Sales - Mistral,Mistral,1872.0,1,1
Display Technologies,1698,2021-09-15,2021,,2,Apex Tech Scotland Ltd,Apex Tech Scotland Ltd,Paid,Sales - Mistral,Mistral,780.0,1,1
Display Technologies,1700,2021-09-16,2021,DT-FRNT-300,1,Apex Tech Scotland Ltd,Apex Tech Scotland Ltd,Paid,Sales - Non Motorised On Wall Screens,Non Motorised On Wall Screens,1092.0,1,1
Display Technologies,1700,2021-09-16,2021,,1,Apex Tech Scotland Ltd,Apex Tech Scotland Ltd,Paid,Sales - Image Surfaces,Image Surfaces,292.5,1,1
Display Technologies,1701,2021-09-16,2021,DT-DYN-2S-330,1,Apex Technologies USA,Apex Technologies USA,Paid,Sales - Motorised On Wall Screens,Motorised On Wall Screens,4387.5,1,0
Display Technologies,1701,2021-09-16,2021,,1,Apex Technologies USA,Apex Technologies USA,Paid,Sales - Image Surfaces,Image Surfaces,351.0,1,0
Display Technologies,1702,2021-09-17,2021,,1,Apex Tech Scotland Ltd,Apex Tech Scotland Ltd,Paid,Sales - Non Motorised Mount Solutions,Non Motorised Mount Solutions,975.0,1,1
Display Technologies,1702,2021-09-17,2021,DT-PHG-1,1,Apex Tech Scotland Ltd,Apex Tech Scotland Ltd,Paid,Sales - Port Hole Glass,Port Hole Glass,975.0,1,1
Display Technologies,1703,2021-09-17,2021,DT-FRNT-450,1,AV Nirvana India,AV Nirvana India,Paid,Sales - Non Motorised On Wall Screens,Non Motorised On Wall Screens,1950.0,1,0
Display Technologies,1703,2021-09-17,2021,,1,AV Nirvana India,AV Nirvana India,Paid,Sales - Image Surfaces,Image Surfaces,429.0,1,0
Display Technologies,INV-0453,2021-09-20,2021,,0,Apex Tech Scotland Ltd,Apex Tech Scotland Ltd,Paid,,,0.0,1,1
Display Technologies,INV-0453,2021-09-20,2021,,1,Apex Tech Scotland Ltd,Apex Tech Scotland Ltd,Paid,Shipping Out,Shipping Out,120.0,0,1
Display Technologies,INV-0453,2021-09-20,2021,,1,Apex Tech Scotland Ltd,Apex Tech Scotland Ltd,Paid,Shipping Out,Shipping Out,285.0,0,1
Display Technologies,1704,2021-09-20,2021,,2,Apex Technologies USA,Apex Technologies USA,Paid,Sales - Non Motorised Mount Solutions,Non Motorised Mount Solutions,585.0,1,0
Display Technologies,1705,2021-09-21,2021,,1,Apex Tech Scotland Ltd,Apex Tech Scotland Ltd,Paid,Sales - Non Motorised Mount Solutions,Non Motorised Mount Solutions,1462.5,1,1
Display Technologies,1706,2021-09-22,2021,,1,Special Elektronik,Special Elektronik,Paid,Sales - Image Surfaces,Image Surfaces,292.5,1,0
Display Technologies,1709,2021-09-24,2021,,2,Apex Technologies USA,Apex Technologies USA,Approved,Sales - Non Motorised Mount Solutions,Non Motorised Mount Solutions,585.0,1,0
Display Technologies,INV-0454,2021-09-24,2021,DT-SHIP,2,Meridian Audio Ltd,Meridian Audio Ltd,Paid,Shipping Out,Shipping Out,150.0,0,0
Display Technologies,1708,2021-09-24,2021,DT-DYN-4-XL-480,1,GR Media Solutions,GR Media Solutions,Paid,Sales - Motorised On Wall Screens,Motorised On Wall Screens,9633.0,1,0
Display Technologies,1708,2021-09-24,2021,,1,GR Media Solutions,GR Media Solutions,Paid,Sales - Image Surfaces,Image Surfaces,487.5,1,0
Display Technologies,INV-0455,2021-09-29,2021,,1,P Farrow & Sons Ltd,P Farrow & Sons Ltd,Paid,Other Revenue,Other Revenue,650.0,0,0
Display Technologies,1711,2021-09-30,2021,DT-FRNT-270,1,Apex Technologies USA,Apex Technologies USA,Paid,Sales - Non Motorised On Wall Screens,Non Motorised On Wall Screens,975.0,1,0
Display Technologies,1711,2021-09-30,2021,,1,Apex Technologies USA,Apex Technologies USA,Paid,Sales - Image Surfaces,Image Surfaces,234.0,1,0
Display Technologies,1712,2021-10-01,2021,DT-FRNT-270,1,Apex Technologies USA,Apex Technologies USA,Paid,Sales - Non Motorised On Wall Screens,Non Motorised On Wall Screens,975.0,1,0
Display Technologies,1712,2021-10-01,2021,,1,Apex Technologies USA,Apex Technologies USA,Paid,Sales - Image Surfaces,Image Surfaces,175.5,1,0
Display Technologies,INV-0457,2021-10-04,2021,,1,Light Walls Ltd,Light Walls Ltd,Approved,Sales - Bespoke Solutions,Bespoke Solutions,3000.0,1,0
Display Technologies,INV-0456,2021-10-04,2021,,4,Apex Technologies USA,Apex Technologies USA,Paid,Warehousing,Warehousing,480.0,0,0
Display Technologies,1713,2021-10-07,2021,DT-FRNT-270,1,Prime Solutions LLC,Prime Solutions LLC,Paid,Sales - Non Motorised On Wall Screens,Non Motorised On Wall Screens,975.0,1,0
Display Technologies,1713,2021-10-07,2021,,1,Prime Solutions LLC,Prime Solutions LLC,Paid,Sales - Image Surfaces,Image Surfaces,175.5,1,0
Display Technologies,1714,2021-10-07,2021,DT-FRNT-270,1,Prime Solutions LLC,Prime Solutions LLC,Paid,Sales - Non Motorised On Wall Screens,Non Motorised On Wall Screens,975.0,1,0
Display Technologies,1714,2021-10-07,2021,,1,Prime Solutions LLC,Prime Solutions LLC,Paid,Sales - Image Surfaces,Image Surfaces,175.5,1,0
Display Technologies,1715,2021-10-07,2021,DT-FRNT-330,1,Apex Technologies USA,Apex Technologies USA,Paid,Sales - Non Motorised On Wall Screens,Non Motorised On Wall Screens,1228.5,1,0
Display Technologies,1715,2021-10-07,2021,,1,Apex Technologies USA,Apex Technologies USA,Paid,Sales - Image Surfaces,Image Surfaces,351.0,1,0
Display Technologies,1718,2021-10-08,2021,,1,Apex Tech Scotland Ltd,Apex Tech Scotland Ltd,Paid,Sales - Port Hole Glass,Port Hole Glass,546.0,1,1
Display Technologies,1719,2021-10-08,2021,,1,Apex Tech Scotland Ltd,Apex Tech Scotland Ltd,Paid,Sales - Mistral,Mistral,390.0,1,1
Display Technologies,1719,2021-10-08,2021,,2,Apex Tech Scotland Ltd,Apex Tech Scotland Ltd,Paid,Sales - Mistral,Mistral,936.0,1,1
Display Technologies,1719,2021-10-08,2021,,1,Apex Tech Scotland Ltd,Apex Tech Scotland Ltd,Paid,Sales - Non Motorised Mount Solutions,Non Motorised Mount Solutions,975.0,1,1
Display Technologies,1719,2021-10-08,2021,DT-PHG-2,1,Apex Tech Scotland Ltd,Apex Tech Scotland Ltd,Paid,Sales - Port Hole Glass,Port Hole Glass,1170.0,1,1
Display Technologies,1720,2021-10-08,2021,DT-CNTP-330,1,Apex Technologies USA,Apex Technologies USA,Paid,Sales - Non Motorised On Wall Screens,Non Motorised On Wall Screens,994.5,1,0
Display Technologies,1720,2021-10-08,2021,,1,Apex Technologies USA,Apex Technologies USA,Paid,Sales - Image Surfaces,Image Surfaces,234.0,1,0
Display Technologies,1721,2021-10-12,2021,DT-FRNT-270,1,Apex Tech Scotland Ltd,Apex Tech Scotland Ltd,Paid,Sales - Non Motorised On Wall Screens,Non Motorised On Wall Screens,975.0,1,1
Display Technologies,1721,2021-10-12,2021,,1,Apex Tech Scotland Ltd,Apex Tech Scotland Ltd,Paid,Sales - Image Surfaces,Image Surfaces,175.5,1,1
Display Technologies,1722,2021-10-12,2021,DT-PHG-1,1,Apex Technologies USA,Apex Technologies USA,Paid,Sales - Port Hole Glass,Port Hole Glass,975.0,1,0
Display Technologies,1723,2021-10-14,2021,,1,Apex Technologies USA,Apex Technologies USA,Paid,Sales - Mistral,Mistral,390.0,1,0
Display Technologies,1723,2021-10-14,2021,,2,Apex Technologies USA,Apex Technologies USA,Paid,Sales - Mistral,Mistral,1092.0,1,0
Display Technologies,1723,2021-10-14,2021,,1,Apex Technologies USA,Apex Technologies USA,Paid,Sales - Non Motorised Mount Solutions,Non Motorised Mount Solutions,975.0,1,0
Display Technologies,1724,2021-10-14,2021,DT-DYN-2S-390,1,Apex Technologies USA,Apex Technologies USA,Paid,Sales - Motorised On Wall Screens,Motorised On Wall Screens,5401.5,1,0
Display Technologies,1724,2021-10-14,2021,,1,Apex Technologies USA,Apex Technologies USA,Paid,Sales - Image Surfaces,Image Surfaces,331.5,1,0
Display Technologies,1725,2021-10-14,2021,,1,Apex Technologies USA,Apex Technologies USA,Paid,Sales - Non Motorised Mount Solutions,Non Motorised Mount Solutions,295.0,1,0
Display Technologies,1727,2021-10-20,2021,DT-PHG-1,1,Apex Technologies USA,Apex Technologies USA,Paid,Sales - Port Hole Glass,Port Hole Glass,975.0,1,0
Display Technologies,1728,2021-10-20,2021,DT-CNTP-330,1,Apex Technologies USA,Apex Technologies USA,Paid,Sales - Non Motorised On Wall Screens,Non Motorised On Wall Screens,994.5,1,0
Display Technologies,1728,2021-10-20,2021,,1,Apex Technologies USA,Apex Technologies USA,Paid,Sales - Image Surfaces,Image Surfaces,234.0,1,0
Display Technologies,1733,2021-10-21,2021,,1,Meridian Audio Ltd,Meridian Audio Ltd,Paid,Sales - Image Surfaces,Image Surfaces,370.5,1,0
Display Technologies,1733,2021-10-21,2021,,1,Meridian Audio Ltd,Meridian Audio Ltd,Paid,Sales - Non Motorised Mount Solutions,Non Motorised Mount Solutions,1950.0,1,0
Display Technologies,1733,2021-10-21,2021,DT-DYN-2TB-420,1,Meridian Audio Ltd,Meridian Audio Ltd,Paid,Sales - Motorised On Wall Screens,Motorised On Wall Screens,6201.0,1,0
Display Technologies,1734,2021-10-21,2021,DT-FRNT-450,1,AV Nirvana India,AV Nirvana India,Paid,Sales - Non Motorised On Wall Screens,Non Motorised On Wall Screens,1950.0,1,0
Display Technologies,1734,2021-10-21,2021,,1,AV Nirvana India,AV Nirvana India,Paid,Sales - Non Motorised Mount Solutions,Non Motorised Mount Solutions,975.0,1,0
Display Technologies,1734,2021-10-21,2021,,1,AV Nirvana India,AV Nirvana India,Paid,Sales - Image Surfaces,Image Surfaces,429.0,1,0
Display Technologies,1735,2021-10-22,2021,,3,Apex Tech International Ltd,Apex Tech International Ltd,Paid,Sales - Non Motorised On Wall Screens,Non Motorised On Wall Screens,480.0,1,1
Display Technologies,1736,2021-10-22,2021,DT-FRNT-510,1,Apex Tech Scotland Ltd,Apex Tech Scotland Ltd,Paid,Sales - Non Motorised On Wall Screens,Non Motorised On Wall Screens,2476.5,1,1
Display Technologies,1736,2021-10-22,2021,,1,Apex Tech Scotland Ltd,Apex Tech Scotland Ltd,Paid,Sales - Image Surfaces,Image Surfaces,546.0,1,1
Display Technologies,1737,2021-10-25,2021,DT-FRNT-360,1,Apex Technologies USA,Apex Technologies USA,Paid,Sales - Non Motorised On Wall Screens,Non Motorised On Wall Screens,1365.0,1,0
Display Technologies,1737,2021-10-25,2021,,1,Apex Technologies USA,Apex Technologies USA,Paid,Sales - Image Surfaces,Image Surfaces,292.5,1,0
Display Technologies,1738,2021-10-26,2021,DT-DYN-2S-450,1,Apex Tech Scotland Ltd,Apex Tech Scotland Ltd,Paid,Sales - Motorised On Wall Screens,Motorised On Wall Screens,6610.59,1,1
Display Technologies,1738,2021-10-26,2021,,1,Apex Tech Scotland Ltd,Apex Tech Scotland Ltd,Paid,Sales - Image Surfaces,Image Surfaces,429.0,1,1
Display Technologies,1738,2021-10-26,2021,,1,Apex Tech Scotland Ltd,Apex Tech Scotland Ltd,Paid,Sales - Port Hole Glass,Port Hole Glass,546.0,1,1
Display Technologies,INV-0458,2021-10-28,2021,,4,Apex Technologies USA,Apex Technologies USA,Paid,Warehousing,Warehousing,480.0,0,0
Display Technologies,1739,2021-10-28,2021,DT-CNTP-300,1,Deco 2000 Co. Ltd.,Deco 2000 Co. Ltd.,Paid,Sales - Non Motorised On Wall Screens,Non Motorised On Wall Screens,877.5,1,0
Display Technologies,1739,2021-10-28,2021,,1,Deco 2000 Co. Ltd.,Deco 2000 Co. Ltd.,Paid,Sales - Image Surfaces,Image Surfaces,292.5,1,0
Display Technologies,INV-0459,2021-10-28,2021,,0,Cinema Acoustic Treatment Systems Ltd,Cinema Acoustic Treatment Systems Ltd,Paid,,,0.0,1,0
Display Technologies,INV-0459,2021-10-28,2021,,1,Cinema Acoustic Treatment Systems Ltd,Cinema Acoustic Treatment Systems Ltd,Paid,Warehousing,Warehousing,380.0,0,0
Display Technologies,INV-0459,2021-10-28,2021,,1,Cinema Acoustic Treatment Systems Ltd,Cinema Acoustic Treatment Systems Ltd,Paid,Warehousing,Warehousing,365.0,0,0
Display Technologies,INV-0459,2021-10-28,2021,,1,Cinema Acoustic Treatment Systems Ltd,Cinema Acoustic Treatment Systems Ltd,Paid,Warehousing,Warehousing,350.0,0,0
Display Technologies,INV-0459,2021-10-28,2021,,1,Cinema Acoustic Treatment Systems Ltd,Cinema Acoustic Treatment Systems Ltd,Paid,Warehousing,Warehousing,405.0,0,0
Display Technologies,INV-0459,2021-10-28,2021,,1,Cinema Acoustic Treatment Systems Ltd,Cinema Acoustic Treatment Systems Ltd,Paid,Warehousing,Warehousing,320.0,0,0
Display Technologies,INV-0459,2021-10-28,2021,,1,Cinema Acoustic Treatment Systems Ltd,Cinema Acoustic Treatment Systems Ltd,Paid,Warehousing,Warehousing,320.0,0,0
Display Technologies,INV-0460,2021-10-28,2021,,1,Apex Tech Scotland Ltd,Apex Tech Scotland Ltd,Paid,Wages Payable - Payroll,Wages Payable - Payroll,0.0,0,1
Display Technologies,1740,2021-10-28,2021,DT-FRNT-240,1,Apex Tech Scotland Ltd,Apex Tech Scotland Ltd,Paid,Sales - Non Motorised On Wall Screens,Non Motorised On Wall Screens,741.0,1,1
Display Technologies,1740,2021-10-28,2021,,1,Apex Tech Scotland Ltd,Apex Tech Scotland Ltd,Paid,Sales - Image Surfaces,Image Surfaces,195.0,1,1
Display Technologies,1740,2021-10-28,2021,,1,Apex Tech Scotland Ltd,Apex Tech Scotland Ltd,Paid,Sales - Mistral,Mistral,390.0,1,1
Display Technologies,1740,2021-10-28,2021,,2,Apex Tech Scotland Ltd,Apex Tech Scotland Ltd,Paid,Sales - Mistral,Mistral,936.0,1,1
Display Technologies,1741,2021-11-01,2021,,1,Apex Technologies USA,Apex Technologies USA,Paid,Sales - Non Motorised Mount Solutions,Non Motorised Mount Solutions,295.0,1,0
Display Technologies,1742,2021-11-03,2021,,2,Apex Technologies USA,Apex Technologies USA,Paid,Sales - Motorised On Wall Screens,Motorised On Wall Screens,798.0,1,0
Display Technologies,1742,2021-11-03,2021,,2,Apex Technologies USA,Apex Technologies USA,Paid,Sales - Motorised On Wall Screens,Motorised On Wall Screens,350.0,1,0
Display Technologies,1742,2021-11-03,2021,,1,Apex Technologies USA,Apex Technologies USA,Paid,Sales - Motorised On Wall Screens,Motorised On Wall Screens,650.0,1,0
Display Technologies,1743,2021-11-03,2021,DT-MMD,1,Apex Technologies USA,Apex Technologies USA,Paid,Sales - Motorised Mount Solutions,Motorised Mount Solutions,2925.0,1,0
Display Technologies,1744,2021-11-04,2021,DT-DYN-2TB-360,1,GR Media Solutions,GR Media Solutions,Paid,Sales - Motorised On Wall Screens,Motorised On Wall Screens,5031.0,1,0
Display Technologies,1744,2021-11-04,2021,,1,GR Media Solutions,GR Media Solutions,Paid,Sales - Image Surfaces,Image Surfaces,292.5,1,0
Display Technologies,1744,2021-11-04,2021,DT-PHG-1,1,GR Media Solutions,GR Media Solutions,Paid,Sales - Port Hole Glass,Port Hole Glass,975.0,1,0
Display Technologies,1745,2021-11-04,2021,DT-PHG-1,1,Apex Technologies USA,Apex Technologies USA,Paid,Sales - Port Hole Glass,Port Hole Glass,546.0,1,0
Display Technologies,1746,2021-11-05,2021,DT-DYN-2S-XL-630,1,Apex Tech Scotland Ltd,Apex Tech Scotland Ltd,Paid,Sales - Motorised On Wall Screens,Motorised On Wall Screens,13006.5,1,1
Display Technologies,1746,2021-11-05,2021,,1,Apex Tech Scotland Ltd,Apex Tech Scotland Ltd,Paid,Sales - Image Surfaces,Image Surfaces,3276.0,1,1
Display Technologies,1746,2021-11-05,2021,,1,Apex Tech Scotland Ltd,Apex Tech Scotland Ltd,Paid,Sales - Non Motorised Mount Solutions,Non Motorised Mount Solutions,3250.0,1,1
Display Technologies,1747,2021-11-05,2021,,1,Meridian Audio Ltd,Meridian Audio Ltd,Paid,Sales - Hush Boxes,Hush Boxes,2925.0,1,0
Display Technologies,1748,2021-11-08,2021,DT-DYN-4-420,1,Apex Tech International Ltd,Apex Tech International Ltd,Paid,Sales - Motorised On Wall Screens,Motorised On Wall Screens,7741.5,1,1
Display Technologies,1748,2021-11-08,2021,,1,Apex Tech International Ltd,Apex Tech International Ltd,Paid,Sales - Image Surfaces,Image Surfaces,370.5,1,1
Display Technologies,1749,2021-11-09,2021,DT-FRNT-420,1,Apex Tech Scotland Ltd,Apex Tech Scotland Ltd,Paid,Sales - Non Motorised On Wall Screens,Non Motorised On Wall Screens,1735.5,1,1
Display Technologies,1749,2021-11-09,2021,,1,Apex Tech Scotland Ltd,Apex Tech Scotland Ltd,Paid,Sales - Image Surfaces,Image Surfaces,370.5,1,1
Display Technologies,INV-0462,2021-11-10,2021,,25,ProtoPixel,ProtoPixel,Approved,Sales - Bespoke Solutions,Bespoke Solutions,1049.25,1,0
Display Technologies,INV-0462,2021-11-10,2021,,50,ProtoPixel,ProtoPixel,Approved,Sales - Bespoke Solutions,Bespoke Solutions,57.5,1,0
Display Technologies,INV-0462,2021-11-10,2021,,25,ProtoPixel,ProtoPixel,Approved,Sales - Bespoke Solutions,Bespoke Solutions,433.25,1,0
Display Technologies,INV-0462,2021-11-10,2021,,1,ProtoPixel,ProtoPixel,Approved,Shipping Out,Shipping Out,586.94,0,0
Display Technologies,INV-0461,2021-11-10,2021,,1,Apex Tech Scotland Ltd,Apex Tech Scotland Ltd,Paid,Shipping Out,Shipping Out,831.0,0,1
Display Technologies,1750,2021-11-12,2021,DT-PHG-1,1,Apex Technologies USA,Apex Technologies USA,Paid,Sales - Port Hole Glass,Port Hole Glass,975.0,1,0
Display Technologies,1751,2021-11-15,2021,DT-FRNT-270,1,Deco 2000 Co. Ltd.,Deco 2000 Co. Ltd.,Paid,Sales - Non Motorised On Wall Screens,Non Motorised On Wall Screens,975.0,1,0
Display Technologies,1751,2021-11-15,2021,,1,Deco 2000 Co. Ltd.,Deco 2000 Co. Ltd.,Paid,Sales - Image Surfaces,Image Surfaces,136.5,1,0
Display Technologies,1752,2021-11-15,2021,,1,Apex Technologies USA,Apex Technologies USA,Paid,Sales - Non Motorised Mount Solutions,Non Motorised Mount Solutions,975.0,1,0
Display Technologies,1752,2021-11-15,2021,DT-PHG-2,1,Apex Technologies USA,Apex Technologies USA,Paid,Sales - Port Hole Glass,Port Hole Glass,1170.0,1,0
Display Technologies,1753,2021-11-19,2021,DT-DYN-4-420,1,Apex Tech International Ltd,Apex Tech International Ltd,Paid,Sales - Motorised On Wall Screens,Motorised On Wall Screens,7741.5,1,1
Display Technologies,1753,2021-11-19,2021,,1,Apex Tech International Ltd,Apex Tech International Ltd,Paid,Sales - Image Surfaces,Image Surfaces,370.5,1,1
Display Technologies,1753,2021-11-19,2021,,1,Apex Tech International Ltd,Apex Tech International Ltd,Paid,Sales - Non Motorised Mount Solutions,Non Motorised Mount Solutions,1755.0,1,1
Display Technologies,1753,2021-11-19,2021,DT-PHG-2,1,Apex Tech International Ltd,Apex Tech International Ltd,Paid,Sales - Port Hole Glass,Port Hole Glass,1894.8,1,1
Display Technologies,1754,2021-11-19,2021,DT-FRNT-330,1,Apex Technologies USA,Apex Technologies USA,Paid,Sales - Non Motorised On Wall Screens,Non Motorised On Wall Screens,1228.5,1,0
Display Technologies,1754,2021-11-19,2021,,1,Apex Technologies USA,Apex Technologies USA,Paid,Sales - Image Surfaces,Image Surfaces,234.0,1,0
Display Technologies,1756,2021-11-22,2021,DT-MMD,1,GR Media Solutions,GR Media Solutions,Paid,Sales - Motorised Mount Solutions,Motorised Mount Solutions,2925.0,1,0
Display Technologies,INV-0463,2021-11-22,2021,,0,Light Walls Ltd,Light Walls Ltd,Paid,,,0.0,1,0
Display Technologies,INV-0463,2021-11-22,2021,,1,Light Walls Ltd,Light Walls Ltd,Paid,Shipping Out,Shipping Out,1061.63,0,0
Display Technologies,1755,2021-11-22,2021,DT-FRNT-330,1,Meridian Audio Ltd,Meridian Audio Ltd,Paid,Sales - Non Motorised On Wall Screens,Non Motorised On Wall Screens,1228.5,1,0
Display Technologies,1755,2021-11-22,2021,,1,Meridian Audio Ltd,Meridian Audio Ltd,Paid,Sales - Image Surfaces,Image Surfaces,351.0,1,0
Display Technologies,1757,2021-11-23,2021,DT-CNTP-330,1,Sphere Custom Design,Sphere Custom Design,Paid,Sales - Non Motorised On Wall Screens,Non Motorised On Wall Screens,994.5,1,0
Display Technologies,1757,2021-11-23,2021,,1,Sphere Custom Design,Sphere Custom Design,Paid,Sales - Image Surfaces,Image Surfaces,234.0,1,0
Display Technologies,1757,2021-11-23,2021,,1,Sphere Custom Design,Sphere Custom Design,Paid,Sales - Non Motorised Mount Solutions,Non Motorised Mount Solutions,975.0,1,0
Display Technologies,1759,2021-11-24,2021,DT-FRNT-390,1,Apex Technologies USA,Apex Technologies USA,Paid,Sales - Non Motorised On Wall Screens,Non Motorised On Wall Screens,1540.5,1,0
Display Technologies,1759,2021-11-24,2021,,1,Apex Technologies USA,Apex Technologies USA,Paid,Sales - Image Surfaces,Image Surfaces,331.5,1,0
Display Technologies,1758,2021-11-24,2021,,1,Audiogene Americas LLC,Audiogene Americas LLC,Paid,Sales - Non Motorised Mount Solutions,Non Motorised Mount Solutions,975.0,1,0
Display Technologies,INV-0464,2021-11-26,2021,,1,Light Walls Ltd,Light Walls Ltd,Paid,Sales - Bespoke Solutions,Bespoke Solutions,833.77,1,0
Display Technologies,INV-0465,2021-11-30,2021,,0,Apex Tech Scotland Ltd,Apex Tech Scotland Ltd,Paid,,,0.0,1,1
Display Technologies,INV-0465,2021-11-30,2021,,1,Apex Tech Scotland Ltd,Apex Tech Scotland Ltd,Paid,Warehousing,Warehousing,450.0,0,1
Display Technologies,INV-0465,2021-11-30,2021,,1,Apex Tech Scotland Ltd,Apex Tech Scotland Ltd,Paid,Warehousing,Warehousing,450.0,0,1
Display Technologies,INV-0466,2021-11-30,2021,,4,Apex Technologies USA,Apex Technologies USA,Paid,Warehousing,Warehousing,480.0,0,0
Display Technologies,1761,2021-11-30,2021,,1,Apex Tech Scotland Ltd,Apex Tech Scotland Ltd,Paid,Sales - Non Motorised Mount Solutions,Non Motorised Mount Solutions,1462.5,1,1
Display Technologies,1762,2021-12-02,2021,,1,Special Elektronik,Special Elektronik,Paid,Sales - Mistral,Mistral,390.0,1,0
Display Technologies,1762,2021-12-02,2021,,2,Special Elektronik,Special Elektronik,Paid,Sales - Mistral,Mistral,1092.0,1,0
Display Technologies,1763,2021-12-07,2021,,2,Meridian Audio Ltd,Meridian Audio Ltd,Paid,Sales - Mistral,Mistral,1092.0,1,0
Display Technologies,1763,2021-12-07,2021,,1,Meridian Audio Ltd,Meridian Audio Ltd,Paid,Sales - Mistral,Mistral,390.0,1,0
Display Technologies,INV-0467,2021-12-08,2021,,1,Light Walls Ltd,Light Walls Ltd,Paid,Freight Costs - Inward,Freight Costs - Inward,1534.72,0,0
Display Technologies,1764,2021-12-09,2021,,5,Zene Private Theater,Zene Private Theater,Paid,Sales - Image Surfaces,Image Surfaces,2145.0,1,0
Display Technologies,1764,2021-12-09,2021,,5,Zene Private Theater,Zene Private Theater,Paid,Sales - Image Surfaces,Image Surfaces,1657.5,1,0
Display Technologies,INV-0468,2021-12-09,2021,,1,Apex Tech Scotland Ltd,Apex Tech Scotland Ltd,Paid,Wages Payable - Payroll,Wages Payable - Payroll,0.0,0,1
Display Technologies,INV-0469,2021-12-10,2021,,0,Light Walls Ltd,Light Walls Ltd,Paid,,,0.0,1,0
Display Technologies,INV-0469,2021-12-10,2021,,1,Light Walls Ltd,Light Walls Ltd,Paid,Sales - Bespoke Solutions,Bespoke Solutions,1435.0,1,0
Display Technologies,INV-0469,2021-12-10,2021,,1,Light Walls Ltd,Light Walls Ltd,Paid,Sales - Bespoke Solutions,Bespoke Solutions,800.0,1,0
Display Technologies,INV-0469,2021-12-10,2021,,1,Light Walls Ltd,Light Walls Ltd,Paid,Sales - Bespoke Solutions,Bespoke Solutions,1200.0,1,0
Display Technologies,1769,2021-12-20,2021,,1,GR Media Solutions,GR Media Solutions,Approved,Sales - Motorised On Wall Screens,Motorised On Wall Screens,11544.0,1,0
Display Technologies,1769,2021-12-20,2021,,1,GR Media Solutions,GR Media Solutions,Approved,Sales - Image Surfaces,Image Surfaces,741.0,1,0
Display Technologies,1769,2021-12-20,2021,DT-PHG-2,1,GR Media Solutions,GR Media Solutions,Approved,Sales - Port Hole Glass,Port Hole Glass,1170.0,1,0
Display Technologies,1766,2021-12-20,2021,DT-FRNT-360,2,National AV Solutions Pty Ltd,National AV Solutions Pty Ltd,Paid,Sales - Non Motorised On Wall Screens,Non Motorised On Wall Screens,2525.25,1,0
Display Technologies,1766,2021-12-20,2021,,2,National AV Solutions Pty Ltd,National AV Solutions Pty Ltd,Paid,Sales - Image Surfaces,Image Surfaces,541.13,1,0
Display Technologies,1765,2021-12-20,2021,DT-FRNT-330,2,National AV Solutions Pty Ltd,National AV Solutions Pty Ltd,Paid,Sales - Non Motorised On Wall Screens,Non Motorised On Wall Screens,2272.73,1,0
Display Technologies,1765,2021-12-20,2021,,2,National AV Solutions Pty Ltd,National AV Solutions Pty Ltd,Paid,Sales - Image Surfaces,Image Surfaces,432.9,1,0
Display Technologies,1765,2021-12-20,2021,,0,National AV Solutions Pty Ltd,National AV Solutions Pty Ltd,Paid,,,0.0,1,0
Display Technologies,1766,2021-12-20,2021,,0,National AV Solutions Pty Ltd,National AV Solutions Pty Ltd,Paid,,,0.0,1,0
Display Technologies,1767,2021-12-20,2021,DT-FRNT-300,1,National AV Solutions Pty Ltd,National AV Solutions Pty Ltd,Paid,Sales - Non Motorised On Wall Screens,Non Motorised On Wall Screens,1010.1,1,0
Display Technologies,1767,2021-12-20,2021,,1,National AV Solutions Pty Ltd,National AV Solutions Pty Ltd,Paid,Sales - Image Surfaces,Image Surfaces,180.38,1,0
Display Technologies,1767,2021-12-20,2021,,0,National AV Solutions Pty Ltd,National AV Solutions Pty Ltd,Paid,,,0.0,1,0
Display Technologies,1768,2021-12-20,2021,,2,National AV Solutions Pty Ltd,National AV Solutions Pty Ltd,Paid,Sales - Non Motorised Mount Solutions,Non Motorised Mount Solutions,541.13,1,0
Display Technologies,1768,2021-12-20,2021,,0,National AV Solutions Pty Ltd,National AV Solutions Pty Ltd,Paid,,,0.0,1,0
Display Technologies,INV-0470,2021-12-23,2021,,0,Meridian Audio Ltd,Meridian Audio Ltd,Approved,,,0.0,1,0
Display Technologies,INV-0470,2021-12-23,2021,,1,Meridian Audio Ltd,Meridian Audio Ltd,Approved,Shipping Out,Shipping Out,130.0,0,0
Display Technologies,INV-0472,2021-12-23,2021,,1,Meridian Audio Ltd,Meridian Audio Ltd,Approved,Shipping Out,Shipping Out,275.0,0,0
Display Technologies,1770,2021-12-23,2021,,1,Apex Tech Scotland Ltd,Apex Tech Scotland Ltd,Paid,Sales - Port Hole Glass,Port Hole Glass,1170.0,1,1
Display Technologies,1770,2021-12-23,2021,,1,Apex Tech Scotland Ltd,Apex Tech Scotland Ltd,Paid,Sales - Hush Boxes,Hush Boxes,780.0,1,1
Display Technologies,INV-0471,2021-12-23,2021,,0,Apex Tech Scotland Ltd,Apex Tech Scotland Ltd,Paid,,,0.0,1,1
Display Technologies,INV-0471,2021-12-23,2021,,1,Apex Tech Scotland Ltd,Apex Tech Scotland Ltd,Paid,Shipping Out,Shipping Out,120.0,0,1
Display Technologies,INV-0473,2021-12-23,2021,,1,Apex Technologies USA,Apex Technologies USA,Paid,Sales - Non Motorised On Wall Screens,Non Motorised On Wall Screens,1228.5,1,0
Display Technologies,INV-0473,2021-12-23,2021,,1,Apex Technologies USA,Apex Technologies USA,Paid,Sales - Non Motorised On Wall Screens,Non Motorised On Wall Screens,351.0,1,0
Display Technologies,INV-0476,2021-12-31,2021,,4,Apex Technologies USA,Apex Technologies USA,Approved,Warehousing,Warehousing,480.0,0,0
Display Technologies,INV-0474,2021-12-31,2021,,1,Apex Tech Scotland Ltd,Apex Tech Scotland Ltd,Approved,Wages Payable - Payroll,Wages Payable - Payroll,0.0,0,1
Display Technologies,1771,2022-01-04,2022,DT-FRNT-330,1,Apex Technologies USA,Apex Technologies USA,Paid,Sales - Non Motorised On Wall Screens,Non Motorised On Wall Screens,1092.0,1,0
Display Technologies,1771,2022-01-04,2022,,1,Apex Technologies USA,Apex Technologies USA,Paid,Sales - Non Motorised On Wall Screens,Non Motorised On Wall Screens,351.0,1,0
Display Technologies,CN-0477,2022-01-05,2022,,-1,Apex Technologies USA,Apex Technologies USA,Paid,Sales - Non Motorised On Wall Screens,Non Motorised On Wall Screens,-1443.0,1,0
Display Technologies,1772,2022-01-05,2022,,1,Apex Technologies USA,Apex Technologies USA,Paid,Sales - Motorised On Wall Screens,Motorised On Wall Screens,8000.0,1,0
Display Technologies,1773,2022-01-05,2022,DT-DYN-2TB-420,1,Apex Technologies USA,Apex Technologies USA,Paid,Sales - Motorised On Wall Screens,Motorised On Wall Screens,6201.0,1,0
Display Technologies,1773,2022-01-05,2022,,1,Apex Technologies USA,Apex Technologies USA,Paid,Sales - Image Surfaces,Image Surfaces,370.5,1,0
Display Technologies,1777,2022-01-07,2022,DT-CNTP-330,1,Deco 2000 Co. Ltd.,Deco 2000 Co. Ltd.,Paid,Sales - Non Motorised On Wall Screens,Non Motorised On Wall Screens,994.5,1,0
Display Technologies,1777,2022-01-07,2022,,1,Deco 2000 Co. Ltd.,Deco 2000 Co. Ltd.,Paid,Sales - Image Surfaces,Image Surfaces,214.5,1,0
Display Technologies,1778,2022-01-07,2022,DT-FRNT-330,1,Apex Technologies USA,Apex Technologies USA,Paid,Sales - Non Motorised On Wall Screens,Non Motorised On Wall Screens,1228.5,1,0
Display Technologies,1778,2022-01-07,2022,,1,Apex Technologies USA,Apex Technologies USA,Paid,Sales - Image Surfaces,Image Surfaces,351.0,1,0
Display Technologies,1779,2022-01-17,2022,DT-CNTP-450,1,Apex Technologies USA,Apex Technologies USA,Paid,Sales - Non Motorised On Wall Screens,Non Motorised On Wall Screens,1560.0,1,0
Display Technologies,1779,2022-01-17,2022,,1,Apex Technologies USA,Apex Technologies USA,Paid,Sales - Image Surfaces,Image Surfaces,429.0,1,0
Display Technologies,1780,2022-01-17,2022,DT-PHG-1,1,Apex Tech Scotland Ltd,Apex Tech Scotland Ltd,Paid,Sales - Port Hole Glass,Port Hole Glass,975.0,1,1
Display Technologies,INV-0478,2022-01-20,2022,,2,PM-ICT Solutions Ltd,PM-ICT Solutions Ltd,Paid,Sales - Non Motorised On Wall Screens,Non Motorised On Wall Screens,200.0,1,0
Display Technologies,INV-0478,2022-01-20,2022,,2,PM-ICT Solutions Ltd,PM-ICT Solutions Ltd,Paid,Sales - Non Motorised On Wall Screens,Non Motorised On Wall Screens,200.0,1,0
Display Technologies,INV-0478,2022-01-20,2022,,1,PM-ICT Solutions Ltd,PM-ICT Solutions Ltd,Paid,Sales - Non Motorised Mount Solutions,Non Motorised Mount Solutions,292.5,1,0
Display Technologies,INV-0479,2022-01-21,2022,,65,Adair Acoustic Design,Adair Acoustic Design,Paid,Sales - Bespoke Solutions,Bespoke Solutions,741.0,1,0
Display Technologies,INV-0479,2022-01-21,2022,,1,Adair Acoustic Design,Adair Acoustic Design,Paid,Shipping Out,Shipping Out,40.0,0,0
Display Technologies,1782,2022-01-21,2022,DT-PHG-2,2,GR Media Solutions,GR Media Solutions,Paid,Sales - Port Hole Glass,Port Hole Glass,2340.0,1,0
Display Technologies,INV-0480,2022-01-23,2022,,1,Light Walls Ltd,Light Walls Ltd,Paid,Sales - Others,Others,528.26,1,0
Display Technologies,INV-0481,2022-01-23,2022,,1,Light Walls Ltd,Light Walls Ltd,Paid,Sales - Others,Others,217.15,1,0
Display Technologies,INV-0482,2022-01-23,2022,,1,Light Walls Ltd,Light Walls Ltd,Paid,Other Revenue,Other Revenue,202.85,0,0
Display Technologies,INV-0483,2022-01-23,2022,,30,Light Walls Ltd,Light Walls Ltd,Paid,Sales - Others,Others,855.0,1,0
Display Technologies,1783,2022-01-23,2022,,1,AV Nirvana India,AV Nirvana India,Paid,Sales - Non Motorised Mount Solutions,Non Motorised Mount Solutions,975.0,1,0
Display Technologies,1784,2022-01-24,2022,,1,Apex Technologies USA,Apex Technologies USA,Paid,Sales - Non Motorised On Wall Screens,Non Motorised On Wall Screens,100.0,1,0
Display Technologies,1784,2022-01-24,2022,,1,Apex Technologies USA,Apex Technologies USA,Paid,Sales - Non Motorised On Wall Screens,Non Motorised On Wall Screens,100.0,1,0
Display Technologies,1786,2022-01-26,2022,DT-FRNT-360,1,Apex Technologies USA,Apex Technologies USA,Paid,Sales - Non Motorised On Wall Screens,Non Motorised On Wall Screens,1365.0,1,0
Display Technologies,1786,2022-01-26,2022,,1,Apex Technologies USA,Apex Technologies USA,Paid,Sales - Image Surfaces,Image Surfaces,409.5,1,0
Display Technologies,1787,2022-01-26,2022,,1,PM-ICT Solutions Ltd,PM-ICT Solutions Ltd,Paid,Sales - Non Motorised Mount Solutions,Non Motorised Mount Solutions,975.0,1,0
Display Technologies,1785,2022-01-26,2022,DT-PHG-1,1,Apex Tech Scotland Ltd,Apex Tech Scotland Ltd,Paid,Sales - Port Hole Glass,Port Hole Glass,975.0,1,1
Display Technologies,1789,2022-01-27,2022,,1,Meridian Audio Ltd,Meridian Audio Ltd,Paid,Sales - Non Motorised Mount Solutions,Non Motorised Mount Solutions,292.5,1,0
Display Technologies,1789,2022-01-27,2022,,0,Meridian Audio Ltd,Meridian Audio Ltd,Paid,,,0.0,1,0
Display Technologies,1791,2022-01-28,2022,,1,Apex Technologies USA,Apex Technologies USA,Paid,Sales - Image Surfaces,Image Surfaces,292.5,1,0
Display Technologies,1791,2022-01-28,2022,,0,Apex Technologies USA,Apex Technologies USA,Paid,,,0.0,1,0
Display Technologies,1792,2022-01-28,2022,DT-PHG-2,1,PM-ICT Solutions Ltd,PM-ICT Solutions Ltd,Paid,Sales - Port Hole Glass,Port Hole Glass,1170.0,1,0
Display Technologies,1792,2022-01-28,2022,,0,PM-ICT Solutions Ltd,PM-ICT Solutions Ltd,Paid,,,0.0,1,0
Display Technologies,1793,2022-01-28,2022,DT-DYN-2S-360,1,Apex Technologies USA,Apex Technologies USA,Paid,Sales - Motorised On Wall Screens,Motorised On Wall Screens,4875.0,1,0
Display Technologies,1793,2022-01-28,2022,,1,Apex Technologies USA,Apex Technologies USA,Paid,Sales - Image Surfaces,Image Surfaces,409.5,1,0
Display Technologies,1794,2022-01-28,2022,DT-HB-M,1,Apex Technologies USA,Apex Technologies USA,Paid,Sales - Hush Boxes,Hush Boxes,2145.0,1,0
Display Technologies,1794,2022-01-28,2022,DT-M-200,2,Apex Technologies USA,Apex Technologies USA,Paid,Sales - Mistral,Mistral,1092.0,1,0
Display Technologies,1794,2022-01-28,2022,,1,Apex Technologies USA,Apex Technologies USA,Paid,Sales - Mistral,Mistral,390.0,1,0
Display Technologies,1790,2022-01-28,2022,DT-MMD,2,GR Media Solutions,GR Media Solutions,Paid,Sales - Motorised Mount Solutions,Motorised Mount Solutions,5557.5,1,0
Display Technologies,INV-0484,2022-01-31,2022,,1,Apex Tech Scotland Ltd,Apex Tech Scotland Ltd,Paid,Wages Payable - Payroll,Wages Payable - Payroll,0.0,0,1
Display Technologies,INV-0484,2022-01-31,2022,,1,Apex Tech Scotland Ltd,Apex Tech Scotland Ltd,Paid,Motor Vehicle Expenses,Motor Vehicle Expenses,178.37,0,1
Display Technologies,1795,2022-01-31,2022,DT-DYN-2S-360,1,Apex Technologies USA,Apex Technologies USA,Paid,Sales - Motorised On Wall Screens,Motorised On Wall Screens,4875.0,1,0
Display Technologies,1795,2022-01-31,2022,,1,Apex Technologies USA,Apex Technologies USA,Paid,Sales - Image Surfaces,Image Surfaces,409.5,1,0
Display Technologies,1798,2022-02-01,2022,,1,AV Nirvana India,AV Nirvana India,Paid,Sales - Non Motorised On Wall Screens,Non Motorised On Wall Screens,8092.5,1,0
Display Technologies,1798,2022-02-01,2022,,1,AV Nirvana India,AV Nirvana India,Paid,Sales - Image Surfaces,Image Surfaces,1716.0,1,0
Display Technologies,1796,2022-02-01,2022,DT-MMD,1,AV Nirvana India,AV Nirvana India,Paid,Sales - Motorised Mount Solutions,Motorised Mount Solutions,2925.0,1,0
Display Technologies,1797,2022-02-01,2022,DT-CNTP-510,1,AV Nirvana India,AV Nirvana India,Paid,Sales - Non Motorised On Wall Screens,Non Motorised On Wall Screens,1950.0,1,0
Display Technologies,1797,2022-02-01,2022,,1,AV Nirvana India,AV Nirvana India,Paid,Sales - Image Surfaces,Image Surfaces,546.0,1,0
Display Technologies,INV-0485,2022-02-01,2022,,1,Light Walls Ltd,Light Walls Ltd,Paid,Sales - Others,Others,1000.0,1,0
Display Technologies,1799,2022-02-02,2022,DT-DYN-4-390,1,Apex Technologies USA,Apex Technologies USA,Paid,Sales - Motorised On Wall Screens,Motorised On Wall Screens,7312.5,1,0
Display Technologies,1799,2022-02-02,2022,,1,Apex Technologies USA,Apex Technologies USA,Paid,Sales - Image Surfaces,Image Surfaces,468.0,1,0
Display Technologies,1799,2022-02-02,2022,DT-PHG-2,1,Apex Technologies USA,Apex Technologies USA,Paid,Sales - Port Hole Glass,Port Hole Glass,1170.0,1,0
Display Technologies,1800,2022-02-02,2022,,1,Apex Tech Scotland Ltd,Apex Tech Scotland Ltd,Paid,Sales - Non Motorised Mount Solutions,Non Motorised Mount Solutions,975.0,1,1
Display Technologies,INV-0486,2022-02-03,2022,,4,Apex Technologies USA,Apex Technologies USA,Paid,Warehousing,Warehousing,480.0,0,0
Display Technologies,1802,2022-02-07,2022,DT-HB-XL,1,Apex Tech International Ltd,Apex Tech International Ltd,Paid,Sales - Hush Boxes,Hush Boxes,8850.0,1,1
Display Technologies,1802,2022-02-07,2022,,1,Apex Tech International Ltd,Apex Tech International Ltd,Paid,Sales - Hush Boxes,Hush Boxes,1500.0,1,1
Display Technologies,1802,2022-02-07,2022,DT-PHG-2,1,Apex Tech International Ltd,Apex Tech International Ltd,Paid,Sales - Port Hole Glass,Port Hole Glass,3600.0,1,1
Display Technologies,1802,2022-02-07,2022,,2,Apex Tech International Ltd,Apex Tech International Ltd,Paid,Sales - Mistral,Mistral,1248.0,1,1
Display Technologies,1802,2022-02-07,2022,,1,Apex Tech International Ltd,Apex Tech International Ltd,Paid,Sales - Mistral,Mistral,390.0,1,1
Display Technologies,1802,2022-02-07,2022,,1,Apex Tech International Ltd,Apex Tech International Ltd,Paid,Sales - Bespoke Solutions,Bespoke Solutions,3017.6,1,1
Display Technologies,1801,2022-02-07,2022,DT-FRNT-300,1,GR Media Solutions,GR Media Solutions,Paid,Sales - Non Motorised On Wall Screens,Non Motorised On Wall Screens,1092.0,1,0
Display Technologies,1801,2022-02-07,2022,,1,GR Media Solutions,GR Media Solutions,Paid,Sales - Image Surfaces,Image Surfaces,195.0,1,0
Display Technologies,1803,2022-02-08,2022,DT-DYN-2S-450,1,Apex Technologies USA,Apex Technologies USA,Paid,Sales - Motorised On Wall Screens,Motorised On Wall Screens,6610.59,1,0
Display Technologies,1803,2022-02-08,2022,,1,Apex Technologies USA,Apex Technologies USA,Paid,Sales - Image Surfaces,Image Surfaces,429.0,1,0
Display Technologies,1805,2022-02-08,2022,DT-CNTP-300,1,Sphere Custom Design,Sphere Custom Design,Paid,Sales - Non Motorised On Wall Screens,Non Motorised On Wall Screens,877.5,1,0
Display Technologies,1805,2022-02-08,2022,,1,Sphere Custom Design,Sphere Custom Design,Paid,Sales - Image Surfaces,Image Surfaces,195.0,1,0
Display Technologies,1806,2022-02-08,2022,,1,Apex Technologies USA,Apex Technologies USA,Paid,Sales - Mistral,Mistral,468.0,1,0
Display Technologies,1804,2022-02-08,2022,,1,Sphere Custom Design,Sphere Custom Design,Paid,Sales - Non Motorised Mount Solutions,Non Motorised Mount Solutions,975.0,1,0
Display Technologies,1804,2022-02-08,2022,DT-CNTP-300,1,Sphere Custom Design,Sphere Custom Design,Paid,Sales - Non Motorised On Wall Screens,Non Motorised On Wall Screens,877.5,1,0
Display Technologies,1804,2022-02-08,2022,,1,Sphere Custom Design,Sphere Custom Design,Paid,Sales - Image Surfaces,Image Surfaces,195.0,1,0
Display Technologies,INV-0487,2022-02-09,2022,,1,Ship Inn Marske Limited,Ship Inn Marske Limited,Paid,Other Revenue,Other Revenue,35.0,0,0
Display Technologies,1808,2022-02-19,2022,DT-DYN-2S-390,1,Special Elektronik,Special Elektronik,Paid,Sales - Motorised On Wall Screens,Motorised On Wall Screens,5401.5,1,0
Display Technologies,1808,2022-02-19,2022,,1,Special Elektronik,Special Elektronik,Paid,Sales - Image Surfaces,Image Surfaces,331.5,1,0
Display Technologies,1809,2022-02-19,2022,DT-PHG-2,1,Apex Technologies USA,Apex Technologies USA,Paid,Sales - Port Hole Glass,Port Hole Glass,1170.0,1,0
Display Technologies,1809,2022-02-19,2022,,1,Apex Technologies USA,Apex Technologies USA,Paid,Sales - Non Motorised Mount Solutions,Non Motorised Mount Solutions,975.0,1,0
Display Technologies,1810,2022-02-20,2022,,1,Apex Technologies USA,Apex Technologies USA,Paid,Sales - Non Motorised Mount Solutions,Non Motorised Mount Solutions,295.0,1,0
Display Technologies,1811,2022-02-20,2022,,1,Apex Tech Scotland Ltd,Apex Tech Scotland Ltd,Paid,Sales - Non Motorised Mount Solutions,Non Motorised Mount Solutions,295.0,1,1
Display Technologies,1812,2022-02-20,2022,,2,Apex Tech Scotland Ltd,Apex Tech Scotland Ltd,Paid,Sales - Port Hole Glass,Port Hole Glass,5268.0,1,1
Display Technologies,1812,2022-02-20,2022,,0,Apex Tech Scotland Ltd,Apex Tech Scotland Ltd,Paid,,,0.0,1,1
Display Technologies,1812,2022-02-20,2022,,0,Apex Tech Scotland Ltd,Apex Tech Scotland Ltd,Paid,,,0.0,1,1
Display Technologies,1812,2022-02-20,2022,,2,Apex Tech Scotland Ltd,Apex Tech Scotland Ltd,Paid,Sales - Port Hole Glass,Port Hole Glass,9942.34,1,1
Display Technologies,1812,2022-02-20,2022,,0,Apex Tech Scotland Ltd,Apex Tech Scotland Ltd,Paid,,,0.0,1,1
Display Technologies,1812,2022-02-20,2022,,0,Apex Tech Scotland Ltd,Apex Tech Scotland Ltd,Paid,,,0.0,1,1
Display Technologies,1813,2022-02-21,2022,DT-DYN-4-330,1,Apex Tech Scotland Ltd,Apex Tech Scotland Ltd,Paid,Sales - Motorised On Wall Screens,Motorised On Wall Screens,6493.5,1,1
Display Technologies,1813,2022-02-21,2022,,1,Apex Tech Scotland Ltd,Apex Tech Scotland Ltd,Paid,Sales - Image Surfaces,Image Surfaces,234.0,1,1
Display Technologies,1813,2022-02-21,2022,DT-PHG-2,1,Apex Tech Scotland Ltd,Apex Tech Scotland Ltd,Paid,Sales - Port Hole Glass,Port Hole Glass,1170.0,1,1
Display Technologies,1813,2022-02-21,2022,,1,Apex Tech Scotland Ltd,Apex Tech Scotland Ltd,Paid,Sales - Non Motorised Mount Solutions,Non Motorised Mount Solutions,1950.0,1,1
Display Technologies,1813,2022-02-21,2022,,0,Apex Tech Scotland Ltd,Apex Tech Scotland Ltd,Paid,,,0.0,1,1
Display Technologies,1817,2022-02-22,2022,DT-FRNT-390,1,Meridian Audio Ltd,Meridian Audio Ltd,Paid,Sales - Non Motorised On Wall Screens,Non Motorised On Wall Screens,1540.5,1,0
Display Technologies,1817,2022-02-22,2022,,1,Meridian Audio Ltd,Meridian Audio Ltd,Paid,Sales - Image Surfaces,Image Surfaces,331.5,1,0
Display Technologies,1818,2022-02-22,2022,DT-DYN-2TB-XL-450,1,Deco 2000 Co. Ltd.,Deco 2000 Co. Ltd.,Paid,Sales - Motorised On Wall Screens,Motorised On Wall Screens,6942.0,1,0
Display Technologies,1818,2022-02-22,2022,,1,Deco 2000 Co. Ltd.,Deco 2000 Co. Ltd.,Paid,Sales - Image Surfaces,Image Surfaces,429.0,1,0
Display Technologies,1818,2022-02-22,2022,,0,Deco 2000 Co. Ltd.,Deco 2000 Co. Ltd.,Paid,,,0.0,1,0
Display Technologies,1815,2022-02-22,2022,,1,Immersive Design Studios,Immersive Design Studios,Paid,Sales - Non Motorised On Wall Screens,Non Motorised On Wall Screens,5820.0,1,0
Display Technologies,1815,2022-02-22,2022,,0,Immersive Design Studios,Immersive Design Studios,Paid,,,0.0,1,0
Display Technologies,1815,2022-02-22,2022,,0,Immersive Design Studios,Immersive Design Studios,Paid,,,0.0,1,0
Display Technologies,1815,2022-02-22,2022,,15,Immersive Design Studios,Immersive Design Studios,Paid,Sales - Other Screens,Other Screens,150.0,1,0
Display Technologies,1815,2022-02-22,2022,DT-SHIP,1,Immersive Design Studios,Immersive Design Studios,Paid,Shipping Out,Shipping Out,1800.0,0,0
Display Technologies,1817,2022-02-22,2022,,0,Meridian Audio Ltd,Meridian Audio Ltd,Paid,,,0.0,1,0
Display Technologies,1816,2022-02-22,2022,DT-FRNT-450,1,Apex Technologies USA,Apex Technologies USA,Paid,Sales - Non Motorised On Wall Screens,Non Motorised On Wall Screens,1950.0,1,0
Display Technologies,1816,2022-02-22,2022,,1,Apex Technologies USA,Apex Technologies USA,Paid,Sales - Image Surfaces,Image Surfaces,429.0,1,0
Display Technologies,1816,2022-02-22,2022,,0,Apex Technologies USA,Apex Technologies USA,Paid,,,0.0,1,0
Display Technologies,1819,2022-02-23,2022,DT-FRNT-390,1,Apex Technologies USA,Apex Technologies USA,Paid,Sales - Non Motorised On Wall Screens,Non Motorised On Wall Screens,1540.5,1,0
Display Technologies,1819,2022-02-23,2022,,1,Apex Technologies USA,Apex Technologies USA,Paid,Sales - Image Surfaces,Image Surfaces,468.0,1,0
Display Technologies,1819,2022-02-23,2022,,0,Apex Technologies USA,Apex Technologies USA,Paid,,,0.0,1,0
Display Technologies,1820,2022-02-25,2022,,1,Special Elektronik,Special Elektronik,Paid,Sales - Image Surfaces,Image Surfaces,292.5,1,0
Display Technologies,INV-0489,2022-03-01,2022,,1,Apex Tech Scotland Ltd,Apex Tech Scotland Ltd,Paid,Wages Payable - Payroll,Wages Payable - Payroll,0.0,0,1
Display Technologies,INV-0490,2022-03-03,2022,,1,P Farrow & Sons Ltd,P Farrow & Sons Ltd,Paid,Other Revenue,Other Revenue,1268.4,0,0
Display Technologies,INV-0491,2022-03-08,2022,,1,Apex Tech Scotland Ltd,Apex Tech Scotland Ltd,Paid,Other Revenue,Other Revenue,300.0,0,1
Display Technologies,1823,2022-03-08,2022,DT-ACM,1,Apex Technologies USA,Apex Technologies USA,Paid,Sales - Non Motorised Mount Solutions,Non Motorised Mount Solutions,295.0,1,0
Display Technologies,1823,2022-03-08,2022,,0,Apex Technologies USA,Apex Technologies USA,Paid,,,0.0,1,0
Display Technologies,1824,2022-03-11,2022,,1,Apex Technologies USA,Apex Technologies USA,Paid,Sales - Non Motorised Mount Solutions,Non Motorised Mount Solutions,295.0,1,0
Display Technologies,1825,2022-03-11,2022,DT-DYN-2S-450,1,Apex Tech Scotland Ltd,Apex Tech Scotland Ltd,Paid,Sales - Motorised On Wall Screens,Motorised On Wall Screens,6610.59,1,1
Display Technologies,1825,2022-03-11,2022,,1,Apex Tech Scotland Ltd,Apex Tech Scotland Ltd,Paid,Sales - Image Surfaces,Image Surfaces,429.0,1,1
Display Technologies,1825,2022-03-11,2022,DT-PHG-2,1,Apex Tech Scotland Ltd,Apex Tech Scotland Ltd,Paid,Sales - Port Hole Glass,Port Hole Glass,1170.0,1,1
Display Technologies,1825,2022-03-11,2022,,0,Apex Tech Scotland Ltd,Apex Tech Scotland Ltd,Paid,,,0.0,1,1
Display Technologies,1826,2022-03-11,2022,DT-FRNT-300,1,Apex Tech International Ltd,Apex Tech International Ltd,Paid,Sales - Non Motorised On Wall Screens,Non Motorised On Wall Screens,1092.0,1,1
Display Technologies,1826,2022-03-11,2022,,1,Apex Tech International Ltd,Apex Tech International Ltd,Paid,Sales - Image Surfaces,Image Surfaces,292.5,1,1
Display Technologies,1827,2022-03-14,2022,,3,Light Walls Ltd,Light Walls Ltd,Paid,Sales - Bespoke Solutions,Bespoke Solutions,600.0,1,0
Display Technologies,1828,2022-03-14,2022,,1,Light Walls Ltd,Light Walls Ltd,Paid,Sales - Others,Others,1750.0,1,0
Display Technologies,1829,2022-03-18,2022,DT-ACM,1,Meridian Audio Ltd,Meridian Audio Ltd,Paid,Sales - Non Motorised Mount Solutions,Non Motorised Mount Solutions,295.0,1,0
Display Technologies,1829,2022-03-18,2022,,0,Meridian Audio Ltd,Meridian Audio Ltd,Paid,,,0.0,1,0
Display Technologies,1830,2022-03-18,2022,DT-DYN-2S-420,1,Apex Tech Scotland Ltd,Apex Tech Scotland Ltd,Paid,Sales - Motorised On Wall Screens,Motorised On Wall Screens,5967.0,1,1
Display Technologies,1830,2022-03-18,2022,,1,Apex Tech Scotland Ltd,Apex Tech Scotland Ltd,Paid,Sales - Image Surfaces,Image Surfaces,370.5,1,1
Display Technologies,1830,2022-03-18,2022,DT-PHG-2,1,Apex Tech Scotland Ltd,Apex Tech Scotland Ltd,Paid,Sales - Port Hole Glass,Port Hole Glass,1170.0,1,1
Display Technologies,1832,2022-03-21,2022,DT-DYN-2S-420,1,Apex Technologies USA,Apex Technologies USA,Paid,Sales - Motorised On Wall Screens,Motorised On Wall Screens,5967.0,1,0
Display Technologies,1832,2022-03-21,2022,,1,Apex Technologies USA,Apex Technologies USA,Paid,Sales - Image Surfaces,Image Surfaces,370.5,1,0
Display Technologies,1831,2022-03-21,2022,DT-FRNT-300,1,Apex Tech Scotland Ltd,Apex Tech Scotland Ltd,Paid,Sales - Non Motorised On Wall Screens,Non Motorised On Wall Screens,1092.0,1,1
Display Technologies,1831,2022-03-21,2022,,1,Apex Tech Scotland Ltd,Apex Tech Scotland Ltd,Paid,Sales - Image Surfaces,Image Surfaces,175.5,1,1
Display Technologies,1831,2022-03-21,2022,,0,Apex Tech Scotland Ltd,Apex Tech Scotland Ltd,Paid,,,0.0,1,1
Display Technologies,1832,2022-03-21,2022,,0,Apex Technologies USA,Apex Technologies USA,Paid,,,0.0,1,0
Display Technologies,1833,2022-03-22,2022,,1,Apex Technologies USA,Apex Technologies USA,Paid,Sales - Mechanics,Mechanics,7000.0,1,0
Display Technologies,1833,2022-03-22,2022,DT-PHG-2,1,Apex Technologies USA,Apex Technologies USA,Paid,Sales - Port Hole Glass,Port Hole Glass,1170.0,1,0
Display Technologies,1834,2022-03-25,2022,,1,Light Walls Ltd,Light Walls Ltd,Paid,Sales - Bespoke Solutions,Bespoke Solutions,500.0,1,0
Display Technologies,1835,2022-03-28,2022,DT-DYN-2TB-XL-450,1,GR Media Solutions,GR Media Solutions,Paid,Sales - Motorised On Wall Screens,Motorised On Wall Screens,6942.0,1,0
Display Technologies,1835,2022-03-28,2022,,1,GR Media Solutions,GR Media Solutions,Paid,Sales - Image Surfaces,Image Surfaces,429.0,1,0
Display Technologies,1835,2022-03-28,2022,,0,GR Media Solutions,GR Media Solutions,Paid,,,0.0,1,0
Display Technologies,INV-0492,2022-03-31,2022,,1,Apex Tech Scotland Ltd,Apex Tech Scotland Ltd,Paid,Wages Payable - Payroll,Wages Payable - Payroll,0.0,0,1
Display Technologies,1836,2022-03-31,2022,DT-CNTP-420,1,Apex Technologies USA,Apex Technologies USA,Paid,Sales - Non Motorised On Wall Screens,Non Motorised On Wall Screens,1384.5,1,0
Display Technologies,1836,2022-03-31,2022,,1,Apex Technologies USA,Apex Technologies USA,Paid,Sales - Image Surfaces,Image Surfaces,370.5,1,0
Display Technologies,1836,2022-03-31,2022,,0,Apex Technologies USA,Apex Technologies USA,Paid,,,0.0,1,0
Display Technologies,1839,2022-04-01,2022,DT-PHG-1,1,Apex Technologies USA,Apex Technologies USA,Paid,Sales - Port Hole Glass,Port Hole Glass,975.0,1,0
Display Technologies,1839,2022-04-01,2022,,0,Apex Technologies USA,Apex Technologies USA,Paid,,,0.0,1,0
Display Technologies,1840,2022-04-01,2022,DT-FRNT-300,1,Apex Technologies USA,Apex Technologies USA,Paid,Sales - Non Motorised On Wall Screens,Non Motorised On Wall Screens,1092.0,1,0
Display Technologies,1840,2022-04-01,2022,,1,Apex Technologies USA,Apex Technologies USA,Paid,Sales - Image Surfaces,Image Surfaces,292.5,1,0
Display Technologies,1840,2022-04-01,2022,,0,Apex Technologies USA,Apex Technologies USA,Paid,,,0.0,1,0
Display Technologies,1841,2022-04-04,2022,DT-CNTP-390,1,Apex Technologies USA,Apex Technologies USA,Paid,Sales - Non Motorised On Wall Screens,Non Motorised On Wall Screens,1228.5,1,0
Display Technologies,1841,2022-04-04,2022,,1,Apex Technologies USA,Apex Technologies USA,Paid,Sales - Image Surfaces,Image Surfaces,331.5,1,0
Display Technologies,1841,2022-04-04,2022,,0,Apex Technologies USA,Apex Technologies USA,Paid,,,0.0,1,0
Display Technologies,INV-1845,2022-04-11,2022,,1,Apex Technologies USA,Apex Technologies USA,Approved,Sales - Non Motorised On Wall Screens,Non Motorised On Wall Screens,1092.0,1,0
Display Technologies,INV-1845,2022-04-11,2022,,1,Apex Technologies USA,Apex Technologies USA,Approved,Sales - Image Surfaces,Image Surfaces,292.5,1,0
Display Technologies,INV-0493,2022-04-11,2022,,1,Apex Tech International Ltd,Apex Tech International Ltd,Paid,Other Revenue,Other Revenue,154.98,0,1
Display Technologies,INV-0493,2022-04-11,2022,,1,Apex Tech International Ltd,Apex Tech International Ltd,Paid,Other Revenue,Other Revenue,23.99,0,1
Display Technologies,INV-1844,2022-04-11,2022,,1,PM-ICT Solutions Ltd,PM-ICT Solutions Ltd,Approved,Sales - Motorised On Wall Screens,Motorised On Wall Screens,10744.5,1,0
Display Technologies,INV-1844,2022-04-11,2022,,1,PM-ICT Solutions Ltd,PM-ICT Solutions Ltd,Approved,Sales - Image Surfaces,Image Surfaces,546.0,1,0
Display Technologies,INV-1843,2022-04-11,2022,,1,Apex Technologies USA,Apex Technologies USA,Paid,Sales - Non Motorised Mount Solutions,Non Motorised Mount Solutions,975.0,1,0
Display Technologies,1845,2022-04-11,2022,DT-FRNT-300,1,Apex Technologies USA,Apex Technologies USA,Approved,Sales - Non Motorised On Wall Screens,Non Motorised On Wall Screens,1092.0,1,0
Display Technologies,1845,2022-04-11,2022,,1,Apex Technologies USA,Apex Technologies USA,Approved,Sales - Image Surfaces,Image Surfaces,292.5,1,0
Display Technologies,1845,2022-04-11,2022,,0,Apex Technologies USA,Apex Technologies USA,Approved,,,0.0,1,0
Display Technologies,INV-1847,2022-04-19,2022,,1,Apex Technologies USA,Apex Technologies USA,Paid,Sales - Non Motorised Mount Solutions,Non Motorised Mount Solutions,295.0,1,0
Display Technologies,INV-1848,2022-04-19,2022,,1,Apex Technologies USA,Apex Technologies USA,Paid,Sales - Non Motorised On Wall Screens,Non Motorised On Wall Screens,1092.0,1,0
Display Technologies,INV-1848,2022-04-19,2022,,1,Apex Technologies USA,Apex Technologies USA,Paid,Sales - Image Surfaces,Image Surfaces,292.5,1,0
Display Technologies,INV-1849,2022-04-19,2022,,9,Apex Tech Scotland Ltd,Apex Tech Scotland Ltd,Paid,Sales - Others,Others,1080.0,1,1
Display Technologies,1850,2022-04-21,2022,DT-PHG-2,1,Apex Tech Scotland Ltd,Apex Tech Scotland Ltd,Paid,Sales - Port Hole Glass,Port Hole Glass,1170.0,1,1
Display Technologies,INV-0494,2022-04-25,2022,,1,North Star Engineers Ltd,North Star Engineers Ltd,Paid,Sales - Non Motorised Mount Solutions,Non Motorised Mount Solutions,1075.0,1,0
Display Technologies,INV-0494,2022-04-25,2022,,0,North Star Engineers Ltd,North Star Engineers Ltd,Paid,,,0.0,1,0
Display Technologies,CN-0495,2022-04-25,2022,DT-PHG-2,-1,Apex Tech Scotland Ltd,Apex Tech Scotland Ltd,Paid,Sales - Port Hole Glass,Port Hole Glass,-1170.0,1,1
Display Technologies,CN-0495,2022-04-25,2022,,0,Apex Tech Scotland Ltd,Apex Tech Scotland Ltd,Paid,,,0.0,1,1
Display Technologies,INV-1852,2022-04-25,2022,,1,Apex Technologies USA,Apex Technologies USA,Paid,Sales - Non Motorised On Wall Screens,Non Motorised On Wall Screens,975.0,1,0
Display Technologies,INV-1852,2022-04-25,2022,,1,Apex Technologies USA,Apex Technologies USA,Paid,Sales - Image Surfaces,Image Surfaces,234.0,1,0
Display Technologies,INV-0500,2022-04-28,2022,,1,P Farrow & Sons Ltd,P Farrow & Sons Ltd,Paid,Other Revenue,Other Revenue,576.0,0,0
Display Technologies,INV-1846,2022-04-28,2022,,1,Light Walls Ltd,Light Walls Ltd,Paid,Sales - Bespoke Solutions,Bespoke Solutions,750.0,1,0
Display Technologies,INV-1846,2022-04-28,2022,,1,Light Walls Ltd,Light Walls Ltd,Paid,Sales - Bespoke Solutions,Bespoke Solutions,750.0,1,0
Display Technologies,INV-1846,2022-04-28,2022,,1,Light Walls Ltd,Light Walls Ltd,Paid,Sales - Bespoke Solutions,Bespoke Solutions,500.0,1,0
Display Technologies,INV-1846,2022-04-28,2022,,1,Light Walls Ltd,Light Walls Ltd,Paid,Sales - Bespoke Solutions,Bespoke Solutions,300.0,1,0
Display Technologies,INV-1846,2022-04-28,2022,,1,Light Walls Ltd,Light Walls Ltd,Paid,Sales - Bespoke Solutions,Bespoke Solutions,300.0,1,0
Display Technologies,INV-1853,2022-04-28,2022,,1,Apex Technologies USA,Apex Technologies USA,Paid,Sales - Other Screens,Other Screens,150.0,1,0
Display Technologies,INV-1854,2022-04-29,2022,,1,Apex Tech International Ltd,Apex Tech International Ltd,Paid,Sales - Image Surfaces,Image Surfaces,468.0,1,1
Display Technologies,INV-0497,2022-04-29,2022,,1,Apex Tech Scotland Ltd,Apex Tech Scotland Ltd,Paid,Wages Payable - Payroll,Wages Payable - Payroll,0.0,0,1
Display Technologies,INV-1855,2022-04-29,2022,,1,Apex Technologies USA,Apex Technologies USA,Paid,Sales - Non Motorised Mount Solutions,Non Motorised Mount Solutions,295.0,1,0
Display Technologies,INV-0498,2022-04-29,2022,,1,Cinema Acoustic Treatment Systems Ltd,Cinema Acoustic Treatment Systems Ltd,Paid,Warehousing,Warehousing,320.0,0,0
Display Technologies,INV-0498,2022-04-29,2022,,1,Cinema Acoustic Treatment Systems Ltd,Cinema Acoustic Treatment Systems Ltd,Paid,Warehousing,Warehousing,320.0,0,0
Display Technologies,INV-0498,2022-04-29,2022,,1,Cinema Acoustic Treatment Systems Ltd,Cinema Acoustic Treatment Systems Ltd,Paid,Warehousing,Warehousing,240.0,0,0
Display Technologies,INV-0498,2022-04-29,2022,,1,Cinema Acoustic Treatment Systems Ltd,Cinema Acoustic Treatment Systems Ltd,Paid,Warehousing,Warehousing,240.0,0,0
Display Technologies,INV-0498,2022-04-29,2022,,1,Cinema Acoustic Treatment Systems Ltd,Cinema Acoustic Treatment Systems Ltd,Paid,Warehousing,Warehousing,240.0,0,0
Display Technologies,INV-0498,2022-04-29,2022,,1,Cinema Acoustic Treatment Systems Ltd,Cinema Acoustic Treatment Systems Ltd,Paid,Warehousing,Warehousing,240.0,0,0
Display Technologies,INV-0498,2022-04-29,2022,,10,Cinema Acoustic Treatment Systems Ltd,Cinema Acoustic Treatment Systems Ltd,Paid,Other Revenue,Other Revenue,240.0,0,0
Display Technologies,INV-1856,2022-04-29,2022,,1,Hausba Smarthomes,Hausba Smarthomes,Paid,Sales - Non Motorised On Wall Screens,Non Motorised On Wall Screens,2788.5,1,0
Display Technologies,INV-1856,2022-04-29,2022,,1,Hausba Smarthomes,Hausba Smarthomes,Paid,Sales - Image Surfaces,Image Surfaces,604.5,1,0
Display Technologies,INV-1856,2022-04-29,2022,,1,Hausba Smarthomes,Hausba Smarthomes,Paid,Sales - Other Screens,Other Screens,339.0,1,0
Display Technologies,1857,2022-05-04,2022,DT-FRNT-330,1,Apex Technologies USA,Apex Technologies USA,Paid,Sales - Non Motorised On Wall Screens,Non Motorised On Wall Screens,1228.5,1,0
Display Technologies,1857,2022-05-04,2022,,1,Apex Technologies USA,Apex Technologies USA,Paid,Sales - Image Surfaces,Image Surfaces,234.0,1,0
Display Technologies,1857,2022-05-04,2022,,0,Apex Technologies USA,Apex Technologies USA,Paid,,,0.0,1,0
Display Technologies,1858,2022-05-09,2022,,1,Light Walls Ltd,Light Walls Ltd,Approved,Sales - Bespoke Solutions,Bespoke Solutions,700.0,1,0
Display Technologies,1859,2022-05-09,2022,DT-PHG-2,1,Apex Technologies USA,Apex Technologies USA,Paid,Sales - Port Hole Glass,Port Hole Glass,1170.0,1,0
Display Technologies,1859,2022-05-09,2022,,0,Apex Technologies USA,Apex Technologies USA,Paid,,,0.0,1,0
Display Technologies,1860,2022-05-09,2022,DT-DYN-2S-360,1,Apex Tech Scotland Ltd,Apex Tech Scotland Ltd,Paid,Sales - Motorised On Wall Screens,Motorised On Wall Screens,4875.0,1,1
Display Technologies,1860,2022-05-09,2022,,1,Apex Tech Scotland Ltd,Apex Tech Scotland Ltd,Paid,Sales - Image Surfaces,Image Surfaces,409.5,1,1
Display Technologies,1860,2022-05-09,2022,,0,Apex Tech Scotland Ltd,Apex Tech Scotland Ltd,Paid,,,0.0,1,1
Display Technologies,1862,2022-05-11,2022,DT-FRNT-390,1,Apex Technologies USA,Apex Technologies USA,Paid,Sales - Non Motorised On Wall Screens,Non Motorised On Wall Screens,1540.5,1,0
Display Technologies,1862,2022-05-11,2022,,1,Apex Technologies USA,Apex Technologies USA,Paid,Sales - Image Surfaces,Image Surfaces,331.5,1,0
Display Technologies,1862,2022-05-11,2022,,0,Apex Technologies USA,Apex Technologies USA,Paid,,,0.0,1,0
Display Technologies,1864,2022-05-12,2022,DT-PHG-1,1,Meridian Audio Ltd,Meridian Audio Ltd,Paid,Sales - Port Hole Glass,Port Hole Glass,975.0,1,0
Display Technologies,1864,2022-05-12,2022,,0,Meridian Audio Ltd,Meridian Audio Ltd,Paid,,,0.0,1,0
Display Technologies,INV-1866,2022-05-13,2022,,2,Apex Technologies USA,Apex Technologies USA,Paid,Sales - Non Motorised Mount Solutions,Non Motorised Mount Solutions,15400.0,1,0
Display Technologies,1867,2022-05-13,2022,DT-DYN-4-AM-XL-450,1,"Absolute Ultimate AV, LLC","Absolute Ultimate AV, LLC",Paid,Sales - Motorised On Wall Screens,Motorised On Wall Screens,19020.0,1,0
Display Technologies,1867,2022-05-13,2022,,1,"Absolute Ultimate AV, LLC","Absolute Ultimate AV, LLC",Paid,Sales - Image Surfaces,Image Surfaces,660.0,1,0
Display Technologies,1867,2022-05-13,2022,,0,"Absolute Ultimate AV, LLC","Absolute Ultimate AV, LLC",Paid,,,0.0,1,0
Display Technologies,1868,2022-05-16,2022,,1,Light Walls Ltd,Light Walls Ltd,Approved,Sales - Bespoke Solutions,Bespoke Solutions,150.0,1,0
Display Technologies,1869,2022-05-19,2022,,1,Apex Technologies USA,Apex Technologies USA,Paid,Sales - Hush Boxes,Hush Boxes,2535.0,1,0
Display Technologies,1869,2022-05-19,2022,,2,Apex Technologies USA,Apex Technologies USA,Paid,Sales - Mistral,Mistral,1092.0,1,0
Display Technologies,1869,2022-05-19,2022,,1,Apex Technologies USA,Apex Technologies USA,Paid,Sales - Mistral,Mistral,390.0,1,0
Display Technologies,1870,2022-05-19,2022,DT-MMD,1,Meridian Audio Ltd,Meridian Audio Ltd,Paid,Sales - Motorised Mount Solutions,Motorised Mount Solutions,2925.0,1,0
Display Technologies,1871,2022-05-23,2022,DT-FRNT-240,1,Special Elektronik,Special Elektronik,Paid,Sales - Non Motorised On Wall Screens,Non Motorised On Wall Screens,858.0,1,0
Display Technologies,1871,2022-05-23,2022,,1,Special Elektronik,Special Elektronik,Paid,Sales - Image Surfaces,Image Surfaces,195.0,1,0
Display Technologies,1871,2022-05-23,2022,,0,Special Elektronik,Special Elektronik,Paid,,,0.0,1,0
Display Technologies,1872,2022-05-26,2022,DT-DYN-2S-360,1,Apex Technologies USA,Apex Technologies USA,Paid,Sales - Motorised On Wall Screens,Motorised On Wall Screens,4875.0,1,0
Display Technologies,1872,2022-05-26,2022,,1,Apex Technologies USA,Apex Technologies USA,Paid,Sales - Image Surfaces,Image Surfaces,292.5,1,0
Display Technologies,1872,2022-05-26,2022,,0,Apex Technologies USA,Apex Technologies USA,Paid,,,0.0,1,0
Display Technologies,1874,2022-05-27,2022,DT-FRNT-420,1,Apex Technologies USA,Apex Technologies USA,Paid,Sales - Non Motorised On Wall Screens,Non Motorised On Wall Screens,1735.5,1,0
Display Technologies,1874,2022-05-27,2022,,1,Apex Technologies USA,Apex Technologies USA,Paid,Sales - Image Surfaces,Image Surfaces,370.5,1,0
Display Technologies,1874,2022-05-27,2022,,0,Apex Technologies USA,Apex Technologies USA,Paid,,,0.0,1,0
Display Technologies,1875,2022-05-27,2022,DT-MMD,1,Apex Tech Scotland Ltd,Apex Tech Scotland Ltd,Paid,Sales - Motorised Mount Solutions,Motorised Mount Solutions,2925.0,1,1
Display Technologies,1875,2022-05-27,2022,,0,Apex Tech Scotland Ltd,Apex Tech Scotland Ltd,Paid,,,0.0,1,1
Display Technologies,1876,2022-05-27,2022,DT-PHG-1,2,Apex Tech Scotland Ltd,Apex Tech Scotland Ltd,Paid,Sales - Port Hole Glass,Port Hole Glass,1950.0,1,1
Display Technologies,1876,2022-05-27,2022,,0,Apex Tech Scotland Ltd,Apex Tech Scotland Ltd,Paid,,,0.0,1,1
Display Technologies,INV-0507,2022-05-27,2022,,1,INT3 Limited,INT3 Limited,Paid,Sales - Others,Others,14939.0,1,0
Display Technologies,1877,2022-05-30,2022,,1,Apex Tech International Ltd,Apex Tech International Ltd,Paid,Sales - Non Motorised Mount Solutions,Non Motorised Mount Solutions,975.0,1,1
Display Technologies,1877,2022-05-30,2022,,0,Apex Tech International Ltd,Apex Tech International Ltd,Paid,,,0.0,1,1
Display Technologies,1873,2022-05-30,2022,,1,Apex Tech Scotland Ltd,Apex Tech Scotland Ltd,Paid,Sales - Motorised On Wall Screens,Motorised On Wall Screens,13006.5,1,1
Display Technologies,1873,2022-05-30,2022,,1,Apex Tech Scotland Ltd,Apex Tech Scotland Ltd,Paid,Sales - Image Surfaces,Image Surfaces,819.0,1,1
Display Technologies,1873,2022-05-30,2022,,0,Apex Tech Scotland Ltd,Apex Tech Scotland Ltd,Paid,,,0.0,1,1
Display Technologies,INV-0508,2022-05-31,2022,,1,INT3 Limited,INT3 Limited,Paid,Shipping Out,Shipping Out,850.0,0,0
Display Technologies,1878,2022-06-01,2022,,1,Apex Technologies USA,Apex Technologies USA,Paid,Sales - Motorised On Wall Screens,Motorised On Wall Screens,6942.0,1,0
Display Technologies,1878,2022-06-01,2022,,1,Apex Technologies USA,Apex Technologies USA,Paid,Sales - Image Surfaces,Image Surfaces,429.0,1,0
Display Technologies,1878,2022-06-01,2022,,0,Apex Technologies USA,Apex Technologies USA,Paid,,,0.0,1,0
Display Technologies,1879,2022-06-01,2022,,1,Meridian Audio Ltd,Meridian Audio Ltd,Paid,Sales - Non Motorised Mount Solutions,Non Motorised Mount Solutions,975.0,1,0
Display Technologies,1879,2022-06-01,2022,,0,Meridian Audio Ltd,Meridian Audio Ltd,Paid,,,0.0,1,0
Display Technologies,INV-0509,2022-06-01,2022,,1,INT3 Limited,INT3 Limited,Paid,Sales - Others,Others,11974.92,1,0
Display Technologies,INV-0509,2022-06-01,2022,,1,INT3 Limited,INT3 Limited,Paid,Sales - Others,Others,3211.99,1,0
Display Technologies,1880,2022-06-02,2022,,2,PM-ICT Solutions Ltd,PM-ICT Solutions Ltd,Paid,Sales - Non Motorised Mount Solutions,Non Motorised Mount Solutions,1950.0,1,0
Display Technologies,1880,2022-06-02,2022,,0,PM-ICT Solutions Ltd,PM-ICT Solutions Ltd,Paid,,,0.0,1,0
Display Technologies,1881,2022-06-02,2022,DT-CNTP-270,1,Deco 2000 Co. Ltd.,Deco 2000 Co. Ltd.,Paid,Sales - Non Motorised On Wall Screens,Non Motorised On Wall Screens,780.0,1,0
Display Technologies,1881,2022-06-02,2022,,1,Deco 2000 Co. Ltd.,Deco 2000 Co. Ltd.,Paid,Sales - Image Surfaces,Image Surfaces,234.0,1,0
Display Technologies,1881,2022-06-02,2022,,0,Deco 2000 Co. Ltd.,Deco 2000 Co. Ltd.,Paid,,,0.0,1,0
Display Technologies,1882,2022-06-07,2022,DT-FRNT-360,1,Apex Technologies USA,Apex Technologies USA,Paid,Sales - Non Motorised On Wall Screens,Non Motorised On Wall Screens,1365.0,1,0
Display Technologies,1882,2022-06-07,2022,,1,Apex Technologies USA,Apex Technologies USA,Paid,Sales - Image Surfaces,Image Surfaces,292.5,1,0
Display Technologies,1884,2022-06-13,2022,DT-FRNT-330,1,Apex Technologies USA,Apex Technologies USA,Paid,Sales - Non Motorised On Wall Screens,Non Motorised On Wall Screens,1228.5,1,0
Display Technologies,1884,2022-06-13,2022,,1,Apex Technologies USA,Apex Technologies USA,Paid,Sales - Image Surfaces,Image Surfaces,351.0,1,0
Display Technologies,1884,2022-06-13,2022,,0,Apex Technologies USA,Apex Technologies USA,Paid,,,0.0,1,0
Display Technologies,1885,2022-06-13,2022,DT-FRNT-390,1,Apex Technologies USA,Apex Technologies USA,Paid,Sales - Non Motorised On Wall Screens,Non Motorised On Wall Screens,1540.5,1,0
Display Technologies,1885,2022-06-13,2022,,1,Apex Technologies USA,Apex Technologies USA,Paid,Sales - Image Surfaces,Image Surfaces,331.5,1,0
Display Technologies,1885,2022-06-13,2022,,0,Apex Technologies USA,Apex Technologies USA,Paid,,,0.0,1,0
Display Technologies,1886,2022-06-13,2022,DT-FRNT-300,1,Apex Technologies USA,Apex Technologies USA,Paid,Sales - Non Motorised On Wall Screens,Non Motorised On Wall Screens,1092.0,1,0
Display Technologies,1886,2022-06-13,2022,,1,Apex Technologies USA,Apex Technologies USA,Paid,Sales - Image Surfaces,Image Surfaces,195.0,1,0
Display Technologies,1886,2022-06-13,2022,,0,Apex Technologies USA,Apex Technologies USA,Paid,,,0.0,1,0
Display Technologies,1887,2022-06-13,2022,,1,Meridian Audio Ltd,Meridian Audio Ltd,Paid,Sales - Non Motorised Mount Solutions,Non Motorised Mount Solutions,292.0,1,0
Display Technologies,1887,2022-06-13,2022,,0,Meridian Audio Ltd,Meridian Audio Ltd,Paid,,,0.0,1,0
Display Technologies,1888,2022-06-13,2022,DT-CNTP-360,1,Sphere Custom Design,Sphere Custom Design,Paid,Sales - Non Motorised On Wall Screens,Non Motorised On Wall Screens,1111.5,1,0
Display Technologies,1888,2022-06-13,2022,,1,Sphere Custom Design,Sphere Custom Design,Paid,Sales - Image Surfaces,Image Surfaces,409.5,1,0
Display Technologies,1888,2022-06-13,2022,,0,Sphere Custom Design,Sphere Custom Design,Paid,,,0.0,1,0
Display Technologies,1889,2022-06-14,2022,DT-FRNT-450,1,Apex Tech Scotland Ltd,Apex Tech Scotland Ltd,Paid,Sales - Non Motorised On Wall Screens,Non Motorised On Wall Screens,1950.0,1,1
Display Technologies,1889,2022-06-14,2022,,1,Apex Tech Scotland Ltd,Apex Tech Scotland Ltd,Paid,Sales - Image Surfaces,Image Surfaces,429.0,1,1
Display Technologies,1889,2022-06-14,2022,,1,Apex Tech Scotland Ltd,Apex Tech Scotland Ltd,Paid,Sales - Non Motorised On Wall Screens,Non Motorised On Wall Screens,304.2,1,1
Display Technologies,1890,2022-06-20,2022,,1,Apex Tech Scotland Ltd,Apex Tech Scotland Ltd,Paid,Sales - Non Motorised Mount Solutions,Non Motorised Mount Solutions,975.0,1,1
Display Technologies,1890,2022-06-20,2022,,2,Apex Tech Scotland Ltd,Apex Tech Scotland Ltd,Paid,Sales - Mistral,Mistral,936.0,1,1
Display Technologies,1890,2022-06-20,2022,,1,Apex Tech Scotland Ltd,Apex Tech Scotland Ltd,Paid,Sales - Mistral,Mistral,390.0,1,1
Display Technologies,1890,2022-06-20,2022,,0,Apex Tech Scotland Ltd,Apex Tech Scotland Ltd,Paid,,,0.0,1,1
Display Technologies,1891,2022-06-20,2022,DT-PHG-1,1,Apex Tech International Ltd,Apex Tech International Ltd,Paid,Sales - Port Hole Glass,Port Hole Glass,975.0,1,1
Display Technologies,1891,2022-06-20,2022,,0,Apex Tech International Ltd,Apex Tech International Ltd,Paid,,,0.0,1,1
Display Technologies,INV-0502,2022-06-20,2022,,1,INT3 Limited,INT3 Limited,Paid,Sales - Bespoke Solutions,Bespoke Solutions,660.0,1,0
Display Technologies,1892,2022-06-20,2022,,1,GR Media Solutions,GR Media Solutions,Paid,Sales - Image Surfaces,Image Surfaces,975.0,1,0
Display Technologies,1892,2022-06-20,2022,,0,GR Media Solutions,GR Media Solutions,Paid,,,0.0,1,0
Display Technologies,1893,2022-06-21,2022,DT-CNTP-390,1,Sphere Custom Design,Sphere Custom Design,Paid,Sales - Non Motorised On Wall Screens,Non Motorised On Wall Screens,1228.5,1,0
Display Technologies,1893,2022-06-21,2022,,1,Sphere Custom Design,Sphere Custom Design,Paid,Sales - Image Surfaces,Image Surfaces,331.5,1,0
Display Technologies,1893,2022-06-21,2022,,0,Sphere Custom Design,Sphere Custom Design,Paid,,,0.0,1,0
Display Technologies,1893,2022-06-21,2022,,0,Sphere Custom Design,Sphere Custom Design,Paid,,,0.0,1,0
Display Technologies,1894,2022-06-21,2022,,1,Apex Tech Scotland Ltd,Apex Tech Scotland Ltd,Paid,Sales - Non Motorised Mount Solutions,Non Motorised Mount Solutions,975.0,1,1
Display Technologies,1894,2022-06-21,2022,DT-PHG-1,1,Apex Tech Scotland Ltd,Apex Tech Scotland Ltd,Paid,Sales - Port Hole Glass,Port Hole Glass,975.0,1,1
Display Technologies,1894,2022-06-21,2022,,0,Apex Tech Scotland Ltd,Apex Tech Scotland Ltd,Paid,,,0.0,1,1
Display Technologies,1895,2022-06-23,2022,DT-FRNT-540,1,Zene Private Theater,Zene Private Theater,Paid,Sales - Non Motorised On Wall Screens,Non Motorised On Wall Screens,2788.5,1,0
Display Technologies,1895,2022-06-23,2022,,1,Zene Private Theater,Zene Private Theater,Paid,Sales - Non Motorised On Wall Screens,Non Motorised On Wall Screens,604.5,1,0
Display Technologies,1895,2022-06-23,2022,,0,Zene Private Theater,Zene Private Theater,Paid,,,0.0,1,0
Display Technologies,1896,2022-06-24,2022,DT-PHG-1,1,Apex Technologies USA,Apex Technologies USA,Paid,Sales - Port Hole Glass,Port Hole Glass,975.0,1,0
Display Technologies,1896,2022-06-24,2022,,0,Apex Technologies USA,Apex Technologies USA,Paid,,,0.0,1,0
Display Technologies,INV-0503,2022-06-30,2022,,1,Apex Tech Scotland Ltd,Apex Tech Scotland Ltd,Paid,Wages Payable - Payroll,Wages Payable - Payroll,0.0,0,1
Display Technologies,INV-0504,2022-06-30,2022,,1,Apex Tech Scotland Ltd,Apex Tech Scotland Ltd,Paid,Wages Payable - Payroll,Wages Payable - Payroll,0.0,0,1
Display Technologies,1897,2022-07-04,2022,,1,Apex Tech Scotland Ltd,Apex Tech Scotland Ltd,Paid,Sales - Image Surfaces,Image Surfaces,468.0,1,1
Display Technologies,1899,2022-07-05,2022,,1,Apex Tech International Ltd,Apex Tech International Ltd,Paid,Sales - Non Motorised Mount Solutions,Non Motorised Mount Solutions,975.0,1,1
Display Technologies,1899,2022-07-05,2022,,0,Apex Tech International Ltd,Apex Tech International Ltd,Paid,,,0.0,1,1
Display Technologies,1900,2022-07-05,2022,,1,Special Elektronik,Special Elektronik,Paid,Sales - Non Motorised Mount Solutions,Non Motorised Mount Solutions,975.0,1,0
Display Technologies,1900,2022-07-05,2022,,0,Special Elektronik,Special Elektronik,Paid,,,0.0,1,0
Display Technologies,1901,2022-07-05,2022,,6,Zene Private Theater,Zene Private Theater,Paid,Sales - Image Surfaces,Image Surfaces,1755.0,1,0
Display Technologies,1901,2022-07-05,2022,,0,Zene Private Theater,Zene Private Theater,Paid,,,0.0,1,0
Display Technologies,1902,2022-07-06,2022,,2,Apex Technologies USA,Apex Technologies USA,Paid,Sales - Mistral,Mistral,1248.0,1,0
Display Technologies,1902,2022-07-06,2022,,1,Apex Technologies USA,Apex Technologies USA,Paid,Sales - Mistral,Mistral,390.0,1,0
Display Technologies,1902,2022-07-06,2022,,0,Apex Technologies USA,Apex Technologies USA,Paid,,,0.0,1,0
Display Technologies,1903,2022-07-07,2022,,1,Apex Tech Scotland Ltd,Apex Tech Scotland Ltd,Paid,Sales - Non Motorised Mount Solutions,Non Motorised Mount Solutions,975.0,1,1
Display Technologies,1903,2022-07-07,2022,,0,Apex Tech Scotland Ltd,Apex Tech Scotland Ltd,Paid,,,0.0,1,1
Display Technologies,1904,2022-07-07,2022,,1,Apex Tech Scotland Ltd,Apex Tech Scotland Ltd,Paid,Sales - Motorised On Wall Screens,Motorised On Wall Screens,2652.0,1,1
Display Technologies,1904,2022-07-07,2022,,1,Apex Tech Scotland Ltd,Apex Tech Scotland Ltd,Paid,Sales - Image Surfaces,Image Surfaces,195.0,1,1
Display Technologies,1904,2022-07-07,2022,,0,Apex Tech Scotland Ltd,Apex Tech Scotland Ltd,Paid,,,0.0,1,1
Display Technologies,1905,2022-07-07,2022,DT-PHG-2,1,Apex Tech Scotland Ltd,Apex Tech Scotland Ltd,Paid,Sales - Port Hole Glass,Port Hole Glass,1170.0,1,1
Display Technologies,1905,2022-07-07,2022,,0,Apex Tech Scotland Ltd,Apex Tech Scotland Ltd,Paid,,,0.0,1,1
Display Technologies,1906,2022-07-07,2022,,2,Apex Tech Scotland Ltd,Apex Tech Scotland Ltd,Paid,Sales - Non Motorised Mount Solutions,Non Motorised Mount Solutions,1950.0,1,1
Display Technologies,1906,2022-07-07,2022,,0,Apex Tech Scotland Ltd,Apex Tech Scotland Ltd,Paid,,,0.0,1,1
Display Technologies,1907,2022-07-12,2022,DT-FRNT-450,1,National AV Solutions Pty Ltd,National AV Solutions Pty Ltd,Paid,Sales - Non Motorised On Wall Screens,Non Motorised On Wall Screens,1950.0,1,0
Display Technologies,1907,2022-07-12,2022,,1,National AV Solutions Pty Ltd,National AV Solutions Pty Ltd,Paid,Sales - Image Surfaces,Image Surfaces,429.0,1,0
Display Technologies,1907,2022-07-12,2022,,0,National AV Solutions Pty Ltd,National AV Solutions Pty Ltd,Paid,,,0.0,1,0
Display Technologies,1908,2022-07-13,2022,DT-DYN-2S-510,1,Apex Technologies USA,Apex Technologies USA,Paid,Sales - Motorised On Wall Screens,Motorised On Wall Screens,8112.0,1,0
Display Technologies,1908,2022-07-13,2022,,1,Apex Technologies USA,Apex Technologies USA,Paid,Sales - Image Surfaces,Image Surfaces,546.0,1,0
Display Technologies,1908,2022-07-13,2022,,0,Apex Technologies USA,Apex Technologies USA,Paid,,,0.0,1,0
Display Technologies,1909,2022-07-13,2022,,1,Apex Technologies USA,Apex Technologies USA,Paid,Sales - Non Motorised Mount Solutions,Non Motorised Mount Solutions,1950.0,1,0
Display Technologies,1909,2022-07-13,2022,,0,Apex Technologies USA,Apex Technologies USA,Paid,,,0.0,1,0
Display Technologies,1910,2022-07-14,2022,DT-MMD,1,Apex Technologies USA,Apex Technologies USA,Paid,Sales - Motorised Mount Solutions,Motorised Mount Solutions,2925.0,1,0
Display Technologies,1910,2022-07-14,2022,DT-M-200,2,Apex Technologies USA,Apex Technologies USA,Paid,Sales - Mistral,Mistral,1092.0,1,0
Display Technologies,1910,2022-07-14,2022,,0,Apex Technologies USA,Apex Technologies USA,Paid,,,0.0,1,0
Display Technologies,INV-0505,2022-07-14,2022,,1,P Farrow & Sons Ltd,P Farrow & Sons Ltd,Paid,Other Revenue,Other Revenue,619.5,0,0
Display Technologies,INV-0506,2022-07-15,2022,,1,Torpedo Factory Limited,Torpedo Factory Limited,Paid,Sales - Hush Boxes,Hush Boxes,3300.0,1,0
Display Technologies,INV-0506,2022-07-15,2022,,1,Torpedo Factory Limited,Torpedo Factory Limited,Paid,Sales - Mistral,Mistral,600.0,1,0
Display Technologies,INV-0506,2022-07-15,2022,,2,Torpedo Factory Limited,Torpedo Factory Limited,Paid,Sales - Mistral,Mistral,1680.0,1,0
Display Technologies,1912,2022-07-18,2022,,3,INT3 Limited,INT3 Limited,Paid,Sales - Bespoke Solutions,Bespoke Solutions,452.1,1,0
Display Technologies,1913,2022-07-18,2022,,1,Apex Technologies USA,Apex Technologies USA,Paid,Sales - Hush Boxes,Hush Boxes,2145.0,1,0
Display Technologies,1913,2022-07-18,2022,,2,Apex Technologies USA,Apex Technologies USA,Paid,Sales - Mistral,Mistral,936.0,1,0
Display Technologies,1913,2022-07-18,2022,,1,Apex Technologies USA,Apex Technologies USA,Paid,Sales - Mistral,Mistral,390.0,1,0
Display Technologies,1913,2022-07-18,2022,,0,Apex Technologies USA,Apex Technologies USA,Paid,,,0.0,1,0
Display Technologies,1914,2022-07-18,2022,DT-FRNT-330,1,Apex Technologies USA,Apex Technologies USA,Paid,Sales - Non Motorised On Wall Screens,Non Motorised On Wall Screens,1228.5,1,0
Display Technologies,1914,2022-07-18,2022,,1,Apex Technologies USA,Apex Technologies USA,Paid,Sales - Image Surfaces,Image Surfaces,234.0,1,0
Display Technologies,1914,2022-07-18,2022,,0,Apex Technologies USA,Apex Technologies USA,Paid,,,0.0,1,0
Display Technologies,1915,2022-07-18,2022,DT-DYN-4-XL-630,1,Apex Technologies USA,Apex Technologies USA,Paid,Sales - Motorised On Wall Screens,Motorised On Wall Screens,16594.0,1,0
Display Technologies,1915,2022-07-18,2022,,1,Apex Technologies USA,Apex Technologies USA,Paid,Sales - Image Surfaces,Image Surfaces,819.0,1,0
Display Technologies,1915,2022-07-18,2022,,0,Apex Technologies USA,Apex Technologies USA,Paid,,,0.0,1,0
Display Technologies,1918,2022-07-20,2022,DT-DYN-2S-480,1,GR Media Solutions,GR Media Solutions,Paid,Sales - Motorised On Wall Screens,Motorised On Wall Screens,6598.8,1,0
Display Technologies,1918,2022-07-20,2022,,1,GR Media Solutions,GR Media Solutions,Paid,Sales - Image Surfaces,Image Surfaces,438.75,1,0
Display Technologies,1918,2022-07-20,2022,,0,GR Media Solutions,GR Media Solutions,Paid,,,0.0,1,0
Display Technologies,1918,2022-07-20,2022,,0,GR Media Solutions,GR Media Solutions,Paid,,,0.0,1,0
Display Technologies,1919,2022-07-21,2022,DT-DYN-2S-300,1,Apex Tech Scotland Ltd,Apex Tech Scotland Ltd,Paid,Sales - Motorised On Wall Screens,Motorised On Wall Screens,3978.0,1,1
Display Technologies,1919,2022-07-21,2022,,1,Apex Tech Scotland Ltd,Apex Tech Scotland Ltd,Paid,Sales - Image Surfaces,Image Surfaces,292.5,1,1
Display Technologies,1919,2022-07-21,2022,DT-PHG-2,1,Apex Tech Scotland Ltd,Apex Tech Scotland Ltd,Paid,Sales - Port Hole Glass,Port Hole Glass,1170.0,1,1
Display Technologies,1919,2022-07-21,2022,,1,Apex Tech Scotland Ltd,Apex Tech Scotland Ltd,Paid,Sales - Non Motorised Mount Solutions,Non Motorised Mount Solutions,1755.0,1,1
Display Technologies,1919,2022-07-21,2022,,0,Apex Tech Scotland Ltd,Apex Tech Scotland Ltd,Paid,,,0.0,1,1
Display Technologies,INV-0514,2022-07-21,2022,,1,INT3 Limited,INT3 Limited,Paid,Other Revenue,Other Revenue,62500.0,0,0
Display Technologies,1921,2022-07-25,2022,DT-FRNT-330,1,National AV Solutions Pty Ltd,National AV Solutions Pty Ltd,Paid,Sales - Non Motorised On Wall Screens,Non Motorised On Wall Screens,1228.5,1,0
Display Technologies,1921,2022-07-25,2022,,1,National AV Solutions Pty Ltd,National AV Solutions Pty Ltd,Paid,Sales - Image Surfaces,Image Surfaces,234.0,1,0
Display Technologies,INV-0517,2022-07-27,2022,,1,INT3 Limited,INT3 Limited,Paid,Sales - Others,Others,5500.0,1,0
Display Technologies,INV-0518,2022-07-27,2022,,2,Genesis Technologies AG (Deutschland).,Genesis Technologies AG (Deutschland).,Approved,Sales - Image Surfaces,Image Surfaces,858.0,1,0
Display Technologies,INV-0518,2022-07-27,2022,,1,Genesis Technologies AG (Deutschland).,Genesis Technologies AG (Deutschland).,Approved,Sales - Other Screens,Other Screens,20.0,1,0
Display Technologies,INV-0518,2022-07-27,2022,,1,Genesis Technologies AG (Deutschland).,Genesis Technologies AG (Deutschland).,Approved,Sales - Other Screens,Other Screens,904.0,1,0
Display Technologies,INV-0518,2022-07-27,2022,,1,Genesis Technologies AG (Deutschland).,Genesis Technologies AG (Deutschland).,Approved,Sales - Other Screens,Other Screens,160.0,1,0
Display Technologies,INV-0518,2022-07-27,2022,,1,Genesis Technologies AG (Deutschland).,Genesis Technologies AG (Deutschland).,Approved,Sales - Non Motorised On Wall Screens,Non Motorised On Wall Screens,750.0,1,0
Display Technologies,1922,2022-07-27,2022,,1,Apex Tech Scotland Ltd,Apex Tech Scotland Ltd,Paid,Sales - Image Surfaces,Image Surfaces,370.5,1,1
Display Technologies,1922,2022-07-27,2022,,1,Apex Tech Scotland Ltd,Apex Tech Scotland Ltd,Paid,Sales - Other Screens,Other Screens,600.0,1,1
Display Technologies,1922,2022-07-27,2022,,0,Apex Tech Scotland Ltd,Apex Tech Scotland Ltd,Paid,,,0.0,1,1
Display Technologies,1924,2022-07-27,2022,DT-FRNT-360,1,Apex Tech Scotland Ltd,Apex Tech Scotland Ltd,Paid,Sales - Non Motorised On Wall Screens,Non Motorised On Wall Screens,1365.0,1,1
Display Technologies,1924,2022-07-27,2022,,1,Apex Tech Scotland Ltd,Apex Tech Scotland Ltd,Paid,Sales - Image Surfaces,Image Surfaces,292.5,1,1
Display Technologies,1924,2022-07-27,2022,,0,Apex Tech Scotland Ltd,Apex Tech Scotland Ltd,Paid,,,0.0,1,1
Display Technologies,INV-0519,2022-07-28,2022,,1,Apex Tech Scotland Ltd,Apex Tech Scotland Ltd,Paid,Wages Payable - Payroll,Wages Payable - Payroll,0.0,0,1
Display Technologies,INV-0520,2022-07-31,2022,,60,INT3 Limited,INT3 Limited,Paid,Sales - Bespoke Solutions,Bespoke Solutions,1212.0,1,0
Display Technologies,INV-0520,2022-07-31,2022,,1,INT3 Limited,INT3 Limited,Paid,Sales - Bespoke Solutions,Bespoke Solutions,4319.5,1,0
Display Technologies,INV-0520,2022-07-31,2022,,1,INT3 Limited,INT3 Limited,Paid,Sales - Bespoke Solutions,Bespoke Solutions,2616.79,1,0
Display Technologies,INV-0520,2022-07-31,2022,,14,INT3 Limited,INT3 Limited,Paid,Sales - Bespoke Solutions,Bespoke Solutions,2800.0,1,0
Display Technologies,INV-0520,2022-07-31,2022,,135,INT3 Limited,INT3 Limited,Paid,Sales - Bespoke Solutions,Bespoke Solutions,4050.0,1,0
Display Technologies,INV-0520,2022-07-31,2022,,1,INT3 Limited,INT3 Limited,Paid,Sales - Bespoke Solutions,Bespoke Solutions,777.0,1,0
Display Technologies,INV-0520,2022-07-31,2022,,1,INT3 Limited,INT3 Limited,Paid,Sales - Bespoke Solutions,Bespoke Solutions,1000.0,1,0
Display Technologies,INV-0520,2022-07-31,2022,,1,INT3 Limited,INT3 Limited,Paid,Sales - Bespoke Solutions,Bespoke Solutions,450.0,1,0
Display Technologies,INV-0520,2022-07-31,2022,,1,INT3 Limited,INT3 Limited,Paid,Sales - Others,Others,1950.0,1,0
Display Technologies,INV-0520,2022-07-31,2022,,1,INT3 Limited,INT3 Limited,Paid,Sales - Motorised Mount Solutions,Motorised Mount Solutions,7488.0,1,0
Display Technologies,INV-0520,2022-07-31,2022,DT-PHG-2,2,INT3 Limited,INT3 Limited,Paid,Sales - Port Hole Glass,Port Hole Glass,2340.0,1,0
Display Technologies,INV-0520,2022-07-31,2022,,41,INT3 Limited,INT3 Limited,Paid,Sales - Others,Others,11726.0,1,0
Display Technologies,INV-0520,2022-07-31,2022,,15,INT3 Limited,INT3 Limited,Paid,Sales - Others,Others,5169.0,1,0
Display Technologies,1925,2022-08-11,2022,DT-FRNT-300,1,P&C Power Sound Ltd,P&C Power Sound Ltd,Paid,Sales - Non Motorised On Wall Screens,Non Motorised On Wall Screens,1092.0,1,0
Display Technologies,1925,2022-08-11,2022,,1,P&C Power Sound Ltd,P&C Power Sound Ltd,Paid,Sales - Image Surfaces,Image Surfaces,292.5,1,0
Display Technologies,1925,2022-08-11,2022,,0,P&C Power Sound Ltd,P&C Power Sound Ltd,Paid,,,0.0,1,0
Display Technologies,1927,2022-08-15,2022,DT-DYN-2TB-330,1,Deco 2000 Co. Ltd.,Deco 2000 Co. Ltd.,Paid,Sales - Motorised On Wall Screens,Motorised On Wall Screens,4524.0,1,0
Display Technologies,1927,2022-08-15,2022,,1,Deco 2000 Co. Ltd.,Deco 2000 Co. Ltd.,Paid,Sales - Image Surfaces,Image Surfaces,351.0,1,0
Display Technologies,1927,2022-08-15,2022,,0,Deco 2000 Co. Ltd.,Deco 2000 Co. Ltd.,Paid,,,0.0,1,0
Display Technologies,1926,2022-08-15,2022,DT-FRNT-330,1,Deco 2000 Co. Ltd.,Deco 2000 Co. Ltd.,Paid,Sales - Non Motorised On Wall Screens,Non Motorised On Wall Screens,1228.5,1,0
Display Technologies,1926,2022-08-15,2022,,1,Deco 2000 Co. Ltd.,Deco 2000 Co. Ltd.,Paid,Sales - Image Surfaces,Image Surfaces,234.0,1,0
Display Technologies,1926,2022-08-15,2022,,0,Deco 2000 Co. Ltd.,Deco 2000 Co. Ltd.,Paid,,,0.0,1,0
Display Technologies,1928,2022-08-16,2022,,1,INT3 Limited,INT3 Limited,Paid,Sales - Bespoke Solutions,Bespoke Solutions,75.0,1,0
Display Technologies,1928,2022-08-16,2022,,1,INT3 Limited,INT3 Limited,Paid,Sales - Bespoke Solutions,Bespoke Solutions,160.0,1,0
Display Technologies,1929,2022-08-17,2022,,1,Apex Technologies USA,Apex Technologies USA,Paid,Sales - Hush Boxes,Hush Boxes,1716.0,1,0
Display Technologies,1929,2022-08-17,2022,,2,Apex Technologies USA,Apex Technologies USA,Paid,Sales - Mistral,Mistral,873.6,1,0
Display Technologies,1929,2022-08-17,2022,,1,Apex Technologies USA,Apex Technologies USA,Paid,Sales - Mistral,Mistral,312.0,1,0
Display Technologies,1929,2022-08-17,2022,,0,Apex Technologies USA,Apex Technologies USA,Paid,,,0.0,1,0
Display Technologies,1930,2022-08-17,2022,,1,Apex Technologies USA,Apex Technologies USA,Paid,Sales - Non Motorised Mount Solutions,Non Motorised Mount Solutions,975.0,1,0
Display Technologies,1930,2022-08-17,2022,,0,Apex Technologies USA,Apex Technologies USA,Paid,,,0.0,1,0
Display Technologies,1931,2022-08-17,2022,DT-PHG-1,1,Apex Technologies USA,Apex Technologies USA,Paid,Sales - Port Hole Glass,Port Hole Glass,975.0,1,0
Display Technologies,1931,2022-08-17,2022,,0,Apex Technologies USA,Apex Technologies USA,Paid,,,0.0,1,0
Display Technologies,1933,2022-08-30,2022,,1,Apex Technologies USA,Apex Technologies USA,Paid,Sales - Non Motorised On Wall Screens,Non Motorised On Wall Screens,994.5,1,0
Display Technologies,1933,2022-08-30,2022,,1,Apex Technologies USA,Apex Technologies USA,Paid,Sales - Non Motorised On Wall Screens,Non Motorised On Wall Screens,351.0,1,0
Display Technologies,1934,2022-08-30,2022,,1,PM-ICT Solutions Ltd,PM-ICT Solutions Ltd,Paid,Sales - Motorised On Wall Screens,Motorised On Wall Screens,6493.5,1,0
Display Technologies,1934,2022-08-30,2022,,1,PM-ICT Solutions Ltd,PM-ICT Solutions Ltd,Paid,Sales - Non Motorised On Wall Screens,Non Motorised On Wall Screens,351.0,1,0
Display Technologies,INV-0521,2022-08-30,2022,,0,Light Walls Ltd,Light Walls Ltd,Paid,,,0.0,1,0
Display Technologies,INV-0521,2022-08-30,2022,,1,Light Walls Ltd,Light Walls Ltd,Paid,Freight Costs - Inward,Freight Costs - Inward,131.36,0,0
Display Technologies,INV-0521,2022-08-30,2022,,1,Light Walls Ltd,Light Walls Ltd,Paid,Freight Costs - Inward,Freight Costs - Inward,2200.34,0,0
Display Technologies,INV-0522,2022-08-30,2022,,14,INT3 Limited,INT3 Limited,Paid,Other Revenue,Other Revenue,4900.0,0,0
Display Technologies,INV-0523,2022-08-31,2022,,1,Light Walls Ltd,Light Walls Ltd,Paid,Other Revenue,Other Revenue,1890.0,0,0
Display Technologies,INV-0524,2022-08-31,2022,,1,INT3 Limited,INT3 Limited,Paid,Other Revenue,Other Revenue,1890.0,0,0
Display Technologies,INV-0525,2022-08-31,2022,,1,Apex Tech Scotland Ltd,Apex Tech Scotland Ltd,Paid,Wages Payable - Payroll,Wages Payable - Payroll,0.0,0,1
Display Technologies,INV-0543,2022-08-31,2022,,1,Light Walls Ltd,Light Walls Ltd,Paid,Other Revenue,Other Revenue,2500.0,0,0
Display Technologies,1936,2022-09-02,2022,,2,Apex Tech Scotland Ltd,Apex Tech Scotland Ltd,Paid,Sales - Non Motorised Mount Solutions,Non Motorised Mount Solutions,3510.0,1,1
Display Technologies,1936,2022-09-02,2022,,2,Apex Tech Scotland Ltd,Apex Tech Scotland Ltd,Paid,Sales - Port Hole Glass,Port Hole Glass,3686.4,1,1
Display Technologies,1937,2022-09-02,2022,,1,Apex Tech Scotland Ltd,Apex Tech Scotland Ltd,Paid,Sales - Motorised On Wall Screens,Motorised On Wall Screens,5967.0,1,1
Display Technologies,1937,2022-09-02,2022,,1,Apex Tech Scotland Ltd,Apex Tech Scotland Ltd,Paid,Sales - Image Surfaces,Image Surfaces,370.5,1,1
Display Technologies,1937,2022-09-02,2022,,1,Apex Tech Scotland Ltd,Apex Tech Scotland Ltd,Paid,Sales - Port Hole Glass,Port Hole Glass,1170.0,1,1
Display Technologies,INV-0526,2022-09-02,2022,,1,Apex Technologies USA,Apex Technologies USA,Paid,Sales - Hush Boxes,Hush Boxes,2535.0,1,0
Display Technologies,INV-0526,2022-09-02,2022,,1,Apex Technologies USA,Apex Technologies USA,Paid,Sales - Hush Boxes,Hush Boxes,1092.0,1,0
Display Technologies,INV-0526,2022-09-02,2022,,2,Apex Technologies USA,Apex Technologies USA,Paid,Sales - Mistral,Mistral,1248.0,1,0
Display Technologies,INV-0526,2022-09-02,2022,,1,Apex Technologies USA,Apex Technologies USA,Paid,Sales - Mistral,Mistral,390.0,1,0
Display Technologies,1939,2022-09-02,2022,DT-PHG-1,1,Apex Tech International Ltd,Apex Tech International Ltd,Paid,Sales - Port Hole Glass,Port Hole Glass,975.0,1,1
Display Technologies,1939,2022-09-02,2022,,1,Apex Tech International Ltd,Apex Tech International Ltd,Paid,Sales - Non Motorised Mount Solutions,Non Motorised Mount Solutions,975.0,1,1
Display Technologies,1940,2022-09-05,2022,DT-PHG-2,1,Sphere Custom Design,Sphere Custom Design,Paid,Sales - Port Hole Glass,Port Hole Glass,1170.0,1,0
Display Technologies,1940,2022-09-05,2022,,1,Sphere Custom Design,Sphere Custom Design,Paid,Sales - Non Motorised Mount Solutions,Non Motorised Mount Solutions,975.0,1,0
Display Technologies,1940,2022-09-05,2022,DT-CNTP-390,1,Sphere Custom Design,Sphere Custom Design,Paid,Sales - Non Motorised On Wall Screens,Non Motorised On Wall Screens,1228.5,1,0
Display Technologies,1940,2022-09-05,2022,,1,Sphere Custom Design,Sphere Custom Design,Paid,Sales - Image Surfaces,Image Surfaces,468.0,1,0
Display Technologies,1940,2022-09-05,2022,,0,Sphere Custom Design,Sphere Custom Design,Paid,,,0.0,1,0
Display Technologies,1943,2022-09-07,2022,,1,Genesis Technologies AG,Genesis Technologies AG,Paid,Sales - Non Motorised Mount Solutions,Non Motorised Mount Solutions,975.0,1,0
Display Technologies,1943,2022-09-07,2022,,0,Genesis Technologies AG,Genesis Technologies AG,Paid,,,0.0,1,0
Display Technologies,1944,2022-09-15,2022,,1,Apex Technologies USA,Apex Technologies USA,Paid,Sales - Image Surfaces,Image Surfaces,421.2,1,0
Display Technologies,1944,2022-09-15,2022,,1,Apex Technologies USA,Apex Technologies USA,Paid,,,0.0,1,0
Display Technologies,1944,2022-09-15,2022,,0,Apex Technologies USA,Apex Technologies USA,Paid,,,0.0,1,0
Display Technologies,1946,2022-09-16,2022,,1,Apex Technologies USA,Apex Technologies USA,Paid,Sales - Hush Boxes,Hush Boxes,2145.0,1,0
Display Technologies,1946,2022-09-16,2022,,0,Apex Technologies USA,Apex Technologies USA,Paid,,,0.0,1,0
Display Technologies,1947,2022-09-16,2022,DT-DYN-2S-360,1,Apex Technologies USA,Apex Technologies USA,Paid,Sales - Motorised On Wall Screens,Motorised On Wall Screens,4875.0,1,0
Display Technologies,1947,2022-09-16,2022,,1,Apex Technologies USA,Apex Technologies USA,Paid,Sales - Image Surfaces,Image Surfaces,409.5,1,0
Display Technologies,1947,2022-09-16,2022,,0,Apex Technologies USA,Apex Technologies USA,Paid,,,0.0,1,0
Display Technologies,1948,2022-09-20,2022,,1,Apex Technologies USA,Apex Technologies USA,Paid,Sales - Other Screens,Other Screens,250.0,1,0
Display Technologies,INV-0527,2022-09-23,2022,,0,INT3 Limited,INT3 Limited,Paid,,,0.0,1,0
Display Technologies,INV-0527,2022-09-23,2022,,1,INT3 Limited,INT3 Limited,Paid,Sales - Bespoke Solutions,Bespoke Solutions,5729.69,1,0
Display Technologies,INV-0528,2022-09-23,2022,,1,Light Walls Ltd,Light Walls Ltd,Paid,Other Revenue,Other Revenue,2500.0,0,0
Display Technologies,INV-0529,2022-09-23,2022,,1,INT3 Limited,INT3 Limited,Paid,Other Revenue,Other Revenue,3000.0,0,0
Display Technologies,1951,2022-09-26,2022,,1,Apex Tech Scotland Ltd,Apex Tech Scotland Ltd,Paid,Sales - Other Screens,Other Screens,292.5,1,1
Display Technologies,1951,2022-09-26,2022,,0,Apex Tech Scotland Ltd,Apex Tech Scotland Ltd,Paid,,,0.0,1,1
Display Technologies,1952,2022-09-26,2022,,1,Apex Tech Scotland Ltd,Apex Tech Scotland Ltd,Paid,Sales - Other Screens,Other Screens,175.0,1,1
Display Technologies,1952,2022-09-26,2022,,0,Apex Tech Scotland Ltd,Apex Tech Scotland Ltd,Paid,,,0.0,1,1
Display Technologies,1953,2022-09-26,2022,DT-FRNT-360,1,Apex Technologies USA,Apex Technologies USA,Paid,Sales - Non Motorised On Wall Screens,Non Motorised On Wall Screens,1365.0,1,0
Display Technologies,1953,2022-09-26,2022,,1,Apex Technologies USA,Apex Technologies USA,Paid,Sales - Non Motorised On Wall Screens,Non Motorised On Wall Screens,292.5,1,0
Display Technologies,1953,2022-09-26,2022,,0,Apex Technologies USA,Apex Technologies USA,Paid,,,0.0,1,0
Display Technologies,1954,2022-09-26,2022,DT-FRNT-420,1,Sphere Custom Design,Sphere Custom Design,Paid,Sales - Non Motorised On Wall Screens,Non Motorised On Wall Screens,1735.5,1,0
Display Technologies,1954,2022-09-26,2022,,1,Sphere Custom Design,Sphere Custom Design,Paid,Sales - Non Motorised On Wall Screens,Non Motorised On Wall Screens,370.5,1,0
Display Technologies,1954,2022-09-26,2022,,0,Sphere Custom Design,Sphere Custom Design,Paid,,,0.0,1,0
Display Technologies,1955,2022-09-27,2022,DT-PHG-2,1,PM-ICT Solutions Ltd,PM-ICT Solutions Ltd,Paid,Sales - Port Hole Glass,Port Hole Glass,1170.0,1,0
Display Technologies,1955,2022-09-27,2022,,0,PM-ICT Solutions Ltd,PM-ICT Solutions Ltd,Paid,,,0.0,1,0
Display Technologies,1956,2022-09-28,2022,,1,AV Nirvana India,AV Nirvana India,Paid,Sales - Non Motorised Mount Solutions,Non Motorised Mount Solutions,975.0,1,0
Display Technologies,1957,2022-09-28,2022,DT-CNTP-300,1,Apex Technologies USA,Apex Technologies USA,Paid,Sales - Non Motorised On Wall Screens,Non Motorised On Wall Screens,877.5,1,0
Display Technologies,1957,2022-09-28,2022,,1,Apex Technologies USA,Apex Technologies USA,Paid,Sales - Image Surfaces,Image Surfaces,292.5,1,0
Display Technologies,1957,2022-09-28,2022,,0,Apex Technologies USA,Apex Technologies USA,Paid,,,0.0,1,0
Display Technologies,INV-0530,2022-09-30,2022,,1,Apex Tech Scotland Ltd,Apex Tech Scotland Ltd,Paid,Wages Payable - Payroll,Wages Payable - Payroll,0.0,0,1
Display Technologies,1958,2022-09-30,2022,DT-PHG-2,1,Apex Technologies USA,Apex Technologies USA,Paid,Sales - Port Hole Glass,Port Hole Glass,1170.0,1,0
Display Technologies,1958,2022-09-30,2022,,0,Apex Technologies USA,Apex Technologies USA,Paid,,,0.0,1,0
Display Technologies,1959,2022-10-04,2022,DT-CNTP-390,1,Apex Technologies USA,Apex Technologies USA,Paid,Sales - Non Motorised On Wall Screens,Non Motorised On Wall Screens,1228.5,1,0
Display Technologies,1959,2022-10-04,2022,,1,Apex Technologies USA,Apex Technologies USA,Paid,Sales - Image Surfaces,Image Surfaces,331.5,1,0
Display Technologies,1959,2022-10-04,2022,,0,Apex Technologies USA,Apex Technologies USA,Paid,,,0.0,1,0
Display Technologies,1960,2022-10-05,2022,DT-FRNT-270,1,Meridian Audio Ltd,Meridian Audio Ltd,Paid,Sales - Non Motorised On Wall Screens,Non Motorised On Wall Screens,975.0,1,0
Display Technologies,1960,2022-10-05,2022,,1,Meridian Audio Ltd,Meridian Audio Ltd,Paid,Sales - Image Surfaces,Image Surfaces,234.0,1,0
Display Technologies,1960,2022-10-05,2022,,0,Meridian Audio Ltd,Meridian Audio Ltd,Paid,,,0.0,1,0
Display Technologies,1961,2022-10-05,2022,,1,Apex Tech Scotland Ltd,Apex Tech Scotland Ltd,Paid,Sales - Motorised On Wall Screens,Motorised On Wall Screens,9633.0,1,1
Display Technologies,1961,2022-10-05,2022,,1,Apex Tech Scotland Ltd,Apex Tech Scotland Ltd,Paid,Sales - Image Surfaces,Image Surfaces,487.5,1,1
Display Technologies,1961,2022-10-05,2022,,0,Apex Tech Scotland Ltd,Apex Tech Scotland Ltd,Paid,,,0.0,1,1
Display Technologies,1962,2022-10-05,2022,,1,Apex Tech Scotland Ltd,Apex Tech Scotland Ltd,Paid,Sales - Other Screens,Other Screens,292.5,1,1
Display Technologies,1962,2022-10-05,2022,,0,Apex Tech Scotland Ltd,Apex Tech Scotland Ltd,Paid,,,0.0,1,1
Display Technologies,1963,2022-10-05,2022,DT-FRNT-450,1,Apex Tech Scotland Ltd,Apex Tech Scotland Ltd,Paid,Sales - Non Motorised On Wall Screens,Non Motorised On Wall Screens,1950.0,1,1
Display Technologies,1963,2022-10-05,2022,,1,Apex Tech Scotland Ltd,Apex Tech Scotland Ltd,Paid,Sales - Image Surfaces,Image Surfaces,429.0,1,1
Display Technologies,1963,2022-10-05,2022,,0,Apex Tech Scotland Ltd,Apex Tech Scotland Ltd,Paid,,,0.0,1,1
Display Technologies,INV-0533,2022-10-10,2022,,1,Light Walls Ltd,Light Walls Ltd,Paid,Other Revenue,Other Revenue,1250.0,0,0
Display Technologies,INV-0534,2022-10-10,2022,,1,INT3 Limited,INT3 Limited,Paid,Shipping Out,Shipping Out,1670.0,0,0
Display Technologies,INV-0537,2022-10-10,2022,,1,INT3 Limited,INT3 Limited,Paid,Shipping Out,Shipping Out,2570.06,0,0
Display Technologies,INV-0538,2022-10-10,2022,,1,Apex Tech Scotland Ltd,Apex Tech Scotland Ltd,Paid,Shipping Out,Shipping Out,330.0,0,1
Display Technologies,1964,2022-10-11,2022,,1,Special Elektronik,Special Elektronik,Paid,Sales - Image Surfaces,Image Surfaces,370.5,1,0
Display Technologies,1964,2022-10-11,2022,,2,Special Elektronik,Special Elektronik,Paid,Sales - Other Screens,Other Screens,60.0,1,0
Display Technologies,INV-0539,2022-10-13,2022,,1,P Farrow & Sons Ltd,P Farrow & Sons Ltd,Paid,Other Revenue,Other Revenue,520.0,0,0
Display Technologies,1965,2022-10-13,2022,DT-PHG-2,4,Apex Tech Scotland Ltd,Apex Tech Scotland Ltd,Paid,Sales - Port Hole Glass,Port Hole Glass,4680.0,1,1
Display Technologies,1965,2022-10-13,2022,,0,Apex Tech Scotland Ltd,Apex Tech Scotland Ltd,Paid,,,0.0,1,1
Display Technologies,1965,2022-10-13,2022,,0,Apex Tech Scotland Ltd,Apex Tech Scotland Ltd,Paid,,,0.0,1,1
Display Technologies,1966,2022-10-13,2022,DT-DYN-2S-390,1,Apex Technologies USA,Apex Technologies USA,Paid,Sales - Motorised On Wall Screens,Motorised On Wall Screens,5401.5,1,0
Display Technologies,1966,2022-10-13,2022,,1,Apex Technologies USA,Apex Technologies USA,Paid,Sales - Image Surfaces,Image Surfaces,331.5,1,0
Display Technologies,1966,2022-10-13,2022,,0,Apex Technologies USA,Apex Technologies USA,Paid,,,0.0,1,0
Display Technologies,1967,2022-10-13,2022,,1,Apex Tech International Ltd,Apex Tech International Ltd,Paid,Sales - Non Motorised Mount Solutions,Non Motorised Mount Solutions,585.0,1,1
Display Technologies,1967,2022-10-13,2022,,1,Apex Tech International Ltd,Apex Tech International Ltd,Paid,Sales - Non Motorised Mount Solutions,Non Motorised Mount Solutions,292.5,1,1
Display Technologies,1967,2022-10-13,2022,,1,Apex Tech International Ltd,Apex Tech International Ltd,Paid,Sales - Non Motorised Mount Solutions,Non Motorised Mount Solutions,1950.0,1,1
Display Technologies,1967,2022-10-13,2022,,0,Apex Tech International Ltd,Apex Tech International Ltd,Paid,,,0.0,1,1
Display Technologies,1969,2022-10-14,2022,,16,INT3 Limited,INT3 Limited,Paid,Sales - Bespoke Solutions,Bespoke Solutions,216.0,1,0
Display Technologies,1970,2022-10-14,2022,,1,Meridian Audio Ltd,Meridian Audio Ltd,Paid,Sales - Motorised On Wall Screens,Motorised On Wall Screens,9594.0,1,0
Display Technologies,1970,2022-10-14,2022,,1,Meridian Audio Ltd,Meridian Audio Ltd,Paid,Sales - Image Surfaces,Image Surfaces,429.0,1,0
Display Technologies,1970,2022-10-14,2022,,1,Meridian Audio Ltd,Meridian Audio Ltd,Paid,Sales - Port Hole Glass,Port Hole Glass,975.0,1,0
Display Technologies,1970,2022-10-14,2022,,1,Meridian Audio Ltd,Meridian Audio Ltd,Paid,Sales - Non Motorised Mount Solutions,Non Motorised Mount Solutions,1755.0,1,0
Display Technologies,1970,2022-10-14,2022,,0,Meridian Audio Ltd,Meridian Audio Ltd,Paid,,,0.0,1,0
Display Technologies,CN-0541,2022-10-17,2022,,-1,Apex Technologies USA,Apex Technologies USA,Paid,Advertising & Marketing,Advertising & Marketing,-2272.0,0,0
Display Technologies,1971,2022-10-17,2022,,1,Apex Technologies USA,Apex Technologies USA,Paid,Sales - Non Motorised Mount Solutions,Non Motorised Mount Solutions,3315.0,1,0
Display Technologies,1971,2022-10-17,2022,,0,Apex Technologies USA,Apex Technologies USA,Paid,,,0.0,1,0
Display Technologies,1972,2022-10-17,2022,DT-DYN-2TB-AM-390,1,Apex Tech Scotland Ltd,Apex Tech Scotland Ltd,Paid,Sales - Motorised On Wall Screens,Motorised On Wall Screens,8073.0,1,1
Display Technologies,1972,2022-10-17,2022,,1,Apex Tech Scotland Ltd,Apex Tech Scotland Ltd,Paid,Sales - Image Surfaces,Image Surfaces,331.5,1,1
Display Technologies,1972,2022-10-17,2022,,0,Apex Tech Scotland Ltd,Apex Tech Scotland Ltd,Paid,,,0.0,1,1
Display Technologies,1973,2022-10-17,2022,DT-DYN-4-390,1,Apex Tech Scotland Ltd,Apex Tech Scotland Ltd,Paid,Sales - Motorised On Wall Screens,Motorised On Wall Screens,7312.5,1,1
Display Technologies,1973,2022-10-17,2022,,1,Apex Tech Scotland Ltd,Apex Tech Scotland Ltd,Paid,Sales - Image Surfaces,Image Surfaces,331.5,1,1
Display Technologies,1973,2022-10-17,2022,,0,Apex Tech Scotland Ltd,Apex Tech Scotland Ltd,Paid,,,0.0,1,1
Display Technologies,1974,2022-10-18,2022,,3,INT3 Limited,INT3 Limited,Paid,Sales - Bespoke Solutions,Bespoke Solutions,390.0,1,0
Display Technologies,1974,2022-10-18,2022,,0,INT3 Limited,INT3 Limited,Paid,,,0.0,1,0
Display Technologies,1974,2022-10-18,2022,,0,INT3 Limited,INT3 Limited,Paid,,,0.0,1,0
Display Technologies,1975,2022-10-20,2022,DT-FRNT-360,1,Apex Technologies USA,Apex Technologies USA,Paid,Sales - Non Motorised On Wall Screens,Non Motorised On Wall Screens,1365.0,1,0
Display Technologies,1975,2022-10-20,2022,,1,Apex Technologies USA,Apex Technologies USA,Paid,Sales - Image Surfaces,Image Surfaces,409.5,1,0
Display Technologies,1975,2022-10-20,2022,,0,Apex Technologies USA,Apex Technologies USA,Paid,,,0.0,1,0
Display Technologies,1976,2022-10-20,2022,,1,Apex Tech Scotland Ltd,Apex Tech Scotland Ltd,Paid,Sales - Other Screens,Other Screens,292.5,1,1
Display Technologies,1976,2022-10-20,2022,,0,Apex Tech Scotland Ltd,Apex Tech Scotland Ltd,Paid,,,0.0,1,1
Display Technologies,1977,2022-10-20,2022,DT-FRNT-450,1,Apex Technologies USA,Apex Technologies USA,Paid,Sales - Non Motorised On Wall Screens,Non Motorised On Wall Screens,1950.0,1,0
Display Technologies,1977,2022-10-20,2022,,1,Apex Technologies USA,Apex Technologies USA,Paid,Sales - Image Surfaces,Image Surfaces,429.0,1,0
Display Technologies,1977,2022-10-20,2022,,0,Apex Technologies USA,Apex Technologies USA,Paid,,,0.0,1,0
Display Technologies,1978,2022-10-24,2022,DT-PHG-2,1,Apex Technologies USA,Apex Technologies USA,Paid,Sales - Port Hole Glass,Port Hole Glass,1170.0,1,0
Display Technologies,1978,2022-10-24,2022,,0,Apex Technologies USA,Apex Technologies USA,Paid,,,0.0,1,0
Display Technologies,1979,2022-10-24,2022,DT-PHG-2,1,Apex Technologies USA,Apex Technologies USA,Paid,Sales - Port Hole Glass,Port Hole Glass,1170.0,1,0
Display Technologies,1979,2022-10-24,2022,DT-DYN-2S-390,1,Apex Technologies USA,Apex Technologies USA,Paid,Sales - Motorised On Wall Screens,Motorised On Wall Screens,5401.5,1,0
Display Technologies,1979,2022-10-24,2022,,1,Apex Technologies USA,Apex Technologies USA,Paid,Sales - Image Surfaces,Image Surfaces,468.0,1,0
Display Technologies,1979,2022-10-24,2022,,0,Apex Technologies USA,Apex Technologies USA,Paid,,,0.0,1,0
Display Technologies,1980,2022-10-25,2022,DT-FRNT-270,1,Special Elektronik,Special Elektronik,Paid,Sales - Non Motorised On Wall Screens,Non Motorised On Wall Screens,975.0,1,0
Display Technologies,1980,2022-10-25,2022,,1,Special Elektronik,Special Elektronik,Paid,Sales - Image Surfaces,Image Surfaces,234.0,1,0
Display Technologies,1980,2022-10-25,2022,,0,Special Elektronik,Special Elektronik,Paid,,,0.0,1,0
Display Technologies,1981,2022-10-25,2022,DT-PHG-2,1,Apex Technologies USA,Apex Technologies USA,Paid,Sales - Port Hole Glass,Port Hole Glass,1170.0,1,0
Display Technologies,1981,2022-10-25,2022,,0,Apex Technologies USA,Apex Technologies USA,Paid,,,0.0,1,0
Display Technologies,1982,2022-10-26,2022,DT-FRNT-450,1,AV Nirvana India,AV Nirvana India,Paid,Sales - Non Motorised On Wall Screens,Non Motorised On Wall Screens,1950.0,1,0
Display Technologies,1982,2022-10-26,2022,,1,AV Nirvana India,AV Nirvana India,Paid,Sales - Image Surfaces,Image Surfaces,429.0,1,0
Display Technologies,1982,2022-10-26,2022,,0,AV Nirvana India,AV Nirvana India,Paid,,,0.0,1,0
Display Technologies,1983,2022-10-26,2022,DT-FRNT-480,1,AV Nirvana India,AV Nirvana India,Paid,Sales - Non Motorised On Wall Screens,Non Motorised On Wall Screens,2203.5,1,0
Display Technologies,1983,2022-10-26,2022,,1,AV Nirvana India,AV Nirvana India,Paid,Sales - Image Surfaces,Image Surfaces,487.5,1,0
Display Technologies,1983,2022-10-26,2022,,0,AV Nirvana India,AV Nirvana India,Paid,,,0.0,1,0
Display Technologies,1984,2022-10-28,2022,DT-DYN-2S-360,1,Apex Tech International Ltd,Apex Tech International Ltd,Paid,Sales - Motorised On Wall Screens,Motorised On Wall Screens,4875.0,1,1
Display Technologies,1984,2022-10-28,2022,,1,Apex Tech International Ltd,Apex Tech International Ltd,Paid,Sales - Image Surfaces,Image Surfaces,409.5,1,1
Display Technologies,INV-0542,2022-10-31,2022,,1,Apex Tech Scotland Ltd,Apex Tech Scotland Ltd,Paid,Wages Payable - Payroll,Wages Payable - Payroll,0.0,0,1
Display Technologies,1985,2022-10-31,2022,,1,PM-ICT Solutions Ltd,PM-ICT Solutions Ltd,Approved,Sales - Motorised On Wall Screens,Motorised On Wall Screens,10744.5,1,0
Display Technologies,1985,2022-10-31,2022,,1,PM-ICT Solutions Ltd,PM-ICT Solutions Ltd,Approved,Sales - Image Surfaces,Image Surfaces,546.0,1,0
Display Technologies,1985,2022-10-31,2022,,0,PM-ICT Solutions Ltd,PM-ICT Solutions Ltd,Approved,,,0.0,1,0
Display Technologies,1986,2022-11-08,2022,,1,Apex Technologies USA,Apex Technologies USA,Paid,Sales - Image Surfaces,Image Surfaces,514.8,1,0
Display Technologies,1986,2022-11-08,2022,,0,Apex Technologies USA,Apex Technologies USA,Paid,,,0.0,1,0
Display Technologies,1986,2022-11-08,2022,,0,Apex Technologies USA,Apex Technologies USA,Paid,,,0.0,1,0
Display Technologies,1986,2022-11-08,2022,,0,Apex Technologies USA,Apex Technologies USA,Paid,,,0.0,1,0
Display Technologies,1987,2022-11-08,2022,,1,Apex Technologies USA,Apex Technologies USA,Paid,Sales - Image Surfaces,Image Surfaces,450.45,1,0
Display Technologies,1987,2022-11-08,2022,,0,Apex Technologies USA,Apex Technologies USA,Paid,,,0.0,1,0
Display Technologies,1987,2022-11-08,2022,,0,Apex Technologies USA,Apex Technologies USA,Paid,,,0.0,1,0
Display Technologies,1987,2022-11-08,2022,,0,Apex Technologies USA,Apex Technologies USA,Paid,,,0.0,1,0
Display Technologies,1989,2022-11-09,2022,,1,Apex Technologies USA,Apex Technologies USA,Paid,Sales - Non Motorised Mount Solutions,Non Motorised Mount Solutions,1950.0,1,0
Display Technologies,1989,2022-11-09,2022,,0,Apex Technologies USA,Apex Technologies USA,Paid,,,0.0,1,0
Display Technologies,1989,2022-11-09,2022,,0,Apex Technologies USA,Apex Technologies USA,Paid,,,0.0,1,0
Display Technologies,1990,2022-11-09,2022,,1,Apex Technologies USA,Apex Technologies USA,Paid,Sales - Non Motorised Mount Solutions,Non Motorised Mount Solutions,1930.5,1,0
Display Technologies,INV-0544,2022-11-10,2022,,1,INT3 Limited,INT3 Limited,Paid,Freight Costs - Outward,Freight Costs - Outward,1000.0,0,0
Display Technologies,1991,2022-11-11,2022,,1,INT3 Limited,INT3 Limited,Paid,Sales - Bespoke Solutions,Bespoke Solutions,125.7,1,0
Display Technologies,1993,2022-11-15,2022,DT-FRNT-300,1,Apex Technologies USA,Apex Technologies USA,Paid,Sales - Non Motorised On Wall Screens,Non Motorised On Wall Screens,1201.2,1,0
Display Technologies,1993,2022-11-15,2022,,1,Apex Technologies USA,Apex Technologies USA,Paid,Sales - Image Surfaces,Image Surfaces,321.75,1,0
Display Technologies,1993,2022-11-15,2022,,0,Apex Technologies USA,Apex Technologies USA,Paid,,,0.0,1,0
Display Technologies,1994,2022-11-15,2022,,1,Apex Technologies USA,Apex Technologies USA,Paid,Sales - Motorised On Wall Screens,Motorised On Wall Screens,10596.3,1,0
Display Technologies,1994,2022-11-15,2022,,1,Apex Technologies USA,Apex Technologies USA,Paid,Sales - Other Screens,Other Screens,536.25,1,0
Display Technologies,1994,2022-11-15,2022,,1,Apex Technologies USA,Apex Technologies USA,Paid,Sales - Port Hole Glass,Port Hole Glass,1287.0,1,0
Display Technologies,1994,2022-11-15,2022,,0,Apex Technologies USA,Apex Technologies USA,Paid,,,0.0,1,0
Display Technologies,INV-0545,2022-11-15,2022,,0,Apex Technologies USA,Apex Technologies USA,Paid,,,0.0,1,0
Display Technologies,INV-0545,2022-11-15,2022,,1,Apex Technologies USA,Apex Technologies USA,Paid,Sales - Other Screens,Other Screens,300.0,1,0
Display Technologies,INV-0545,2022-11-15,2022,,1,Apex Technologies USA,Apex Technologies USA,Paid,Sales - Non Motorised On Wall Screens,Non Motorised On Wall Screens,235.95,1,0
Display Technologies,INV-0545,2022-11-15,2022,,1,Apex Technologies USA,Apex Technologies USA,Paid,Sales - Other Screens,Other Screens,75.0,1,0
Display Technologies,1995,2022-11-15,2022,DT-CNTP-390,1,Special Elektronik,Special Elektronik,Approved,Sales - Non Motorised On Wall Screens,Non Motorised On Wall Screens,1351.35,1,0
Display Technologies,1995,2022-11-15,2022,,1,Special Elektronik,Special Elektronik,Approved,Sales - Image Surfaces,Image Surfaces,364.65,1,0
Display Technologies,1995,2022-11-15,2022,,0,Special Elektronik,Special Elektronik,Approved,,,0.0,1,0
Display Technologies,INV-0546,2022-11-15,2022,,1,Apex Technologies USA,Apex Technologies USA,Paid,Sales - Other Screens,Other Screens,450.0,1,0
Display Technologies,INV-0546,2022-11-15,2022,,0,Apex Technologies USA,Apex Technologies USA,Paid,,,0.0,1,0
Display Technologies,1996,2022-11-18,2022,,1,Apex Tech Scotland Ltd,Apex Tech Scotland Ltd,Paid,Sales - Other Screens,Other Screens,292.5,1,1
Display Technologies,1996,2022-11-18,2022,,0,Apex Tech Scotland Ltd,Apex Tech Scotland Ltd,Paid,,,0.0,1,1
Display Technologies,INV-0547,2022-11-18,2022,,1,Meridian Audio Ltd,Meridian Audio Ltd,Paid,Shipping Out,Shipping Out,120.0,0,0
Display Technologies,INV-0547,2022-11-18,2022,,0,Meridian Audio Ltd,Meridian Audio Ltd,Paid,,,0.0,1,0
Display Technologies,1998,2022-11-22,2022,,1,Adeo Group S.r.l,Adeo Group S.r.l,Paid,Sales - Non Motorised Mount Solutions,Non Motorised Mount Solutions,321.75,1,0
Display Technologies,1998,2022-11-22,2022,,1,Adeo Group S.r.l,Adeo Group S.r.l,Paid,Sales - Non Motorised Mount Solutions,Non Motorised Mount Solutions,1072.5,1,0
Display Technologies,1998,2022-11-22,2022,,1,Adeo Group S.r.l,Adeo Group S.r.l,Paid,Sales - Motorised Mount Solutions,Motorised Mount Solutions,5491.2,1,0
Display Technologies,1998,2022-11-22,2022,,1,Adeo Group S.r.l,Adeo Group S.r.l,Paid,Sales - Hush Boxes,Hush Boxes,858.0,1,0
Display Technologies,1998,2022-11-22,2022,,2,Adeo Group S.r.l,Adeo Group S.r.l,Paid,Sales - Mistral,Mistral,1029.6,1,0
Display Technologies,1998,2022-11-22,2022,,1,Adeo Group S.r.l,Adeo Group S.r.l,Paid,Sales - Mistral,Mistral,429.0,1,0
Display Technologies,1998,2022-11-22,2022,,1,Adeo Group S.r.l,Adeo Group S.r.l,Paid,Sales - Hush Boxes,Hush Boxes,1930.5,1,0
Display Technologies,1998,2022-11-22,2022,,0,Adeo Group S.r.l,Adeo Group S.r.l,Paid,,,0.0,1,0
Display Technologies,2000,2022-11-25,2022,,1,Apex Tech Scotland Ltd,Apex Tech Scotland Ltd,Paid,Sales - Non Motorised Mount Solutions,Non Motorised Mount Solutions,1072.5,1,1
Display Technologies,2000,2022-11-25,2022,,0,Apex Tech Scotland Ltd,Apex Tech Scotland Ltd,Paid,,,0.0,1,1
Display Technologies,INV-0548,2022-11-28,2022,,1,Apex Tech Scotland Ltd,Apex Tech Scotland Ltd,Paid,Sales - Non Motorised On Wall Screens,Non Motorised On Wall Screens,945.75,1,1
Display Technologies,2003,2022-11-28,2022,,1,INT3 Limited,INT3 Limited,Paid,Sales - Bespoke Solutions,Bespoke Solutions,8081.0,1,0
Display Technologies,2003,2022-11-28,2022,,4,INT3 Limited,INT3 Limited,Paid,,,0.0,1,0
Display Technologies,2004,2022-11-28,2022,,6,INT3 Limited,INT3 Limited,Paid,Sales - Bespoke Solutions,Bespoke Solutions,494.7,1,0
Display Technologies,2004,2022-11-28,2022,,6,INT3 Limited,INT3 Limited,Paid,Sales - Bespoke Solutions,Bespoke Solutions,90.0,1,0
Display Technologies,2005,2022-11-28,2022,,1,INT3 Limited,INT3 Limited,Paid,Sales - Bespoke Solutions,Bespoke Solutions,15573.93,1,0
Display Technologies,2005,2022-11-28,2022,,5,INT3 Limited,INT3 Limited,Paid,,,0.0,1,0
Display Technologies,2006,2022-11-28,2022,,1,INT3 Limited,INT3 Limited,Paid,Sales - Bespoke Solutions,Bespoke Solutions,260.0,1,0
Display Technologies,2007,2022-11-28,2022,,1,INT3 Limited,INT3 Limited,Paid,Sales - Bespoke Solutions,Bespoke Solutions,255.0,1,0
Display Technologies,2008,2022-11-30,2022,DT-DYN-2S-300,1,TecTrade Brun,TecTrade Brun,Paid,Sales - Motorised On Wall Screens,Motorised On Wall Screens,4375.8,1,0
Display Technologies,2008,2022-11-30,2022,,1,TecTrade Brun,TecTrade Brun,Paid,Sales - Image Surfaces,Image Surfaces,321.75,1,0
Display Technologies,2008,2022-11-30,2022,,0,TecTrade Brun,TecTrade Brun,Paid,,,0.0,1,0
Display Technologies,2009,2022-12-02,2022,DT-FRNT-330,1,Apex Technologies USA,Apex Technologies USA,Paid,Sales - Non Motorised On Wall Screens,Non Motorised On Wall Screens,1351.35,1,0
Display Technologies,2009,2022-12-02,2022,,1,Apex Technologies USA,Apex Technologies USA,Paid,Sales - Image Surfaces,Image Surfaces,257.4,1,0
Display Technologies,2009,2022-12-02,2022,,0,Apex Technologies USA,Apex Technologies USA,Paid,,,0.0,1,0
Display Technologies,2010,2022-12-02,2022,,1,Apex Technologies USA,Apex Technologies USA,Paid,Sales - Other Screens,Other Screens,638.0,1,0
Display Technologies,2010,2022-12-02,2022,,0,Apex Technologies USA,Apex Technologies USA,Paid,,,0.0,1,0
Display Technologies,2011,2022-12-06,2022,,1,Apex Tech International Ltd,Apex Tech International Ltd,Paid,Sales - Non Motorised Mount Solutions,Non Motorised Mount Solutions,321.75,1,1
Display Technologies,2011,2022-12-06,2022,,0,Apex Tech International Ltd,Apex Tech International Ltd,Paid,,,0.0,1,1
Display Technologies,INV-0549,2022-12-08,2022,,247,INT3 Limited,INT3 Limited,Approved,"Postage, Freight & Courier","Postage, Freight & Courier",531.05,0,0
Display Technologies,INV-0549,2022-12-08,2022,,4,INT3 Limited,INT3 Limited,Approved,"Postage, Freight & Courier","Postage, Freight & Courier",21.0,0,0
Display Technologies,INV-0550,2022-12-08,2022,,1,P Farrow & Sons Ltd,P Farrow & Sons Ltd,Paid,Other Revenue,Other Revenue,425.0,0,0
Display Technologies,2013,2022-12-08,2022,DT-DYN-2S-360,1,Apex Technologies USA,Apex Technologies USA,Paid,Sales - Motorised On Wall Screens,Motorised On Wall Screens,5392.5,1,0
Display Technologies,2013,2022-12-08,2022,,1,Apex Technologies USA,Apex Technologies USA,Paid,Sales - Image Surfaces,Image Surfaces,450.45,1,0
Display Technologies,2013,2022-12-08,2022,,0,Apex Technologies USA,Apex Technologies USA,Paid,,,0.0,1,0
Display Technologies,2014,2022-12-13,2022,,1,Apex Technologies USA,Apex Technologies USA,Paid,Sales - Other Screens,Other Screens,321.75,1,0
Display Technologies,2014,2022-12-13,2022,,0,Apex Technologies USA,Apex Technologies USA,Paid,,,0.0,1,0
Display Technologies,2015,2022-12-14,2022,,1,Apex Tech Scotland Ltd,Apex Tech Scotland Ltd,Paid,Sales - Motorised On Wall Screens,Motorised On Wall Screens,3217.5,1,1
Display Technologies,2015,2022-12-14,2022,,0,Apex Tech Scotland Ltd,Apex Tech Scotland Ltd,Paid,,,0.0,1,1
Display Technologies,2015,2022-12-14,2022,,1,Apex Tech Scotland Ltd,Apex Tech Scotland Ltd,Paid,Sales - Motorised On Wall Screens,Motorised On Wall Screens,386.1,1,1
Display Technologies,2015,2022-12-14,2022,,0,Apex Tech Scotland Ltd,Apex Tech Scotland Ltd,Paid,,,0.0,1,1
Display Technologies,2016,2022-12-14,2022,DT-FRNT-390,1,AV Nirvana India,AV Nirvana India,Paid,Sales - Non Motorised On Wall Screens,Non Motorised On Wall Screens,1694.5,1,0
Display Technologies,2016,2022-12-14,2022,,1,AV Nirvana India,AV Nirvana India,Paid,Sales - Image Surfaces,Image Surfaces,514.8,1,0
Display Technologies,2016,2022-12-14,2022,,0,AV Nirvana India,AV Nirvana India,Paid,,,0.0,1,0
Display Technologies,2017,2022-12-14,2022,,1,Apex Technologies USA,Apex Technologies USA,Paid,Sales - Other Screens,Other Screens,638.0,1,0
Display Technologies,2017,2022-12-14,2022,,1,Apex Technologies USA,Apex Technologies USA,Paid,Sales - Port Hole Glass,Port Hole Glass,1287.0,1,0
Display Technologies,2017,2022-12-14,2022,,0,Apex Technologies USA,Apex Technologies USA,Paid,,,0.0,1,0
Display Technologies,2018,2022-12-14,2022,,1,Apex Technologies USA,Apex Technologies USA,Paid,Sales - Mistral,Mistral,686.4,1,0
Display Technologies,2018,2022-12-14,2022,,0,Apex Technologies USA,Apex Technologies USA,Paid,,,0.0,1,0
Display Technologies,2019,2022-12-14,2022,DT-FRNT-390,1,Apex Technologies USA,Apex Technologies USA,Paid,Sales - Non Motorised On Wall Screens,Non Motorised On Wall Screens,1694.55,1,0
Display Technologies,2019,2022-12-14,2022,,1,Apex Technologies USA,Apex Technologies USA,Paid,Sales - Image Surfaces,Image Surfaces,364.65,1,0
Display Technologies,2019,2022-12-14,2022,,0,Apex Technologies USA,Apex Technologies USA,Paid,,,0.0,1,0
Display Technologies,2020,2022-12-15,2022,,1,Apex Tech Scotland Ltd,Apex Tech Scotland Ltd,Paid,Sales - Bespoke Solutions,Bespoke Solutions,100.0,1,1
Display Technologies,2020,2022-12-15,2022,,0,Apex Tech Scotland Ltd,Apex Tech Scotland Ltd,Paid,,,0.0,1,1
Display Technologies,2021,2022-12-15,2022,,1,Apex Technologies USA,Apex Technologies USA,Paid,Sales - Non Motorised On Wall Screens,Non Motorised On Wall Screens,1093.95,1,0
Display Technologies,2021,2022-12-15,2022,,1,Apex Technologies USA,Apex Technologies USA,Paid,Sales - Image Surfaces,Image Surfaces,386.1,1,0
Display Technologies,2021,2022-12-15,2022,,1,Apex Technologies USA,Apex Technologies USA,Paid,Sales - Port Hole Glass,Port Hole Glass,1072.5,1,0
Display Technologies,2021,2022-12-15,2022,,0,Apex Technologies USA,Apex Technologies USA,Paid,,,0.0,1,0
Display Technologies,2022,2022-12-19,2022,,1,Apex Technologies USA,Apex Technologies USA,Paid,Sales - Non Motorised Mount Solutions,Non Motorised Mount Solutions,600.6,1,0
Display Technologies,2022,2022-12-19,2022,,1,Apex Technologies USA,Apex Technologies USA,Paid,Sales - Other Screens,Other Screens,638.0,1,0
Display Technologies,2022,2022-12-19,2022,,0,Apex Technologies USA,Apex Technologies USA,Paid,,,0.0,1,0
Display Technologies,2022,2022-12-19,2022,,0,Apex Technologies USA,Apex Technologies USA,Paid,,,0.0,1,0
Display Technologies,2023,2022-12-20,2022,DT-PHG-2,1,PM-ICT Solutions Ltd,PM-ICT Solutions Ltd,Approved,Sales - Port Hole Glass,Port Hole Glass,1287.0,1,0
Display Technologies,2023,2022-12-20,2022,,0,PM-ICT Solutions Ltd,PM-ICT Solutions Ltd,Approved,,,0.0,1,0
Display Technologies,CN-0551,2022-12-22,2022,,-1,Apex Tech Scotland Ltd,Apex Tech Scotland Ltd,Paid,Sales - Motorised On Wall Screens,Motorised On Wall Screens,-1905.15,1,1
Display Technologies,INV-0552,2022-12-23,2022,,1,PM-ICT Solutions Ltd,PM-ICT Solutions Ltd,Paid,Sales - Motorised On Wall Screens,Motorised On Wall Screens,6821.1,1,0
Display Technologies,INV-0552,2022-12-23,2022,,1,PM-ICT Solutions Ltd,PM-ICT Solutions Ltd,Paid,Sales - Image Surfaces,Image Surfaces,407.55,1,0
Display Technologies,INV-0553,2022-12-23,2022,,1,Apex Tech Scotland Ltd,Apex Tech Scotland Ltd,Paid,Sales - Motorised On Wall Screens,Motorised On Wall Screens,25311.0,1,1
Display Technologies,INV-0553,2022-12-23,2022,,1,Apex Tech Scotland Ltd,Apex Tech Scotland Ltd,Paid,Sales - Image Surfaces,Image Surfaces,1158.3,1,1
Display Technologies,2028,2022-12-23,2022,,1,Apex Tech International Ltd,Apex Tech International Ltd,Approved,Sales - Motorised On Wall Screens,Motorised On Wall Screens,13170.3,1,1
Display Technologies,2028,2022-12-23,2022,,1,Apex Tech International Ltd,Apex Tech International Ltd,Approved,Sales - Image Surfaces,Image Surfaces,664.95,1,1
Display Technologies,INV-0555,2022-12-23,2022,,1,INT3 Limited,INT3 Limited,Paid,Other Revenue,Other Revenue,2622.96,0,0
Display Technologies,2030,2022-12-30,2022,,1,Apex Technologies USA,Apex Technologies USA,Approved,Sales - Non Motorised On Wall Screens,Non Motorised On Wall Screens,2145.0,1,0
Display Technologies,2030,2022-12-30,2022,,1,Apex Technologies USA,Apex Technologies USA,Approved,Sales - Image Surfaces,Image Surfaces,471.9,1,0
Display Technologies,2029,2022-12-30,2022,,1,GR Media Solutions,GR Media Solutions,Paid,Sales - Motorised On Wall Screens,Motorised On Wall Screens,8736.0,1,0
Display Technologies,2029,2022-12-30,2022,,1,GR Media Solutions,GR Media Solutions,Paid,Sales - Image Surfaces,Image Surfaces,546.0,1,0
Display Technologies,INV-0567,2022-12-31,2022,,1,Apex Tech Scotland Ltd,Apex Tech Scotland Ltd,Paid,Wages Payable - Payroll,Wages Payable - Payroll,0.0,0,1
Display Technologies,INV-0559,2023-01-01,2023,,1,INT3 Limited,INT3 Limited,Paid,Other Revenue,Other Revenue,874.32,0,0
Display Technologies,2031,2023-01-05,2023,DT-DYN-2TB-390,1,Meridian Audio Ltd,Meridian Audio Ltd,Paid,Sales - Motorised On Wall Screens,Motorised On Wall Screens,6134.7,1,0
Display Technologies,2031,2023-01-05,2023,,1,Meridian Audio Ltd,Meridian Audio Ltd,Paid,Sales - Image Surfaces,Image Surfaces,514.8,1,0
Display Technologies,2031,2023-01-05,2023,,0,Meridian Audio Ltd,Meridian Audio Ltd,Paid,,,0.0,1,0
Display Technologies,2032,2023-01-09,2023,,1,Apex Technologies USA,Apex Technologies USA,Paid,Sales - Motorised On Wall Screens,Motorised On Wall Screens,10038.6,1,0
Display Technologies,2032,2023-01-09,2023,,1,Apex Technologies USA,Apex Technologies USA,Paid,Sales - Image Surfaces,Image Surfaces,664.95,1,0
Display Technologies,2032,2023-01-09,2023,,0,Apex Technologies USA,Apex Technologies USA,Paid,,,0.0,1,0
Display Technologies,2033,2023-01-10,2023,,1,Apex Technologies USA,Apex Technologies USA,Paid,Sales - Others,Others,100.0,1,0
Display Technologies,2033,2023-01-10,2023,,0,Apex Technologies USA,Apex Technologies USA,Paid,,,0.0,1,0
Display Technologies,2034,2023-01-10,2023,DT-MMD,1,Apex Tech Scotland Ltd,Apex Tech Scotland Ltd,Paid,Sales - Motorised Mount Solutions,Motorised Mount Solutions,3217.5,1,1
Display Technologies,2034,2023-01-10,2023,,0,Apex Tech Scotland Ltd,Apex Tech Scotland Ltd,Paid,,,0.0,1,1
Display Technologies,2035,2023-01-10,2023,DT-FRNT-240,1,Apex Tech Scotland Ltd,Apex Tech Scotland Ltd,Paid,Sales - Non Motorised On Wall Screens,Non Motorised On Wall Screens,943.8,1,1
Display Technologies,2035,2023-01-10,2023,,1,Apex Tech Scotland Ltd,Apex Tech Scotland Ltd,Paid,Sales - Image Surfaces,Image Surfaces,214.5,1,1
Display Technologies,2035,2023-01-10,2023,,0,Apex Tech Scotland Ltd,Apex Tech Scotland Ltd,Paid,,,0.0,1,1
Display Technologies,2037,2023-01-13,2023,DT-FRNT-330,1,Apex Technologies USA,Apex Technologies USA,Paid,Sales - Non Motorised On Wall Screens,Non Motorised On Wall Screens,1351.35,1,0
Display Technologies,2037,2023-01-13,2023,,1,Apex Technologies USA,Apex Technologies USA,Paid,Sales - Image Surfaces,Image Surfaces,257.4,1,0
Display Technologies,2037,2023-01-13,2023,,0,Apex Technologies USA,Apex Technologies USA,Paid,,,0.0,1,0
Display Technologies,2038,2023-01-17,2023,DT-CNTP-330,1,Apex Tech Scotland Ltd,Apex Tech Scotland Ltd,Paid,Sales - Non Motorised On Wall Screens,Non Motorised On Wall Screens,1093.95,1,1
Display Technologies,2038,2023-01-17,2023,,1,Apex Tech Scotland Ltd,Apex Tech Scotland Ltd,Paid,Sales - Motorised On Wall Screens,Motorised On Wall Screens,386.1,1,1
Display Technologies,2038,2023-01-17,2023,,1,Apex Tech Scotland Ltd,Apex Tech Scotland Ltd,Paid,Sales - Mistral,Mistral,514.8,1,1
Display Technologies,2038,2023-01-17,2023,,0,Apex Tech Scotland Ltd,Apex Tech Scotland Ltd,Paid,,,0.0,1,1
Display Technologies,2039,2023-01-17,2023,DT-FRNT-330,1,Apex Technologies USA,Apex Technologies USA,Paid,Sales - Non Motorised On Wall Screens,Non Motorised On Wall Screens,1351.35,1,0
Display Technologies,2039,2023-01-17,2023,,1,Apex Technologies USA,Apex Technologies USA,Paid,Sales - Image Surfaces,Image Surfaces,386.1,1,0
Display Technologies,2039,2023-01-17,2023,,0,Apex Technologies USA,Apex Technologies USA,Paid,,,0.0,1,0
Display Technologies,2040,2023-01-19,2023,DT-PHG-1,1,Apex Tech International Ltd,Apex Tech International Ltd,Paid,Sales - Port Hole Glass,Port Hole Glass,1072.5,1,1
Display Technologies,2040,2023-01-19,2023,,0,Apex Tech International Ltd,Apex Tech International Ltd,Paid,,,0.0,1,1
Display Technologies,2041,2023-01-25,2023,DT-FRNT-450,1,GR Media Solutions,GR Media Solutions,Paid,Sales - Non Motorised On Wall Screens,Non Motorised On Wall Screens,2145.0,1,0
Display Technologies,2041,2023-01-25,2023,,1,GR Media Solutions,GR Media Solutions,Paid,Sales - Image Surfaces,Image Surfaces,471.9,1,0
Display Technologies,2041,2023-01-25,2023,,0,GR Media Solutions,GR Media Solutions,Paid,,,0.0,1,0
Display Technologies,2042,2023-01-29,2023,,1,Zene Private Theater,Zene Private Theater,Paid,Sales - Image Surfaces,Image Surfaces,750.75,1,0
Display Technologies,2042,2023-01-29,2023,,0,Zene Private Theater,Zene Private Theater,Paid,,,0.0,1,0
Display Technologies,INV-0568,2023-01-31,2023,,1,Apex Tech Scotland Ltd,Apex Tech Scotland Ltd,Paid,Wages Payable - Payroll,Wages Payable - Payroll,0.0,0,1
Display Technologies,2043,2023-02-02,2023,DT-FRNT-450,1,Apex Technologies USA,Apex Technologies USA,Paid,Sales - Non Motorised On Wall Screens,Non Motorised On Wall Screens,2145.0,1,0
Display Technologies,2043,2023-02-02,2023,,1,Apex Technologies USA,Apex Technologies USA,Paid,Sales - Image Surfaces,Image Surfaces,471.9,1,0
Display Technologies,2043,2023-02-02,2023,,0,Apex Technologies USA,Apex Technologies USA,Paid,,,0.0,1,0
Display Technologies,2044,2023-02-06,2023,,1,INT3 Limited,INT3 Limited,Paid,Sales - Bespoke Solutions,Bespoke Solutions,2119.49,1,0
Display Technologies,2044,2023-02-06,2023,,0,INT3 Limited,INT3 Limited,Paid,,,0.0,1,0
Display Technologies,2045,2023-02-07,2023,DT-FRNT-300,1,Sphere Custom Design,Sphere Custom Design,Paid,Sales - Non Motorised On Wall Screens,Non Motorised On Wall Screens,1201.2,1,0
Display Technologies,2045,2023-02-07,2023,,1,Sphere Custom Design,Sphere Custom Design,Paid,Sales - Image Surfaces,Image Surfaces,214.5,1,0
Display Technologies,2045,2023-02-07,2023,,1,Sphere Custom Design,Sphere Custom Design,Paid,Sales - Port Hole Glass,Port Hole Glass,546.0,1,0
Display Technologies,2045,2023-02-07,2023,,0,Sphere Custom Design,Sphere Custom Design,Paid,,,0.0,1,0
Display Technologies,2046,2023-02-07,2023,DT-FRNT-360,1,Apex Technologies USA,Apex Technologies USA,Paid,Sales - Non Motorised On Wall Screens,Non Motorised On Wall Screens,1501.51,1,0
Display Technologies,2046,2023-02-07,2023,,1,Apex Technologies USA,Apex Technologies USA,Paid,Sales - Image Surfaces,Image Surfaces,321.75,1,0
Display Technologies,2046,2023-02-07,2023,,1,Apex Technologies USA,Apex Technologies USA,Paid,Sales - Mechanics,Mechanics,600.6,1,0
Display Technologies,2046,2023-02-07,2023,,0,Apex Technologies USA,Apex Technologies USA,Paid,,,0.0,1,0
Display Technologies,2047,2023-02-07,2023,,1,Apex Technologies USA,Apex Technologies USA,Paid,Sales - Others,Others,50.0,1,0
Display Technologies,2047,2023-02-07,2023,,0,Apex Technologies USA,Apex Technologies USA,Paid,,,0.0,1,0
Display Technologies,2048,2023-02-07,2023,DT-FRNT-390,1,Apex Technologies USA,Apex Technologies USA,Paid,Sales - Non Motorised On Wall Screens,Non Motorised On Wall Screens,1694.55,1,0
Display Technologies,2048,2023-02-07,2023,,1,Apex Technologies USA,Apex Technologies USA,Paid,Sales - Image Surfaces,Image Surfaces,364.65,1,0
Display Technologies,2048,2023-02-07,2023,,0,Apex Technologies USA,Apex Technologies USA,Paid,,,0.0,1,0
Display Technologies,2049,2023-02-07,2023,DT-DYN-4-360,1,Apex Technologies USA,Apex Technologies USA,Paid,Sales - Motorised On Wall Screens,Motorised On Wall Screens,7571.85,1,0
Display Technologies,2049,2023-02-07,2023,,1,Apex Technologies USA,Apex Technologies USA,Paid,Sales - Image Surfaces,Image Surfaces,450.45,1,0
Display Technologies,2049,2023-02-07,2023,,0,Apex Technologies USA,Apex Technologies USA,Paid,,,0.0,1,0
Display Technologies,2051,2023-02-12,2023,,5,Zene Private Theater,Zene Private Theater,Paid,Sales - Image Surfaces,Image Surfaces,1823.25,1,0
Display Technologies,2051,2023-02-12,2023,,5,Zene Private Theater,Zene Private Theater,Paid,Sales - Image Surfaces,Image Surfaces,2359.5,1,0
Display Technologies,2051,2023-02-12,2023,,5,Zene Private Theater,Zene Private Theater,Paid,Sales - Image Surfaces,Image Surfaces,3003.0,1,0
Display Technologies,2051,2023-02-12,2023,,0,Zene Private Theater,Zene Private Theater,Paid,,,0.0,1,0
Display Technologies,2054,2023-02-13,2023,DT-MMD,1,Apex Technologies USA,Apex Technologies USA,Paid,Sales - Motorised Mount Solutions,Motorised Mount Solutions,3217.5,1,0
Display Technologies,2054,2023-02-13,2023,,0,Apex Technologies USA,Apex Technologies USA,Paid,,,0.0,1,0
Display Technologies,2055,2023-02-13,2023,DT-DYN-2TB-420,1,Apex Technologies USA,Apex Technologies USA,Paid,Sales - Motorised On Wall Screens,Motorised On Wall Screens,6821.1,1,0
Display Technologies,2055,2023-02-13,2023,,1,Apex Technologies USA,Apex Technologies USA,Paid,Sales - Image Surfaces,Image Surfaces,407.55,1,0
Display Technologies,2055,2023-02-13,2023,,0,Apex Technologies USA,Apex Technologies USA,Paid,,,0.0,1,0
Display Technologies,2056,2023-02-13,2023,,1,Apex Tech Scotland Ltd,Apex Tech Scotland Ltd,Paid,Sales - Other Screens,Other Screens,321.75,1,1
Display Technologies,2056,2023-02-13,2023,,0,Apex Tech Scotland Ltd,Apex Tech Scotland Ltd,Paid,,,0.0,1,1
Display Technologies,2057,2023-02-13,2023,DT-DYN-2S-450,1,Apex Tech Scotland Ltd,Apex Tech Scotland Ltd,Paid,Sales - Motorised On Wall Screens,Motorised On Wall Screens,6563.7,1,1
Display Technologies,2057,2023-02-13,2023,,1,Apex Tech Scotland Ltd,Apex Tech Scotland Ltd,Paid,Sales - Image Surfaces,Image Surfaces,407.55,1,1
Display Technologies,2057,2023-02-13,2023,,0,Apex Tech Scotland Ltd,Apex Tech Scotland Ltd,Paid,,,0.0,1,1
Display Technologies,2058,2023-02-14,2023,DT-FRNT-300,1,Prestige Distribution France,Prestige Distribution France,Paid,Sales - Non Motorised On Wall Screens,Non Motorised On Wall Screens,1201.2,1,0
Display Technologies,2058,2023-02-14,2023,,1,Prestige Distribution France,Prestige Distribution France,Paid,Sales - Image Surfaces,Image Surfaces,321.75,1,0
Display Technologies,2058,2023-02-14,2023,,0,Prestige Distribution France,Prestige Distribution France,Paid,,,0.0,1,0
Display Technologies,2059,2023-02-14,2023,DT-DYN-2TB-330,1,TecTrade Brun,TecTrade Brun,Paid,Sales - Motorised On Wall Screens,Motorised On Wall Screens,4976.4,1,0
Display Technologies,2059,2023-02-14,2023,,1,TecTrade Brun,TecTrade Brun,Paid,Sales - Image Surfaces,Image Surfaces,257.4,1,0
Display Technologies,2059,2023-02-14,2023,,0,TecTrade Brun,TecTrade Brun,Paid,,,0.0,1,0
Display Technologies,2060,2023-02-14,2023,,1,Apex Technologies USA,Apex Technologies USA,Paid,Sales - Image Surfaces,Image Surfaces,450.45,1,0
Display Technologies,2060,2023-02-14,2023,,0,Apex Technologies USA,Apex Technologies USA,Paid,,,0.0,1,0
Display Technologies,2061,2023-02-15,2023,,1,Apex Technologies USA,Apex Technologies USA,Paid,Sales - Non Motorised Mount Solutions,Non Motorised Mount Solutions,1930.5,1,0
Display Technologies,2061,2023-02-15,2023,,0,Apex Technologies USA,Apex Technologies USA,Paid,,,0.0,1,0
Display Technologies,2061,2023-02-15,2023,,0,Apex Technologies USA,Apex Technologies USA,Paid,,,0.0,1,0
Display Technologies,INV-0560,2023-02-17,2023,,1,P Farrow & Sons Ltd,P Farrow & Sons Ltd,Paid,Other Revenue,Other Revenue,466.0,0,0
Display Technologies,INV-0560,2023-02-17,2023,,1,P Farrow & Sons Ltd,P Farrow & Sons Ltd,Paid,Other Revenue,Other Revenue,61.0,0,0
Display Technologies,INV-0560,2023-02-17,2023,,1,P Farrow & Sons Ltd,P Farrow & Sons Ltd,Paid,Other Revenue,Other Revenue,26.24,0,0
Display Technologies,INV-0560,2023-02-17,2023,,0,P Farrow & Sons Ltd,P Farrow & Sons Ltd,Paid,,,0.0,1,0
Display Technologies,INV-0561,2023-02-18,2023,,1,INT3 Limited,INT3 Limited,Paid,Sales - Bespoke Solutions,Bespoke Solutions,1650.0,1,0
Display Technologies,2062,2023-02-20,2023,DT-FRNT-240,1,Special Elektronik,Special Elektronik,Paid,Sales - Non Motorised On Wall Screens,Non Motorised On Wall Screens,943.8,1,0
Display Technologies,2062,2023-02-20,2023,,1,Special Elektronik,Special Elektronik,Paid,Sales - Image Surfaces,Image Surfaces,214.5,1,0
Display Technologies,2062,2023-02-20,2023,,0,Special Elektronik,Special Elektronik,Paid,,,0.0,1,0
Display Technologies,2063,2023-02-20,2023,DT-FRNT-300,1,Apex Technologies USA,Apex Technologies USA,Paid,Sales - Non Motorised On Wall Screens,Non Motorised On Wall Screens,1201.2,1,0
Display Technologies,2063,2023-02-20,2023,,1,Apex Technologies USA,Apex Technologies USA,Paid,Sales - Image Surfaces,Image Surfaces,321.75,1,0
Display Technologies,2063,2023-02-20,2023,,0,Apex Technologies USA,Apex Technologies USA,Paid,,,0.0,1,0
Display Technologies,2064,2023-02-20,2023,,1,Apex Technologies USA,Apex Technologies USA,Paid,Sales - Image Surfaces,Image Surfaces,471.9,1,0
Display Technologies,2064,2023-02-20,2023,,0,Apex Technologies USA,Apex Technologies USA,Paid,,,0.0,1,0
Display Technologies,2065,2023-02-22,2023,,1,PM-ICT Solutions Ltd,PM-ICT Solutions Ltd,Approved,Sales - Motorised On Wall Screens,Motorised On Wall Screens,9126.0,1,0
Display Technologies,2065,2023-02-22,2023,,1,PM-ICT Solutions Ltd,PM-ICT Solutions Ltd,Approved,Sales - Image Surfaces,Image Surfaces,604.5,1,0
Display Technologies,2065,2023-02-22,2023,,0,PM-ICT Solutions Ltd,PM-ICT Solutions Ltd,Approved,,,0.0,1,0
Display Technologies,2066,2023-02-28,2023,,1,Apex Technologies USA,Apex Technologies USA,Paid,Sales - Others,Others,300.0,1,0
Display Technologies,2067,2023-02-28,2023,,1,Deco 2000 Co. Ltd.,Deco 2000 Co. Ltd.,Paid,Sales - Motorised On Wall Screens,Motorised On Wall Screens,16087.5,1,0
Display Technologies,2067,2023-02-28,2023,,1,Deco 2000 Co. Ltd.,Deco 2000 Co. Ltd.,Paid,Sales - Image Surfaces,Image Surfaces,986.7,1,0
Display Technologies,2067,2023-02-28,2023,,0,Deco 2000 Co. Ltd.,Deco 2000 Co. Ltd.,Paid,,,0.0,1,0
Display Technologies,2068,2023-02-28,2023,DT-PHG-2,2,GR Media Solutions,GR Media Solutions,Paid,Sales - Port Hole Glass,Port Hole Glass,2574.0,1,0
Display Technologies,2068,2023-02-28,2023,,2,GR Media Solutions,GR Media Solutions,Paid,Sales - Non Motorised Mount Solutions,Non Motorised Mount Solutions,7293.0,1,0
Display Technologies,2068,2023-02-28,2023,,0,GR Media Solutions,GR Media Solutions,Paid,,,0.0,1,0
Display Technologies,INV-0569,2023-02-28,2023,,1,Apex Tech Scotland Ltd,Apex Tech Scotland Ltd,Paid,Wages Payable - Payroll,Wages Payable - Payroll,0.0,0,1
Display Technologies,INV-0562,2023-03-01,2023,,1,INT3 Limited,INT3 Limited,Paid,Sales - Others,Others,874.32,1,0
Display Technologies,2069,2023-03-01,2023,DT-PHG-1,1,Apex Tech Scotland Ltd,Apex Tech Scotland Ltd,Paid,Sales - Port Hole Glass,Port Hole Glass,1072.5,1,1
Display Technologies,2069,2023-03-01,2023,,1,Apex Tech Scotland Ltd,Apex Tech Scotland Ltd,Paid,Sales - Others,Others,150.0,1,1
Display Technologies,2070,2023-03-01,2023,DT-CNTP-390,1,Apex Technologies USA,Apex Technologies USA,Paid,Sales - Non Motorised On Wall Screens,Non Motorised On Wall Screens,1351.35,1,0
Display Technologies,2070,2023-03-01,2023,,1,Apex Technologies USA,Apex Technologies USA,Paid,Sales - Image Surfaces,Image Surfaces,364.65,1,0
Display Technologies,2070,2023-03-01,2023,,0,Apex Technologies USA,Apex Technologies USA,Paid,,,0.0,1,0
Display Technologies,2071,2023-03-01,2023,DT-FRNT-420,1,Apex Technologies USA,Apex Technologies USA,Paid,Sales - Non Motorised On Wall Screens,Non Motorised On Wall Screens,1909.05,1,0
Display Technologies,2071,2023-03-01,2023,,1,Apex Technologies USA,Apex Technologies USA,Paid,Sales - Image Surfaces,Image Surfaces,407.55,1,0
Display Technologies,2071,2023-03-01,2023,,0,Apex Technologies USA,Apex Technologies USA,Paid,,,0.0,1,0
Display Technologies,2072,2023-03-01,2023,,1,Apex Tech Scotland Ltd,Apex Tech Scotland Ltd,Paid,Sales - Other Screens,Other Screens,321.75,1,1
Display Technologies,2072,2023-03-01,2023,,0,Apex Tech Scotland Ltd,Apex Tech Scotland Ltd,Paid,,,0.0,1,1
Display Technologies,CN-0563,2023-03-08,2023,,-1,PM-ICT Solutions Ltd,PM-ICT Solutions Ltd,Paid,Sales - Motorised On Wall Screens,Motorised On Wall Screens,-10744.5,1,0
Display Technologies,CN-0563,2023-03-08,2023,,-1,PM-ICT Solutions Ltd,PM-ICT Solutions Ltd,Paid,Sales - Image Surfaces,Image Surfaces,-546.0,1,0
Display Technologies,CN-0563,2023-03-08,2023,,0,PM-ICT Solutions Ltd,PM-ICT Solutions Ltd,Paid,,,0.0,1,0
Display Technologies,2073,2023-03-08,2023,,1,Apex Technologies USA,Apex Technologies USA,Paid,Sales - Hush Boxes,Hush Boxes,2788.5,1,0
Display Technologies,2073,2023-03-08,2023,,0,Apex Technologies USA,Apex Technologies USA,Paid,,,0.0,1,0
Display Technologies,2073,2023-03-08,2023,,0,Apex Technologies USA,Apex Technologies USA,Paid,,,0.0,1,0
Display Technologies,INV-0564,2023-03-09,2023,,1,Meridian Audio Ltd,Meridian Audio Ltd,Paid,Shipping Out,Shipping Out,420.0,0,0
Display Technologies,2074,2023-03-09,2023,DT-PHG-1,1,Apex Tech Scotland Ltd,Apex Tech Scotland Ltd,Paid,Sales - Port Hole Glass,Port Hole Glass,1072.0,1,1
Display Technologies,2074,2023-03-09,2023,,0,Apex Tech Scotland Ltd,Apex Tech Scotland Ltd,Paid,,,0.0,1,1
Display Technologies,2075,2023-03-13,2023,,1,Apex Tech Scotland Ltd,Apex Tech Scotland Ltd,Paid,Sales - Port Hole Glass,Port Hole Glass,600.6,1,1
Display Technologies,2075,2023-03-13,2023,,1,Apex Tech Scotland Ltd,Apex Tech Scotland Ltd,Paid,Sales - Others,Others,150.0,1,1
Display Technologies,2075,2023-03-13,2023,,0,Apex Tech Scotland Ltd,Apex Tech Scotland Ltd,Paid,,,0.0,1,1
Display Technologies,2076,2023-03-13,2023,DT-MMD,2,Barco Fredrikstad AS,Barco Fredrikstad AS,Paid,Sales - Motorised Mount Solutions,Motorised Mount Solutions,6435.0,1,0
Display Technologies,2076,2023-03-13,2023,,0,Barco Fredrikstad AS,Barco Fredrikstad AS,Paid,,,0.0,1,0
Display Technologies,CN-0565,2023-03-13,2023,DT-PHG-2,-2,GR Media Solutions,GR Media Solutions,Paid,Sales - Port Hole Glass,Port Hole Glass,-2574.0,1,0
Display Technologies,CN-0565,2023-03-13,2023,,0,GR Media Solutions,GR Media Solutions,Paid,,,0.0,1,0
Display Technologies,2077,2023-03-13,2023,,1,Apex Technologies USA,Apex Technologies USA,Paid,Sales - Other Screens,Other Screens,638.0,1,0
Display Technologies,2077,2023-03-13,2023,DT-PHG-1,1,Apex Technologies USA,Apex Technologies USA,Paid,Sales - Port Hole Glass,Port Hole Glass,1072.5,1,0
Display Technologies,2077,2023-03-13,2023,,0,Apex Technologies USA,Apex Technologies USA,Paid,,,0.0,1,0
Display Technologies,2078,2023-03-13,2023,DT-FRNT-450,1,Apex Technologies USA,Apex Technologies USA,Paid,Sales - Non Motorised On Wall Screens,Non Motorised On Wall Screens,2145.0,1,0
Display Technologies,2078,2023-03-13,2023,,1,Apex Technologies USA,Apex Technologies USA,Paid,Sales - Image Surfaces,Image Surfaces,471.9,1,0
Display Technologies,2078,2023-03-13,2023,,0,Apex Technologies USA,Apex Technologies USA,Paid,,,0.0,1,0
Display Technologies,2079,2023-03-14,2023,,1,Meridian Audio Ltd,Meridian Audio Ltd,Paid,Sales - Non Motorised Mount Solutions,Non Motorised Mount Solutions,1072.5,1,0
Display Technologies,2079,2023-03-14,2023,,0,Meridian Audio Ltd,Meridian Audio Ltd,Paid,,,0.0,1,0
Display Technologies,2080,2023-03-15,2023,DT-CNTP-300,1,Apex Technologies USA,Apex Technologies USA,Paid,Sales - Non Motorised On Wall Screens,Non Motorised On Wall Screens,965.25,1,0
Display Technologies,2080,2023-03-15,2023,,1,Apex Technologies USA,Apex Technologies USA,Paid,Sales - Image Surfaces,Image Surfaces,321.75,1,0
Display Technologies,2080,2023-03-15,2023,,0,Apex Technologies USA,Apex Technologies USA,Paid,,,0.0,1,0
Display Technologies,2081,2023-03-15,2023,DT-CNTP-390,1,Apex Technologies USA,Apex Technologies USA,Paid,Sales - Non Motorised On Wall Screens,Non Motorised On Wall Screens,1351.35,1,0
Display Technologies,2081,2023-03-15,2023,,1,Apex Technologies USA,Apex Technologies USA,Paid,Sales - Image Surfaces,Image Surfaces,514.8,1,0
Display Technologies,2081,2023-03-15,2023,,0,Apex Technologies USA,Apex Technologies USA,Paid,,,0.0,1,0
Display Technologies,2082,2023-03-17,2023,DT-PHG-1,1,National AV Solutions Pty Ltd,National AV Solutions Pty Ltd,Paid,Sales - Port Hole Glass,Port Hole Glass,1072.5,1,0
Display Technologies,2082,2023-03-17,2023,DT-PHG-2,1,National AV Solutions Pty Ltd,National AV Solutions Pty Ltd,Paid,Sales - Port Hole Glass,Port Hole Glass,1287.0,1,0
Display Technologies,2082,2023-03-17,2023,,0,National AV Solutions Pty Ltd,National AV Solutions Pty Ltd,Paid,,,0.0,1,0
Display Technologies,2084,2023-03-20,2023,,1,Apex Tech International Ltd,Apex Tech International Ltd,Approved,Sales - Image Surfaces,Image Surfaces,407.55,1,1
Display Technologies,2084,2023-03-20,2023,,0,Apex Tech International Ltd,Apex Tech International Ltd,Approved,,,0.0,1,1
Display Technologies,2083,2023-03-20,2023,,2,GR Media Solutions,GR Media Solutions,Paid,Sales - Port Hole Glass,Port Hole Glass,9625.0,1,0
Display Technologies,2083,2023-03-20,2023,,0,GR Media Solutions,GR Media Solutions,Paid,,,0.0,1,0
Display Technologies,2083,2023-03-20,2023,,0,GR Media Solutions,GR Media Solutions,Paid,,,0.0,1,0
Display Technologies,2085,2023-03-21,2023,,1,Apex Tech Scotland Ltd,Apex Tech Scotland Ltd,Paid,Sales - Port Hole Glass,Port Hole Glass,544.5,1,1
Display Technologies,2085,2023-03-21,2023,,0,Apex Tech Scotland Ltd,Apex Tech Scotland Ltd,Paid,,,0.0,1,1
Display Technologies,47431,2023-03-22,2023,,1,P Farrow & Sons Ltd,P Farrow & Sons Ltd,Paid,Other Revenue,Other Revenue,340.0,0,0
Display Technologies,2086,2023-03-23,2023,DT-PHG-2,1,Adeo Group S.r.l,Adeo Group S.r.l,Paid,Sales - Port Hole Glass,Port Hole Glass,1287.0,1,0
Display Technologies,2086,2023-03-23,2023,,0,Adeo Group S.r.l,Adeo Group S.r.l,Paid,,,0.0,1,0
Display Technologies,2087,2023-03-23,2023,DT-DYN-2S-390,1,PM-ICT Solutions Ltd,PM-ICT Solutions Ltd,Paid,Sales - Motorised On Wall Screens,Motorised On Wall Screens,5941.65,1,0
Display Technologies,2087,2023-03-23,2023,,1,PM-ICT Solutions Ltd,PM-ICT Solutions Ltd,Paid,Sales - Image Surfaces,Image Surfaces,214.5,1,0
Display Technologies,2087,2023-03-23,2023,,1,PM-ICT Solutions Ltd,PM-ICT Solutions Ltd,Paid,Sales - Non Motorised Mount Solutions,Non Motorised Mount Solutions,1072.5,1,0
Display Technologies,2087,2023-03-23,2023,,0,PM-ICT Solutions Ltd,PM-ICT Solutions Ltd,Paid,,,0.0,1,0
Display Technologies,2088,2023-03-24,2023,,1,Apex Technologies USA,Apex Technologies USA,Paid,Sales - Non Motorised Mount Solutions,Non Motorised Mount Solutions,1072.5,1,0
Display Technologies,2088,2023-03-24,2023,,0,Apex Technologies USA,Apex Technologies USA,Paid,,,0.0,1,0
Display Technologies,2089,2023-03-27,2023,DT-FRNT-300,1,Prestige Distribution France,Prestige Distribution France,Paid,Sales - Non Motorised On Wall Screens,Non Motorised On Wall Screens,1201.2,1,0
Display Technologies,2089,2023-03-27,2023,,1,Prestige Distribution France,Prestige Distribution France,Paid,Sales - Image Surfaces,Image Surfaces,312.75,1,0
Display Technologies,2089,2023-03-27,2023,,0,Prestige Distribution France,Prestige Distribution France,Paid,,,0.0,1,0
Display Technologies,2090,2023-03-27,2023,DT-PHG-2,1,Apex Tech Scotland Ltd,Apex Tech Scotland Ltd,Paid,Sales - Non Motorised Mount Solutions,Non Motorised Mount Solutions,1287.0,1,1
Display Technologies,2090,2023-03-27,2023,,0,Apex Tech Scotland Ltd,Apex Tech Scotland Ltd,Paid,,,0.0,1,1
Display Technologies,2091,2023-03-28,2023,,1,Apex Technologies USA,Apex Technologies USA,Paid,Sales - Motorised Mount Solutions,Motorised Mount Solutions,5491.2,1,0
Display Technologies,2091,2023-03-28,2023,,2,Apex Technologies USA,Apex Technologies USA,Paid,Sales - Mistral,Mistral,1372.8,1,0
Display Technologies,2091,2023-03-28,2023,,0,Apex Technologies USA,Apex Technologies USA,Paid,,,0.0,1,0
Display Technologies,2092,2023-03-28,2023,DT-FRNT-270,1,Apex Technologies USA,Apex Technologies USA,Paid,Sales - Non Motorised On Wall Screens,Non Motorised On Wall Screens,1072.5,1,0
Display Technologies,2092,2023-03-28,2023,,1,Apex Technologies USA,Apex Technologies USA,Paid,Sales - Image Surfaces,Image Surfaces,257.4,1,0
Display Technologies,2092,2023-03-28,2023,,0,Apex Technologies USA,Apex Technologies USA,Paid,,,0.0,1,0
Display Technologies,2093,2023-03-30,2023,,1,Apex Technologies USA,Apex Technologies USA,Paid,Sales - Other Screens,Other Screens,321.75,1,0
Display Technologies,2093,2023-03-30,2023,,0,Apex Technologies USA,Apex Technologies USA,Paid,,,0.0,1,0
Display Technologies,2094,2023-03-31,2023,DT-FRNT-300,1,Deco 2000 Co. Ltd.,Deco 2000 Co. Ltd.,Paid,Sales - Non Motorised On Wall Screens,Non Motorised On Wall Screens,1201.2,1,0
Display Technologies,2094,2023-03-31,2023,,1,Deco 2000 Co. Ltd.,Deco 2000 Co. Ltd.,Paid,Sales - Image Surfaces,Image Surfaces,321.75,1,0
Display Technologies,2094,2023-03-31,2023,,0,Deco 2000 Co. Ltd.,Deco 2000 Co. Ltd.,Paid,,,0.0,1,0
Display Technologies,INV-0570,2023-04-01,2023,,1,INT3 Limited,INT3 Limited,Paid,Sales - Others,Others,874.32,1,0
Display Technologies,2095,2023-04-05,2023,,2,PM-ICT Solutions Ltd,PM-ICT Solutions Ltd,Paid,Sales - Port Hole Glass,Port Hole Glass,1064.8,1,0
Display Technologies,2095,2023-04-05,2023,,0,PM-ICT Solutions Ltd,PM-ICT Solutions Ltd,Paid,,,0.0,1,0
Display Technologies,2096,2023-04-07,2023,,1,Apex Technologies USA,Apex Technologies USA,Paid,Sales - Motorised On Wall Screens,Motorised On Wall Screens,8923.2,1,0
Display Technologies,2096,2023-04-07,2023,,1,Apex Technologies USA,Apex Technologies USA,Paid,Sales - Image Surfaces,Image Surfaces,600.6,1,0
Display Technologies,2097,2023-04-11,2023,,1,Apex Technologies USA,Apex Technologies USA,Paid,Sales - Motorised Mount Solutions,Motorised Mount Solutions,3217.5,1,0
Display Technologies,2098,2023-04-17,2023,,1,Apex Tech International Ltd,Apex Tech International Ltd,Approved,Sales - Motorised On Wall Screens,Motorised On Wall Screens,10725.0,1,1
Display Technologies,2098,2023-04-17,2023,,1,Apex Tech International Ltd,Apex Tech International Ltd,Approved,Sales - Image Surfaces,Image Surfaces,1023.0,1,1
Display Technologies,2098,2023-04-17,2023,,0,Apex Tech International Ltd,Apex Tech International Ltd,Approved,,,0.0,1,1
Display Technologies,2099,2023-04-24,2023,DT-PHG-2,1,Apex Tech Scotland Ltd,Apex Tech Scotland Ltd,Paid,Sales - Port Hole Glass,Port Hole Glass,1287.0,1,1
Display Technologies,2099,2023-04-24,2023,,0,Apex Tech Scotland Ltd,Apex Tech Scotland Ltd,Paid,,,0.0,1,1
Display Technologies,2100,2023-04-24,2023,DT-FRNT-390,1,Apex Tech Scotland Ltd,Apex Tech Scotland Ltd,Paid,Sales - Non Motorised On Wall Screens,Non Motorised On Wall Screens,1694.55,1,1
Display Technologies,2100,2023-04-24,2023,,1,Apex Tech Scotland Ltd,Apex Tech Scotland Ltd,Paid,Sales - Image Surfaces,Image Surfaces,364.65,1,1
Display Technologies,2100,2023-04-24,2023,,1,Apex Tech Scotland Ltd,Apex Tech Scotland Ltd,Paid,Sales - Other Screens,Other Screens,321.75,1,1
Display Technologies,2100,2023-04-24,2023,,0,Apex Tech Scotland Ltd,Apex Tech Scotland Ltd,Paid,,,0.0,1,1
Display Technologies,2101,2023-04-24,2023,,1,Apex Tech Scotland Ltd,Apex Tech Scotland Ltd,Approved,Sales - Others,Others,3217.5,1,1
Display Technologies,2101,2023-04-24,2023,,1,Apex Tech Scotland Ltd,Apex Tech Scotland Ltd,Approved,Sales - Port Hole Glass,Port Hole Glass,1287.0,1,1
Display Technologies,2101,2023-04-24,2023,DT-DYN-2S-450,1,Apex Tech Scotland Ltd,Apex Tech Scotland Ltd,Approved,Sales - Motorised On Wall Screens,Motorised On Wall Screens,7271.55,1,1
Display Technologies,2101,2023-04-24,2023,,1,Apex Tech Scotland Ltd,Apex Tech Scotland Ltd,Approved,Sales - Image Surfaces,Image Surfaces,471.9,1,1
Display Technologies,2101,2023-04-24,2023,,0,Apex Tech Scotland Ltd,Apex Tech Scotland Ltd,Approved,,,0.0,1,1
Display Technologies,2102,2023-04-24,2023,,1,Apex Technologies USA,Apex Technologies USA,Approved,Sales - Others,Others,400.0,1,0
Display Technologies,2102,2023-04-24,2023,,0,Apex Technologies USA,Apex Technologies USA,Approved,,,0.0,1,0
Display Technologies,2103,2023-04-25,2023,,1,Meridian Audio Ltd,Meridian Audio Ltd,Paid,Sales - Non Motorised Mount Solutions,Non Motorised Mount Solutions,1930.5,1,0
Display Technologies,2103,2023-04-25,2023,,0,Meridian Audio Ltd,Meridian Audio Ltd,Paid,,,0.0,1,0
Display Technologies,2104,2023-04-25,2023,DT-FRNT-360,1,Apex Technologies USA,Apex Technologies USA,Paid,Sales - Non Motorised On Wall Screens,Non Motorised On Wall Screens,1501.5,1,0
Display Technologies,2104,2023-04-25,2023,,1,Apex Technologies USA,Apex Technologies USA,Paid,Sales - Image Surfaces,Image Surfaces,321.75,1,0
Display Technologies,2104,2023-04-25,2023,,0,Apex Technologies USA,Apex Technologies USA,Paid,,,0.0,1,0
Display Technologies,2105,2023-04-26,2023,,1,Apex Tech Scotland Ltd,Apex Tech Scotland Ltd,Paid,Sales - Motorised Mount Solutions,Motorised Mount Solutions,5491.2,1,1
Display Technologies,2105,2023-04-26,2023,,2,Apex Tech Scotland Ltd,Apex Tech Scotland Ltd,Paid,Sales - Mistral,Mistral,1336.8,1,1
Display Technologies,2105,2023-04-26,2023,,1,Apex Tech Scotland Ltd,Apex Tech Scotland Ltd,Paid,Sales - Mistral,Mistral,429.0,1,1
Display Technologies,2105,2023-04-26,2023,,0,Apex Tech Scotland Ltd,Apex Tech Scotland Ltd,Paid,,,0.0,1,1
Display Technologies,2106,2023-04-26,2023,,1,Apex Tech Scotland Ltd,Apex Tech Scotland Ltd,Paid,Sales - Motorised Mount Solutions,Motorised Mount Solutions,3217.5,1,1
Display Technologies,2106,2023-04-26,2023,,0,Apex Tech Scotland Ltd,Apex Tech Scotland Ltd,Paid,,,0.0,1,1
Display Technologies,INV-0571,2023-04-27,2023,,1,Experience Cinema,Experience Cinema,Paid,Sales - Other Screens,Other Screens,14750.0,1,0
Display Technologies,INV-0571,2023-04-27,2023,,0,Experience Cinema,Experience Cinema,Paid,,,0.0,1,0
Display Technologies,INV-0571,2023-04-27,2023,,1,Experience Cinema,Experience Cinema,Paid,Other Revenue,Other Revenue,4000.0,0,0
Display Technologies,2107,2023-04-27,2023,DT-CM,1,Apex Technologies USA,Apex Technologies USA,Paid,Sales - Non Motorised Mount Solutions,Non Motorised Mount Solutions,321.75,1,0
Display Technologies,2108,2023-04-27,2023,,1,Apex Technologies USA,Apex Technologies USA,Paid,Cost of Sales - Non-Motorised On Wall Screens,Cost of Sales - Non-Motorised On Wall Screens,1501.5,0,0
Display Technologies,2108,2023-04-27,2023,,1,Apex Technologies USA,Apex Technologies USA,Paid,Sales - Image Surfaces,Image Surfaces,321.75,1,0
Display Technologies,INV-0574,2023-04-27,2023,,1,Custom Sight and Sound,Custom Sight and Sound,Paid,Sales - Others,Others,1550.0,1,0
Display Technologies,INV-0575,2023-04-28,2023,,1,Apex Tech Scotland Ltd,Apex Tech Scotland Ltd,Paid,Wages Payable - Payroll,Wages Payable - Payroll,0.0,0,1
Display Technologies,INV-0576,2023-04-28,2023,,1,Apex Tech Scotland Ltd,Apex Tech Scotland Ltd,Paid,Wages Payable - Payroll,Wages Payable - Payroll,0.0,0,1
Display Technologies,INV-0577,2023-05-01,2023,,1,INT3 Limited,INT3 Limited,Paid,Sales - Others,Others,874.32,1,0
Display Technologies,2109,2023-05-03,2023,,1,GR Media Solutions,GR Media Solutions,Paid,Sales - Others,Others,200.0,1,0
Display Technologies,2110,2023-05-09,2023,,1,Apex Technologies USA,Apex Technologies USA,Paid,Sales - Motorised On Wall Screens,Motorised On Wall Screens,10725.0,1,0
Display Technologies,2110,2023-05-09,2023,,1,Apex Technologies USA,Apex Technologies USA,Paid,Sales - Image Surfaces,Image Surfaces,664.9,1,0
Display Technologies,2111,2023-05-11,2023,,1,GR Media Solutions,GR Media Solutions,Paid,Sales - Motorised Mount Solutions,Motorised Mount Solutions,3117.5,1,0
Display Technologies,2111,2023-05-11,2023,,0,GR Media Solutions,GR Media Solutions,Paid,,,0.0,1,0
Display Technologies,2112,2023-05-11,2023,,2,Apex Technologies USA,Apex Technologies USA,Paid,Sales - Mistral,Mistral,1372.8,1,0
Display Technologies,2112,2023-05-11,2023,,1,Apex Technologies USA,Apex Technologies USA,Paid,Sales - Hush Boxes,Hush Boxes,2788.5,1,0
Display Technologies,2112,2023-05-11,2023,,1,Apex Technologies USA,Apex Technologies USA,Paid,Sales - Motorised On Wall Screens,Motorised On Wall Screens,6563.7,1,0
Display Technologies,2112,2023-05-11,2023,,1,Apex Technologies USA,Apex Technologies USA,Paid,Sales - Image Surfaces,Image Surfaces,407.55,1,0
Display Technologies,2112,2023-05-11,2023,,1,Apex Technologies USA,Apex Technologies USA,Paid,Sales - Others,Others,1113.25,1,0
Display Technologies,2113,2023-05-11,2023,,1,Apex Technologies USA,Apex Technologies USA,Paid,Sales - Other Screens,Other Screens,370.6,1,0
Display Technologies,2113,2023-05-11,2023,,1,Apex Technologies USA,Apex Technologies USA,Paid,Sales - Others,Others,37.06,1,0
Display Technologies,2113,2023-05-11,2023,,0,Apex Technologies USA,Apex Technologies USA,Paid,,,0.0,1,0
Display Technologies,2114,2023-05-11,2023,,1,Apex Technologies USA,Apex Technologies USA,Paid,Sales - Non Motorised Mount Solutions,Non Motorised Mount Solutions,1072.5,1,0
Display Technologies,2114,2023-05-11,2023,,1,Apex Technologies USA,Apex Technologies USA,Paid,Sales - Others,Others,107.25,1,0
Display Technologies,2115,2023-05-12,2023,,1,Apex Technologies USA,Apex Technologies USA,Paid,Sales - Motorised On Wall Screens,Motorised On Wall Screens,5362.5,1,0
Display Technologies,2115,2023-05-12,2023,,1,Apex Technologies USA,Apex Technologies USA,Paid,Sales - Image Surfaces,Image Surfaces,450.45,1,0
Display Technologies,2115,2023-05-12,2023,,1,Apex Technologies USA,Apex Technologies USA,Paid,Sales - Others,Others,581.3,1,0
Display Technologies,2116,2023-05-16,2023,,1,Synergy AV,Synergy AV,Paid,Sales - Hush Boxes,Hush Boxes,2788.5,1,0
Display Technologies,2116,2023-05-16,2023,,0,Synergy AV,Synergy AV,Paid,,,0.0,1,0
Display Technologies,2116,2023-05-16,2023,,1,Synergy AV,Synergy AV,Paid,Sales - Mistral,Mistral,429.0,1,0
Display Technologies,2116,2023-05-16,2023,,2,Synergy AV,Synergy AV,Paid,Sales - Mechanics,Mechanics,1201.2,1,0
Display Technologies,2116,2023-05-16,2023,,0,Synergy AV,Synergy AV,Paid,,,0.0,1,0
Display Technologies,INV-0578,2023-05-16,2023,,1,P Farrow & Sons Ltd,P Farrow & Sons Ltd,Paid,Other Revenue,Other Revenue,423.0,0,0
Display Technologies,2118,2023-05-17,2023,,1,Apex Technologies USA,Apex Technologies USA,Paid,Sales - Hush Boxes,Hush Boxes,2768.5,1,0
Display Technologies,2118,2023-05-17,2023,,2,Apex Technologies USA,Apex Technologies USA,Paid,Sales - Mistral,Mistral,1372.8,1,0
Display Technologies,2118,2023-05-17,2023,,1,Apex Technologies USA,Apex Technologies USA,Paid,Sales - Port Hole Glass,Port Hole Glass,1072.5,1,0
Display Technologies,2118,2023-05-17,2023,,1,Apex Technologies USA,Apex Technologies USA,Paid,Sales - Others,Others,521.38,1,0
Display Technologies,INV-0579,2023-05-19,2023,,1,Apex Technologies USA,Apex Technologies USA,Paid,Sales - Others,Others,9643.32,1,0
Display Technologies,2119,2023-05-22,2023,DT-FRNT-390,1,Apex Technologies USA,Apex Technologies USA,Paid,Sales - Non Motorised On Wall Screens,Non Motorised On Wall Screens,1694.55,1,0
Display Technologies,2119,2023-05-22,2023,,1,Apex Technologies USA,Apex Technologies USA,Paid,Sales - Image Surfaces,Image Surfaces,364.65,1,0
Display Technologies,2119,2023-05-22,2023,,1,Apex Technologies USA,Apex Technologies USA,Paid,Sales - Others,Others,205.92,1,0
Display Technologies,2119,2023-05-22,2023,,0,Apex Technologies USA,Apex Technologies USA,Paid,,,0.0,1,0
Display Technologies,2120,2023-05-25,2023,,1,Meridian Audio Ltd,Meridian Audio Ltd,Paid,Sales - Port Hole Glass,Port Hole Glass,2466.2,1,0
Display Technologies,2120,2023-05-25,2023,,0,Meridian Audio Ltd,Meridian Audio Ltd,Paid,,,0.0,1,0
Display Technologies,2122,2023-05-30,2023,,1,Apex Technologies USA,Apex Technologies USA,Paid,Sales - Motorised Mount Solutions,Motorised Mount Solutions,3217.4,1,0
Display Technologies,2122,2023-05-30,2023,,1,Apex Technologies USA,Apex Technologies USA,Paid,Sales - Others,Others,321.74,1,0
Display Technologies,2121,2023-05-30,2023,DT-FRNT-480,1,Meridian Audio Ltd,Meridian Audio Ltd,Paid,Sales - Non Motorised On Wall Screens,Non Motorised On Wall Screens,2423.85,1,0
Display Technologies,2121,2023-05-30,2023,,1,Meridian Audio Ltd,Meridian Audio Ltd,Paid,Sales - Others,Others,536.25,1,0
Display Technologies,2121,2023-05-30,2023,,1,Meridian Audio Ltd,Meridian Audio Ltd,Paid,Sales - Non Motorised Mount Solutions,Non Motorised Mount Solutions,2145.0,1,0
Display Technologies,2121,2023-05-30,2023,,0,Meridian Audio Ltd,Meridian Audio Ltd,Paid,,,0.0,1,0
Display Technologies,INV-0580,2023-05-31,2023,,1,Apex Tech Scotland Ltd,Apex Tech Scotland Ltd,Paid,Wages Payable - Payroll,Wages Payable - Payroll,0.0,0,1
Display Technologies,INV-0581,2023-06-01,2023,,1,INT3 Limited,INT3 Limited,Paid,Sales - Others,Others,874.32,1,0
Display Technologies,2123,2023-06-01,2023,,1,Apex Technologies USA,Apex Technologies USA,Paid,Cost of Sales - Non-Motorised On Wall Screens,Cost of Sales - Non-Motorised On Wall Screens,1201.2,0,0
Display Technologies,2123,2023-06-01,2023,,1,Apex Technologies USA,Apex Technologies USA,Paid,Sales - Image Surfaces,Image Surfaces,321.75,1,0
Display Technologies,2123,2023-06-01,2023,,1,Apex Technologies USA,Apex Technologies USA,Paid,Sales - Others,Others,152.3,1,0
Display Technologies,INV-0582,2023-06-01,2023,,1,Apex Technologies USA,Apex Technologies USA,Paid,Sales - Others,Others,300.0,1,0
Display Technologies,2124,2023-06-02,2023,,1,Apex Technologies USA,Apex Technologies USA,Paid,Sales - Non Motorised On Wall Screens,Non Motorised On Wall Screens,1694.55,1,0
Display Technologies,2124,2023-06-02,2023,,1,Apex Technologies USA,Apex Technologies USA,Paid,Sales - Image Surfaces,Image Surfaces,364.65,1,0
Display Technologies,2124,2023-06-02,2023,,1,Apex Technologies USA,Apex Technologies USA,Paid,Sales - Others,Others,205.92,1,0
Display Technologies,INV-0583,2023-06-05,2023,,4,Apex Tech Scotland Ltd,Apex Tech Scotland Ltd,Paid,Sales - Mechanics,Mechanics,4000.0,1,1
Display Technologies,INV-0583,2023-06-05,2023,,1,Apex Tech Scotland Ltd,Apex Tech Scotland Ltd,Paid,Sales - Mechanics,Mechanics,1000.0,1,1
Display Technologies,INV-0583,2023-06-05,2023,,0,Apex Tech Scotland Ltd,Apex Tech Scotland Ltd,Paid,,,0.0,1,1
Display Technologies,2125,2023-06-07,2023,,1,Apex Tech International Ltd,Apex Tech International Ltd,Paid,Sales - Non Motorised Mount Solutions,Non Motorised Mount Solutions,1072.5,1,1
Display Technologies,2125,2023-06-07,2023,,0,Apex Tech International Ltd,Apex Tech International Ltd,Paid,,,0.0,1,1
Display Technologies,2126,2023-06-07,2023,,1,Apex Tech International Ltd,Apex Tech International Ltd,Paid,Sales - Non Motorised Mount Solutions,Non Motorised Mount Solutions,4021.5,1,1
Display Technologies,2126,2023-06-07,2023,DT-CNTP-360,1,Apex Tech International Ltd,Apex Tech International Ltd,Paid,Sales - Non Motorised On Wall Screens,Non Motorised On Wall Screens,1222.65,1,1
Display Technologies,2126,2023-06-07,2023,,1,Apex Tech International Ltd,Apex Tech International Ltd,Paid,Sales - Image Surfaces,Image Surfaces,321.75,1,1
Display Technologies,2126,2023-06-07,2023,,1,Apex Tech International Ltd,Apex Tech International Ltd,Paid,Sales - Non Motorised Mount Solutions,Non Motorised Mount Solutions,8662.5,1,1
Display Technologies,2126,2023-06-07,2023,,4,Apex Tech International Ltd,Apex Tech International Ltd,Paid,Sales - Non Motorised Mount Solutions,Non Motorised Mount Solutions,1176.0,1,1
Display Technologies,2126,2023-06-07,2023,,4,Apex Tech International Ltd,Apex Tech International Ltd,Paid,Sales - Non Motorised Mount Solutions,Non Motorised Mount Solutions,1456.0,1,1
Display Technologies,2126,2023-06-07,2023,,2,Apex Tech International Ltd,Apex Tech International Ltd,Paid,Sales - Non Motorised Mount Solutions,Non Motorised Mount Solutions,1568.0,1,1
Display Technologies,2126,2023-06-07,2023,,0,Apex Tech International Ltd,Apex Tech International Ltd,Paid,,,0.0,1,1
Display Technologies,2127,2023-06-07,2023,,1,Apex Technologies USA,Apex Technologies USA,Paid,Sales - Non Motorised On Wall Screens,Non Motorised On Wall Screens,1072.5,1,0
Display Technologies,2127,2023-06-07,2023,,1,Apex Technologies USA,Apex Technologies USA,Paid,Sales - Motorised On Wall Screens,Motorised On Wall Screens,10038.6,1,0
Display Technologies,2127,2023-06-07,2023,,1,Apex Technologies USA,Apex Technologies USA,Paid,Sales - Image Surfaces,Image Surfaces,664.95,1,0
Display Technologies,2127,2023-06-07,2023,,1,Apex Technologies USA,Apex Technologies USA,Paid,Sales - Others,Others,1177.6,1,0
Display Technologies,2127,2023-06-07,2023,,0,Apex Technologies USA,Apex Technologies USA,Paid,,,0.0,1,0
Display Technologies,2128,2023-06-07,2023,DT-FRNT-270,1,Apex Technologies USA,Apex Technologies USA,Paid,Sales - Non Motorised On Wall Screens,Non Motorised On Wall Screens,1072.5,1,0
Display Technologies,2128,2023-06-07,2023,,1,Apex Technologies USA,Apex Technologies USA,Paid,Sales - Image Surfaces,Image Surfaces,257.4,1,0
Display Technologies,2128,2023-06-07,2023,,1,Apex Technologies USA,Apex Technologies USA,Paid,Sales - Others,Others,132.99,1,0
Display Technologies,2128,2023-06-07,2023,,0,Apex Technologies USA,Apex Technologies USA,Paid,,,0.0,1,0
Display Technologies,2129,2023-06-08,2023,DT-DYN-2S-390,1,Apex Tech Scotland Ltd,Apex Tech Scotland Ltd,Paid,Sales - Motorised On Wall Screens,Motorised On Wall Screens,5941.65,1,1
Display Technologies,2129,2023-06-08,2023,,1,Apex Tech Scotland Ltd,Apex Tech Scotland Ltd,Paid,Sales - Image Surfaces,Image Surfaces,514.18,1,1
Display Technologies,2129,2023-06-08,2023,,0,Apex Tech Scotland Ltd,Apex Tech Scotland Ltd,Paid,,,0.0,1,1
Display Technologies,2130,2023-06-08,2023,DT-DYN-2S-510,1,Apex Tech Scotland Ltd,Apex Tech Scotland Ltd,Paid,Sales - Motorised On Wall Screens,Motorised On Wall Screens,8923.2,1,1
Display Technologies,2130,2023-06-08,2023,,1,Apex Tech Scotland Ltd,Apex Tech Scotland Ltd,Paid,Sales - Image Surfaces,Image Surfaces,600.6,1,1
Display Technologies,2130,2023-06-08,2023,,0,Apex Tech Scotland Ltd,Apex Tech Scotland Ltd,Paid,,,0.0,1,1
Display Technologies,2131,2023-06-13,2023,DT-MMD,1,National AV Solutions Pty Ltd,National AV Solutions Pty Ltd,Paid,Sales - Motorised Mount Solutions,Motorised Mount Solutions,3217.5,1,0
Display Technologies,2131,2023-06-13,2023,DT-PHG-2,1,National AV Solutions Pty Ltd,National AV Solutions Pty Ltd,Paid,Sales - Non Motorised Mount Solutions,Non Motorised Mount Solutions,1287.0,1,0
Display Technologies,2131,2023-06-13,2023,,0,National AV Solutions Pty Ltd,National AV Solutions Pty Ltd,Paid,,,0.0,1,0
Display Technologies,2132,2023-06-14,2023,DT-MMD,1,Apex Technologies USA,Apex Technologies USA,Paid,Sales - Motorised Mount Solutions,Motorised Mount Solutions,3217.5,1,0
Display Technologies,2132,2023-06-14,2023,,0,Apex Technologies USA,Apex Technologies USA,Paid,,,0.0,1,0
Display Technologies,2132,2023-06-14,2023,,1,Apex Technologies USA,Apex Technologies USA,Paid,Sales - Others,Others,321.75,1,0
Display Technologies,2132,2023-06-14,2023,,0,Apex Technologies USA,Apex Technologies USA,Paid,,,0.0,1,0
Display Technologies,2133,2023-06-19,2023,,1,Apex Technologies USA,Apex Technologies USA,Paid,Sales - Other Screens,Other Screens,738.0,1,0
Display Technologies,2133,2023-06-19,2023,,0,Apex Technologies USA,Apex Technologies USA,Paid,,,0.0,1,0
Display Technologies,2133,2023-06-19,2023,,1,Apex Technologies USA,Apex Technologies USA,Paid,Sales - Others,Others,73.8,1,0
Display Technologies,2133,2023-06-19,2023,,0,Apex Technologies USA,Apex Technologies USA,Paid,,,0.0,1,0
Display Technologies,2134,2023-06-19,2023,,1,Apex Technologies USA,Apex Technologies USA,Paid,Sales - Other Screens,Other Screens,321.75,1,0
Display Technologies,2134,2023-06-19,2023,,1,Apex Technologies USA,Apex Technologies USA,Paid,Sales - Others,Others,32.17,1,0
Display Technologies,2134,2023-06-19,2023,,0,Apex Technologies USA,Apex Technologies USA,Paid,,,0.0,1,0
Display Technologies,2135,2023-06-20,2023,DT-CNTP-690,1,Apex Technologies USA,Apex Technologies USA,Paid,Sales - Non Motorised On Wall Screens,Non Motorised On Wall Screens,4225.65,1,0
Display Technologies,2135,2023-06-20,2023,,1,Apex Technologies USA,Apex Technologies USA,Paid,Sales - Image Surfaces,Image Surfaces,1072.5,1,0
Display Technologies,2135,2023-06-20,2023,,1,Apex Technologies USA,Apex Technologies USA,Paid,Sales - Others,Others,529.82,1,0
Display Technologies,2135,2023-06-20,2023,,0,Apex Technologies USA,Apex Technologies USA,Paid,,,0.0,1,0
Display Technologies,2136,2023-06-21,2023,,1,Apex Tech Scotland Ltd,Apex Tech Scotland Ltd,Approved,Sales - Other Screens,Other Screens,9711.0,1,1
Display Technologies,2136,2023-06-21,2023,,1,Apex Tech Scotland Ltd,Apex Tech Scotland Ltd,Approved,Sales - Other Screens,Other Screens,20713.55,1,1
Display Technologies,2136,2023-06-21,2023,,0,Apex Tech Scotland Ltd,Apex Tech Scotland Ltd,Approved,,,0.0,1,1
Display Technologies,2137,2023-06-27,2023,DT-MMD,1,Meridian Audio Ltd,Meridian Audio Ltd,Paid,Sales - Motorised Mount Solutions,Motorised Mount Solutions,3217.5,1,0
Display Technologies,2137,2023-06-27,2023,DT-FRNT-390,1,Meridian Audio Ltd,Meridian Audio Ltd,Paid,Sales - Non Motorised On Wall Screens,Non Motorised On Wall Screens,1694.55,1,0
Display Technologies,2137,2023-06-27,2023,,1,Meridian Audio Ltd,Meridian Audio Ltd,Paid,Sales - Image Surfaces,Image Surfaces,364.65,1,0
Display Technologies,2137,2023-06-27,2023,,0,Meridian Audio Ltd,Meridian Audio Ltd,Paid,,,0.0,1,0
Display Technologies,INV-0584,2023-06-30,2023,,1,Apex Tech Scotland Ltd,Apex Tech Scotland Ltd,Approved,Wages Payable - Payroll,Wages Payable - Payroll,0.0,0,1
Display Technologies,2138,2023-06-30,2023,DT-M-150,2,Audiogene Americas LLC,Audiogene Americas LLC,Paid,Sales - Mechanics,Mechanics,1029.6,1,0
Display Technologies,2138,2023-06-30,2023,DT-M-C,1,Audiogene Americas LLC,Audiogene Americas LLC,Paid,Sales - Mechanics,Mechanics,429.0,1,0
Display Technologies,2138,2023-06-30,2023,DT-HB-S,1,Audiogene Americas LLC,Audiogene Americas LLC,Paid,Sales - Mechanics,Mechanics,1930.5,1,0
Display Technologies,2138,2023-06-30,2023,,0,Audiogene Americas LLC,Audiogene Americas LLC,Paid,,,0.0,1,0
Display Technologies,2139,2023-06-30,2023,DT-FRNT-330,1,Meridian Audio Ltd,Meridian Audio Ltd,Paid,Sales - Non Motorised On Wall Screens,Non Motorised On Wall Screens,1351.35,1,0
Display Technologies,2139,2023-06-30,2023,,1,Meridian Audio Ltd,Meridian Audio Ltd,Paid,Sales - Image Surfaces,Image Surfaces,257.4,1,0
Display Technologies,2139,2023-06-30,2023,,0,Meridian Audio Ltd,Meridian Audio Ltd,Paid,,,0.0,1,0
Display Technologies,2139,2023-06-30,2023,,0,Meridian Audio Ltd,Meridian Audio Ltd,Paid,,,0.0,1,0
Display Technologies,2140,2023-06-30,2023,,1,Apex Technologies USA,Apex Technologies USA,Paid,Sales - Non Motorised Mount Solutions,Non Motorised Mount Solutions,3646.5,1,0
Display Technologies,2140,2023-06-30,2023,,1,Apex Technologies USA,Apex Technologies USA,Paid,Sales - Others,Others,364.65,1,0
Display Technologies,2140,2023-06-30,2023,,0,Apex Technologies USA,Apex Technologies USA,Paid,,,0.0,1,0
Display Technologies,2141,2023-06-30,2023,DT-DYN-2S-450,1,Apex Technologies USA,Apex Technologies USA,Paid,Sales - Motorised On Wall Screens,Motorised On Wall Screens,7271.55,1,0
Display Technologies,2141,2023-06-30,2023,,1,Apex Technologies USA,Apex Technologies USA,Paid,Sales - Image Surfaces,Image Surfaces,471.9,1,0
Display Technologies,2141,2023-06-30,2023,,1,Apex Technologies USA,Apex Technologies USA,Paid,Sales - Others,Others,774.35,1,0
Display Technologies,2141,2023-06-30,2023,,0,Apex Technologies USA,Apex Technologies USA,Paid,,,0.0,1,0
Display Technologies,2142,2023-06-30,2023,DT-CNTP-330,1,Apex Technologies USA,Apex Technologies USA,Paid,Sales - Non Motorised On Wall Screens,Non Motorised On Wall Screens,1093.95,1,0
Display Technologies,2142,2023-06-30,2023,,1,Apex Technologies USA,Apex Technologies USA,Paid,Sales - Image Surfaces,Image Surfaces,257.4,1,0
Display Technologies,2142,2023-06-30,2023,,1,Apex Technologies USA,Apex Technologies USA,Paid,Sales - Others,Others,135.14,1,0
Display Technologies,2142,2023-06-30,2023,,0,Apex Technologies USA,Apex Technologies USA,Paid,,,0.0,1,0
Display Technologies,2143,2023-06-30,2023,DT-DYN-2S-390,1,Apex Technologies USA,Apex Technologies USA,Paid,Sales - Motorised On Wall Screens,Motorised On Wall Screens,5401.5,1,0
Display Technologies,2143,2023-06-30,2023,,1,Apex Technologies USA,Apex Technologies USA,Paid,Sales - Image Surfaces,Image Surfaces,514.8,1,0
Display Technologies,2143,2023-06-30,2023,,1,Apex Technologies USA,Apex Technologies USA,Paid,Sales - Others,Others,591.63,1,0
Display Technologies,2143,2023-06-30,2023,,0,Apex Technologies USA,Apex Technologies USA,Paid,,,0.0,1,0
Display Technologies,INV-0585,2023-07-01,2023,,1,INT3 Limited,INT3 Limited,Approved,Sales - Others,Others,874.32,1,0
Display Technologies,2144,2023-07-03,2023,DT-FRNT-360,1,Deco 2000 Co. Ltd.,Deco 2000 Co. Ltd.,Paid,Sales - Non Motorised On Wall Screens,Non Motorised On Wall Screens,1501.5,1,0
Display Technologies,2144,2023-07-03,2023,,1,Deco 2000 Co. Ltd.,Deco 2000 Co. Ltd.,Paid,Sales - Non Motorised On Wall Screens,Non Motorised On Wall Screens,278.85,1,0
Display Technologies,2144,2023-07-03,2023,,0,Deco 2000 Co. Ltd.,Deco 2000 Co. Ltd.,Paid,,,0.0,1,0
Display Technologies,2145,2023-07-05,2023,,1,Apex Technologies USA,Apex Technologies USA,Paid,Sales - Motorised On Wall Screens,Motorised On Wall Screens,11304.15,1,0
Display Technologies,2145,2023-07-05,2023,,1,Apex Technologies USA,Apex Technologies USA,Paid,,,0.0,1,0
Display Technologies,2145,2023-07-05,2023,,1,Apex Technologies USA,Apex Technologies USA,Paid,Sales - Others,Others,1130.42,1,0
Display Technologies,2145,2023-07-05,2023,,0,Apex Technologies USA,Apex Technologies USA,Paid,,,0.0,1,0
Display Technologies,2146,2023-07-05,2023,DT-DYN-2S-390,1,Apex Tech International Ltd,Apex Tech International Ltd,Approved,Sales - Motorised On Wall Screens,Motorised On Wall Screens,5941.65,1,1
Display Technologies,2146,2023-07-05,2023,,1,Apex Tech International Ltd,Apex Tech International Ltd,Approved,Sales - Image Surfaces,Image Surfaces,364.65,1,1
Display Technologies,2146,2023-07-05,2023,,0,Apex Tech International Ltd,Apex Tech International Ltd,Approved,,,0.0,1,1
Display Technologies,2147,2023-07-06,2023,,1,Light Walls Ltd,Light Walls Ltd,Approved,Other Revenue,Other Revenue,1650.0,0,0
Display Technologies,2147,2023-07-06,2023,,0,Light Walls Ltd,Light Walls Ltd,Approved,,,0.0,1,0
Display Technologies,INV-0586,2023-07-12,2023,,1,P Farrow & Sons Ltd,P Farrow & Sons Ltd,Paid,Other Revenue,Other Revenue,337.5,0,0
Display Technologies,2151,2023-07-17,2023,DT-DYN-2TB-300,1,Apex Tech International Ltd,Apex Tech International Ltd,Approved,Sales - Motorised On Wall Screens,Motorised On Wall Screens,4483.05,1,1
Display Technologies,2151,2023-07-17,2023,,1,Apex Tech International Ltd,Apex Tech International Ltd,Approved,Sales - Image Surfaces,Image Surfaces,321.75,1,1
Display Technologies,2151,2023-07-17,2023,,0,Apex Tech International Ltd,Apex Tech International Ltd,Approved,,,0.0,1,1
Display Technologies,2150,2023-07-17,2023,,1,Apex Technologies USA,Apex Technologies USA,Approved,Sales - Others,Others,800.0,1,0
Display Technologies,2150,2023-07-17,2023,,1,Apex Technologies USA,Apex Technologies USA,Approved,Sales - Others,Others,80.0,1,0
Display Technologies,2150,2023-07-17,2023,,0,Apex Technologies USA,Apex Technologies USA,Approved,,,0.0,1,0
Display Technologies,2152,2023-07-19,2023,DT-CNTP-330,1,Sphere Custom Design,Sphere Custom Design,Paid,Sales - Non Motorised On Wall Screens,Non Motorised On Wall Screens,1094.0,1,0
Display Technologies,2152,2023-07-19,2023,,1,Sphere Custom Design,Sphere Custom Design,Paid,Sales - Image Surfaces,Image Surfaces,257.0,1,0
Display Technologies,2152,2023-07-19,2023,,0,Sphere Custom Design,Sphere Custom Design,Paid,,,0.0,1,0
Display Technologies,INV-0587,2023-07-24,2023,,1,US Screen Corporation (SI Screens),US Screen Corporation (SI Screens),Approved,Sales - Motorised On Wall Screens,Motorised On Wall Screens,30000.0,1,0
Display Technologies,2153,2023-07-24,2023,,1,GR Media Solutions,GR Media Solutions,Paid,Sales - Other Screens,Other Screens,751.0,1,0
Display Technologies,2153,2023-07-24,2023,,0,GR Media Solutions,GR Media Solutions,Paid,,,0.0,1,0
Display Technologies,INV-0588,2023-07-31,2023,,1,Apex Tech Scotland Ltd,Apex Tech Scotland Ltd,Paid,Wages Payable - Payroll,Wages Payable - Payroll,0.0,0,1
Display Technologies,2156,2023-07-31,2023,DT-DYN-2TB-360,1,PM-ICT Solutions Ltd,PM-ICT Solutions Ltd,Approved,Sales - Motorised On Wall Screens,Motorised On Wall Screens,5534.0,1,0
Display Technologies,2156,2023-07-31,2023,,1,PM-ICT Solutions Ltd,PM-ICT Solutions Ltd,Approved,Sales - Image Surfaces,Image Surfaces,322.0,1,0
Display Technologies,2156,2023-07-31,2023,,0,PM-ICT Solutions Ltd,PM-ICT Solutions Ltd,Approved,,,0.0,1,0
Display Technologies,2157,2023-07-31,2023,,2,Apex Tech Scotland Ltd,Apex Tech Scotland Ltd,Approved,Sales - Port Hole Glass,Port Hole Glass,2340.0,1,1
Display Technologies,2157,2023-07-31,2023,,0,Apex Tech Scotland Ltd,Apex Tech Scotland Ltd,Approved,,,0.0,1,1
Display Technologies,INV-0589,2023-08-01,2023,,1,INT3 Limited,INT3 Limited,Approved,Sales - Others,Others,874.0,1,0
Display Technologies,2158,2023-08-03,2023,DT-CM,1,Apex Technologies USA,Apex Technologies USA,Approved,Sales - Non Motorised Mount Solutions,Non Motorised Mount Solutions,322.0,1,0
Display Technologies,2162,2023-08-17,2023,DT-CNTP-510,1,AV Nirvana India,AV Nirvana India,Paid,Sales - Non Motorised On Wall Screens,Non Motorised On Wall Screens,2145.0,1,0
Display Technologies,2162,2023-08-17,2023,,1,AV Nirvana India,AV Nirvana India,Paid,Sales - Image Surfaces,Image Surfaces,600.6,1,0
Display Technologies,2162,2023-08-17,2023,,0,AV Nirvana India,AV Nirvana India,Paid,,,0.0,1,0
Display Technologies,2164,2023-08-17,2023,DT-FRNT-510,1,AV Nirvana India,AV Nirvana India,Paid,Sales - Non Motorised On Wall Screens,Non Motorised On Wall Screens,2724.15,1,0
Display Technologies,2164,2023-08-17,2023,,1,AV Nirvana India,AV Nirvana India,Paid,Sales - Image Surfaces,Image Surfaces,600.6,1,0
Display Technologies,2164,2023-08-17,2023,,0,AV Nirvana India,AV Nirvana India,Paid,,,0.0,1,0
Display Technologies,2160,2023-08-17,2023,,1,AV Nirvana India,AV Nirvana India,Paid,Sales - Non Motorised Mount Solutions,Non Motorised Mount Solutions,2145.0,1,0
Display Technologies,2160,2023-08-17,2023,,0,AV Nirvana India,AV Nirvana India,Paid,,,0.0,1,0
Display Technologies,2161,2023-08-17,2023,,1,AV Nirvana India,AV Nirvana India,Paid,Sales - Image Surfaces,Image Surfaces,326.04,1,0
Display Technologies,2161,2023-08-17,2023,,0,AV Nirvana India,AV Nirvana India,Paid,,,0.0,1,0
Display Technologies,2163,2023-08-17,2023,DT-FRNT-450,1,AV Nirvana India,AV Nirvana India,Paid,Sales - Non Motorised On Wall Screens,Non Motorised On Wall Screens,2145.0,1,0
Display Technologies,2163,2023-08-17,2023,,1,AV Nirvana India,AV Nirvana India,Paid,Sales - Image Surfaces,Image Surfaces,471.9,1,0
Display Technologies,2163,2023-08-17,2023,,0,AV Nirvana India,AV Nirvana India,Paid,,,0.0,1,0
Display Technologies,2163,2023-08-17,2023,,0,AV Nirvana India,AV Nirvana India,Paid,,,0.0,1,0
Display Technologies,2166,2023-08-22,2023,DT-FRNT-360,1,GR Media Solutions,GR Media Solutions,Paid,Sales - Non Motorised On Wall Screens,Non Motorised On Wall Screens,1351.35,1,0
Display Technologies,2166,2023-08-22,2023,,1,GR Media Solutions,GR Media Solutions,Paid,Sales - Image Surfaces,Image Surfaces,257.4,1,0
Display Technologies,2166,2023-08-22,2023,,0,GR Media Solutions,GR Media Solutions,Paid,,,0.0,1,0
Display Technologies,2166,2023-08-22,2023,,0,GR Media Solutions,GR Media Solutions,Paid,,,0.0,1,0
Display Technologies,2167,2023-08-22,2023,DT-PHG-2,1,AV Nirvana India,AV Nirvana India,Paid,Sales - Port Hole Glass,Port Hole Glass,1287.0,1,0
Display Technologies,2167,2023-08-22,2023,,0,AV Nirvana India,AV Nirvana India,Paid,,,0.0,1,0
Display Technologies,2165,2023-08-22,2023,DT-FRNT-300,1,Apex Technologies USA,Apex Technologies USA,Paid,Sales - Non Motorised On Wall Screens,Non Motorised On Wall Screens,1201.2,1,0
Display Technologies,2165,2023-08-22,2023,,1,Apex Technologies USA,Apex Technologies USA,Paid,Sales - Image Surfaces,Image Surfaces,321.75,1,0
Display Technologies,2165,2023-08-22,2023,,1,Apex Technologies USA,Apex Technologies USA,Paid,Sales - Others,Others,152.3,1,0
Display Technologies,2165,2023-08-22,2023,,0,Apex Technologies USA,Apex Technologies USA,Paid,,,0.0,1,0
Display Technologies,2170,2023-08-28,2023,DT-FRNT-570,1,Apex Tech International Ltd,Apex Tech International Ltd,Approved,Sales - Non Motorised On Wall Screens,Non Motorised On Wall Screens,3453.35,1,1
Display Technologies,2170,2023-08-28,2023,,1,Apex Tech International Ltd,Apex Tech International Ltd,Approved,Sales - Image Surfaces,Image Surfaces,750.75,1,1
Display Technologies,2170,2023-08-28,2023,,0,Apex Tech International Ltd,Apex Tech International Ltd,Approved,,,0.0,1,1
Display Technologies,2168,2023-08-28,2023,DT-PHG-1,1,Apex Technologies USA,Apex Technologies USA,Paid,Sales - Port Hole Glass,Port Hole Glass,1072.5,1,0
Display Technologies,2168,2023-08-28,2023,,1,Apex Technologies USA,Apex Technologies USA,Paid,Sales - Port Hole Glass,Port Hole Glass,600.6,1,0
Display Technologies,2168,2023-08-28,2023,,1,Apex Technologies USA,Apex Technologies USA,Paid,Sales - Others,Others,167.31,1,0
Display Technologies,2169,2023-08-28,2023,,1,AV Nirvana India,AV Nirvana India,Paid,Sales - Image Surfaces,Image Surfaces,364.65,1,0
Display Technologies,2169,2023-08-28,2023,,0,AV Nirvana India,AV Nirvana India,Paid,,,0.0,1,0
Display Technologies,2169,2023-08-28,2023,,0,AV Nirvana India,AV Nirvana India,Paid,,,0.0,1,0
Display Technologies,INV-0590,2023-08-31,2023,,1,Apex Tech Scotland Ltd,Apex Tech Scotland Ltd,Paid,Wages Payable - Payroll,Wages Payable - Payroll,0.0,0,1
Display Technologies,2171,2023-08-31,2023,,1,Apex Technologies USA,Apex Technologies USA,Paid,Sales - Others,Others,400.0,1,0
Display Technologies,2171,2023-08-31,2023,,1,Apex Technologies USA,Apex Technologies USA,Paid,Sales - Others,Others,40.0,1,0
Display Technologies,2171,2023-08-31,2023,,0,Apex Technologies USA,Apex Technologies USA,Paid,,,0.0,1,0
Display Technologies,2173,2023-08-31,2023,DT-CNTP-300,1,Apex Technologies USA,Apex Technologies USA,Paid,Sales - Non Motorised On Wall Screens,Non Motorised On Wall Screens,1206.56,1,0
Display Technologies,2173,2023-08-31,2023,,1,Apex Technologies USA,Apex Technologies USA,Paid,Sales - Image Surfaces,Image Surfaces,402.19,1,0
Display Technologies,2173,2023-08-31,2023,,1,Apex Technologies USA,Apex Technologies USA,Paid,Sales - Others,Others,160.88,1,0
Display Technologies,2174,2023-08-31,2023,DT-FRNT-360,1,Apex Technologies USA,Apex Technologies USA,Paid,Sales - Non Motorised On Wall Screens,Non Motorised On Wall Screens,1501.5,1,0
Display Technologies,2174,2023-08-31,2023,,1,Apex Technologies USA,Apex Technologies USA,Paid,Sales - Image Surfaces,Image Surfaces,321.75,1,0
Display Technologies,2174,2023-08-31,2023,,1,Apex Technologies USA,Apex Technologies USA,Paid,Sales - Others,Others,182.33,1,0
Display Technologies,2174,2023-08-31,2023,,0,Apex Technologies USA,Apex Technologies USA,Paid,,,0.0,1,0
Display Technologies,INV-0591,2023-08-31,2023,DT-DYN-2TB-360,0,PM-ICT Solutions Ltd,PM-ICT Solutions Ltd,Paid,,,0.0,1,0
Display Technologies,INV-0591,2023-08-31,2023,,0,PM-ICT Solutions Ltd,PM-ICT Solutions Ltd,Paid,,,0.0,1,0
Display Technologies,INV-0591,2023-08-31,2023,,0,PM-ICT Solutions Ltd,PM-ICT Solutions Ltd,Paid,,,0.0,1,0
Display Technologies,INV-0591,2023-08-31,2023,,1,PM-ICT Solutions Ltd,PM-ICT Solutions Ltd,Paid,Sales - Others,Others,1171.17,1,0
Display Technologies,2172,2023-08-31,2023,DT-MMD,1,GR Media Solutions,GR Media Solutions,Paid,Sales - Motorised Mount Solutions,Motorised Mount Solutions,3217.5,1,0
Display Technologies,2172,2023-08-31,2023,,0,GR Media Solutions,GR Media Solutions,Paid,,,0.0,1,0
Display Technologies,2173,2023-08-31,2023,,0,Apex Technologies USA,Apex Technologies USA,Paid,,,0.0,1,0
Display Technologies,INV-0592,2023-09-01,2023,,1,INT3 Limited,INT3 Limited,Approved,Sales - Others,Others,874.32,1,0
Display Technologies,2176,2023-09-01,2023,,1,PM-ICT Solutions Ltd,PM-ICT Solutions Ltd,Approved,Sales - Non Motorised On Wall Screens,Non Motorised On Wall Screens,100.0,1,0
Display Technologies,2176,2023-09-01,2023,,1,PM-ICT Solutions Ltd,PM-ICT Solutions Ltd,Approved,Sales - Non Motorised On Wall Screens,Non Motorised On Wall Screens,100.0,1,0
Display Technologies,2176,2023-09-01,2023,,0,PM-ICT Solutions Ltd,PM-ICT Solutions Ltd,Approved,,,0.0,1,0
Display Technologies,2177,2023-09-05,2023,,1,Apex Technologies USA,Apex Technologies USA,Paid,Sales - Non Motorised Mount Solutions,Non Motorised Mount Solutions,3646.5,1,0
Display Technologies,2177,2023-09-05,2023,,1,Apex Technologies USA,Apex Technologies USA,Paid,Sales - Others,Others,364.65,1,0
Display Technologies,2177,2023-09-05,2023,,0,Apex Technologies USA,Apex Technologies USA,Paid,,,0.0,1,0
Display Technologies,2178,2023-09-07,2023,DT-FRNT-330,1,Prestige Distribution France,Prestige Distribution France,Paid,Sales - Non Motorised On Wall Screens,Non Motorised On Wall Screens,1351.35,1,0
Display Technologies,2178,2023-09-07,2023,,1,Prestige Distribution France,Prestige Distribution France,Paid,Sales - Image Surfaces,Image Surfaces,257.4,1,0
Display Technologies,2178,2023-09-07,2023,,0,Prestige Distribution France,Prestige Distribution France,Paid,,,0.0,1,0
Display Technologies,2179,2023-09-07,2023,DT-FRNT-360,1,Prestige Distribution France,Prestige Distribution France,Paid,Sales - Non Motorised On Wall Screens,Non Motorised On Wall Screens,1501.5,1,0
Display Technologies,2179,2023-09-07,2023,,1,Prestige Distribution France,Prestige Distribution France,Paid,Sales - Image Surfaces,Image Surfaces,321.75,1,0
Display Technologies,2179,2023-09-07,2023,,0,Prestige Distribution France,Prestige Distribution France,Paid,,,0.0,1,0
Display Technologies,2180,2023-09-11,2023,DT-PHG-1,2,National AV Solutions Pty Ltd,National AV Solutions Pty Ltd,Approved,Sales - Port Hole Glass,Port Hole Glass,2145.0,1,0
Display Technologies,INV-LW-1127,2023-09-18,2023,,1,Apex Tech Scotland Ltd,Apex Tech Scotland Ltd,Approved,Shipping Out,Shipping Out,547.33,0,1
Display Technologies,INV-LW-1127,2023-09-18,2023,,1,Apex Tech Scotland Ltd,Apex Tech Scotland Ltd,Approved,Shipping Out,Shipping Out,600.23,0,1
Display Technologies,INV-LW-1127,2023-09-18,2023,,1,Apex Tech Scotland Ltd,Apex Tech Scotland Ltd,Approved,Shipping Out,Shipping Out,268.33,0,1
Display Technologies,INV-LW-1127,2023-09-18,2023,,1,Apex Tech Scotland Ltd,Apex Tech Scotland Ltd,Approved,Shipping Out,Shipping Out,138.33,0,1
Display Technologies,INV-0597,2023-09-18,2023,,0,Apex Tech Scotland Ltd,Apex Tech Scotland Ltd,Approved,,,0.0,1,1
Display Technologies,INV-0597,2023-09-18,2023,,1,Apex Tech Scotland Ltd,Apex Tech Scotland Ltd,Approved,Shipping Out,Shipping Out,450.0,0,1
Display Technologies,INV-0593,2023-09-18,2023,,1,Meridian Audio Ltd,Meridian Audio Ltd,Approved,Sales - Others,Others,227.07,1,0
Display Technologies,INV-0593,2023-09-18,2023,,1,Meridian Audio Ltd,Meridian Audio Ltd,Approved,Sales - Others,Others,164.72,1,0
Display Technologies,INV-0595,2023-09-18,2023,,1,INT3 Limited,INT3 Limited,Approved,Sales - Others,Others,419.57,1,0
Display Technologies,INV-0597,2023-09-18,2023,,1,Apex Tech Scotland Ltd,Apex Tech Scotland Ltd,Approved,Shipping Out,Shipping Out,240.0,0,1
Display Technologies,INV-0597,2023-09-18,2023,,1,Apex Tech Scotland Ltd,Apex Tech Scotland Ltd,Approved,Shipping Out,Shipping Out,600.0,0,1
Display Technologies,INV-0597,2023-09-18,2023,,1,Apex Tech Scotland Ltd,Apex Tech Scotland Ltd,Approved,Shipping Out,Shipping Out,600.0,0,1
Display Technologies,INV-0597,2023-09-18,2023,,1,Apex Tech Scotland Ltd,Apex Tech Scotland Ltd,Approved,Shipping Out,Shipping Out,600.0,0,1
Display Technologies,INV-0597,2023-09-18,2023,,1,Apex Tech Scotland Ltd,Apex Tech Scotland Ltd,Approved,Shipping Out,Shipping Out,360.0,0,1
Display Technologies,INV-0593,2023-09-18,2023,,1,Meridian Audio Ltd,Meridian Audio Ltd,Approved,Sales - Others,Others,20.48,1,0
Display Technologies,INV-0593,2023-09-18,2023,,1,Meridian Audio Ltd,Meridian Audio Ltd,Approved,Sales - Others,Others,112.16,1,0
Display Technologies,INV-0593,2023-09-18,2023,,1,Meridian Audio Ltd,Meridian Audio Ltd,Approved,Sales - Others,Others,431.4,1,0
Display Technologies,INV-0598,2023-09-18,2023,,1,Apex Tech Scotland Ltd,Apex Tech Scotland Ltd,Paid,Sales - Other Screens,Other Screens,871.65,1,1
Display Technologies,2181,2023-09-18,2023,DT-PHG-1,1,Apex Tech Scotland Ltd,Apex Tech Scotland Ltd,Approved,Sales - Port Hole Glass,Port Hole Glass,1072.5,1,1
Display Technologies,2181,2023-09-18,2023,,1,Apex Tech Scotland Ltd,Apex Tech Scotland Ltd,Approved,Sales - Non Motorised Mount Solutions,Non Motorised Mount Solutions,1072.5,1,1
Display Technologies,2181,2023-09-18,2023,,0,Apex Tech Scotland Ltd,Apex Tech Scotland Ltd,Approved,,,0.0,1,1
Display Technologies,INV-0594,2023-09-18,2023,,0,Cinema Acoustic Treatment Systems Ltd,Cinema Acoustic Treatment Systems Ltd,Paid,,,0.0,1,0
Display Technologies,INV-0594,2023-09-18,2023,,1,Cinema Acoustic Treatment Systems Ltd,Cinema Acoustic Treatment Systems Ltd,Paid,Shipping Out,Shipping Out,169.74,0,0
Display Technologies,INV-0594,2023-09-18,2023,,1,Cinema Acoustic Treatment Systems Ltd,Cinema Acoustic Treatment Systems Ltd,Paid,Shipping Out,Shipping Out,93.78,0,0
Display Technologies,INV-0596,2023-09-18,2023,,1,Apex Tech Scotland Ltd,Apex Tech Scotland Ltd,Paid,Sales - Others,Others,153.91,1,1
Display Technologies,2182,2023-09-19,2023,,1,Apex Technologies USA,Apex Technologies USA,Paid,Sales - Image Surfaces,Image Surfaces,468.0,1,0
Display Technologies,2182,2023-09-19,2023,,1,Apex Technologies USA,Apex Technologies USA,Paid,Sales - Others,Others,47.0,1,0
Display Technologies,2182,2023-09-19,2023,,0,Apex Technologies USA,Apex Technologies USA,Paid,,,0.0,1,0
Display Technologies,2183,2023-09-21,2023,,2,Apex Technologies USA,Apex Technologies USA,Paid,Sales - Mistral,Mistral,1373.0,1,0
Display Technologies,2183,2023-09-21,2023,,1,Apex Technologies USA,Apex Technologies USA,Paid,Sales - Mistral,Mistral,429.0,1,0
Display Technologies,2183,2023-09-21,2023,,1,Apex Technologies USA,Apex Technologies USA,Paid,Sales - Mechanics,Mechanics,5491.0,1,0
Display Technologies,2183,2023-09-21,2023,,1,Apex Technologies USA,Apex Technologies USA,Paid,Sales - Non Motorised On Wall Screens,Non Motorised On Wall Screens,1909.0,1,0
Display Technologies,2183,2023-09-21,2023,,1,Apex Technologies USA,Apex Technologies USA,Paid,Sales - Image Surfaces,Image Surfaces,408.0,1,0
Display Technologies,2183,2023-09-21,2023,,1,Apex Technologies USA,Apex Technologies USA,Paid,Sales - Others,Others,961.0,1,0
Display Technologies,INV-0599,2023-09-21,2023,,1,P Farrow & Sons Ltd,P Farrow & Sons Ltd,Paid,Other Revenue,Other Revenue,593.0,0,0
Display Technologies,2184,2023-09-25,2023,DT-FRNT-420,1,Apex Technologies USA,Apex Technologies USA,Paid,Sales - Non Motorised On Wall Screens,Non Motorised On Wall Screens,1909.0,1,0
Display Technologies,2184,2023-09-25,2023,,1,Apex Technologies USA,Apex Technologies USA,Paid,Sales - Image Surfaces,Image Surfaces,520.0,1,0
Display Technologies,2184,2023-09-25,2023,,1,Apex Technologies USA,Apex Technologies USA,Paid,Sales - Others,Others,243.0,1,0
Display Technologies,2184,2023-09-25,2023,,0,Apex Technologies USA,Apex Technologies USA,Paid,,,0.0,1,0
Display Technologies,2185,2023-09-27,2023,,1,Apex Technologies USA,Apex Technologies USA,Paid,Sales - Non Motorised On Wall Screens,Non Motorised On Wall Screens,1094.0,1,0
Display Technologies,2185,2023-09-27,2023,,1,Apex Technologies USA,Apex Technologies USA,Paid,Sales - Image Surfaces,Image Surfaces,257.0,1,0
Display Technologies,2185,2023-09-27,2023,,1,Apex Technologies USA,Apex Technologies USA,Paid,Sales - Others,Others,135.0,1,0
Display Technologies,,2023-09-27,2023,,-1,Apex Technologies USA,Apex Technologies USA,Approved,Accounts Receivable,Accounts Receivable,-78.0,0,0
Display Technologies,2186,2023-09-28,2023,DT-PHG-2,1,Apex Tech Scotland Ltd,Apex Tech Scotland Ltd,Paid,Sales - Port Hole Glass,Port Hole Glass,1287.0,1,1
Display Technologies,2186,2023-09-28,2023,,1,Apex Tech Scotland Ltd,Apex Tech Scotland Ltd,Paid,Sales - Non Motorised Mount Solutions,Non Motorised Mount Solutions,400.0,1,1
Display Technologies,2186,2023-09-28,2023,,0,Apex Tech Scotland Ltd,Apex Tech Scotland Ltd,Paid,,,0.0,1,1
Display Technologies,INV-0600,2023-09-29,2023,,1,Apex Tech Scotland Ltd,Apex Tech Scotland Ltd,Paid,Wages Payable - Payroll,Wages Payable - Payroll,1300.0,0,1
Display Technologies,2189,2023-09-29,2023,,1,Apex Tech International Ltd,Apex Tech International Ltd,Paid,Sales - Non Motorised Mount Solutions,Non Motorised Mount Solutions,424.0,1,1
Display Technologies,2189,2023-09-29,2023,,1,Apex Tech International Ltd,Apex Tech International Ltd,Paid,Sales - Image Surfaces,Image Surfaces,409.0,1,1
Display Technologies,2189,2023-09-29,2023,,1,Apex Tech International Ltd,Apex Tech International Ltd,Paid,,,0.0,1,1
Display Technologies,INV-0601,2023-10-01,2023,,1,INT3 Limited,INT3 Limited,Paid,Sales - Others,Others,874.0,1,0
Display Technologies,INV-0602,2023-10-01,2023,,1,INT3 Limited,INT3 Limited,Paid,Sales - Others,Others,1577.0,1,0
Display Technologies,INV-0603,2023-10-01,2023,,1,Apex Tech Scotland Ltd,Apex Tech Scotland Ltd,Paid,Sales - Others,Others,2160.0,1,1
Display Technologies,2190,2023-10-02,2023,,1,TecTrade Brun,TecTrade Brun,Paid,Sales - Non Motorised Mount Solutions,Non Motorised Mount Solutions,1931.0,1,0
Display Technologies,2190,2023-10-02,2023,,0,TecTrade Brun,TecTrade Brun,Paid,,,0.0,1,0
Display Technologies,2190,2023-10-02,2023,,0,TecTrade Brun,TecTrade Brun,Paid,,,0.0,1,0
Display Technologies,INV-0605,2023-10-05,2023,,1,HMRC,HMRC,Approved,VAT,VAT,12847.0,0,0
Display Technologies,2193,2023-10-06,2023,DT-CNTP-330,1,Sphere Custom Design,Sphere Custom Design,Paid,Sales - Non Motorised On Wall Screens,Non Motorised On Wall Screens,1094.0,1,0
Display Technologies,2193,2023-10-06,2023,,1,Sphere Custom Design,Sphere Custom Design,Paid,Sales - Image Surfaces,Image Surfaces,257.0,1,0
Display Technologies,2193,2023-10-06,2023,,0,Sphere Custom Design,Sphere Custom Design,Paid,,,0.0,1,0
Display Technologies,2194,2023-10-06,2023,,1,TecTrade Brun,TecTrade Brun,Paid,Sales - Hush Boxes,Hush Boxes,2789.0,1,0
Display Technologies,2194,2023-10-06,2023,,2,TecTrade Brun,TecTrade Brun,Paid,Sales - Mechanics,Mechanics,1201.0,1,0
Display Technologies,2194,2023-10-06,2023,,1,TecTrade Brun,TecTrade Brun,Paid,Sales - Mistral,Mistral,429.0,1,0
Display Technologies,2194,2023-10-06,2023,,0,TecTrade Brun,TecTrade Brun,Paid,,,0.0,1,0
Display Technologies,2195,2023-10-06,2023,DT-FRNT-330,1,Apex Technologies USA,Apex Technologies USA,Paid,Sales - Non Motorised On Wall Screens,Non Motorised On Wall Screens,1351.0,1,0
Display Technologies,2195,2023-10-06,2023,,1,Apex Technologies USA,Apex Technologies USA,Paid,Sales - Others,Others,386.0,1,0
Display Technologies,2195,2023-10-06,2023,,0,Apex Technologies USA,Apex Technologies USA,Paid,,,0.0,1,0
Display Technologies,2195,2023-10-06,2023,,1,Apex Technologies USA,Apex Technologies USA,Paid,Sales - Others,Others,174.0,1,0
Display Technologies,2196,2023-10-06,2023,,1,Apex Technologies USA,Apex Technologies USA,Paid,Sales - Non Motorised Mount Solutions,Non Motorised Mount Solutions,1073.0,1,0
Display Technologies,2196,2023-10-06,2023,,1,Apex Technologies USA,Apex Technologies USA,Paid,Sales - Others,Others,107.0,1,0
Display Technologies,2196,2023-10-06,2023,,0,Apex Technologies USA,Apex Technologies USA,Paid,,,0.0,1,0
Display Technologies,2197,2023-10-06,2023,DT-PHG-1,1,Apex Technologies USA,Apex Technologies USA,Paid,Sales - Port Hole Glass,Port Hole Glass,1073.0,1,0
Display Technologies,2197,2023-10-06,2023,,1,Apex Technologies USA,Apex Technologies USA,Paid,Sales - Others,Others,107.0,1,0
Display Technologies,2197,2023-10-06,2023,,0,Apex Technologies USA,Apex Technologies USA,Paid,,,0.0,1,0
Display Technologies,2198,2023-10-06,2023,DT-FRNT-480,1,AV Nirvana India,AV Nirvana India,Paid,Sales - Non Motorised On Wall Screens,Non Motorised On Wall Screens,2204.0,1,0
Display Technologies,2198,2023-10-06,2023,,1,AV Nirvana India,AV Nirvana India,Paid,Sales - Others,Others,536.0,1,0
Display Technologies,2198,2023-10-06,2023,,0,AV Nirvana India,AV Nirvana India,Paid,,,0.0,1,0
Display Technologies,INV-0606,2023-10-09,2023,,1,Apex Tech Scotland Ltd,Apex Tech Scotland Ltd,Paid,Sales - Other Screens,Other Screens,7072.0,1,1
Display Technologies,INV-0606,2023-10-09,2023,,0,Apex Tech Scotland Ltd,Apex Tech Scotland Ltd,Paid,,,0.0,1,1
Display Technologies,2199,2023-10-10,2023,,1,Apex Tech Scotland Ltd,Apex Tech Scotland Ltd,Paid,Sales - Motorised On Wall Screens,Motorised On Wall Screens,16087.0,1,1
Display Technologies,2199,2023-10-10,2023,,1,Apex Tech Scotland Ltd,Apex Tech Scotland Ltd,Paid,Sales - Image Surfaces,Image Surfaces,987.0,1,1
Display Technologies,2199,2023-10-10,2023,,0,Apex Tech Scotland Ltd,Apex Tech Scotland Ltd,Paid,,,0.0,1,1
Display Technologies,2200,2023-10-11,2023,DT-PHG-1,1,Apex Technologies USA,Apex Technologies USA,Paid,Sales - Port Hole Glass,Port Hole Glass,1073.0,1,0
Display Technologies,2200,2023-10-11,2023,,1,Apex Technologies USA,Apex Technologies USA,Paid,Sales - Others,Others,107.0,1,0
Display Technologies,2200,2023-10-11,2023,,0,Apex Technologies USA,Apex Technologies USA,Paid,,,0.0,1,0
Display Technologies,2201,2023-10-12,2023,DT-PHG-1,1,Hausba Smarthomes,Hausba Smarthomes,Paid,Sales - Port Hole Glass,Port Hole Glass,1650.0,1,0
Display Technologies,2201,2023-10-12,2023,,0,Hausba Smarthomes,Hausba Smarthomes,Paid,,,0.0,1,0
Display Technologies,2203,2023-10-18,2023,,1,Apex Technologies USA,Apex Technologies USA,Paid,Sales - Port Hole Glass,Port Hole Glass,601.0,1,0
Display Technologies,2203,2023-10-18,2023,,1,Apex Technologies USA,Apex Technologies USA,Paid,Sales - Others,Others,60.0,1,0
Display Technologies,2203,2023-10-18,2023,,0,Apex Technologies USA,Apex Technologies USA,Paid,,,0.0,1,0
Display Technologies,2205,2023-10-27,2023,,1,TecTrade Brun,TecTrade Brun,Paid,Sales - Non Motorised Mount Solutions,Non Motorised Mount Solutions,1073.0,1,0
Display Technologies,2205,2023-10-27,2023,,2,TecTrade Brun,TecTrade Brun,Paid,Sales - Mistral,Mistral,1201.0,1,0
Display Technologies,2205,2023-10-27,2023,,1,TecTrade Brun,TecTrade Brun,Paid,Sales - Mistral,Mistral,429.0,1,0
Display Technologies,2205,2023-10-27,2023,,0,TecTrade Brun,TecTrade Brun,Paid,,,0.0,1,0
Display Technologies,2206,2023-10-31,2023,DT-DYN-2S-AM-390,1,Apex Tech Scotland Ltd,Apex Tech Scotland Ltd,Paid,Sales - Motorised On Wall Screens,Motorised On Wall Screens,8494.0,1,1
Display Technologies,2206,2023-10-31,2023,,1,Apex Tech Scotland Ltd,Apex Tech Scotland Ltd,Paid,Sales - Others,Others,365.0,1,1
Display Technologies,2206,2023-10-31,2023,,1,Apex Tech Scotland Ltd,Apex Tech Scotland Ltd,Paid,Sales - Motorised Mount Solutions,Motorised Mount Solutions,6500.0,1,1
Display Technologies,2206,2023-10-31,2023,,0,Apex Tech Scotland Ltd,Apex Tech Scotland Ltd,Paid,,,0.0,1,1
Display Technologies,INV-0607,2023-10-31,2023,,5,Adair Acoustic Design,Adair Acoustic Design,Paid,Sales - Bespoke Solutions,Bespoke Solutions,57.0,1,0
Display Technologies,INV-0607,2023-10-31,2023,,1,Adair Acoustic Design,Adair Acoustic Design,Paid,Shipping Out,Shipping Out,20.0,0,0
Display Technologies,2207,2023-10-31,2023,DT-PHG-1,1,Apex Technologies USA,Apex Technologies USA,Paid,Sales - Port Hole Glass,Port Hole Glass,1073.0,1,0
Display Technologies,2207,2023-10-31,2023,,1,Apex Technologies USA,Apex Technologies USA,Paid,Sales - Others,Others,107.0,1,0
Display Technologies,2207,2023-10-31,2023,,0,Apex Technologies USA,Apex Technologies USA,Paid,,,0.0,1,0
Display Technologies,INV-0609,2023-10-31,2023,,1,Apex Tech Scotland Ltd,Apex Tech Scotland Ltd,Paid,Wages Payable - Payroll,Wages Payable - Payroll,1300.0,0,1
Display Technologies,INV-0608,2023-11-01,2023,,1,INT3 Limited,INT3 Limited,Paid,Sales - Others,Others,874.0,1,0
Display Technologies,2208,2023-11-01,2023,,1,Apex Technologies USA,Apex Technologies USA,Paid,Sales - Non Motorised Mount Solutions,Non Motorised Mount Solutions,322.0,1,0
Display Technologies,2208,2023-11-01,2023,,1,Apex Technologies USA,Apex Technologies USA,Paid,Sales - Others,Others,32.0,1,0
Display Technologies,2209,2023-11-01,2023,,1,Apex Technologies USA,Apex Technologies USA,Paid,Sales - Non Motorised Mount Solutions,Non Motorised Mount Solutions,638.0,1,0
Display Technologies,2209,2023-11-01,2023,,1,Apex Technologies USA,Apex Technologies USA,Paid,Sales - Others,Others,64.0,1,0
Display Technologies,2210,2023-11-07,2023,DT-DYN-2S-360,1,Apex Technologies USA,Apex Technologies USA,Approved,Sales - Motorised On Wall Screens,Motorised On Wall Screens,5363.0,1,0
Display Technologies,2210,2023-11-07,2023,,1,Apex Technologies USA,Apex Technologies USA,Approved,Sales - Image Surfaces,Image Surfaces,450.0,1,0
Display Technologies,2210,2023-11-07,2023,,1,Apex Technologies USA,Apex Technologies USA,Approved,Sales - Others,Others,581.0,1,0
Display Technologies,2210,2023-11-07,2023,,0,Apex Technologies USA,Apex Technologies USA,Approved,,,0.0,1,0
Display Technologies,2212,2023-11-09,2023,,1,Apex Technologies USA,Apex Technologies USA,Approved,Sales - Motorised Mount Solutions,Motorised Mount Solutions,3468.0,1,0
Display Technologies,2213,2023-11-09,2023,DT-CNTP-450,1,Apex Technologies USA,Apex Technologies USA,Approved,Sales - Non Motorised On Wall Screens,Non Motorised On Wall Screens,1716.0,1,0
Display Technologies,2213,2023-11-09,2023,,1,Apex Technologies USA,Apex Technologies USA,Approved,Sales - Image Surfaces,Image Surfaces,472.0,1,0
Display Technologies,2213,2023-11-09,2023,,1,Apex Technologies USA,Apex Technologies USA,Approved,Sales - Others,Others,219.0,1,0
Display Technologies,2213,2023-11-09,2023,,0,Apex Technologies USA,Apex Technologies USA,Approved,,,0.0,1,0
Display Technologies,2212,2023-11-09,2023,,1,Apex Technologies USA,Apex Technologies USA,Approved,Sales - Mechanics,Mechanics,601.0,1,0
Display Technologies,2212,2023-11-09,2023,,1,Apex Technologies USA,Apex Technologies USA,Approved,Sales - Mistral,Mistral,429.0,1,0
Display Technologies,2212,2023-11-09,2023,,1,Apex Technologies USA,Apex Technologies USA,Approved,Sales - Others,Others,450.0,1,0
Display Technologies,2212,2023-11-09,2023,,0,Apex Technologies USA,Apex Technologies USA,Approved,,,0.0,1,0
Display Technologies,2211,2023-11-09,2023,,1,GR Media Solutions,GR Media Solutions,Paid,Sales - Motorised Mount Solutions,Motorised Mount Solutions,3000.0,1,0
Display Technologies,2211,2023-11-09,2023,,0,GR Media Solutions,GR Media Solutions,Paid,,,0.0,1,0
Display Technologies,2214,2023-11-10,2023,DT-DYN-4-XL-540,1,Apex Technologies USA,Apex Technologies USA,Approved,Sales - Motorised On Wall Screens,Motorised On Wall Screens,13170.0,1,0
Display Technologies,2214,2023-11-10,2023,,1,Apex Technologies USA,Apex Technologies USA,Approved,Sales - Image Surfaces,Image Surfaces,665.0,1,0
Display Technologies,2214,2023-11-10,2023,,1,Apex Technologies USA,Apex Technologies USA,Approved,Sales - Others,Others,1384.0,1,0
Display Technologies,2214,2023-11-10,2023,,0,Apex Technologies USA,Apex Technologies USA,Approved,,,0.0,1,0
Display Technologies,2218,2023-11-13,2023,,1,Apex Technologies USA,Apex Technologies USA,Approved,Sales - Image Surfaces,Image Surfaces,515.0,1,0
Display Technologies,2218,2023-11-13,2023,,1,Apex Technologies USA,Apex Technologies USA,Approved,Sales - Others,Others,51.0,1,0
Display Technologies,2217,2023-11-13,2023,,1,Meridian Audio Ltd,Meridian Audio Ltd,Approved,Sales - Others,Others,300.0,1,0
Display Technologies,2217,2023-11-13,2023,,0,Meridian Audio Ltd,Meridian Audio Ltd,Approved,,,0.0,1,0
Display Technologies,2218,2023-11-13,2023,,0,Apex Technologies USA,Apex Technologies USA,Approved,,,0.0,1,0
Display Technologies,2215,2023-11-13,2023,DT-FRNT-390,1,Apex Technologies USA,Apex Technologies USA,Paid,Sales - Non Motorised On Wall Screens,Non Motorised On Wall Screens,1695.0,1,0
Display Technologies,2215,2023-11-13,2023,,1,Apex Technologies USA,Apex Technologies USA,Paid,Sales - Image Surfaces,Image Surfaces,365.0,1,0
Display Technologies,2215,2023-11-13,2023,,1,Apex Technologies USA,Apex Technologies USA,Paid,Sales - Others,Others,206.0,1,0
Display Technologies,2216,2023-11-13,2023,,1,Apex Tech Scotland Ltd,Apex Tech Scotland Ltd,Paid,Sales - Motorised Mount Solutions,Motorised Mount Solutions,3715.0,1,1
Display Technologies,2216,2023-11-13,2023,,1,Apex Tech Scotland Ltd,Apex Tech Scotland Ltd,Paid,Sales - Mistral,Mistral,429.0,1,1
Display Technologies,2216,2023-11-13,2023,,2,Apex Tech Scotland Ltd,Apex Tech Scotland Ltd,Paid,Sales - Mechanics,Mechanics,1201.0,1,1
Display Technologies,2216,2023-11-13,2023,,0,Apex Tech Scotland Ltd,Apex Tech Scotland Ltd,Paid,,,0.0,1,1
Display Technologies,2217,2023-11-13,2023,,1,Meridian Audio Ltd,Meridian Audio Ltd,Approved,Sales - Others,Others,300.0,1,0
Display Technologies,2217,2023-11-13,2023,,0,Meridian Audio Ltd,Meridian Audio Ltd,Approved,,,0.0,1,0
Display Technologies,2215,2023-11-13,2023,DT-FRNT-390,1,Apex Technologies USA,Apex Technologies USA,Paid,Sales - Non Motorised On Wall Screens,Non Motorised On Wall Screens,1695.0,1,0
Display Technologies,2215,2023-11-13,2023,,1,Apex Technologies USA,Apex Technologies USA,Paid,Sales - Image Surfaces,Image Surfaces,365.0,1,0
Display Technologies,2215,2023-11-13,2023,,1,Apex Technologies USA,Apex Technologies USA,Paid,Sales - Others,Others,206.0,1,0
Display Technologies,2216,2023-11-13,2023,,2,Apex Tech Scotland Ltd,Apex Tech Scotland Ltd,Paid,Sales - Mechanics,Mechanics,1201.0,1,1
Display Technologies,2216,2023-11-13,2023,,0,Apex Tech Scotland Ltd,Apex Tech Scotland Ltd,Paid,,,0.0,1,1
Display Technologies,2218,2023-11-13,2023,,1,Apex Technologies USA,Apex Technologies USA,Paid,Sales - Image Surfaces,Image Surfaces,515.0,1,0
Display Technologies,2218,2023-11-13,2023,,1,Apex Technologies USA,Apex Technologies USA,Paid,Sales - Others,Others,51.0,1,0
Display Technologies,2218,2023-11-13,2023,,0,Apex Technologies USA,Apex Technologies USA,Paid,,,0.0,1,0
Display Technologies,2219,2023-11-15,2023,DT-FRNT-360,1,Apex Tech Scotland Ltd,Apex Tech Scotland Ltd,Approved,Sales - Non Motorised On Wall Screens,Non Motorised On Wall Screens,1502.0,1,1
Display Technologies,2219,2023-11-15,2023,,1,Apex Tech Scotland Ltd,Apex Tech Scotland Ltd,Approved,Sales - Image Surfaces,Image Surfaces,322.0,1,1
Display Technologies,2219,2023-11-15,2023,,0,Apex Tech Scotland Ltd,Apex Tech Scotland Ltd,Approved,,,0.0,1,1
Display Technologies,2221,2023-11-16,2023,DT-PHG-2,1,Apex Tech International Ltd,Apex Tech International Ltd,Approved,Sales - Port Hole Glass,Port Hole Glass,1287.0,1,1
Display Technologies,2221,2023-11-16,2023,,0,Apex Tech International Ltd,Apex Tech International Ltd,Approved,,,0.0,1,1
Display Technologies,2220,2023-11-16,2023,DT-HB-M,1,GR Media Solutions,GR Media Solutions,Paid,Sales - Mechanics,Mechanics,2360.0,1,0
Display Technologies,2220,2023-11-16,2023,DT-M-200,2,GR Media Solutions,GR Media Solutions,Paid,Sales - Mechanics,Mechanics,1201.0,1,0
Display Technologies,2220,2023-11-16,2023,,1,GR Media Solutions,GR Media Solutions,Paid,Sales - Mistral,Mistral,429.0,1,0
Display Technologies,2220,2023-11-16,2023,,0,GR Media Solutions,GR Media Solutions,Paid,,,0.0,1,0
Display Technologies,2222,2023-11-17,2023,DT-PHG-2,4,PM-ICT Solutions Ltd,PM-ICT Solutions Ltd,Paid,Sales - Port Hole Glass,Port Hole Glass,5148.0,1,0
Display Technologies,2222,2023-11-17,2023,,0,PM-ICT Solutions Ltd,PM-ICT Solutions Ltd,Paid,,,0.0,1,0
Display Technologies,2222,2023-11-17,2023,,0,PM-ICT Solutions Ltd,PM-ICT Solutions Ltd,Paid,,,0.0,1,0
Display Technologies,2223,2023-11-20,2023,,15,INT3 Limited,INT3 Limited,Approved,Sales - Others,Others,1080.0,1,0
Display Technologies,2223,2023-11-20,2023,,13,INT3 Limited,INT3 Limited,Approved,Sales - Others,Others,936.0,1,0
Display Technologies,INV-0610,2023-11-20,2023,,1,INT3 Limited,INT3 Limited,Paid,Sales - Other Screens,Other Screens,1516.0,1,0
Display Technologies,INV-0610,2023-11-20,2023,,1,INT3 Limited,INT3 Limited,Paid,Sales - Others,Others,3407.0,1,0
Display Technologies,INV-0611,2023-11-20,2023,,1,P Farrow & Sons Ltd,P Farrow & Sons Ltd,Paid,Other Revenue,Other Revenue,540.0,0,0
Display Technologies,2224,2023-11-29,2023,,1,Apex Technologies USA,Apex Technologies USA,Paid,Sales - Mistral,Mistral,686.0,1,0
Display Technologies,2224,2023-11-29,2023,,1,Apex Technologies USA,Apex Technologies USA,Paid,Sales - Others,Others,69.0,1,0
Display Technologies,2224,2023-11-29,2023,,0,Apex Technologies USA,Apex Technologies USA,Paid,,,0.0,1,0
Display Technologies,INV-0612,2023-11-30,2023,,1,Apex Tech Scotland Ltd,Apex Tech Scotland Ltd,Paid,Wages Payable - Payroll,Wages Payable - Payroll,1300.0,0,1
Display Technologies,INV-0614,2023-12-01,2023,,1,INT3 Limited,INT3 Limited,Paid,Sales - Others,Others,874.0,1,0
Display Technologies,INV-0615,2023-12-01,2023,,24,Cinema Acoustic Treatment Systems Ltd,Cinema Acoustic Treatment Systems Ltd,Paid,Sales - Others,Others,576.0,1,0
Display Technologies,INV-0616,2023-12-05,2023,,1,Apex Tech Scotland Ltd,Apex Tech Scotland Ltd,Paid,Sales - Others,Others,515.0,1,1
Display Technologies,2225,2023-12-07,2023,,1,TecTrade Brun,TecTrade Brun,Paid,Sales - Other Screens,Other Screens,293.0,1,0
Display Technologies,2225,2023-12-07,2023,,1,TecTrade Brun,TecTrade Brun,Paid,Sales - Non Motorised Mount Solutions,Non Motorised Mount Solutions,1073.0,1,0
Display Technologies,2225,2023-12-07,2023,,1,TecTrade Brun,TecTrade Brun,Paid,Sales - Other Screens,Other Screens,585.0,1,0
Display Technologies,2225,2023-12-07,2023,,1,TecTrade Brun,TecTrade Brun,Paid,Sales - Mistral,Mistral,390.0,1,0
Display Technologies,2225,2023-12-07,2023,,0,TecTrade Brun,TecTrade Brun,Paid,,,0.0,1,0
Display Technologies,2227,2023-12-11,2023,,1,Apex Tech International Ltd,Apex Tech International Ltd,Paid,Sales - Non Motorised Mount Solutions,Non Motorised Mount Solutions,400.0,1,1
Display Technologies,2227,2023-12-11,2023,,0,Apex Tech International Ltd,Apex Tech International Ltd,Paid,,,0.0,1,1
Display Technologies,2228,2023-12-11,2023,DT-FRNT-450,1,Meridian Audio Ltd,Meridian Audio Ltd,Paid,Sales - Non Motorised On Wall Screens,Non Motorised On Wall Screens,2145.0,1,0
Display Technologies,2228,2023-12-11,2023,,1,Meridian Audio Ltd,Meridian Audio Ltd,Paid,Sales - Image Surfaces,Image Surfaces,472.0,1,0
Display Technologies,2228,2023-12-11,2023,,1,Meridian Audio Ltd,Meridian Audio Ltd,Paid,Sales - Motorised Mount Solutions,Motorised Mount Solutions,3217.0,1,0
Display Technologies,2228,2023-12-11,2023,,0,Meridian Audio Ltd,Meridian Audio Ltd,Paid,,,0.0,1,0
Display Technologies,INV-0617,2023-12-11,2023,,1,P Farrow & Sons Ltd,P Farrow & Sons Ltd,Paid,Other Revenue,Other Revenue,193.0,0,0
Display Technologies,2230,2023-12-18,2023,,1,Screen Innovations,Screen Innovations,Paid,Sales - Motorised On Wall Screens,Motorised On Wall Screens,5942.0,1,0
Display Technologies,2230,2023-12-18,2023,,1,Screen Innovations,Screen Innovations,Paid,Sales - Image Surfaces,Image Surfaces,365.0,1,0
Display Technologies,2230,2023-12-18,2023,,1,Screen Innovations,Screen Innovations,Paid,Sales - Motorised On Wall Screens,Motorised On Wall Screens,-3153.0,1,0
Display Technologies,2231,2023-12-18,2023,DT-DYN-2S-360,1,INT3 Limited,INT3 Limited,Paid,Sales - Motorised On Wall Screens,Motorised On Wall Screens,500.0,1,0
Display Technologies,2231,2023-12-18,2023,,0,INT3 Limited,INT3 Limited,Paid,,,0.0,1,0
Display Technologies,2233,2023-12-20,2023,,1,INT3 Limited,INT3 Limited,Paid,Sales - Image Surfaces,Image Surfaces,302.0,1,0
Display Technologies,2233,2023-12-20,2023,,0,INT3 Limited,INT3 Limited,Paid,,,0.0,1,0
Display Technologies,2234,2023-12-28,2023,,1,Apex Technologies USA,Apex Technologies USA,Paid,Sales - Image Surfaces,Image Surfaces,803.0,1,0
Display Technologies,2234,2023-12-28,2023,,1,Apex Technologies USA,Apex Technologies USA,Paid,Sales - Others,Others,80.0,1,0
Display Technologies,2235,2023-12-29,2023,,1,Apex Technologies USA,Apex Technologies USA,Paid,Sales - Non Motorised On Wall Screens,Non Motorised On Wall Screens,1909.0,1,0
Display Technologies,2235,2023-12-29,2023,,1,Apex Technologies USA,Apex Technologies USA,Paid,Sales - Image Surfaces,Image Surfaces,408.0,1,0
Display Technologies,2235,2023-12-29,2023,,1,Apex Technologies USA,Apex Technologies USA,Paid,Sales - Others,Others,232.0,1,0
Display Technologies,INV-0618,2023-12-29,2023,,1,Apex Tech Scotland Ltd,Apex Tech Scotland Ltd,Paid,Sales - Others,Others,622.0,1,1
Display Technologies,INV-0619,2024-01-01,2024,,1,INT3 Limited,INT3 Limited,Paid,Sales - Others,Others,874.0,1,0
Display Technologies,2236,2024-01-03,2024,,1,Apex Technologies USA,Apex Technologies USA,Paid,Sales - Other Screens,Other Screens,344.0,1,0
Display Technologies,2236,2024-01-03,2024,,1,Apex Technologies USA,Apex Technologies USA,Paid,Sales - Others,Others,34.0,1,0
Display Technologies,2236,2024-01-03,2024,,0,Apex Technologies USA,Apex Technologies USA,Paid,,,0.0,1,0
Display Technologies,2237,2024-01-05,2024,,1,GR Media Solutions,GR Media Solutions,Paid,Sales - Other Screens,Other Screens,13835.0,1,0
Display Technologies,2237,2024-01-05,2024,,1,GR Media Solutions,GR Media Solutions,Paid,Sales - Hush Boxes,Hush Boxes,4485.0,1,0
Display Technologies,2237,2024-01-05,2024,,2,GR Media Solutions,GR Media Solutions,Paid,Sales - Mistral,Mistral,1373.0,1,0
Display Technologies,2237,2024-01-05,2024,,1,GR Media Solutions,GR Media Solutions,Paid,Sales - Mistral,Mistral,390.0,1,0
Display Technologies,2237,2024-01-05,2024,,0,GR Media Solutions,GR Media Solutions,Paid,,,0.0,1,0
Display Technologies,2239,2024-01-05,2024,DT-PHG-1,1,GR Media Solutions,GR Media Solutions,Paid,Sales - Port Hole Glass,Port Hole Glass,1073.0,1,0
Display Technologies,2239,2024-01-05,2024,,0,GR Media Solutions,GR Media Solutions,Paid,,,0.0,1,0
Display Technologies,2238,2024-01-05,2024,DT-DYN-2S-510,1,GR Media Solutions,GR Media Solutions,Paid,Sales - Motorised On Wall Screens,Motorised On Wall Screens,8923.0,1,0
Display Technologies,2238,2024-01-05,2024,,1,GR Media Solutions,GR Media Solutions,Paid,Sales - Image Surfaces,Image Surfaces,601.0,1,0
Display Technologies,2238,2024-01-05,2024,,1,GR Media Solutions,GR Media Solutions,Paid,Sales - Port Hole Glass,Port Hole Glass,1073.0,1,0
Display Technologies,2238,2024-01-05,2024,,0,GR Media Solutions,GR Media Solutions,Paid,,,0.0,1,0
Display Technologies,2240,2024-01-06,2024,,5,Zene Private Theater,Zene Private Theater,Paid,Sales - Others,Others,3214.0,1,0
Display Technologies,2242,2024-01-08,2024,DT-FRNT-360,1,Apex Technologies USA,Apex Technologies USA,Paid,Sales - Non Motorised On Wall Screens,Non Motorised On Wall Screens,1951.0,1,0
Display Technologies,2242,2024-01-08,2024,,1,Apex Technologies USA,Apex Technologies USA,Paid,Sales - Others,Others,195.0,1,0
Display Technologies,2242,2024-01-08,2024,,0,Apex Technologies USA,Apex Technologies USA,Paid,,,0.0,1,0
Display Technologies,2243,2024-01-11,2024,DT-PHG-2,1,SRND Group Ltd,SRND Group Ltd,Paid,Sales - Port Hole Glass,Port Hole Glass,1378.0,1,1
Display Technologies,2243,2024-01-11,2024,,0,SRND Group Ltd,SRND Group Ltd,Paid,,,0.0,1,1
Display Technologies,INV-0621,2024-01-11,2024,,1,Apex Tech Scotland Ltd,Apex Tech Scotland Ltd,Paid,Sales - Others,Others,800.0,1,1
Display Technologies,INV-0621,2024-01-11,2024,,1,Apex Tech Scotland Ltd,Apex Tech Scotland Ltd,Paid,Sales - Others,Others,388.0,1,1
Display Technologies,2244,2024-01-12,2024,,1,SRND Group Ltd,SRND Group Ltd,Paid,Sales - Non Motorised Mount Solutions,Non Motorised Mount Solutions,1187.0,1,1
Display Technologies,2244,2024-01-12,2024,,0,SRND Group Ltd,SRND Group Ltd,Paid,,,0.0,1,1
Display Technologies,2246,2024-01-16,2024,DT-DYN-2S-480,1,National AV Solutions Pty Ltd,National AV Solutions Pty Ltd,Paid,Sales - Motorised On Wall Screens,Motorised On Wall Screens,9204.0,1,0
Display Technologies,2246,2024-01-16,2024,,0,National AV Solutions Pty Ltd,National AV Solutions Pty Ltd,Paid,,,0.0,1,0
Display Technologies,2247,2024-01-18,2024,DT-HB-M,1,SRND Group Ltd,SRND Group Ltd,Paid,Sales - Mechanics,Mechanics,2525.0,1,1
Display Technologies,2247,2024-01-18,2024,,0,SRND Group Ltd,SRND Group Ltd,Paid,,,0.0,1,1
Display Technologies,2248,2024-01-22,2024,DT-PHG-1,1,Apex Technologies USA,Apex Technologies USA,Paid,Sales - Port Hole Glass,Port Hole Glass,643.0,1,0
Display Technologies,2248,2024-01-22,2024,,1,Apex Technologies USA,Apex Technologies USA,Paid,Sales - Others,Others,64.0,1,0
Display Technologies,2248,2024-01-22,2024,,0,Apex Technologies USA,Apex Technologies USA,Paid,,,0.0,1,0
Display Technologies,2249,2024-01-22,2024,DT-PHG-2,1,SRND Group Ltd,SRND Group Ltd,Paid,Sales - Port Hole Glass,Port Hole Glass,1378.0,1,1
Display Technologies,2249,2024-01-22,2024,,0,SRND Group Ltd,SRND Group Ltd,Paid,,,0.0,1,1
Display Technologies,2250,2024-01-24,2024,DT-DYN-2S-450,1,Apex Technologies USA,Apex Technologies USA,Paid,Sales - Motorised On Wall Screens,Motorised On Wall Screens,8286.0,1,0
Display Technologies,2250,2024-01-24,2024,,1,Apex Technologies USA,Apex Technologies USA,Paid,Sales - Others,Others,829.0,1,0
Display Technologies,2250,2024-01-24,2024,,0,Apex Technologies USA,Apex Technologies USA,Paid,,,0.0,1,0
Display Technologies,2252,2024-01-26,2024,DT-PHG-2,1,Prime Theaters,Prime Theaters,Paid,Sales - Port Hole Glass,Port Hole Glass,1377.0,1,0
Display Technologies,2252,2024-01-26,2024,,0,Prime Theaters,Prime Theaters,Paid,,,0.0,1,0
Display Technologies,2257,2024-02-01,2024,DT-HB-M,1,GR Media Solutions,GR Media Solutions,Approved,Sales - Mechanics,Mechanics,2525.0,1,0
Display Technologies,INV-0624,2024-02-01,2024,,1,INT3 Limited,INT3 Limited,Approved,Sales - Others,Others,874.0,1,0
Display Technologies,2257,2024-02-01,2024,DT-M-C,1,GR Media Solutions,GR Media Solutions,Approved,Sales - Mechanics,Mechanics,475.0,1,0
Display Technologies,2257,2024-02-01,2024,DT-M-200,2,GR Media Solutions,GR Media Solutions,Approved,Sales - Mechanics,Mechanics,1330.0,1,0
Display Technologies,2257,2024-02-01,2024,,0,GR Media Solutions,GR Media Solutions,Approved,,,0.0,1,0
Display Technologies,2253,2024-02-01,2024,,1,SRND Group Ltd,SRND Group Ltd,Paid,Sales - Mechanics,Mechanics,500.0,1,1
Display Technologies,2253,2024-02-01,2024,,0,SRND Group Ltd,SRND Group Ltd,Paid,,,0.0,1,1
Display Technologies,2254,2024-02-01,2024,,1,SRND Group Ltd,SRND Group Ltd,Paid,Sales - Non Motorised Mount Solutions,Non Motorised Mount Solutions,1187.0,1,1
Display Technologies,2254,2024-02-01,2024,,0,SRND Group Ltd,SRND Group Ltd,Paid,,,0.0,1,1
Display Technologies,2255,2024-02-01,2024,DT-FRNT-360,1,Apex Technologies USA,Apex Technologies USA,Paid,Sales - Non Motorised On Wall Screens,Non Motorised On Wall Screens,1951.0,1,0
Display Technologies,2255,2024-02-01,2024,,1,Apex Technologies USA,Apex Technologies USA,Paid,Sales - Others,Others,195.0,1,0
Display Technologies,2255,2024-02-01,2024,,0,Apex Technologies USA,Apex Technologies USA,Paid,,,0.0,1,0
Display Technologies,2256,2024-02-01,2024,,1,Apex Technologies USA,Apex Technologies USA,Paid,Sales - Other Screens,Other Screens,356.0,1,0
Display Technologies,2256,2024-02-01,2024,,1,Apex Technologies USA,Apex Technologies USA,Paid,Sales - Others,Others,36.0,1,0
Display Technologies,2256,2024-02-01,2024,,0,Apex Technologies USA,Apex Technologies USA,Paid,,,0.0,1,0
Display Technologies,2259,2024-02-14,2024,,1,GR Media Solutions,GR Media Solutions,Paid,Sales - Others,Others,1558.0,1,0
Display Technologies,2259,2024-02-14,2024,,0,GR Media Solutions,GR Media Solutions,Paid,,,0.0,1,0
Display Technologies,2260,2024-02-15,2024,,1,Apex Technologies USA,Apex Technologies USA,Paid,Sales - Image Surfaces,Image Surfaces,344.0,1,0
Display Technologies,2260,2024-02-15,2024,,1,Apex Technologies USA,Apex Technologies USA,Paid,Sales - Others,Others,34.0,1,0
Display Technologies,2260,2024-02-15,2024,,0,Apex Technologies USA,Apex Technologies USA,Paid,,,0.0,1,0
Display Technologies,2261,2024-02-16,2024,,9,SRND Group Ltd,SRND Group Ltd,Paid,Sales - Others,Others,1170.0,1,1
Display Technologies,2261,2024-02-16,2024,,0,SRND Group Ltd,SRND Group Ltd,Paid,,,0.0,1,1
Display Technologies,2262,2024-02-19,2024,DT-DYN-2TB-420,1,Apex Technologies USA,Apex Technologies USA,Paid,Sales - Motorised On Wall Screens,Motorised On Wall Screens,7735.0,1,0
Display Technologies,2262,2024-02-19,2024,,1,Apex Technologies USA,Apex Technologies USA,Paid,Sales - Others,Others,774.0,1,0
Display Technologies,2262,2024-02-19,2024,,0,Apex Technologies USA,Apex Technologies USA,Paid,,,0.0,1,0
Display Technologies,2263,2024-02-19,2024,DT-FRNT-390,1,Apex Technologies USA,Apex Technologies USA,Paid,Sales - Non Motorised On Wall Screens,Non Motorised On Wall Screens,2204.0,1,0
Display Technologies,2263,2024-02-19,2024,,1,Apex Technologies USA,Apex Technologies USA,Paid,Sales - Others,Others,220.0,1,0
Display Technologies,2263,2024-02-19,2024,,0,Apex Technologies USA,Apex Technologies USA,Paid,,,0.0,1,0
Display Technologies,2264,2024-02-20,2024,DT-HB-L,1,Prime Theaters,Prime Theaters,Paid,Sales - Mechanics,Mechanics,4290.0,1,0
Display Technologies,2264,2024-02-20,2024,DT-M-C,1,Prime Theaters,Prime Theaters,Paid,Sales - Mechanics,Mechanics,475.0,1,0
Display Technologies,2264,2024-02-20,2024,DT-M-250,2,Prime Theaters,Prime Theaters,Paid,Sales - Mechanics,Mechanics,1520.0,1,0
Display Technologies,2264,2024-02-20,2024,,0,Prime Theaters,Prime Theaters,Paid,,,0.0,1,0
Display Technologies,2265,2024-02-22,2024,DT-DYN-2S-330,1,National AV Solutions Pty Ltd,National AV Solutions Pty Ltd,Paid,Sales - Motorised On Wall Screens,Motorised On Wall Screens,5440.0,1,0
Display Technologies,2265,2024-02-22,2024,,0,National AV Solutions Pty Ltd,National AV Solutions Pty Ltd,Paid,,,0.0,1,0
Display Technologies,2266,2024-02-23,2024,DT-CNTP-360,1,Apex Technologies USA,Apex Technologies USA,Paid,Sales - Others,Others,1653.0,1,0
Display Technologies,2266,2024-02-23,2024,,1,Apex Technologies USA,Apex Technologies USA,Paid,Sales - Others,Others,165.0,1,0
Display Technologies,2266,2024-02-23,2024,,0,Apex Technologies USA,Apex Technologies USA,Paid,,,0.0,1,0
Display Technologies,2267,2024-02-23,2024,DT-PHG-1,1,Prestige Distribution France,Prestige Distribution France,Paid,Sales - Port Hole Glass,Port Hole Glass,1148.0,1,0
Display Technologies,2267,2024-02-23,2024,,0,Prestige Distribution France,Prestige Distribution France,Paid,,,0.0,1,0
Display Technologies,2268,2024-02-23,2024,DT-DYN-4-420,1,SRND Group Ltd,SRND Group Ltd,Paid,Sales - Motorised On Wall Screens,Motorised On Wall Screens,9548.0,1,1
Display Technologies,2268,2024-02-23,2024,,1,SRND Group Ltd,SRND Group Ltd,Paid,Sales - Mechanics,Mechanics,645.0,1,1
Display Technologies,CN-0625,2024-02-27,2024,,-1,PM-ICT Solutions Ltd,PM-ICT Solutions Ltd,Paid,Sales - Motorised On Wall Screens,Motorised On Wall Screens,-9126.0,1,0
Display Technologies,CN-0625,2024-02-27,2024,,-1,PM-ICT Solutions Ltd,PM-ICT Solutions Ltd,Paid,Sales - Image Surfaces,Image Surfaces,-605.0,1,0
Display Technologies,CN-0625,2024-02-27,2024,,0,PM-ICT Solutions Ltd,PM-ICT Solutions Ltd,Paid,,,0.0,1,0
Display Technologies,CN-0625,2024-02-27,2024,,0,PM-ICT Solutions Ltd,PM-ICT Solutions Ltd,Paid,,,0.0,1,0
Display Technologies,INV-0627,2024-03-01,2024,,1,INT3 Limited,INT3 Limited,Approved,Sales - Others,Others,874.0,1,0
Display Technologies,2272,2024-03-06,2024,,1,Apex Technologies USA,Apex Technologies USA,Paid,Sales - Others,Others,250.0,1,0
Display Technologies,2272,2024-03-06,2024,,1,Apex Technologies USA,Apex Technologies USA,Paid,Sales - Others,Others,25.0,1,0
Display Technologies,2272,2024-03-06,2024,,0,Apex Technologies USA,Apex Technologies USA,Paid,,,0.0,1,0
Display Technologies,2273,2024-03-07,2024,DT-FRNT-660,1,AV Nirvana India,AV Nirvana India,Paid,Sales - Non Motorised On Wall Screens,Non Motorised On Wall Screens,6312.0,1,0
Display Technologies,2273,2024-03-07,2024,,0,AV Nirvana India,AV Nirvana India,Paid,,,0.0,1,0
Display Technologies,2274,2024-03-07,2024,DT-FRNT-390,1,AV Nirvana India,AV Nirvana India,Paid,Sales - Non Motorised On Wall Screens,Non Motorised On Wall Screens,2204.0,1,0
Display Technologies,2274,2024-03-07,2024,,0,AV Nirvana India,AV Nirvana India,Paid,,,0.0,1,0
Display Technologies,2275,2024-03-08,2024,DT-PHG-2,1,SRND Group Ltd,SRND Group Ltd,Paid,Sales - Port Hole Glass,Port Hole Glass,975.0,1,1
Display Technologies,2275,2024-03-08,2024,,0,SRND Group Ltd,SRND Group Ltd,Paid,,,0.0,1,1
Display Technologies,2277,2024-03-11,2024,,1,Prime Theaters,Prime Theaters,Paid,Sales - Non Motorised Mount Solutions,Non Motorised Mount Solutions,2137.0,1,0
Display Technologies,2277,2024-03-11,2024,,0,Prime Theaters,Prime Theaters,Paid,,,0.0,1,0
Display Technologies,2276,2024-03-11,2024,,1,Prestige Distribution France,Prestige Distribution France,Paid,Sales - Other Screens,Other Screens,706.0,1,0
Display Technologies,2276,2024-03-11,2024,,0,Prestige Distribution France,Prestige Distribution France,Paid,,,0.0,1,0
Display Technologies,INV-0628,2024-03-11,2024,,1,P Farrow & Sons Ltd,P Farrow & Sons Ltd,Paid,Other Revenue,Other Revenue,540.0,0,0
Display Technologies,2279,2024-03-12,2024,DT-PHG-1,1,GR Media Solutions,GR Media Solutions,Approved,Sales - Port Hole Glass,Port Hole Glass,1148.0,1,0
Display Technologies,2279,2024-03-12,2024,,0,GR Media Solutions,GR Media Solutions,Approved,,,0.0,1,0
Display Technologies,2278,2024-03-12,2024,DT-FRNT-300,1,Prestige Distribution France,Prestige Distribution France,Paid,Sales - Non Motorised On Wall Screens,Non Motorised On Wall Screens,1515.0,1,0
Display Technologies,2278,2024-03-12,2024,,0,Prestige Distribution France,Prestige Distribution France,Paid,,,0.0,1,0
Display Technologies,CN-0629,2024-03-12,2024,DT-PHG-1,-1,GR Media Solutions,GR Media Solutions,Approved,Sales - Port Hole Glass,Port Hole Glass,-1073.0,1,0
Display Technologies,CN-0629,2024-03-12,2024,,-1,GR Media Solutions,GR Media Solutions,Approved,Sales - Port Hole Glass,Port Hole Glass,643.0,1,0
Display Technologies,2280,2024-03-18,2024,,1,GR Media Solutions,GR Media Solutions,Approved,Sales - Motorised Mount Solutions,Motorised Mount Solutions,3315.0,1,0
Display Technologies,2280,2024-03-18,2024,,0,GR Media Solutions,GR Media Solutions,Approved,,,0.0,1,0
Display Technologies,2282,2024-03-20,2024,,2,INT3 Limited,INT3 Limited,Approved,Sales - Others,Others,217.0,1,0
Display Technologies,2281,2024-03-20,2024,,2,INT3 Limited,INT3 Limited,Approved,Sales - Image Surfaces,Image Surfaces,270.0,1,0
Display Technologies,2281,2024-03-20,2024,,0,INT3 Limited,INT3 Limited,Approved,,,0.0,1,0
Display Technologies,2282,2024-03-20,2024,,2,INT3 Limited,INT3 Limited,Approved,Sales - Others,Others,217.0,1,0
Display Technologies,2285,2024-03-20,2024,DT-FRNT-270,1,Apex Technologies USA,Apex Technologies USA,Paid,Sales - Non Motorised On Wall Screens,Non Motorised On Wall Screens,1354.0,1,0
Display Technologies,2285,2024-03-20,2024,,1,Apex Technologies USA,Apex Technologies USA,Paid,Sales - Others,Others,135.0,1,0
Display Technologies,2285,2024-03-20,2024,,0,Apex Technologies USA,Apex Technologies USA,Paid,,,0.0,1,0
Display Technologies,2283,2024-03-20,2024,,3,Apex Technologies USA,Apex Technologies USA,Paid,Sales - Others,Others,150.0,1,0
Display Technologies,2283,2024-03-20,2024,,1,Apex Technologies USA,Apex Technologies USA,Paid,Sales - Others,Others,15.0,1,0
Display Technologies,2283,2024-03-20,2024,,0,Apex Technologies USA,Apex Technologies USA,Paid,,,0.0,1,0
Display Technologies,2284,2024-03-20,2024,DT-FRNT-390,1,Apex Technologies USA,Apex Technologies USA,Paid,Sales - Non Motorised On Wall Screens,Non Motorised On Wall Screens,2204.0,1,0
Display Technologies,2284,2024-03-20,2024,,1,Apex Technologies USA,Apex Technologies USA,Paid,Sales - Non Motorised Mount Solutions,Non Motorised Mount Solutions,2137.0,1,0
Display Technologies,2284,2024-03-20,2024,,1,Apex Technologies USA,Apex Technologies USA,Paid,Sales - Others,Others,434.0,1,0
Display Technologies,2284,2024-03-20,2024,,0,Apex Technologies USA,Apex Technologies USA,Paid,,,0.0,1,0
Display Technologies,2283,2024-03-20,2024,,0,Apex Technologies USA,Apex Technologies USA,Paid,,,0.0,1,0
Display Technologies,2286,2024-03-25,2024,DT-CNTP-270,1,SRND Group Ltd,SRND Group Ltd,Paid,Sales - Non Motorised On Wall Screens,Non Motorised On Wall Screens,1125.0,1,1
Display Technologies,2286,2024-03-25,2024,,0,SRND Group Ltd,SRND Group Ltd,Paid,,,0.0,1,1
Display Technologies,2271,2024-03-28,2024,,1,SRND Group Ltd,SRND Group Ltd,Paid,Sales - Mechanics,Mechanics,6397.0,1,1
Display Technologies,INV-0631,2024-04-01,2024,,1,INT3 Limited,INT3 Limited,Approved,Sales - Others,Others,874.0,1,0
Display Technologies,2289,2024-04-04,2024,,1,Apex Technologies USA LLC,Apex Technologies USA,Paid,Sales - Non Motorised On Wall Screens,Non Motorised On Wall Screens,2617.0,1,0
Display Technologies,2289,2024-04-04,2024,,1,Apex Technologies USA LLC,Apex Technologies USA,Paid,Sales - Others,Others,263.0,1,0
Display Technologies,2288,2024-04-04,2024,DT-M-250,2,Apex Technologies USA LLC,Apex Technologies USA,Paid,Sales - Mechanics,Mechanics,1520.0,1,0
Display Technologies,2288,2024-04-04,2024,,1,Apex Technologies USA LLC,Apex Technologies USA,Paid,Sales - Others,Others,76.0,1,0
Display Technologies,2290,2024-04-08,2024,DT-HB-L,1,SOundClub Sp. z o.o.,SOundClub Sp. z o.o.,Paid,Sales - Mechanics,Mechanics,3964.0,1,0
Display Technologies,2290,2024-04-08,2024,,1,SOundClub Sp. z o.o.,SOundClub Sp. z o.o.,Paid,Sales - Mistral,Mistral,475.0,1,0
Display Technologies,2290,2024-04-08,2024,,2,SOundClub Sp. z o.o.,SOundClub Sp. z o.o.,Paid,Sales - Mistral,Mistral,1520.0,1,0
Display Technologies,2290,2024-04-08,2024,,0,SOundClub Sp. z o.o.,SOundClub Sp. z o.o.,Paid,,,0.0,1,0
Display Technologies,2291,2024-04-09,2024,,1,SRND Group Ltd,SRND Group Ltd,Paid,Sales - Mechanics,Mechanics,536.0,1,1
Display Technologies,2291,2024-04-09,2024,,2,SRND Group Ltd,SRND Group Ltd,Paid,Sales - Mechanics,Mechanics,3847.0,1,1
Display Technologies,INV-0634,2024-04-10,2024,,1,HMRC,HMRC,Paid,VAT,VAT,20033.0,0,0
Display Technologies,2293,2024-04-10,2024,DT-DYN-2TB-420,1,Apex Technologies USA LLC,Apex Technologies USA,Paid,Sales - Motorised On Wall Screens,Motorised On Wall Screens,7735.0,1,0
Display Technologies,2293,2024-04-10,2024,,1,Apex Technologies USA LLC,Apex Technologies USA,Paid,Sales - Others,Others,774.0,1,0
Display Technologies,2293,2024-04-10,2024,,0,Apex Technologies USA LLC,Apex Technologies USA,Paid,,,0.0,1,0
Display Technologies,2295,2024-04-12,2024,DT-PHG-1,1,Prime Theaters,Prime Theaters,Paid,Sales - Port Hole Glass,Port Hole Glass,1148.0,1,0
Display Technologies,2295,2024-04-12,2024,,0,Prime Theaters,Prime Theaters,Paid,,,0.0,1,0
Display Technologies,2296,2024-04-12,2024,,1,Apex Technologies USA LLC,Apex Technologies USA,Paid,Sales - Others,Others,100.0,1,0
Display Technologies,2296,2024-04-12,2024,,1,Apex Technologies USA LLC,Apex Technologies USA,Paid,Sales - Others,Others,10.0,1,0
Display Technologies,2296,2024-04-12,2024,,0,Apex Technologies USA LLC,Apex Technologies USA,Paid,,,0.0,1,0
Display Technologies,2294,2024-04-12,2024,DT-MMD,1,AV Nirvana India,AV Nirvana India,Paid,Sales - Motorised Mount Solutions,Motorised Mount Solutions,6079.0,1,0
Display Technologies,2294,2024-04-12,2024,,0,AV Nirvana India,AV Nirvana India,Paid,,,0.0,1,0
Display Technologies,2297,2024-04-16,2024,DT-FRNT-360,1,GR Media Solutions,GR Media Solutions,Paid,Sales - Non Motorised On Wall Screens,Non Motorised On Wall Screens,1951.0,1,0
Display Technologies,INV-0635,2024-04-22,2024,,1,P Farrow & Sons Ltd,P Farrow & Sons Ltd,Paid,Other Revenue,Other Revenue,9.0,0,0
Display Technologies,INV-0635,2024-04-22,2024,,1,P Farrow & Sons Ltd,P Farrow & Sons Ltd,Paid,Other Revenue,Other Revenue,52.0,0,0
Display Technologies,2299,2024-04-24,2024,DT-FRNT-390,1,Deco 2000 Co. Ltd.,Deco 2000 Co. Ltd.,Paid,Sales - Non Motorised On Wall Screens,Non Motorised On Wall Screens,2204.0,1,0
Display Technologies,2299,2024-04-24,2024,,0,Deco 2000 Co. Ltd.,Deco 2000 Co. Ltd.,Paid,,,0.0,1,0
Display Technologies,2302,2024-04-24,2024,DT-MMD,1,SRND Group Ltd,SRND Group Ltd,Paid,Sales - Motorised Mount Solutions,Motorised Mount Solutions,3562.0,1,1
Display Technologies,2302,2024-04-24,2024,,0,SRND Group Ltd,SRND Group Ltd,Paid,,,0.0,1,1
Display Technologies,2304,2024-04-24,2024,,0,Apex Technologies USA LLC,Apex Technologies USA,Paid,,,0.0,1,0
Display Technologies,2305,2024-04-24,2024,DT-PHG-2,1,Apex Technologies USA LLC,Apex Technologies USA,Paid,Sales - Port Hole Glass,Port Hole Glass,1377.0,1,0
Display Technologies,2305,2024-04-24,2024,,1,Apex Technologies USA LLC,Apex Technologies USA,Paid,Sales - Others,Others,138.0,1,0
Display Technologies,2300,2024-04-24,2024,DT-PHG-2,1,Prime Theaters,Prime Theaters,Paid,Sales - Port Hole Glass,Port Hole Glass,1377.0,1,0
Display Technologies,2300,2024-04-24,2024,,0,Prime Theaters,Prime Theaters,Paid,,,0.0,1,0
Display Technologies,2301,2024-04-24,2024,DT-PHG-1,1,SRND Group Ltd,SRND Group Ltd,Paid,Sales - Port Hole Glass,Port Hole Glass,1147.0,1,1
Display Technologies,2301,2024-04-24,2024,,0,SRND Group Ltd,SRND Group Ltd,Paid,,,0.0,1,1
Display Technologies,2303,2024-04-24,2024,DT-CNTP-270,1,Prestige Distribution France,Prestige Distribution France,Paid,Sales - Non Motorised On Wall Screens,Non Motorised On Wall Screens,1406.0,1,0
Display Technologies,2303,2024-04-24,2024,,0,Prestige Distribution France,Prestige Distribution France,Paid,,,0.0,1,0
Display Technologies,2304,2024-04-24,2024,DT-FRNT-330,1,Apex Technologies USA LLC,Apex Technologies USA,Paid,Sales - Non Motorised On Wall Screens,Non Motorised On Wall Screens,1722.0,1,0
Display Technologies,2304,2024-04-24,2024,,1,Apex Technologies USA LLC,Apex Technologies USA,Paid,Sales - Other Screens,Other Screens,356.0,1,0
Display Technologies,2304,2024-04-24,2024,,1,Apex Technologies USA LLC,Apex Technologies USA,Paid,Sales - Others,Others,208.0,1,0
Display Technologies,2306,2024-04-30,2024,,2,Zene Private Theater,Zene Private Theater,Paid,Sales - Others,Others,1424.0,1,0
Display Technologies,2306,2024-04-30,2024,,0,Zene Private Theater,Zene Private Theater,Paid,,,0.0,1,0
Display Technologies,2307,2024-04-30,2024,,1,SRND Group Ltd,SRND Group Ltd,Paid,Sales - Mechanics,Mechanics,505.0,1,1
Display Technologies,2307,2024-04-30,2024,,1,SRND Group Ltd,SRND Group Ltd,Paid,Sales - Mechanics,Mechanics,25.0,1,1
Display Technologies,2307,2024-04-30,2024,,0,SRND Group Ltd,SRND Group Ltd,Paid,,,0.0,1,1
Display Technologies,2307,2024-04-30,2024,,0,SRND Group Ltd,SRND Group Ltd,Paid,,,0.0,1,1
Display Technologies,INV-0637,2024-05-01,2024,,1,INT3 Limited,INT3 Limited,Paid,Sales - Others,Others,874.0,1,0
Display Technologies,INV-0638,2024-05-07,2024,,1,P Farrow & Sons Ltd,P Farrow & Sons Ltd,Paid,Other Revenue,Other Revenue,436.0,0,0
Display Technologies,2308,2024-05-07,2024,DT-FRNT-420,1,Apex Technologies USA LLC,Apex Technologies USA,Paid,Sales - Non Motorised On Wall Screens,Non Motorised On Wall Screens,2479.0,1,0
Display Technologies,2308,2024-05-07,2024,DT-CM,1,Apex Technologies USA LLC,Apex Technologies USA,Paid,Sales - Non Motorised Mount Solutions,Non Motorised Mount Solutions,356.0,1,0
Display Technologies,2308,2024-05-07,2024,,1,Apex Technologies USA LLC,Apex Technologies USA,Paid,Sales - Others,Others,284.0,1,0
Display Technologies,2308,2024-05-07,2024,,0,Apex Technologies USA LLC,Apex Technologies USA,Paid,,,0.0,1,0
Display Technologies,2309,2024-05-07,2024,DT-DYN-2TB-360,1,Apex Technologies USA LLC,Apex Technologies USA,Paid,Sales - Motorised On Wall Screens,Motorised On Wall Screens,6266.0,1,0
Display Technologies,2309,2024-05-07,2024,,1,Apex Technologies USA LLC,Apex Technologies USA,Paid,Sales - Others,Others,627.0,1,0
Display Technologies,2309,2024-05-07,2024,,0,Apex Technologies USA LLC,Apex Technologies USA,Paid,,,0.0,1,0
Display Technologies,2311,2024-05-10,2024,DT-PHG-1,1,Apex Technologies USA LLC,Apex Technologies USA,Paid,Sales - Port Hole Glass,Port Hole Glass,1148.0,1,0
Display Technologies,2311,2024-05-10,2024,DT-DYN-2TB-330,1,Apex Technologies USA LLC,Apex Technologies USA,Paid,Sales - Motorised On Wall Screens,Motorised On Wall Screens,5601.0,1,0
Display Technologies,2311,2024-05-10,2024,,1,Apex Technologies USA LLC,Apex Technologies USA,Paid,Sales - Others,Others,675.0,1,0
Display Technologies,2310,2024-05-10,2024,DT-PHG-1,1,GR Media Solutions,GR Media Solutions,Paid,Sales - Port Hole Glass,Port Hole Glass,1148.0,1,0
Display Technologies,2310,2024-05-10,2024,,0,GR Media Solutions,GR Media Solutions,Paid,,,0.0,1,0
Display Technologies,2312,2024-05-13,2024,,1,SRND Group Ltd,SRND Group Ltd,Paid,Sales - Non Motorised Mount Solutions,Non Motorised Mount Solutions,2565.0,1,1
Display Technologies,2312,2024-05-13,2024,,0,SRND Group Ltd,SRND Group Ltd,Paid,,,0.0,1,1
Display Technologies,INV-0640,2024-05-20,2024,,1,SRND Group Ltd,SRND Group Ltd,Paid,Shipping Out,Shipping Out,2138.0,0,1
Display Technologies,DT#1001,2024-05-20,2024,,1,Linus Backman,Linus Backman,Paid,DT Store Sales,DT Store Sales,2756.0,1,0
Display Technologies,DT#1003,2024-05-24,2024,,1,Apex Technologies USA LLC,Apex Technologies USA,Paid,DT Store Sales,DT Store Sales,1951.0,1,0
Display Technologies,INV-0642,2024-05-24,2024,,1,INT3 Limited,INT3 Limited,Paid,Sales - Others,Others,2052.0,1,0
Display Technologies,DT#1002,2024-05-24,2024,,1,Prime Theaters,Prime Theaters,Paid,Sales - Motorised On Wall Screens,Motorised On Wall Screens,8676.0,1,0
Display Technologies,DT#1004,2024-05-24,2024,DT-PHG-2,1,SRND Group Ltd,SRND Group Ltd,Paid,Sales - Port Hole Glass,Port Hole Glass,1378.0,1,1
Display Technologies,DT#1004,2024-05-24,2024,,1,SRND Group Ltd,SRND Group Ltd,Paid,DT Store Sales,DT Store Sales,150.0,1,1
Display Technologies,DT#1005,2024-05-24,2024,,1,SRND Group Ltd,SRND Group Ltd,Paid,DT Store Sales,DT Store Sales,100.0,1,1
Display Technologies,SO #2315,2024-05-24,2024,,1,SRND Group Ltd,SRND Group Ltd,Paid,Sales - Others,Others,7264.0,1,1
Display Technologies,DT#1006,2024-05-27,2024,DT-DYN-2TB|{F1}|1.78|ATREF|230,1,SOundClub Sp. z o.o.,SOundClub Sp. z o.o.,Paid,Sales - Motorised On Wall Screens,Motorised On Wall Screens,5027.0,1,0
Display Technologies,DT#1007,2024-05-28,2024,DT-CM,1,SOundClub Sp. z o.o.,SOundClub Sp. z o.o.,Paid,Sales - Non Motorised Mount Solutions,Non Motorised Mount Solutions,356.0,1,0
Display Technologies,DT#1007,2024-05-28,2024,DT-VMMv2,1,SOundClub Sp. z o.o.,SOundClub Sp. z o.o.,Paid,DT Store Sales,DT Store Sales,1188.0,1,0
Display Technologies,2318,2024-05-28,2024,,1,SRND Group Ltd,SRND Group Ltd,Paid,Sales - Others,Others,840.0,1,1
Display Technologies,DT#1008,2024-05-29,2024,DT-VMMv2,1,Apex Technologies USA LLC,Apex Technologies USA,Paid,Sales - Non Motorised Mount Solutions,Non Motorised Mount Solutions,1188.0,1,0
Display Technologies,DT#1008,2024-05-29,2024,,1,Apex Technologies USA LLC,Apex Technologies USA,Paid,Other Revenue,Other Revenue,119.0,0,0
Display Technologies,DT#1009,2024-05-29,2024,,1,SOundClub Sp. z o.o.,SOundClub Sp. z o.o.,Paid,DT Store Sales,DT Store Sales,918.0,1,0
Display Technologies,DT#1010,2024-05-29,2024,DT-DYN2S|{F1}|2.4|ATPRO|120v,1,Apex Technologies USA LLC,Apex Technologies USA,Paid,Sales - Motorised On Wall Screens,Motorised On Wall Screens,9204.0,1,0
Display Technologies,DT#1010,2024-05-29,2024,,1,Apex Technologies USA LLC,Apex Technologies USA,Paid,Other Revenue,Other Revenue,920.0,0,0
Display Technologies,2323,2024-05-30,2024,,1,SRND Group Ltd,SRND Group Ltd,Paid,Sales - Others,Others,7133.0,1,1
Display Technologies,DT#1011,2024-05-30,2024,DT-FRNT|{F1}|1.78|ATS,1,SRND Group Ltd,SRND Group Ltd,Paid,DT Store Sales,DT Store Sales,1515.0,1,1
Display Technologies,INV-0644,2024-06-01,2024,,1,INT3 Limited,INT3 Limited,Paid,Sales - Others,Others,874.0,1,0
Display Technologies,DT#1012,2024-06-04,2024,DT-IS-ATR-420,1,Apex Technologies USA LLC,Apex Technologies USA,Paid,Sales - Image Surfaces,Image Surfaces,436.0,1,0
Display Technologies,DT#1012,2024-06-04,2024,,1,Apex Technologies USA LLC,Apex Technologies USA,Paid,Other Revenue,Other Revenue,44.0,0,0
Display Technologies,DT#1012,2024-06-04,2024,,1,Apex Technologies USA LLC,Apex Technologies USA,Paid,Shipping Out,Shipping Out,144.0,0,0
Display Technologies,DT#1013,2024-06-05,2024,DT-HB-S-3,1,Audiogene Comércio Importação e Exportação de Produtos Eletrônicos Ltda.,Audiogene Comércio Importação e Exportação de Produtos Eletrônicos Ltda.,Paid,Sales - Hush Boxes,Hush Boxes,2066.0,1,0
Display Technologies,DT#1013,2024-06-05,2024,DT-M-C2,1,Audiogene Comércio Importação e Exportação de Produtos Eletrônicos Ltda.,Audiogene Comércio Importação e Exportação de Produtos Eletrônicos Ltda.,Paid,Sales - Mistral,Mistral,475.0,1,0
Display Technologies,DT#1013,2024-06-05,2024,DT-M150,2,Audiogene Comércio Importação e Exportação de Produtos Eletrônicos Ltda.,Audiogene Comércio Importação e Exportação de Produtos Eletrônicos Ltda.,Paid,Sales - Mistral,Mistral,1140.0,1,0
Display Technologies,DT#1014,2024-06-10,2024,,1,Meridian Audio Limited,Meridian Audio Limited,Paid,Sales - Motorised On Wall Screens,Motorised On Wall Screens,6600.0,1,0
Display Technologies,DT#1014,2024-06-10,2024,,1,Meridian Audio Limited,Meridian Audio Limited,Paid,Shipping Out,Shipping Out,150.0,0,0
Display Technologies,DT#1015,2024-06-20,2024,DT-M-C2,1,Apex Technologies USA LLC,Apex Technologies USA,Paid,Sales - Mistral,Mistral,475.0,1,0
Display Technologies,DT#1015,2024-06-20,2024,DT-M150,1,Apex Technologies USA LLC,Apex Technologies USA,Paid,Sales - Mistral,Mistral,570.0,1,0
Display Technologies,DT#1017,2024-06-26,2024,DT-DYN-2TB-3543-1.78-ATS-120v,1,Screen Innovations,Screen Innovations,Paid,Sales - Motorised On Wall Screens,Motorised On Wall Screens,6266.0,1,0
Display Technologies,DT#1016,2024-06-26,2024,,1,Apex Technologies USA LLC,Apex Technologies USA,Paid,Sales - Motorised On Wall Screens,Motorised On Wall Screens,246.0,1,0
Display Technologies,DT#1016,2024-06-26,2024,,1,Apex Technologies USA LLC,Apex Technologies USA,Paid,Sales - Motorised On Wall Screens,Motorised On Wall Screens,92.0,1,0
Display Technologies,DT#1016,2024-06-26,2024,,1,Apex Technologies USA LLC,Apex Technologies USA,Paid,DT Store Sales,DT Store Sales,92.0,1,0
Display Technologies,DT#1016,2024-06-26,2024,DT-IS-ATS-420,1,Apex Technologies USA LLC,Apex Technologies USA,Paid,Sales - Image Surfaces,Image Surfaces,269.0,1,0
Display Technologies,DT#1018,2024-06-26,2024,DT-M150,1,Apex Technologies USA LLC,Apex Technologies USA,Paid,Sales - Mistral,Mistral,570.0,1,0
Display Technologies,DT#1020,2024-06-27,2024,DT-FRNT-3697-1.78-ATS,1,Apex Technologies USA LLC,Apex Technologies USA,Paid,Sales - Non Motorised On Wall Screens,Non Motorised On Wall Screens,2479.0,1,0
Display Technologies,DT#1020,2024-06-27,2024,,1,Apex Technologies USA LLC,Apex Technologies USA,Paid,Sales - Non Motorised On Wall Screens,Non Motorised On Wall Screens,400.0,1,0
Display Technologies,DT#1020,2024-06-27,2024,,1,Apex Technologies USA LLC,Apex Technologies USA,Paid,Other Revenue,Other Revenue,288.0,0,0
Display Technologies,DT#1019,2024-06-27,2024,DT-CM,1,Nam Long Audio Visual Co. Ltd,Nam Long Audio Visual Co. Ltd,Paid,Sales - Non Motorised Mount Solutions,Non Motorised Mount Solutions,364.0,1,0
Display Technologies,DT#1019,2024-06-27,2024,DT-FRNT-3514-2.39:1-ATREF,1,Nam Long Audio Visual Co. Ltd,Nam Long Audio Visual Co. Ltd,Paid,Sales - Non Motorised On Wall Screens,Non Motorised On Wall Screens,1990.0,1,0
Display Technologies,INV-0645,2024-06-28,2024,,1,SRND Group Ltd,SRND Group Ltd,Paid,Sales - Others,Others,5762.0,1,1
Display Technologies,INV-0646,2024-06-28,2024,,1,SRND Group Ltd,SRND Group Ltd,Paid,Sales - Mechanics,Mechanics,6222.0,1,1
Display Technologies,INV-0646,2024-06-28,2024,,1,SRND Group Ltd,SRND Group Ltd,Paid,Sales - Mechanics,Mechanics,11227.0,1,1
Display Technologies,INV-0646,2024-06-28,2024,,1,SRND Group Ltd,SRND Group Ltd,Paid,Sales - Mechanics,Mechanics,1500.0,1,1
Display Technologies,INV-0647,2024-07-01,2024,,1,INT3 Limited,INT3 Limited,Paid,Sales - Others,Others,874.0,1,0
Display Technologies,DT#1021,2024-07-02,2024,DT-FRNT-3678-2.35-ATS,1,Apex Technologies USA LLC,Apex Technologies USA,Paid,DT Store Sales,DT Store Sales,2204.0,1,0
Display Technologies,DT#1021,2024-07-02,2024,,1,Apex Technologies USA LLC,Apex Technologies USA,Paid,DT Store Sales,DT Store Sales,220.0,1,0
Display Technologies,DT#1022,2024-07-02,2024,DT-FRNT-3543-1.78-ATPRO,1,Apex Technologies USA LLC,Apex Technologies USA,Paid,Sales - Non Motorised On Wall Screens,Non Motorised On Wall Screens,1951.0,1,0
Display Technologies,DT#1022,2024-07-02,2024,,1,Apex Technologies USA LLC,Apex Technologies USA,Paid,Other Revenue,Other Revenue,195.0,0,0
Display Technologies,DT#1023,2024-07-02,2024,DT-IS-ATS-570,1,Apex Technologies USA LLC,Apex Technologies USA,Paid,DT Store Sales,DT Store Sales,803.0,1,0
Display Technologies,DT#1023,2024-07-02,2024,,1,Apex Technologies USA LLC,Apex Technologies USA,Paid,DT Store Sales,DT Store Sales,80.0,1,0
Display Technologies,DT#1023,2024-07-02,2024,,1,Apex Technologies USA LLC,Apex Technologies USA,Paid,Shipping Out,Shipping Out,50.0,0,0
Display Technologies,DT#1025,2024-07-03,2024,DT-CM,1,SRND Group Ltd,SRND Group Ltd,Paid,Sales - Non Motorised Mount Solutions,Non Motorised Mount Solutions,357.0,1,1
Display Technologies,DT#1024,2024-07-03,2024,DT-PHG-S,1,SRND Group Ltd,SRND Group Ltd,Paid,DT Store Sales,DT Store Sales,642.0,1,1
Display Technologies,DT#1026,2024-07-04,2024,,1,Wavetrain Cinemas,Wavetrain Cinemas,Paid,DT Store Sales,DT Store Sales,100.0,1,0
Display Technologies,DT#1026,2024-07-04,2024,,1,Wavetrain Cinemas,Wavetrain Cinemas,Paid,Shipping Out,Shipping Out,50.0,0,0
Display Technologies,DT#1027,2024-07-09,2024,,1,SRND Group Ltd,SRND Group Ltd,Paid,Sales - Motorised On Wall Screens,Motorised On Wall Screens,6748.0,1,1
Display Technologies,DT#1028,2024-07-11,2024,DT-VMMv2,1,Apex Technologies USA LLC,Apex Technologies USA,Paid,DT Store Sales,DT Store Sales,1188.0,1,0
Display Technologies,DT#1029,2024-07-11,2024,DT-VMMv2,1,SRND Group Ltd,SRND Group Ltd,Paid,DT Store Sales,DT Store Sales,1187.0,1,1
Display Technologies,DT#1030,2024-07-11,2024,DT-PHG-2,1,SRND Group Ltd,SRND Group Ltd,Paid,Sales - Port Hole Glass,Port Hole Glass,1378.0,1,1
Display Technologies,DT#1031,2024-07-13,2024,DT-DYN-2S-L-5182-2.4-ATS-120v,1,Apex Technologies USA LLC,Apex Technologies USA,Paid,Sales - Motorised On Wall Screens,Motorised On Wall Screens,11453.0,1,0
Display Technologies,DT#1031,2024-07-13,2024,,1,Apex Technologies USA LLC,Apex Technologies USA,Paid,Other Revenue,Other Revenue,1145.0,0,0
Display Technologies,DT#1032,2024-07-15,2024,DT-PHG-1,1,Prime Theaters,Prime Theaters,Paid,Sales - Port Hole Glass,Port Hole Glass,1148.0,1,0
Display Technologies,DT#1033,2024-07-22,2024,DT-IS-ATS-510,1,Apex Technologies USA LLC,Apex Technologies USA,Paid,DT Store Sales,DT Store Sales,643.0,1,0
Display Technologies,DT#1033,2024-07-22,2024,,1,Apex Technologies USA LLC,Apex Technologies USA,Paid,DT Store Sales,DT Store Sales,64.0,1,0
Display Technologies,INV-0649,2024-07-23,2024,,1,P Farrow & Sons Ltd,P Farrow & Sons Ltd,Paid,Other Revenue,Other Revenue,420.0,0,0
Display Technologies,DT#1034,2024-07-24,2024,DT-CM,1,Apex Technologies USA LLC,Apex Technologies USA,Paid,Sales - Non Motorised Mount Solutions,Non Motorised Mount Solutions,356.0,1,0
Display Technologies,DT#1034,2024-07-24,2024,,1,Apex Technologies USA LLC,Apex Technologies USA,Paid,DT Store Sales,DT Store Sales,36.0,1,0
Display Technologies,DT#1035,2024-07-24,2024,DT-DYN-2TB-3613-1.78-ATPRO-230,1,TIMESTATE REAL ESTATE CONSTRUCTION WHOLESALE CLOTHING FOREIGN TRADE LIMITED COMPANY,TIMESTATE REAL ESTATE CONSTRUCTION WHOLESALE CLOTHING FOREIGN TRADE LIMITED COMPANY,Paid,Sales - Motorised On Wall Screens,Motorised On Wall Screens,6955.0,1,0
Display Technologies,DT#1035,2024-07-24,2024,DT-CM,1,TIMESTATE REAL ESTATE CONSTRUCTION WHOLESALE CLOTHING FOREIGN TRADE LIMITED COMPANY,TIMESTATE REAL ESTATE CONSTRUCTION WHOLESALE CLOTHING FOREIGN TRADE LIMITED COMPANY,Paid,Sales - Non Motorised Mount Solutions,Non Motorised Mount Solutions,356.0,1,0
Display Technologies,DT#1037,2024-07-25,2024,,1,Apex Technologies USA LLC,Apex Technologies USA,Paid,DT Store Sales,DT Store Sales,750.0,1,0
Display Technologies,DT#1036,2024-07-25,2024,,1,Apex Technologies USA LLC,Apex Technologies USA,Paid,,,0.0,1,0
Display Technologies,INV-0650,2024-08-01,2024,,1,INT3 Limited,INT3 Limited,Paid,Sales - Others,Others,874.0,1,0
Display Technologies,DT#1038,2024-08-01,2024,DT-VMMv2,1,SRND Group Ltd,SRND Group Ltd,Paid,DT Store Sales,DT Store Sales,1187.0,1,1
Display Technologies,DT#1039,2024-08-03,2024,DT-PHG-2,1,Apex Technologies USA LLC,Apex Technologies USA,Paid,Sales - Port Hole Glass,Port Hole Glass,1377.0,1,0
Display Technologies,DT#1039,2024-08-03,2024,,1,Apex Technologies USA LLC,Apex Technologies USA,Paid,DT Store Sales,DT Store Sales,138.0,1,0
Display Technologies,DT#1040,2024-08-05,2024,DT-DYN-2S-L-5334-2.4-ATPRO-120,1,Apex Technologies USA LLC,Apex Technologies USA,Paid,Sales - Motorised On Wall Screens,Motorised On Wall Screens,11453.0,1,0
Display Technologies,DT#1040,2024-08-05,2024,,1,Apex Technologies USA LLC,Apex Technologies USA,Paid,Other Revenue,Other Revenue,1145.0,0,0
Display Technologies,DT#1041,2024-08-06,2024,DT-PHG-2,1,CUK Group,CUK Group,Paid,Sales - Port Hole Glass,Port Hole Glass,1102.0,1,0
Display Technologies,DT#1041,2024-08-06,2024,DT-M150,2,CUK Group,CUK Group,Paid,DT Store Sales,DT Store Sales,913.0,1,0
Display Technologies,DT#1041,2024-08-06,2024,DT-M-C2,1,CUK Group,CUK Group,Paid,DT Store Sales,DT Store Sales,380.0,1,0
Display Technologies,DT#1042,2024-08-06,2024,DT-FRNT-5657-1.78-ATPRO,1,AV Nirvana India,AV Nirvana India,Paid,DT Store Sales,DT Store Sales,4499.0,1,0
Display Technologies,DT#1042,2024-08-06,2024,DT-PHG-2,1,AV Nirvana India,AV Nirvana India,Paid,Sales - Port Hole Glass,Port Hole Glass,1377.0,1,0
Display Technologies,DT#1043,2024-08-06,2024,,1,Community UK Limited - T/A CUK Group,Community UK Limited - T/A CUK Group,Paid,Sales - Motorised On Wall Screens,Motorised On Wall Screens,5968.0,1,0
Display Technologies,DT#1043,2024-08-06,2024,DT-VMMv2,1,Community UK Limited - T/A CUK Group,Community UK Limited - T/A CUK Group,Paid,Sales - Non Motorised Mount Solutions,Non Motorised Mount Solutions,950.0,1,0
Display Technologies,INV-0651,2024-08-07,2024,,1,SRND Group Ltd,SRND Group Ltd,Paid,Sales - Others,Others,9750.0,1,1
Display Technologies,,2024-08-07,2024,,-1,Apex Technologies USA LLC,Apex Technologies USA,Paid,Accounts Receivable,Accounts Receivable,-83.0,0,0
Display Technologies,DT#1044,2024-08-08,2024,DT-DYN-2TB-4186-1.78-ATS-120v,1,Apex Technologies USA LLC,Apex Technologies USA,Paid,Sales - Motorised On Wall Screens,Motorised On Wall Screens,7735.0,1,0
Display Technologies,DT#1044,2024-08-08,2024,,1,Apex Technologies USA LLC,Apex Technologies USA,Paid,Other Revenue,Other Revenue,774.0,0,0
Display Technologies,DT#1045,2024-08-12,2024,DT-CNTP-3048-1.78-ATREF,1,Apex Technologies USA LLC,Apex Technologies USA,Paid,DT Store Sales,DT Store Sales,1447.0,1,0
Display Technologies,DT#1045,2024-08-12,2024,,1,Apex Technologies USA LLC,Apex Technologies USA,Paid,DT Store Sales,DT Store Sales,145.0,1,0
Display Technologies,DT#1046,2024-08-15,2024,DT-FRNT-3740-2.35-ATS,1,Apex Technologies USA LLC,Apex Technologies USA,Paid,DT Store Sales,DT Store Sales,2204.0,1,0
Display Technologies,DT#1046,2024-08-15,2024,,1,Apex Technologies USA LLC,Apex Technologies USA,Paid,DT Store Sales,DT Store Sales,220.0,1,0
Display Technologies,DT#1047,2024-08-17,2024,DT-PHG-2,1,Apex Technologies USA LLC,Apex Technologies USA,Paid,Sales - Port Hole Glass,Port Hole Glass,1377.0,1,0
Display Technologies,DT#1047,2024-08-17,2024,,1,Apex Technologies USA LLC,Apex Technologies USA,Paid,DT Store Sales,DT Store Sales,138.0,1,0
Display Technologies,DT#1048,2024-08-19,2024,DT-PHG-1,2,National AV Solutions Pty Ltd,National AV Solutions Pty Ltd,Paid,Sales - Port Hole Glass,Port Hole Glass,2370.0,1,0
Display Technologies,DT#1049,2024-08-21,2024,DT-FRNT-3145-1.78-ATREF,1,Apex Technologies USA LLC,Apex Technologies USA,Paid,DT Store Sales,DT Store Sales,1722.0,1,0
Display Technologies,DT#1049,2024-08-21,2024,,1,Apex Technologies USA LLC,Apex Technologies USA,Paid,DT Store Sales,DT Store Sales,172.0,1,0
Display Technologies,DT#1051,2024-08-23,2024,DT-CM,1,SRND Group Ltd,SRND Group Ltd,Paid,Sales - Non Motorised Mount Solutions,Non Motorised Mount Solutions,357.0,1,1
Display Technologies,DT#1050,2024-08-23,2024,DT-DYN2S-3900-2.39:1-ATREF-230,1,Prime Theaters,Prime Theaters,Paid,,,0.0,1,0
Display Technologies,DT#1050,2024-08-23,2024,DT-DYN2S-3900-2.37-ATREF-230v,1,Prime Theaters,Prime Theaters,Paid,,,0.0,1,0
Display Technologies,DT#1052,2024-08-26,2024,DT-MMD-S,1,Apex Technologies USA LLC,Apex Technologies USA,Paid,DT Store Sales,DT Store Sales,3315.0,1,0
Display Technologies,DT#1052,2024-08-26,2024,,1,Apex Technologies USA LLC,Apex Technologies USA,Paid,DT Store Sales,DT Store Sales,332.0,1,0
Display Technologies,DT#1053,2024-08-26,2024,DT-VMM-XXL,1,Apex Technologies USA LLC,Apex Technologies USA,Paid,DT Store Sales,DT Store Sales,4037.0,1,0
Display Technologies,DT#1053,2024-08-26,2024,,1,Apex Technologies USA LLC,Apex Technologies USA,Paid,DT Store Sales,DT Store Sales,404.0,1,0
Display Technologies,DT#1054,2024-08-27,2024,DT-DYN-4-3750-2.0-ATPRO-230v,1,SRND Group Ltd,SRND Group Ltd,Paid,Sales - Motorised On Wall Screens,Motorised On Wall Screens,8998.0,1,1
Display Technologies,DT#1055,2024-08-27,2024,DT-PHG-2,1,Apex Technologies USA LLC,Apex Technologies USA,Paid,Sales - Port Hole Glass,Port Hole Glass,1377.0,1,0
Display Technologies,DT#1055,2024-08-27,2024,,1,Apex Technologies USA LLC,Apex Technologies USA,Paid,DT Store Sales,DT Store Sales,138.0,1,0
Display Technologies,DT#1056,2024-08-29,2024,DT-S-Tension,4,Apex Technologies USA LLC,Apex Technologies USA,Paid,DT Store Sales,DT Store Sales,312.0,1,0
Display Technologies,DT#1057,2024-08-30,2024,DT-FRNT-2130-1.78-ATREF,1,GR Media Solutions DMCC,GR Media Solutions DMCC,Paid,DT Store Sales,DT Store Sales,1171.0,1,0
Display Technologies,DT#1058,2024-09-03,2024,DT-VMMv2,1,Meridian Audio Limited,Meridian Audio Limited,Paid,DT Store Sales,DT Store Sales,1187.0,1,0
Display Technologies,DT#1059,2024-09-03,2024,DT-FRNT-4877-1.78-ATS,1,Apex Technologies USA LLC,Apex Technologies USA,Paid,DT Store Sales,DT Store Sales,3558.0,1,0
Display Technologies,DT#1059,2024-09-03,2024,,1,Apex Technologies USA LLC,Apex Technologies USA,Paid,DT Store Sales,DT Store Sales,356.0,1,0
Display Technologies,DT#1060,2024-09-03,2024,DT-DYN-2TB-3000-1.78-ATREF-230,1,TIMESTATE REAL ESTATE CONSTRUCTION WHOLESALE CLOTHING FOREIGN TRADE LIMITED COMPANY,TIMESTATE REAL ESTATE CONSTRUCTION WHOLESALE CLOTHING FOREIGN TRADE LIMITED COMPANY,Paid,Sales - Motorised On Wall Screens,Motorised On Wall Screens,5027.0,1,0
Display Technologies,DT#1061,2024-09-04,2024,DT-FRNT-3782-2.4-ATREF,1,Community UK Limited - T/A CUK Group,Community UK Limited - T/A CUK Group,Paid,DT Store Sales,DT Store Sales,1763.0,1,0
Display Technologies,DT#1061,2024-09-04,2024,DT-VMMv2,1,Community UK Limited - T/A CUK Group,Community UK Limited - T/A CUK Group,Paid,DT Store Sales,DT Store Sales,950.0,1,0
Display Technologies,DT#1061,2024-09-04,2024,DT-PHG-2,1,Community UK Limited - T/A CUK Group,Community UK Limited - T/A CUK Group,Paid,Sales - Port Hole Glass,Port Hole Glass,1102.0,1,0
Display Technologies,DT#1063,2024-09-12,2024,,2,Prime Theaters,Prime Theaters,Paid,Sales - Motorised On Wall Screens,Motorised On Wall Screens,14846.0,1,0
Display Technologies,DT#1062,2024-09-12,2024,DT-FRNT-5563-2.35-ATPRO,1,AV Nirvana India,AV Nirvana India,Paid,DT Store Sales,DT Store Sales,4499.0,1,0
Display Technologies,DT#1065,2024-09-13,2024,DT-PHG-1,1,SRND Group Ltd,SRND Group Ltd,Paid,Sales - Port Hole Glass,Port Hole Glass,1147.0,1,1
Display Technologies,INV-0659,2024-09-16,2024,,1,SRND Group Ltd,SRND Group Ltd,Paid,Sales - Others,Others,1250.0,1,1
Display Technologies,DT#1070,2024-09-17,2024,DT-PHG-1,1,SRND Group Ltd,SRND Group Ltd,Paid,Sales - Port Hole Glass,Port Hole Glass,1147.0,1,1
Display Technologies,DT#1066,2024-09-17,2024,DT-FRNT-3322-1.78-IPRO,1,Apex Technologies USA LLC,Apex Technologies USA,Paid,DT Store Sales,DT Store Sales,2029.0,1,0
Display Technologies,DT#1066,2024-09-17,2024,,1,Apex Technologies USA LLC,Apex Technologies USA,Paid,DT Store Sales,DT Store Sales,203.0,1,0
Display Technologies,DT#1067,2024-09-17,2024,DT-IS-ATP-480,1,Apex Technologies USA LLC,Apex Technologies USA,Paid,DT Store Sales,DT Store Sales,574.0,1,0
Display Technologies,DT#1067,2024-09-17,2024,,1,Apex Technologies USA LLC,Apex Technologies USA,Paid,DT Store Sales,DT Store Sales,57.0,1,0
Display Technologies,DT#1068,2024-09-17,2024,DT-IS-ATP-420,5,Zene Private Theaters,Zene Private Theaters,Paid,DT Store Sales,DT Store Sales,2182.0,1,0
Display Technologies,DT#1068,2024-09-17,2024,DT-IS-ATP-390,5,Zene Private Theaters,Zene Private Theaters,Paid,DT Store Sales,DT Store Sales,1952.0,1,0
Display Technologies,DT#1069,2024-09-17,2024,DT-VMMv2,1,SRND Group Ltd,SRND Group Ltd,Paid,DT Store Sales,DT Store Sales,1187.0,1,1
Display Technologies,DT#1071,2024-09-17,2024,DT-PHG-S,1,SRND Group Ltd,SRND Group Ltd,Paid,DT Store Sales,DT Store Sales,642.0,1,1
Display Technologies,DT#1072,2024-09-19,2024,DT-FRNT-4267-1.78-ATPRO,1,AV Nirvana India,AV Nirvana India,Paid,DT Store Sales,DT Store Sales,2800.0,1,0
Display Technologies,INV-0653,2024-09-20,2024,,1,Meridian Audio Ltd,Meridian Audio Ltd,Paid,Shipping Out,Shipping Out,55.0,0,0
Display Technologies,DT#1074,2024-09-24,2024,DT-FRNT-4115-1.78-ATPRO,1,Apex Technologies USA LLC,Apex Technologies USA,Paid,DT Store Sales,DT Store Sales,2479.0,1,0
Display Technologies,DT#1074,2024-09-24,2024,,1,Apex Technologies USA LLC,Apex Technologies USA,Paid,DT Store Sales,DT Store Sales,248.0,1,0
Display Technologies,DT#1075,2024-09-25,2024,DT-FRNT-3000-1.78-ATPRO,1,SRND Group Ltd,SRND Group Ltd,Paid,DT Store Sales,DT Store Sales,1515.0,1,1
Display Technologies,DT#1075,2024-09-25,2024,DT-PHG-2,1,SRND Group Ltd,SRND Group Ltd,Paid,Sales - Port Hole Glass,Port Hole Glass,1378.0,1,1
Display Technologies,DT#1076,2024-09-26,2024,DT-S-Tension,2,GR Media Solutions DMCC,GR Media Solutions DMCC,Paid,DT Store Sales,DT Store Sales,156.0,1,0
Display Technologies,DT#1077,2024-09-27,2024,DT-HB-L-1,1,TecTrade Brun,TecTrade Brun,Paid,DT Store Sales,DT Store Sales,3964.0,1,0
Display Technologies,DT#1077,2024-09-27,2024,,1,TecTrade Brun,TecTrade Brun,Paid,DT Store Sales,DT Store Sales,918.0,1,0
Display Technologies,DT#1078,2024-10-02,2024,DT-MMD,1,Apex Technologies USA LLC,Apex Technologies USA,Paid,Sales - Motorised Mount Solutions,Motorised Mount Solutions,3562.0,1,0
Display Technologies,DT#1078,2024-10-02,2024,,1,Apex Technologies USA LLC,Apex Technologies USA,Paid,DT Store Sales,DT Store Sales,356.0,1,0
Display Technologies,DT#1079,2024-10-02,2024,,1,SRND Group Ltd,SRND Group Ltd,Paid,DT Store Sales,DT Store Sales,1652.0,1,1
Display Technologies,DT#1080,2024-10-07,2024,DT-CM,1,Meridian Audio Limited,Meridian Audio Limited,Paid,Sales - Non Motorised Mount Solutions,Non Motorised Mount Solutions,357.0,1,0
Display Technologies,INV-0655,2024-10-07,2024,,1,P Farrow & Sons Ltd,P Farrow & Sons Ltd,Paid,DT Store Sales,DT Store Sales,24.0,1,0
Display Technologies,INV-0655,2024-10-07,2024,,1,P Farrow & Sons Ltd,P Farrow & Sons Ltd,Paid,DT Store Sales,DT Store Sales,300.0,1,0
Display Technologies,INV-0657,2024-10-09,2024,,1,SRND Group Ltd,SRND Group Ltd,Paid,Shipping Out,Shipping Out,683.0,0,1
Display Technologies,INV-0657,2024-10-09,2024,,1,SRND Group Ltd,SRND Group Ltd,Paid,DT Store Sales,DT Store Sales,362.0,1,1
Display Technologies,INV-0657,2024-10-09,2024,,1,SRND Group Ltd,SRND Group Ltd,Paid,DT Store Sales,DT Store Sales,1003.0,1,1
Display Technologies,DT#1081,2024-10-09,2024,DT-IS-ATR-390,1,Prime Theaters,Prime Theaters,Paid,DT Store Sales,DT Store Sales,390.0,1,0
Display Technologies,DT#1082,2024-10-10,2024,,1,Apex Technologies USA LLC,Apex Technologies USA,Paid,Sales - Motorised On Wall Screens,Motorised On Wall Screens,6045.0,1,0
Display Technologies,DT#1082,2024-10-10,2024,,1,Apex Technologies USA LLC,Apex Technologies USA,Paid,Sales - Others,Others,1209.0,1,0
Display Technologies,DT#1082,2024-10-10,2024,,1,Apex Technologies USA LLC,Apex Technologies USA,Paid,Other Revenue,Other Revenue,725.0,0,0
Display Technologies,DT#1083,2024-10-10,2024,,1,Apex Technologies USA LLC,Apex Technologies USA,Paid,DT Store Sales,DT Store Sales,312.0,1,0
Display Technologies,INV-0660,2024-10-16,2024,,1,HMRC,HMRC,Paid,VAT,VAT,5918.0,0,0
Display Technologies,DT#1084,2024-10-21,2024,DT-SM-XL,1,Adeo Group S.r.l,Adeo Group S.r.l,Paid,DT Store Sales,DT Store Sales,2375.0,1,0
Display Technologies,DT#1086,2024-10-22,2024,DT-FRNT-3000-1.78-ATREF,1,Apex Technologies USA LLC,Apex Technologies USA,Paid,DT Store Sales,DT Store Sales,1515.0,1,0
Display Technologies,DT#1085,2024-10-22,2024,DT-PHG-1,1,Apex Technologies USA LLC,Apex Technologies USA,Paid,Sales - Port Hole Glass,Port Hole Glass,1148.0,1,0
Display Technologies,DT#1085,2024-10-22,2024,,1,Apex Technologies USA LLC,Apex Technologies USA,Paid,DT Store Sales,DT Store Sales,918.0,1,0
Display Technologies,DT#1085,2024-10-22,2024,DT-HB-L-2,1,Apex Technologies USA LLC,Apex Technologies USA,Paid,DT Store Sales,DT Store Sales,3964.0,1,0
Display Technologies,DT#1085,2024-10-22,2024,,1,Apex Technologies USA LLC,Apex Technologies USA,Paid,DT Store Sales,DT Store Sales,603.0,1,0
Display Technologies,DT#1087,2024-10-23,2024,DT-IS-ATP-510,3,Zene Private Theaters,Zene Private Theaters,Paid,DT Store Sales,DT Store Sales,1928.0,1,0
Display Technologies,DT#1088,2024-10-24,2024,DT-FRNT-4050-2.35-ATS,1,SRND Group Ltd,SRND Group Ltd,Paid,DT Store Sales,DT Store Sales,2479.0,1,1
Display Technologies,DT#1089,2024-10-28,2024,DT-PHG-1,1,Apex Technologies USA LLC,Apex Technologies USA,Paid,Sales - Port Hole Glass,Port Hole Glass,1148.0,1,0
Display Technologies,DT#1089,2024-10-28,2024,,1,Apex Technologies USA LLC,Apex Technologies USA,Paid,DT Store Sales,DT Store Sales,115.0,1,0
Display Technologies,DT#1090,2024-10-30,2024,DT-IS-ATR-300,1,TIMESTATE REAL ESTATE CONSTRUCTION WHOLESALE CLOTHING FOREIGN TRADE LIMITED COMPANY,TIMESTATE REAL ESTATE CONSTRUCTION WHOLESALE CLOTHING FOREIGN TRADE LIMITED COMPANY,Paid,DT Store Sales,DT Store Sales,230.0,1,0
Display Technologies,DT#1091,2024-10-31,2024,DT-M-C2,1,Apex Technologies USA LLC,Apex Technologies USA,Paid,DT Store Sales,DT Store Sales,475.0,1,0
Display Technologies,DT#1091,2024-10-31,2024,DT-M250,2,Apex Technologies USA LLC,Apex Technologies USA,Paid,DT Store Sales,DT Store Sales,1520.0,1,0
Display Technologies,DT#1091,2024-10-31,2024,,1,Apex Technologies USA LLC,Apex Technologies USA,Paid,DT Store Sales,DT Store Sales,200.0,1,0
Display Technologies,DT#1092,2024-11-04,2024,DT-M150,2,TecTrade Brun,TecTrade Brun,Paid,DT Store Sales,DT Store Sales,1140.0,1,0
Display Technologies,DT#1093,2024-11-07,2024,DT-S-Tension,1,Apex Technologies USA LLC,Apex Technologies USA,Paid,DT Store Sales,DT Store Sales,78.0,1,0
Display Technologies,DT#1094,2024-11-12,2024,,1,Deco 2000 Co. Ltd,Deco 2000 Co. Ltd,Paid,DT Store Sales,DT Store Sales,2578.0,1,0
Display Technologies,DT#1094,2024-11-12,2024,,1,Deco 2000 Co. Ltd,Deco 2000 Co. Ltd,Paid,DT Store Sales,DT Store Sales,1263.0,1,0
Display Technologies,DT#1095,2024-11-13,2024,DT-CM,1,Nam Long Audio Visual Co. Ltd,Nam Long Audio Visual Co. Ltd,Paid,Sales - Non Motorised Mount Solutions,Non Motorised Mount Solutions,356.0,1,0
Display Technologies,DT#1096,2024-11-16,2024,DT-PHG-1,1,Apex Technologies USA LLC,Apex Technologies USA,Paid,Sales - Port Hole Glass,Port Hole Glass,1148.0,1,0
Display Technologies,DT#1096,2024-11-16,2024,,1,Apex Technologies USA LLC,Apex Technologies USA,Paid,DT Store Sales,DT Store Sales,115.0,1,0
Display Technologies,DT#1097,2024-11-16,2024,DT-FRNT-3565-1.78-ATPRO,1,Apex Technologies USA LLC,Apex Technologies USA,Paid,DT Store Sales,DT Store Sales,1951.0,1,0
Display Technologies,DT#1097,2024-11-16,2024,,1,Apex Technologies USA LLC,Apex Technologies USA,Paid,DT Store Sales,DT Store Sales,195.0,1,0
Display Technologies,DT#1098,2024-11-20,2024,DT-DYN2S-4689-2.4-IALR-120v,1,Screen Innovations,Screen Innovations,Paid,Sales - Motorised On Wall Screens,Motorised On Wall Screens,9572.0,1,0
Display Technologies,DT#1099,2024-11-21,2024,DT-PHG-S,1,GR Media Solutions DMCC,GR Media Solutions DMCC,Paid,Sales - Port Hole Glass,Port Hole Glass,643.0,1,0
Display Technologies,DT#1100,2024-11-25,2024,,1,GR Media Solutions DMCC,GR Media Solutions DMCC,Paid,DT Store Sales,DT Store Sales,1515.0,1,0
Display Technologies,INV-0663,2024-11-28,2024,,1,P Farrow & Sons Ltd,P Farrow & Sons Ltd,Paid,Other Revenue,Other Revenue,324.0,0,0
Display Technologies,DT#1101,2024-12-02,2024,DT-VMMv2,1,Apex Technologies USA LLC,Apex Technologies USA,Paid,DT Store Sales,DT Store Sales,1188.0,1,0
Display Technologies,DT#1101,2024-12-02,2024,DT-PHG-2,1,Apex Technologies USA LLC,Apex Technologies USA,Paid,Sales - Port Hole Glass,Port Hole Glass,1377.0,1,0
Display Technologies,DT#1101,2024-12-02,2024,,1,Apex Technologies USA LLC,Apex Technologies USA,Paid,DT Store Sales,DT Store Sales,256.0,1,0
Display Technologies,DT#1102,2024-12-04,2024,DT-DYN-2TB-L-4572-1.78-ATPRO-2,1,AV Nirvana India,AV Nirvana India,Paid,Sales - Motorised On Wall Screens,Motorised On Wall Screens,9732.0,1,0
Display Technologies,DT#1103,2024-12-05,2024,DT-VMM-XL,1,Apex Technologies USA LLC,Apex Technologies USA,Paid,DT Store Sales,DT Store Sales,2137.0,1,0
Display Technologies,DT#1103,2024-12-05,2024,,1,Apex Technologies USA LLC,Apex Technologies USA,Paid,DT Store Sales,DT Store Sales,214.0,1,0
Display Technologies,DT#1104,2024-12-09,2024,DT-PHG-2,1,Apex Technologies USA LLC,Apex Technologies USA,Paid,Sales - Port Hole Glass,Port Hole Glass,1377.0,1,0
Display Technologies,DT#1104,2024-12-09,2024,,1,Apex Technologies USA LLC,Apex Technologies USA,Paid,DT Store Sales,DT Store Sales,137.0,1,0
Display Technologies,DT#1106,2024-12-10,2024,DT-PHG-S,1,SRND Group Ltd,SRND Group Ltd,Paid,DT Store Sales,DT Store Sales,642.0,1,1
Display Technologies,INV-0664,2024-12-10,2024,,1,SRND Group Ltd,SRND Group Ltd,Paid,Sales - Others,Others,12400.0,1,1
Display Technologies,DT#1105,2024-12-10,2024,DT-HB-M-5,1,Adeo Group S.r.l,Adeo Group S.r.l,Paid,DT Store Sales,DT Store Sales,2525.0,1,0
Display Technologies,DT#1107,2024-12-10,2024,,1,SRND Group Ltd,SRND Group Ltd,Paid,DT Store Sales,DT Store Sales,300.0,1,1
Display Technologies,DT#1107,2024-12-10,2024,,2,SRND Group Ltd,SRND Group Ltd,Paid,DT Store Sales,DT Store Sales,431.0,1,1
Display Technologies,DT#1108,2024-12-12,2024,DT-PHG-2,1,Apex Technologies USA LLC,Apex Technologies USA,Paid,Sales - Port Hole Glass,Port Hole Glass,1377.0,1,0
Display Technologies,DT#1108,2024-12-12,2024,,1,Apex Technologies USA LLC,Apex Technologies USA,Paid,DT Store Sales,DT Store Sales,137.0,1,0
Display Technologies,DT#1109,2024-12-13,2024,DT-PHG-1,1,SRND Group Ltd,SRND Group Ltd,Paid,Sales - Port Hole Glass,Port Hole Glass,1147.0,1,1
Display Technologies,DT#1110,2024-12-18,2024,DT-VMM-XL,1,Apex Technologies USA LLC,Apex Technologies USA,Paid,DT Store Sales,DT Store Sales,2137.0,1,0
Display Technologies,DT#1110,2024-12-18,2024,,1,Apex Technologies USA LLC,Apex Technologies USA,Paid,DT Store Sales,DT Store Sales,214.0,1,0
Display Technologies,DT#1111,2024-12-19,2024,,2,Apex Technologies USA LLC,Apex Technologies USA,Paid,DT Store Sales,DT Store Sales,431.0,1,0
Display Technologies,DT#1112,2024-12-19,2024,DT-CM,1,Apex Technologies USA LLC,Apex Technologies USA,Paid,Sales - Non Motorised Mount Solutions,Non Motorised Mount Solutions,356.0,1,0
Display Technologies,DT#1112,2024-12-19,2024,,1,Apex Technologies USA LLC,Apex Technologies USA,Paid,DT Store Sales,DT Store Sales,36.0,1,0
Display Technologies,DT#1113,2024-12-20,2024,DT-PSU-12v-8A,2,Apex Technologies USA LLC,Apex Technologies USA,Paid,DT Store Sales,DT Store Sales,51.0,1,0
Display Technologies,DT#1113,2024-12-20,2024,DT-A-C-2,2,Apex Technologies USA LLC,Apex Technologies USA,Paid,DT Store Sales,DT Store Sales,624.0,1,0
Display Technologies,DT#1114,2024-12-27,2024,DT-PHG-2,1,Apex Technologies USA LLC,Apex Technologies USA,Paid,Sales - Port Hole Glass,Port Hole Glass,1377.0,1,0
Display Technologies,DT#1114,2024-12-27,2024,,1,Apex Technologies USA LLC,Apex Technologies USA,Paid,DT Store Sales,DT Store Sales,137.0,1,0
Display Technologies,DT#1115,2025-01-02,2025,,1,SRND Group Ltd,SRND Group Ltd,Paid,DT Store Sales,DT Store Sales,4178.0,1,1
Display Technologies,DT#1116,2025-01-13,2025,DT-VMM-XL,1,SRND Group Ltd,SRND Group Ltd,Paid,DT Store Sales,DT Store Sales,2138.0,1,1
Display Technologies,DT#1117,2025-01-13,2025,,1,Apex Technologies USA LLC,Apex Technologies USA,Paid,DT Store Sales,DT Store Sales,315.0,1,0
Display Technologies,DT#1118,2025-01-16,2025,DT-FRNT-4115-2.4-ATPRO,1,Apex Technologies USA LLC,Apex Technologies USA,Paid,DT Store Sales,DT Store Sales,2479.0,1,0
Display Technologies,INV-0666,2025-01-16,2025,,1,HMRC,HMRC,Paid,VAT,VAT,7789.0,0,0
Display Technologies,DT#1119,2025-01-17,2025,DT-M-C2,1,NIK. IOAN. LAIOS SA,NIK. IOAN. LAIOS SA,Paid,DT Store Sales,DT Store Sales,475.0,1,0
Display Technologies,DT#1119,2025-01-17,2025,DT-M200,2,NIK. IOAN. LAIOS SA,NIK. IOAN. LAIOS SA,Paid,DT Store Sales,DT Store Sales,1330.0,1,0
Display Technologies,DT#1119,2025-01-17,2025,DT-HB-M-2,1,NIK. IOAN. LAIOS SA,NIK. IOAN. LAIOS SA,Paid,DT Store Sales,DT Store Sales,2525.0,1,0
Display Technologies,DT#1120,2025-01-23,2025,DT-FRNT-3677-1.78-ATPRO,1,Apex Technologies USA LLC,Apex Technologies USA,Paid,DT Store Sales,DT Store Sales,2204.0,1,0
Display Technologies,DT#1122,2025-02-10,2025,DT-M-C2,1,SRND Group Ltd,SRND Group Ltd,Paid,DT Store Sales,DT Store Sales,475.0,1,1
Display Technologies,DT#1122,2025-02-10,2025,DT-M200,2,SRND Group Ltd,SRND Group Ltd,Paid,DT Store Sales,DT Store Sales,1330.0,1,1
Display Technologies,DT#1122,2025-02-10,2025,DT-HB-M-2,1,SRND Group Ltd,SRND Group Ltd,Paid,DT Store Sales,DT Store Sales,2525.0,1,1
Display Technologies,DT#1123,2025-02-10,2025,DT-M-C2,1,SRND Group Ltd,SRND Group Ltd,Paid,DT Store Sales,DT Store Sales,475.0,1,1
Display Technologies,DT#1123,2025-02-10,2025,DT-M150,2,SRND Group Ltd,SRND Group Ltd,Paid,DT Store Sales,DT Store Sales,1140.0,1,1
Display Technologies,DT#1123,2025-02-10,2025,DT-HB-M-3,1,SRND Group Ltd,SRND Group Ltd,Paid,DT Store Sales,DT Store Sales,2525.0,1,1
Display Technologies,DT#1123,2025-02-10,2025,,1,SRND Group Ltd,SRND Group Ltd,Paid,DT Store Sales,DT Store Sales,918.0,1,1
Display Technologies,DT#1124,2025-02-10,2025,DT-S-Tension,3,Apex Technologies USA LLC,Apex Technologies USA,Paid,DT Store Sales,DT Store Sales,234.0,1,0
Display Technologies,DT#1125,2025-02-11,2025,DT-PHG-S,1,Apex Technologies USA LLC,Apex Technologies USA,Paid,DT Store Sales,DT Store Sales,643.0,1,0
Display Technologies,DT#1126,2025-02-12,2025,DT-DYN-2TB-4200-1.78-ATPRO-230,1,SRND Group Ltd,SRND Group Ltd,Paid,Sales - Motorised On Wall Screens,Motorised On Wall Screens,7735.0,1,1
Display Technologies,DT#1126,2025-02-12,2025,DT-PHG-1,1,SRND Group Ltd,SRND Group Ltd,Paid,Sales - Port Hole Glass,Port Hole Glass,1147.0,1,1
Display Technologies,DT#1127,2025-02-17,2025,DT-CM,1,SRND Group Ltd,SRND Group Ltd,Paid,Sales - Non Motorised Mount Solutions,Non Motorised Mount Solutions,357.0,1,1
Display Technologies,DT#1128,2025-02-18,2025,DT-VMM-XXL,1,Apex Technologies USA LLC,Apex Technologies USA,Paid,DT Store Sales,DT Store Sales,4037.0,1,0
Display Technologies,DT#1129,2025-02-18,2025,DT-PHG-1,1,TecTrade Brun,TecTrade Brun,Paid,Sales - Port Hole Glass,Port Hole Glass,1148.0,1,0
Display Technologies,DT#1130,2025-02-19,2025,DT-CNTP-2879-1.78-IREF,1,Apex Technologies USA LLC,Apex Technologies USA,Paid,DT Store Sales,DT Store Sales,1313.0,1,0
Display Technologies,DT#1131,2025-02-19,2025,DT-MMD-S,1,GR Media Solutions DMCC,GR Media Solutions DMCC,Paid,DT Store Sales,DT Store Sales,3315.0,1,0
Display Technologies,DT#1132,2025-02-21,2025,DT-IS-ATR-300,1,SRND Group Ltd,SRND Group Ltd,Paid,DT Store Sales,DT Store Sales,230.0,1,1
Display Technologies,DT#1132,2025-02-21,2025,DT-IS-ATR-330,1,SRND Group Ltd,SRND Group Ltd,Paid,DT Store Sales,DT Store Sales,276.0,1,1
Display Technologies,DT#1133,2025-02-21,2025,DT-FRNT-2879-1.78-ATS,1,Apex Technologies USA LLC,Apex Technologies USA,Paid,DT Store Sales,DT Store Sales,1515.0,1,0
Display Technologies,DT#1134,2025-02-24,2025,,1,Apex Technologies USA LLC,Apex Technologies USA,Paid,DT Store Sales,DT Store Sales,280.0,1,0
Display Technologies,DT#1135,2025-02-25,2025,,1,SRND Group Ltd,SRND Group Ltd,Paid,DT Store Sales,DT Store Sales,22838.0,1,1
Display Technologies,INV-0668,2025-02-25,2025,,1,SRND Group Ltd,SRND Group Ltd,Paid,Sales - Others,Others,648.0,1,1
Display Technologies,DT#1136,2025-02-25,2025,,1,SRND Group Ltd,SRND Group Ltd,Paid,DT Store Sales,DT Store Sales,8447.0,1,1
Display Technologies,DT#1137,2025-02-25,2025,DT-MMD,1,Apex Technologies USA LLC,Apex Technologies USA,Paid,Sales - Motorised Mount Solutions,Motorised Mount Solutions,3562.0,1,0
Display Technologies,DT#1138,2025-02-26,2025,DT-DYN-2S-L-5334-2.4-ATPRO-120,1,Apex Technologies USA LLC,Apex Technologies USA,Paid,DT Store Sales,DT Store Sales,11453.0,1,0
Display Technologies,DT#1139,2025-02-28,2025,,1,SRND Group Ltd,SRND Group Ltd,Paid,DT Store Sales,DT Store Sales,1710.0,1,1
Display Technologies,DT#1139,2025-02-28,2025,,1,SRND Group Ltd,SRND Group Ltd,Paid,DT Store Sales,DT Store Sales,3287.0,1,1
Display Technologies,DT#1140,2025-02-28,2025,,4,Apex Technologies USA LLC,Apex Technologies USA,Paid,DT Store Sales,DT Store Sales,65.0,1,0
Display Technologies,DT#1141,2025-03-03,2025,DT-MMD,1,Special Elektronik,Special Elektronik,Paid,Sales - Motorised Mount Solutions,Motorised Mount Solutions,3562.0,1,0
Display Technologies,DT#1142,2025-03-03,2025,DT-VMM-XXL,1,Meridian Audio Limited,Meridian Audio Limited,Paid,DT Store Sales,DT Store Sales,4037.0,1,0
Display Technologies,DT#1142,2025-03-03,2025,,1,Meridian Audio Limited,Meridian Audio Limited,Paid,Shipping Out,Shipping Out,150.0,0,0
Display Technologies,DT#1143,2025-03-06,2025,DT-HB-L-2,1,Apex Technologies USA LLC,Apex Technologies USA,Paid,DT Store Sales,DT Store Sales,3964.0,1,0
Display Technologies,DT#1143,2025-03-06,2025,DT-M-C2,1,Apex Technologies USA LLC,Apex Technologies USA,Paid,DT Store Sales,DT Store Sales,475.0,1,0
Display Technologies,DT#1143,2025-03-06,2025,DT-M250,2,Apex Technologies USA LLC,Apex Technologies USA,Paid,DT Store Sales,DT Store Sales,1520.0,1,0
Display Technologies,DT#1144,2025-03-07,2025,DT-FRNT-3506-2.35-ATPRO,1,AV Nirvana India,AV Nirvana India,Paid,DT Store Sales,DT Store Sales,1951.0,1,0
Display Technologies,DT#1145,2025-03-07,2025,DT-PHG-S,1,Prime Theaters,Prime Theaters,Paid,DT Store Sales,DT Store Sales,643.0,1,0
Display Technologies,DT#1146,2025-03-08,2025,DT-IS-ATS-420,1,Apex Technologies USA LLC,Apex Technologies USA,Paid,DT Store Sales,DT Store Sales,436.0,1,0
Display Technologies,DT#1147,2025-03-10,2025,,2,Apex Technologies USA LLC,Apex Technologies USA,Paid,DT Store Sales,DT Store Sales,300.0,1,0
Display Technologies,DT#1147,2025-03-10,2025,,1,Apex Technologies USA LLC,Apex Technologies USA,Paid,DT Store Sales,DT Store Sales,350.0,1,0
Display Technologies,DT#1148,2025-03-10,2025,DT-PHG-1,1,Apex Technologies USA LLC,Apex Technologies USA,Paid,Sales - Port Hole Glass,Port Hole Glass,1148.0,1,0
Display Technologies,DT#1149,2025-03-11,2025,DT-PHG-1,1,SRND Group Ltd,SRND Group Ltd,Paid,Sales - Port Hole Glass,Port Hole Glass,1147.0,1,1
Display Technologies,DT#1149,2025-03-11,2025,DT-VMMv2,1,SRND Group Ltd,SRND Group Ltd,Paid,DT Store Sales,DT Store Sales,1187.0,1,1
Display Technologies,DT#1150,2025-03-13,2025,,1,Apex Technologies USA LLC,Apex Technologies USA,Paid,,,0.0,1,0
Display Technologies,DT#1151,2025-03-14,2025,,1,Apex Technologies USA LLC,Apex Technologies USA,Paid,DT Store Sales,DT Store Sales,26716.0,1,0
Display Technologies,DT#1152,2025-03-15,2025,DT-FRNT-5486-2.35-ATPRO,1,AV Nirvana India,AV Nirvana India,Paid,DT Store Sales,DT Store Sales,1163.0,1,0
Display Technologies,DT#1156,2025-03-17,2025,,1,Apex Technologies USA LLC,Apex Technologies USA,Paid,DT Store Sales,DT Store Sales,9118.0,1,0
Display Technologies,DT#1156,2025-03-17,2025,DT-M250,2,Apex Technologies USA LLC,Apex Technologies USA,Paid,DT Store Sales,DT Store Sales,1520.0,1,0
Display Technologies,DT#1153,2025-03-17,2025,DT-VMMv2,1,SRND Group Ltd,SRND Group Ltd,Paid,DT Store Sales,DT Store Sales,1187.0,1,1
Display Technologies,DT#1153,2025-03-17,2025,,1,SRND Group Ltd,SRND Group Ltd,Paid,DT Store Sales,DT Store Sales,300.0,1,1
Display Technologies,DT#1154,2025-03-17,2025,DT-PHG-1,1,Apex Technologies USA LLC,Apex Technologies USA,Paid,Sales - Port Hole Glass,Port Hole Glass,1148.0,1,0
Display Technologies,DT#1154,2025-03-17,2025,DT-FRNT-3272-2.35-ATS,1,Apex Technologies USA LLC,Apex Technologies USA,Paid,DT Store Sales,DT Store Sales,1722.0,1,0
Display Technologies,DT#1155,2025-03-17,2025,DT-PHG-2,1,Apex Technologies USA LLC,Apex Technologies USA,Paid,Sales - Port Hole Glass,Port Hole Glass,1377.0,1,0
Display Technologies,DT#1156,2025-03-17,2025,DT-M-C2,1,Apex Technologies USA LLC,Apex Technologies USA,Paid,DT Store Sales,DT Store Sales,475.0,1,0
Display Technologies,DT#1157,2025-03-17,2025,DT-HB-M+-6,1,AV DAKSMA,AV DAKSMA,Paid,DT Store Sales,DT Store Sales,2984.0,1,0
Display Technologies,DT#1157,2025-03-17,2025,DT-M-C2,1,AV DAKSMA,AV DAKSMA,Paid,DT Store Sales,DT Store Sales,475.0,1,0
Display Technologies,DT#1157,2025-03-17,2025,DT-M250,2,AV DAKSMA,AV DAKSMA,Paid,DT Store Sales,DT Store Sales,1520.0,1,0
Display Technologies,DT#1158,2025-03-18,2025,DT-PHG-2-C-385-260,1,SRND Group Ltd,SRND Group Ltd,Paid,DT Store Sales,DT Store Sales,1562.0,1,1
Display Technologies,INV-0669,2025-03-20,2025,,1,P Farrow & Sons Ltd,P Farrow & Sons Ltd,Paid,Other Revenue,Other Revenue,500.0,0,0
Display Technologies,DT#1159,2025-03-20,2025,DT-VMMv2,1,SRND Group Ltd,SRND Group Ltd,Paid,DT Store Sales,DT Store Sales,1187.0,1,1
Display Technologies,DT#1160,2025-03-21,2025,DT-FRNT-2692-1.78-ATS,1,Apex Technologies USA LLC,Apex Technologies USA,Paid,DT Store Sales,DT Store Sales,1354.0,1,0
Display Technologies,DT#1162,2025-03-24,2025,DT-IS-ATS-360,1,Apex Technologies USA LLC,Apex Technologies USA,Paid,DT Store Sales,DT Store Sales,344.0,1,0
Display Technologies,DT#1163,2025-03-25,2025,DT-PHG-2,1,Prime Theaters,Prime Theaters,Paid,Sales - Port Hole Glass,Port Hole Glass,1377.0,1,0
Display Technologies,DT#1164,2025-03-28,2025,DT-PHG-2,1,Apex Technologies USA LLC,Apex Technologies USA,Paid,Sales - Port Hole Glass,Port Hole Glass,1377.0,1,0
Display Technologies,DT#1166,2025-04-02,2025,DT-VMMv2,1,SRND Group Ltd,SRND Group Ltd,Paid,DT Store Sales,DT Store Sales,1187.0,1,1
Display Technologies,DT#1167,2025-04-02,2025,DT-PHG-1,1,Apex Technologies USA LLC,Apex Technologies USA,Paid,Sales - Port Hole Glass,Port Hole Glass,1148.0,1,0
Display Technologies,DT#1168,2025-04-07,2025,,1,SRND Group Ltd,SRND Group Ltd,Paid,,,0.0,1,1
Display Technologies,DT#1169,2025-04-07,2025,DT-CM,1,Prestige Distribution France,Prestige Distribution France,Paid,Sales - Non Motorised Mount Solutions,Non Motorised Mount Solutions,356.0,1,0
Display Technologies,DT#1170,2025-04-09,2025,DT-S-Tension,2,Apex Technologies USA LLC,Apex Technologies USA,Paid,DT Store Sales,DT Store Sales,156.0,1,0
Display Technologies,DT#1171,2025-04-09,2025,DT-PHG-2-C-390-290,1,Apex Technologies USA LLC,Apex Technologies USA,Paid,DT Store Sales,DT Store Sales,1764.0,1,0
Display Technologies,DT#1172,2025-04-10,2025,DT-PHG-2,1,Apex Technologies USA LLC,Apex Technologies USA,Paid,Sales - Port Hole Glass,Port Hole Glass,1377.0,1,0
Display Technologies,DT#1173,2025-04-15,2025,DT-VMM-XL,1,Apex Technologies USA LLC,Apex Technologies USA,Approved,DT Store Sales,DT Store Sales,2137.0,1,0
Display Technologies,DT#1113_CN1,2025-04-16,2025,DT-A-C-2,-2,Apex Technologies USA LLC,Apex Technologies USA,Approved,DT Store Sales,DT Store Sales,-624.0,1,0
Display Technologies,DT#1174,2025-04-17,2025,DT-DYN2S,1,SRND Group Ltd,SRND Group Ltd,Paid,DT Store Sales,DT Store Sales,3971.0,1,1
Display Technologies,DT#1174,2025-04-17,2025,DT-PHG-1,1,SRND Group Ltd,SRND Group Ltd,Paid,Sales - Port Hole Glass,Port Hole Glass,1147.0,1,1
Display Technologies,DT#1175,2025-04-21,2025,DT-FRNT-3785-1.78-ATREF,1,Apex Technologies USA LLC,Apex Technologies USA,Paid,DT Store Sales,DT Store Sales,2204.0,1,0
Display Technologies,DT#1176,2025-04-23,2025,DT-FRNT-4191-1.78-ATS,1,Apex Technologies USA LLC,Apex Technologies USA,Paid,DT Store Sales,DT Store Sales,2479.0,1,0
Display Technologies,DT#1177,2025-04-24,2025,DT-MMD,1,SRND Group Ltd,SRND Group Ltd,Paid,Sales - Motorised Mount Solutions,Motorised Mount Solutions,3562.0,1,1
Display Technologies,DT#1177,2025-04-24,2025,,1,SRND Group Ltd,SRND Group Ltd,Paid,DT Store Sales,DT Store Sales,1262.0,1,1
Display Technologies,DT#1178,2025-04-25,2025,DT-PHG-2,1,Apex Technologies USA LLC,Apex Technologies USA,Paid,Sales - Port Hole Glass,Port Hole Glass,1377.0,1,0
Display Technologies,DT#1179,2025-04-29,2025,DT-DYN2S-4600-2.3:1-ATS-230v,1,Apex Technologies USA LLC,Apex Technologies USA,Paid,DT Store Sales,DT Store Sales,9204.0,1,0
Display Technologies,DT#1181,2025-04-30,2025,DT-FRNT-3099-1.78-ATREF,1,Apex Technologies USA LLC,Apex Technologies USA,Paid,DT Store Sales,DT Store Sales,1722.0,1,0
Display Technologies,DT#1180,2025-04-30,2025,DT-CNTP-3653-2.37-ATS,1,Apex Technologies USA LLC,Apex Technologies USA,Paid,DT Store Sales,DT Store Sales,1837.0,1,0
Display Technologies,INV-0670,2025-04-30,2025,,1,SRND Group Ltd,SRND Group Ltd,Paid,Sales - Others,Others,12035.0,1,1
Display Technologies,DT#1182,2025-05-06,2025,DT-PHG-1,1,Apex Technologies USA LLC,Apex Technologies USA,Paid,Sales - Port Hole Glass,Port Hole Glass,1148.0,1,0
Display Technologies,DT#1182,2025-05-06,2025,DT-HB-L-2,1,Apex Technologies USA LLC,Apex Technologies USA,Paid,DT Store Sales,DT Store Sales,3964.0,1,0
Display Technologies,DT#1182,2025-05-06,2025,,1,Apex Technologies USA LLC,Apex Technologies USA,Paid,DT Store Sales,DT Store Sales,918.0,1,0
Display Technologies,DT#1183,2025-05-06,2025,DT-PHG-2-C-521-381,1,Apex Technologies USA LLC,Apex Technologies USA,Paid,DT Store Sales,DT Store Sales,3097.0,1,0
Display Technologies,DT#1184,2025-05-07,2025,DT-PHG-S,1,SRND Group Ltd,SRND Group Ltd,Paid,DT Store Sales,DT Store Sales,642.0,1,1
Display Technologies,DT#1185,2025-05-09,2025,DT-CM,1,SRND Group Ltd,SRND Group Ltd,Paid,Sales - Non Motorised Mount Solutions,Non Motorised Mount Solutions,321.0,1,1
Display Technologies,DT#1185,2025-05-09,2025,,1,SRND Group Ltd,SRND Group Ltd,Paid,DT Store Sales,DT Store Sales,4103.0,1,1
Display Technologies,INV-0672,2025-05-12,2025,,1,P Farrow & Sons Ltd,P Farrow & Sons Ltd,Paid,Other Revenue,Other Revenue,303.0,0,0
Display Technologies,DT#1186,2025-05-13,2025,DT-CM,1,Apex Technologies USA LLC,Apex Technologies USA,Paid,Sales - Non Motorised Mount Solutions,Non Motorised Mount Solutions,356.0,1,0
Display Technologies,DT#1189,2025-05-15,2025,DT-PHG-S,1,Apex Technologies USA LLC,Apex Technologies USA,Paid,DT Store Sales,DT Store Sales,643.0,1,0
Display Technologies,DT#1187,2025-05-15,2025,DT-HB-L+,1,AV DAKSMA,AV DAKSMA,Paid,DT Store Sales,DT Store Sales,3432.0,1,0
Display Technologies,DT#1187,2025-05-15,2025,DT-M250,2,AV DAKSMA,AV DAKSMA,Paid,DT Store Sales,DT Store Sales,1216.0,1,0
Display Technologies,DT#1187,2025-05-15,2025,DT-M-C2,1,AV DAKSMA,AV DAKSMA,Paid,DT Store Sales,DT Store Sales,380.0,1,0
Display Technologies,DT#1188,2025-05-15,2025,DT-CNTP-2953-1.78-ATS,1,Apex Technologies USA LLC,Apex Technologies USA,Paid,DT Store Sales,DT Store Sales,1263.0,1,0
Display Technologies,DT#1191,2025-05-16,2025,DT-FRNT-165-1.78-ATS,1,Apex Technologies USA LLC,Apex Technologies USA,Paid,DT Store Sales,DT Store Sales,1171.0,1,0
Display Technologies,DT#1190,2025-05-16,2025,DT-IS-ATS-420,1,Apex Technologies USA LLC,Apex Technologies USA,Paid,DT Store Sales,DT Store Sales,436.0,1,0
Display Technologies,DT#1192,2025-05-19,2025,DT-CM,1,SRND Group Ltd,SRND Group Ltd,Paid,Sales - Non Motorised Mount Solutions,Non Motorised Mount Solutions,357.0,1,1
Display Technologies,DT#1193,2025-05-19,2025,DT-VMM-XXL,1,SRND Group Ltd,SRND Group Ltd,Paid,DT Store Sales,DT Store Sales,4037.0,1,1
Display Technologies,DT#1194,2025-05-19,2025,DT-HB-M-2,1,SRND Group Ltd,SRND Group Ltd,Paid,DT Store Sales,DT Store Sales,2525.0,1,1
Display Technologies,DT#1194,2025-05-19,2025,DT-M-C2,1,SRND Group Ltd,SRND Group Ltd,Paid,DT Store Sales,DT Store Sales,475.0,1,1
Display Technologies,DT#1194,2025-05-19,2025,DT-M200,2,SRND Group Ltd,SRND Group Ltd,Paid,DT Store Sales,DT Store Sales,1330.0,1,1
Display Technologies,DT#1195,2025-05-21,2025,,1,Apex Technologies USA LLC,Apex Technologies USA,Paid,DT Store Sales,DT Store Sales,1308.0,1,0
Display Technologies,DT#1196,2025-05-21,2025,,1,GR Media Solutions DMCC,GR Media Solutions DMCC,Paid,DT Store Sales,DT Store Sales,350.0,1,0
Display Technologies,DT#1197,2025-05-23,2025,DT-CNTP-4013-1.78-ATS,1,Apex Technologies USA LLC,Apex Technologies USA,Paid,DT Store Sales,DT Store Sales,2066.0,1,0
Display Technologies,DT#1198,2025-05-27,2025,DT-DYN2S-3600-2.37-ATREF-230v,1,Prime Theaters,Prime Theaters,Paid,DT Store Sales,DT Store Sales,6082.0,1,0
Display Technologies,DT#1199,2025-05-29,2025,DT-DYN-2TB-L-4572-1.78-ATS-120,1,Apex Technologies USA LLC,Apex Technologies USA,Paid,,,0.0,1,0
Display Technologies,DT#1200,2025-05-30,2025,DT-VMM-XXL,1,AV Nirvana India,AV Nirvana India,Paid,DT Store Sales,DT Store Sales,4037.0,1,0
Display Technologies,DT#1201,2025-05-31,2025,DT-CNTP-4039-1.78-ATPro,1,Apex Technologies USA LLC,Apex Technologies USA,Paid,DT Store Sales,DT Store Sales,2066.0,1,0
Display Technologies,DT#1203,2025-06-02,2025,DT-CNTP-4318-2.4-ATPro,1,Apex Technologies USA LLC,Apex Technologies USA,Paid,DT Store Sales,DT Store Sales,2341.0,1,0
Display Technologies,DT#1202,2025-06-02,2025,DT-PHG-1,1,GR Media Solutions DMCC,GR Media Solutions DMCC,Paid,Sales - Port Hole Glass,Port Hole Glass,1148.0,1,0
Display Technologies,DT#1204,2025-06-03,2025,DT-CNTP-5100-2.37-ATPro,1,GR Media Solutions DMCC,GR Media Solutions DMCC,Paid,DT Store Sales,DT Store Sales,2938.0,1,0
Display Technologies,DT#1204,2025-06-03,2025,DT-PHG-2,1,GR Media Solutions DMCC,GR Media Solutions DMCC,Paid,Sales - Port Hole Glass,Port Hole Glass,1377.0,1,0
Display Technologies,DT#1205,2025-06-05,2025,DT-FRNT-3200-1.78-ATS,1,Apex Technologies USA LLC,Apex Technologies USA,Paid,,,0.0,1,0
Display Technologies,DT#1206,2025-06-09,2025,DT-PHG-1,1,Apex Technologies USA LLC,Apex Technologies USA,Paid,,,0.0,1,0
Display Technologies,INV-0673,2025-06-10,2025,,1,SRND Group Ltd,SRND Group Ltd,Paid,Sales - Bespoke Solutions,Bespoke Solutions,4800.0,1,1
Display Technologies,DT#1207,2025-06-13,2025,,1,SRND Group Ltd,SRND Group Ltd,Paid,DT Store Sales,DT Store Sales,2204.0,1,1
Display Technologies,DT#1208,2025-06-13,2025,DT-CM,1,SRND Group Ltd,SRND Group Ltd,Paid,Sales - Non Motorised Mount Solutions,Non Motorised Mount Solutions,357.0,1,1
Display Technologies,DT#1209,2025-06-13,2025,,1,SRND Group Ltd,SRND Group Ltd,Paid,DT Store Sales,DT Store Sales,5598.0,1,1
Display Technologies,INV-0674,2025-06-13,2025,,1,SRND Group Ltd,SRND Group Ltd,Paid,Sales - Others,Others,5852.0,1,1
Display Technologies,DT#1210,2025-06-16,2025,DT-PHG-1,1,GR Media Solutions DMCC,GR Media Solutions DMCC,Paid,Sales - Port Hole Glass,Port Hole Glass,1148.0,1,0
Display Technologies,DT#1211,2025-06-27,2025,DT-PHG-1,1,Apex Technologies USA LLC,Apex Technologies USA,Paid,Sales - Port Hole Glass,Port Hole Glass,1148.0,1,0
Display Technologies,DT#1212,2025-07-01,2025,DT-PHG-2,1,AV Nirvana India,AV Nirvana India,Paid,Sales - Port Hole Glass,Port Hole Glass,1377.0,1,0
Display Technologies,DT#1213,2025-07-02,2025,DT-MMD-S,1,Apex Technologies USA LLC,Apex Technologies USA,Paid,DT Store Sales,DT Store Sales,3315.0,1,0
Display Technologies,DT#1214,2025-07-03,2025,DT-FRNT-3200-2.37-ATREF,1,TecTrade Brun,TecTrade Brun,Paid,DT Store Sales,DT Store Sales,1722.0,1,0
Display Technologies,DT#1215,2025-07-08,2025,DT-MMD-S,1,GR Media Solutions DMCC,GR Media Solutions DMCC,Paid,DT Store Sales,DT Store Sales,3315.0,1,0
Display Technologies,DT#1217,2025-07-08,2025,DT-DYN-2TB-4200-1.78-ATPRO-230,1,TIMESTATE REAL ESTATE CONSTRUCTION WHOLESALE CLOTHING FOREIGN TRADE LIMITED COMPANY,TIMESTATE REAL ESTATE CONSTRUCTION WHOLESALE CLOTHING FOREIGN TRADE LIMITED COMPANY,Paid,DT Store Sales,DT Store Sales,2927.0,1,0
Display Technologies,DT#1217,2025-07-08,2025,DT-HB-S-1,1,TIMESTATE REAL ESTATE CONSTRUCTION WHOLESALE CLOTHING FOREIGN TRADE LIMITED COMPANY,TIMESTATE REAL ESTATE CONSTRUCTION WHOLESALE CLOTHING FOREIGN TRADE LIMITED COMPANY,Paid,DT Store Sales,DT Store Sales,782.0,1,0
Display Technologies,DT#1217,2025-07-08,2025,DT-M150,2,TIMESTATE REAL ESTATE CONSTRUCTION WHOLESALE CLOTHING FOREIGN TRADE LIMITED COMPANY,TIMESTATE REAL ESTATE CONSTRUCTION WHOLESALE CLOTHING FOREIGN TRADE LIMITED COMPANY,Paid,DT Store Sales,DT Store Sales,432.0,1,0
Display Technologies,DT#1217,2025-07-08,2025,DT-M-C2,1,TIMESTATE REAL ESTATE CONSTRUCTION WHOLESALE CLOTHING FOREIGN TRADE LIMITED COMPANY,TIMESTATE REAL ESTATE CONSTRUCTION WHOLESALE CLOTHING FOREIGN TRADE LIMITED COMPANY,Paid,DT Store Sales,DT Store Sales,180.0,1,0
Display Technologies,DT#1216,2025-07-08,2025,DT-FRNT-3543-1.78-ATPRO,1,Nam Long Audio Visual Co. Ltd,Nam Long Audio Visual Co. Ltd,Paid,DT Store Sales,DT Store Sales,1951.0,1,0
Display Technologies,DT#1218,2025-07-10,2025,DT-MMD,1,SRND Group Ltd,SRND Group Ltd,Paid,Sales - Motorised Mount Solutions,Motorised Mount Solutions,3562.0,1,1
Display Technologies,DT#1218,2025-07-10,2025,DT-M-C2,1,SRND Group Ltd,SRND Group Ltd,Paid,DT Store Sales,DT Store Sales,475.0,1,1
Display Technologies,DT#1218,2025-07-10,2025,DT-M200,1,SRND Group Ltd,SRND Group Ltd,Paid,DT Store Sales,DT Store Sales,665.0,1,1
Display Technologies,DT#1219,2025-07-10,2025,DT-FRNT-3000-1.78-ATREF,1,SRND Group Ltd,SRND Group Ltd,Paid,DT Store Sales,DT Store Sales,1515.0,1,1
Display Technologies,DT#1220,2025-07-11,2025,,1,SRND Group Ltd,SRND Group Ltd,Paid,DT Store Sales,DT Store Sales,675.0,1,1
Display Technologies,DT#1221,2025-07-14,2025,DT-PHG-2,1,GR Media Solutions DMCC,GR Media Solutions DMCC,Paid,Sales - Port Hole Glass,Port Hole Glass,1377.0,1,0
Display Technologies,DT#1222,2025-07-17,2025,DT-IS-ATS-360,1,Apex Technologies USA LLC,Apex Technologies USA,Paid,DT Store Sales,DT Store Sales,344.0,1,0
Display Technologies,DT#1223,2025-07-19,2025,DT-PHG-1,1,AV Nirvana India,AV Nirvana India,Paid,Sales - Port Hole Glass,Port Hole Glass,1148.0,1,0
Display Technologies,,2025-07-22,2025,,-1,VITAL PARTS LTD,VITAL PARTS LTD,Approved,Accounts Receivable,Accounts Receivable,-35.0,0,0
Display Technologies,DT#1224,2025-07-22,2025,DT-HB-L-1,1,Apex Technologies USA LLC,Apex Technologies USA,Paid,DT Store Sales,DT Store Sales,3964.0,1,0
Display Technologies,DT#1224,2025-07-22,2025,DT-M-C2,1,Apex Technologies USA LLC,Apex Technologies USA,Paid,DT Store Sales,DT Store Sales,475.0,1,0
Display Technologies,DT#1224,2025-07-22,2025,DT-M250,2,Apex Technologies USA LLC,Apex Technologies USA,Paid,DT Store Sales,DT Store Sales,1520.0,1,0
Display Technologies,DT#1224,2025-07-22,2025,DT-FRNT-4877-2.4-ATREF,1,Apex Technologies USA LLC,Apex Technologies USA,Paid,DT Store Sales,DT Store Sales,3558.0,1,0
Display Technologies,DT#1225,2025-07-28,2025,DT-MMD-S,1,TIMESTATE REAL ESTATE CONSTRUCTION WHOLESALE CLOTHING FOREIGN TRADE LIMITED COMPANY,TIMESTATE REAL ESTATE CONSTRUCTION WHOLESALE CLOTHING FOREIGN TRADE LIMITED COMPANY,Paid,DT Store Sales,DT Store Sales,3315.0,1,0
Display Technologies,DT#1226,2025-07-30,2025,DT-VMM-XL,1,Apex Technologies USA LLC,Apex Technologies USA,Paid,DT Store Sales,DT Store Sales,2137.0,1,0
Display Technologies,DT#1227,2025-08-01,2025,DT-PHG-2,1,AV DAKSMA,AV DAKSMA,Paid,Sales - Port Hole Glass,Port Hole Glass,1377.0,1,0
Display Technologies,DT#1227,2025-08-01,2025,CM-XL,1,AV DAKSMA,AV DAKSMA,Paid,DT Store Sales,DT Store Sales,706.0,1,0
Display Technologies,DT#1228,2025-08-01,2025,DT-PHG-2,1,"Shenzhen United Audio Equipment Co.,Ltd","Shenzhen United Audio Equipment Co.,Ltd",Paid,Sales - Port Hole Glass,Port Hole Glass,1102.0,1,0
Display Technologies,DT#1228,2025-08-01,2025,DT-PHG-1,1,"Shenzhen United Audio Equipment Co.,Ltd","Shenzhen United Audio Equipment Co.,Ltd",Paid,Sales - Port Hole Glass,Port Hole Glass,918.0,1,0
Display Technologies,DT#1228,2025-08-01,2025,,1,"Shenzhen United Audio Equipment Co.,Ltd","Shenzhen United Audio Equipment Co.,Ltd",Paid,DT Store Sales,DT Store Sales,2542.0,1,0
Display Technologies,DT#1228,2025-08-01,2025,,1,"Shenzhen United Audio Equipment Co.,Ltd","Shenzhen United Audio Equipment Co.,Ltd",Paid,DT Store Sales,DT Store Sales,6189.0,1,0
Display Technologies,DT#1229,2025-08-05,2025,,1,Screen Innovations,Screen Innovations,Paid,DT Store Sales,DT Store Sales,5910.0,1,0
Display Technologies,DT#1230,2025-08-07,2025,DT-FRNT-4200-2.35-ATREF,1,AV Nirvana India,AV Nirvana India,Paid,DT Store Sales,DT Store Sales,2479.0,1,0
Display Technologies,DT#1230,2025-08-07,2025,DT-FRNT-3986-1.78-ATREF,1,AV Nirvana India,AV Nirvana India,Paid,DT Store Sales,DT Store Sales,2479.0,1,0
Display Technologies,INV-0676,2025-08-11,2025,,1,SRND Group Ltd,SRND Group Ltd,Paid,Sales - Others,Others,900.0,1,1
Display Technologies,INV-0677,2025-08-12,2025,,1,P Farrow & Sons Ltd,P Farrow & Sons Ltd,Paid,Other Revenue,Other Revenue,48.0,0,0
Display Technologies,INV-0677,2025-08-12,2025,,1,P Farrow & Sons Ltd,P Farrow & Sons Ltd,Paid,Other Revenue,Other Revenue,400.0,0,0
Display Technologies,INV-0678,2025-08-12,2025,,1,TIMESTATE REAL ESTATE CONSTRUCTION WHOLESALE CLOTHING FOREIGN TRADE LIMITED COMPANY,TIMESTATE REAL ESTATE CONSTRUCTION WHOLESALE CLOTHING FOREIGN TRADE LIMITED COMPANY,Paid,DT Store Sales,DT Store Sales,3315.0,1,0
Display Technologies,INV-0678,2025-08-12,2025,,1,TIMESTATE REAL ESTATE CONSTRUCTION WHOLESALE CLOTHING FOREIGN TRADE LIMITED COMPANY,TIMESTATE REAL ESTATE CONSTRUCTION WHOLESALE CLOTHING FOREIGN TRADE LIMITED COMPANY,Paid,DT Store Sales,DT Store Sales,7735.0,1,0
Display Technologies,INV-0678,2025-08-12,2025,,1,TIMESTATE REAL ESTATE CONSTRUCTION WHOLESALE CLOTHING FOREIGN TRADE LIMITED COMPANY,TIMESTATE REAL ESTATE CONSTRUCTION WHOLESALE CLOTHING FOREIGN TRADE LIMITED COMPANY,Paid,DT Store Sales,DT Store Sales,2066.0,1,0
Display Technologies,INV-0678,2025-08-12,2025,,2,TIMESTATE REAL ESTATE CONSTRUCTION WHOLESALE CLOTHING FOREIGN TRADE LIMITED COMPANY,TIMESTATE REAL ESTATE CONSTRUCTION WHOLESALE CLOTHING FOREIGN TRADE LIMITED COMPANY,Paid,DT Store Sales,DT Store Sales,1140.0,1,0
Display Technologies,INV-0678,2025-08-12,2025,,1,TIMESTATE REAL ESTATE CONSTRUCTION WHOLESALE CLOTHING FOREIGN TRADE LIMITED COMPANY,TIMESTATE REAL ESTATE CONSTRUCTION WHOLESALE CLOTHING FOREIGN TRADE LIMITED COMPANY,Paid,DT Store Sales,DT Store Sales,475.0,1,0
Display Technologies,INV-0678,2025-08-12,2025,,1,TIMESTATE REAL ESTATE CONSTRUCTION WHOLESALE CLOTHING FOREIGN TRADE LIMITED COMPANY,TIMESTATE REAL ESTATE CONSTRUCTION WHOLESALE CLOTHING FOREIGN TRADE LIMITED COMPANY,Paid,DT Store Sales,DT Store Sales,200.0,1,0
Display Technologies,INV-0678,2025-08-12,2025,,1,TIMESTATE REAL ESTATE CONSTRUCTION WHOLESALE CLOTHING FOREIGN TRADE LIMITED COMPANY,TIMESTATE REAL ESTATE CONSTRUCTION WHOLESALE CLOTHING FOREIGN TRADE LIMITED COMPANY,Paid,DT Store Sales,DT Store Sales,-7906.0,1,0
Display Technologies,DT#1231,2025-08-13,2025,DT-DYN-2TB-3200-1.78-ATPRO-230,1,TecTrade Brun,TecTrade Brun,Paid,DT Store Sales,DT Store Sales,5601.0,1,0
Display Technologies,DT#1232,2025-08-18,2025,DT-FRNT-3986-1.78-ATREF,1,AV Nirvana India,AV Nirvana India,Paid,DT Store Sales,DT Store Sales,2231.0,1,0
Display Technologies,DT#1234,2025-08-20,2025,DT-PHG-S,1,TecTrade Brun,TecTrade Brun,Paid,DT Store Sales,DT Store Sales,643.0,1,0
Display Technologies,DT#1233,2025-08-20,2025,DT-S-Tension,1,National AV Solutions Pty Ltd,National AV Solutions Pty Ltd,Paid,DT Store Sales,DT Store Sales,78.0,1,0
Display Technologies,DT#1233,2025-08-20,2025,,2,National AV Solutions Pty Ltd,National AV Solutions Pty Ltd,Paid,DT Store Sales,DT Store Sales,200.0,1,0
Display Technologies,DT#1233,2025-08-20,2025,,2,National AV Solutions Pty Ltd,National AV Solutions Pty Ltd,Paid,DT Store Sales,DT Store Sales,300.0,1,0
Display Technologies,DT#1235,2025-08-22,2025,DT-VMMv2,1,"Shenzhen United Audio Equipment Co.,Ltd","Shenzhen United Audio Equipment Co.,Ltd",Paid,DT Store Sales,DT Store Sales,950.0,1,0
Display Technologies,DT#1236,2025-08-22,2025,DT-VMM-XXL,1,Apex Technologies USA LLC,Apex Technologies USA,Paid,DT Store Sales,DT Store Sales,4037.0,1,0
Display Technologies,DT#1237,2025-09-02,2025,DT-MMD-S,1,GR Media Solutions DMCC,GR Media Solutions DMCC,Paid,DT Store Sales,DT Store Sales,3315.0,1,0
Display Technologies,DT#1238,2025-09-02,2025,DT-FRNT-118-1.78-ATREF,1,Apex Technologies USA LLC,Apex Technologies USA,Paid,DT Store Sales,DT Store Sales,1171.0,1,0
Display Technologies,DT#1239,2025-09-03,2025,DT-IS-ATP-420,5,Zene Private Theaters,Zene Private Theaters,Paid,DT Store Sales,DT Store Sales,2182.0,1,0
Display Technologies,DT#1240,2025-09-10,2025,DT-PHG-1,1,Apex Technologies USA LLC,Apex Technologies USA,Paid,Sales - Port Hole Glass,Port Hole Glass,1148.0,1,0
Display Technologies,DT#1241,2025-09-10,2025,DT-PHG-S,3,SRND Group Ltd,SRND Group Ltd,Paid,DT Store Sales,DT Store Sales,1928.0,1,1
Display Technologies,DT#1242,2025-09-10,2025,DT-DYN2S-4861-2.37-ATS-120v,1,Apex Technologies USA LLC,Apex Technologies USA,Paid,DT Store Sales,DT Store Sales,3318.0,1,0
Display Technologies,DT#1243,2025-09-12,2025,,1,National AV Solutions Pty Ltd,National AV Solutions Pty Ltd,Paid,DT Store Sales,DT Store Sales,11614.0,1,0
Display Technologies,DT#1244,2025-09-23,2025,DT-VMMv2,1,Prime Theaters,Prime Theaters,Paid,DT Store Sales,DT Store Sales,1188.0,1,0
Display Technologies,DT#1245,2025-09-25,2025,DT-S-Tension,3,Apex Technologies USA LLC,Apex Technologies USA,Paid,DT Store Sales,DT Store Sales,234.0,1,0
Display Technologies,DT#1246,2025-09-25,2025,DT-FRNT-3277-1.78-ATREF,1,Apex Technologies USA LLC,Apex Technologies USA,Paid,DT Store Sales,DT Store Sales,1722.0,1,0
Display Technologies,DT#1247,2025-09-26,2025,DT-FRNT-4429-1.78-ATREF,1,AV Nirvana India,AV Nirvana India,Paid,DT Store Sales,DT Store Sales,2800.0,1,0
Display Technologies,DT#1248,2025-09-26,2025,DT-CNTP-3048-1.78-ATPro,1,Apex Technologies USA LLC,Apex Technologies USA,Paid,DT Store Sales,DT Store Sales,1447.0,1,0
Display Technologies,DT#1249,2025-09-29,2025,DT-DYN-2S-L-5396-2.4-ATS-120v,1,Apex Technologies USA LLC,Apex Technologies USA,Paid,DT Store Sales,DT Store Sales,11453.0,1,0
Display Technologies,DT#1250,2025-10-02,2025,DT-FRNT-3100-1.78-ATS,1,Deco 2000 Co. Ltd,Deco 2000 Co. Ltd,Paid,DT Store Sales,DT Store Sales,1722.0,1,0
Display Technologies,DT#1251,2025-10-06,2025,DT-ES-MASK-2TB-140-ATS,1,GEC Constrcution Ltd,GEC Constrcution Ltd,Paid,DT Store Sales,DT Store Sales,8650.0,1,0
Display Technologies,DT#1253,2025-10-10,2025,,1,SRND Group Ltd,SRND Group Ltd,Paid,DT Store Sales,DT Store Sales,1421.0,1,1
Display Technologies,DT#1252,2025-10-10,2025,DT-PHG-1,1,GR Media Solutions DMCC,GR Media Solutions DMCC,Paid,Sales - Port Hole Glass,Port Hole Glass,1148.0,1,0
Display Technologies,INV-0679,2025-10-13,2025,,1,P Farrow & Sons Ltd,P Farrow & Sons Ltd,Paid,Other Revenue,Other Revenue,290.0,0,0
Display Technologies,DT#1254,2025-10-13,2025,DT-ES-MASK-2S-135-ATS,1,SRND Group Ltd,SRND Group Ltd,Paid,DT Store Sales,DT Store Sales,4896.0,1,1
Display Technologies,DT#1255,2025-10-14,2025,DT-FRNT-5486-2.37-ATS,1,Apex Technologies USA LLC,Apex Technologies USA,Paid,DT Store Sales,DT Store Sales,4499.0,1,0
Display Technologies,DT#1255,2025-10-14,2025,DT-PHG-2,1,Apex Technologies USA LLC,Apex Technologies USA,Paid,Sales - Port Hole Glass,Port Hole Glass,1377.0,1,0
Display Technologies,DT#1256,2025-10-16,2025,DT-PHG-1,1,GR Media Solutions DMCC,GR Media Solutions DMCC,Paid,Sales - Port Hole Glass,Port Hole Glass,1148.0,1,0
Display Technologies,DT#1256,2025-10-16,2025,DT-VMMv2,1,GR Media Solutions DMCC,GR Media Solutions DMCC,Paid,DT Store Sales,DT Store Sales,1188.0,1,0
Display Technologies,DT#1257,2025-10-22,2025,DT-PHG-2-C-440-320,1,National AV Solutions Pty Ltd,National AV Solutions Pty Ltd,Paid,DT Store Sales,DT Store Sales,2196.0,1,0
Display Technologies,DT#1259,2025-10-23,2025,DT-IS-ATALR-420,1,Prime Theaters,Prime Theaters,Paid,DT Store Sales,DT Store Sales,524.0,1,0
Display Technologies,DT#1259,2025-10-23,2025,DT-DYN-2TB-4200-1.78-ATPRO-230,1,Prime Theaters,Prime Theaters,Paid,DT Store Sales,DT Store Sales,7735.0,1,0
Display Technologies,DT#1258,2025-10-23,2025,,1,SRND Group Ltd,SRND Group Ltd,Paid,DT Store Sales,DT Store Sales,3039.0,1,1
Display Technologies,DT#1258,2025-10-23,2025,,2,SRND Group Ltd,SRND Group Ltd,Paid,DT Store Sales,DT Store Sales,6077.0,1,1
Display Technologies,DT#1260,2025-10-23,2025,DT-IS-ATR-390,1,Prime Theaters,Prime Theaters,Paid,DT Store Sales,DT Store Sales,390.0,1,0
Display Technologies,DT#1261,2025-10-23,2025,DT-DYN2S-2805-2.35-ATPRO-120v,1,Screen Innovations,Screen Innovations,Paid,DT Store Sales,DT Store Sales,5440.0,1,0
Display Technologies,DT#1262,2025-10-24,2025,DT-FRNT-2921-2.35-ATREF,1,Apex Technologies USA LLC,Apex Technologies USA,Paid,DT Store Sales,DT Store Sales,1515.0,1,0
Display Technologies,DT#1263,2025-10-27,2025,DT-FRNT-4872-1.78-ATS,1,AV Nirvana India,AV Nirvana India,Paid,DT Store Sales,DT Store Sales,3558.0,1,0
Display Technologies,DT#1264,2025-10-30,2025,DT-FRNT-2658-1.78-ATALR,1,Nam Long Audio Visual Co. Ltd,Nam Long Audio Visual Co. Ltd,Paid,DT Store Sales,DT Store Sales,1409.0,1,0
Display Technologies,DT#1265,2025-10-30,2025,DT-IS-ATS-330,1,Apex Technologies USA LLC,Apex Technologies USA,Paid,,,0.0,1,0
Display Technologies,DT#1266,2025-11-03,2025,DT-S-Tension,1,Apex Technologies USA LLC,Apex Technologies USA,Paid,DT Store Sales,DT Store Sales,78.0,1,0
Display Technologies,DT#1267,2025-11-05,2025,,1,Screen Innovations,Screen Innovations,Paid,DT Store Sales,DT Store Sales,4063.0,1,0
Display Technologies,DT#1267,2025-11-05,2025,,1,Screen Innovations,Screen Innovations,Paid,DT Store Sales,DT Store Sales,813.0,1,0
Display Technologies,DT#1268,2025-11-10,2025,,1,Prime Theaters,Prime Theaters,Paid,,,0.0,1,0
Display Technologies,DT#1269,2025-11-10,2025,,1,NIK. IOAN. LAIOS SA,NIK. IOAN. LAIOS SA,Paid,,,0.0,1,0
Display Technologies,DT#1270,2025-11-13,2025,DT-DYN2S-4500-2.4-ATS-230v,1,SRND Group Ltd,SRND Group Ltd,Paid,DT Store Sales,DT Store Sales,8286.0,1,1
Display Technologies,DT#1270,2025-11-13,2025,DT-PHG-2,1,SRND Group Ltd,SRND Group Ltd,Paid,Sales - Port Hole Glass,Port Hole Glass,1378.0,1,1
Display Technologies,DT#1271,2025-11-18,2025,DT-ES-MASK-2S-145-ATS,1,Christopher Juul Kristensen,Christopher Juul Kristensen,Paid,DT Store Sales,DT Store Sales,8150.0,1,0
Display Technologies,DT#1273,2025-11-20,2025,DT-PHG-2,2,GR Media Solutions DMCC,GR Media Solutions DMCC,Paid,Sales - Port Hole Glass,Port Hole Glass,2203.0,1,0
Display Technologies,DT#1273,2025-11-20,2025,,1,GR Media Solutions DMCC,GR Media Solutions DMCC,Paid,DT Store Sales,DT Store Sales,2270.0,1,0
Display Technologies,DT#1274,2025-11-22,2025,DT-DYN2S-4674-2.35-ATS-120v,1,Apex Technologies USA LLC,Apex Technologies USA,Paid,DT Store Sales,DT Store Sales,9204.0,1,0
Display Technologies,DT#1275,2025-11-24,2025,DT-ES-OUT-MR-100-IG,1,SRND Group Ltd,SRND Group Ltd,Paid,DT Store Sales,DT Store Sales,1120.0,1,1
Display Technologies,DT#1276,2025-11-28,2025,DT-DYN2S-3962-2.35-ATREF-230v,1,AV Nirvana India,AV Nirvana India,Paid,DT Store Sales,DT Store Sales,3000.0,1,0
Display Technologies,INV-0681,2025-11-28,2025,,1,SRND Group Ltd,SRND Group Ltd,Paid,Sales - Others,Others,9461.0,1,1
Display Technologies,INV-0682,2025-11-28,2025,,1,SRND Group Ltd,SRND Group Ltd,Paid,DT Store Sales,DT Store Sales,18557.0,1,1
Display Technologies,INV-0682,2025-11-28,2025,,1,SRND Group Ltd,SRND Group Ltd,Paid,DT Store Sales,DT Store Sales,5001.0,1,1
Display Technologies,INV-0682,2025-11-28,2025,,1,SRND Group Ltd,SRND Group Ltd,Paid,DT Store Sales,DT Store Sales,11241.0,1,1
Display Technologies,INV-0682,2025-11-28,2025,,0,SRND Group Ltd,SRND Group Ltd,Paid,,,0.0,1,1
Display Technologies,DT#1279,2025-12-08,2025,DT-FRNT-3230-1.9-ATREF,1,SRND Group Ltd,SRND Group Ltd,Paid,DT Store Sales,DT Store Sales,1722.0,1,1
Display Technologies,DT#1277,2025-12-08,2025,DT-MMD-S,1,SRND Group Ltd,SRND Group Ltd,Paid,DT Store Sales,DT Store Sales,3315.0,1,1
Display Technologies,DT#1278,2025-12-08,2025,DT-PHG-2,1,SRND Group Ltd,SRND Group Ltd,Paid,Sales - Port Hole Glass,Port Hole Glass,1378.0,1,1
Display Technologies,INV-0683,2025-12-08,2025,,1,SRND Group Ltd,SRND Group Ltd,Paid,Sales - Others,Others,5228.0,1,1
Display Technologies,INV-0683,2025-12-08,2025,,0,SRND Group Ltd,SRND Group Ltd,Paid,,,0.0,1,1
Display Technologies,DT#1280,2025-12-09,2025,DT-M-C2,1,Apex Technologies USA LLC,Apex Technologies USA,Paid,DT Store Sales,DT Store Sales,475.0,1,0
Display Technologies,DT#1281,2025-12-10,2025,DT-FRNT-3543-1.78-ATS,1,Apex Technologies USA LLC,Apex Technologies USA,Paid,DT Store Sales,DT Store Sales,1951.0,1,0
Display Technologies,DT#1282,2025-12-10,2025,DT-FRNT-5396-2.4-ATS,1,Apex Technologies USA LLC,Apex Technologies USA,Paid,DT Store Sales,DT Store Sales,3195.0,1,0
Display Technologies,DT#1283,2025-12-11,2025,DT-FRNT-4061-1.78-ATS,1,Apex Technologies USA LLC,Apex Technologies USA,Paid,DT Store Sales,DT Store Sales,2479.0,1,0
Display Technologies,DT#1284,2025-12-15,2025,DT-VMMv2,1,Apex Technologies USA LLC,Apex Technologies USA,Paid,DT Store Sales,DT Store Sales,1188.0,1,0
Display Technologies,DT#1285,2025-12-15,2025,DT-FRNT-3517-2.4-ATS,1,Apex Technologies USA LLC,Apex Technologies USA,Paid,DT Store Sales,DT Store Sales,1951.0,1,0
Display Technologies,DT#1286,2025-12-16,2025,DT-DYN2S-3353-2.4-ATS-120v,1,Apex Technologies USA LLC,Apex Technologies USA,Paid,DT Store Sales,DT Store Sales,6082.0,1,0
Display Technologies,DT#1288,2025-12-18,2025,DT-VMMv2,1,SRND Group Ltd,SRND Group Ltd,Paid,DT Store Sales,DT Store Sales,1187.0,1,1
Display Technologies,DT#1288,2025-12-18,2025,DT-PHG-2,1,SRND Group Ltd,SRND Group Ltd,Paid,Sales - Port Hole Glass,Port Hole Glass,1378.0,1,1
Display Technologies,DT#1288,2025-12-18,2025,DT-M200,2,SRND Group Ltd,SRND Group Ltd,Paid,DT Store Sales,DT Store Sales,1330.0,1,1
Display Technologies,DT#1288,2025-12-18,2025,DT-M-C2,1,SRND Group Ltd,SRND Group Ltd,Paid,DT Store Sales,DT Store Sales,475.0,1,1
Display Technologies,DT#1287,2025-12-18,2025,,1,SRND Group Ltd,SRND Group Ltd,Paid,DT Store Sales,DT Store Sales,1200.0,1,1
Display Technologies,DT#1289,2026-01-01,2026,DT-PHG-S,1,Apex Technologies USA LLC,Apex Technologies USA,Paid,DT Store Sales,DT Store Sales,643.0,1,0
Display Technologies,INV-0684,2026-01-06,2026,,1,SRND Group Ltd,SRND Group Ltd,Paid,Sales - Others,Others,5583.0,1,1
Display Technologies,DT#1290,2026-01-06,2026,,1,SRND Group Ltd,SRND Group Ltd,Paid,DT Store Sales,DT Store Sales,2800.0,1,1
Display Technologies,INV-0685,2026-01-06,2026,,1,SRND Group Ltd,SRND Group Ltd,Paid,Inter-Company Sales,Inter-Company Sales,1878.0,0,1
Display Technologies,DT#1291,2026-01-07,2026,DT-DYN2S-3900-2.37-ATREF-230v,1,Prime Theaters,Prime Theaters,Paid,DT Store Sales,DT Store Sales,6748.0,1,0
Display Technologies,DT#1292,2026-01-08,2026,DT-PHG-2,1,Apex Technologies USA LLC,Apex Technologies USA,Paid,Sales - Port Hole Glass,Port Hole Glass,1377.0,1,0
Display Technologies,DT#1293,2026-01-14,2026,,1,TecTrade Brun,TecTrade Brun,Paid,,,0.0,1,0
Display Technologies,DT#1295,2026-01-16,2026,DT-PHG-1,1,Apex Technologies USA LLC,Apex Technologies USA,Paid,Sales - Port Hole Glass,Port Hole Glass,1148.0,1,0
Display Technologies,DT#1294,2026-01-16,2026,DT-DYN-2TB-3600-1.78-ATPRO-230,1,Prime Theaters,Prime Theaters,Paid,DT Store Sales,DT Store Sales,6266.0,1,0
Display Technologies,DT#1296,2026-01-19,2026,DT-PHG-1,1,AV Nirvana India,AV Nirvana India,Paid,Sales - Port Hole Glass,Port Hole Glass,1148.0,1,0
Display Technologies,DT#1296,2026-01-19,2026,DT-VMMv2,1,AV Nirvana India,AV Nirvana India,Paid,DT Store Sales,DT Store Sales,1188.0,1,0
Display Technologies,INV-0686,2026-01-19,2026,,1,P Farrow & Sons Ltd,P Farrow & Sons Ltd,Paid,Other Revenue,Other Revenue,280.0,0,0
Display Technologies,DT#1297,2026-01-22,2026,,1,Apex Technologies USA LLC,Apex Technologies USA,Paid,DT Store Sales,DT Store Sales,5227.0,1,0
Display Technologies,DT#1299,2026-01-28,2026,DT-FRNT-4200-2.37-ATPRO,1,SRND Group Ltd,SRND Group Ltd,Approved,DT Store Sales,DT Store Sales,2479.0,1,1
Display Technologies,DT#1300,2026-01-28,2026,DT-PHG-1,1,SRND Group Ltd,SRND Group Ltd,Approved,Sales - Port Hole Glass,Port Hole Glass,1147.0,1,1
Display Technologies,DT#1298,2026-01-28,2026,DT-VMMv2,1,SRND Group Ltd,SRND Group Ltd,Paid,DT Store Sales,DT Store Sales,1187.0,1,1
Display Technologies,DT#1301,2026-02-04,2026,DT-S-Tension,1,Apex Technologies USA LLC,Apex Technologies USA,Paid,DT Store Sales,DT Store Sales,78.0,1,0
Display Technologies,DT#1302,2026-02-06,2026,DT-VMMv2,1,Apex Technologies USA LLC,Apex Technologies USA,Paid,DT Store Sales,DT Store Sales,1188.0,1,0
Display Technologies,DT#1303,2026-02-09,2026,DT-PHG-2,1,Amplified Lifestyles LLC,Amplified Lifestyles LLC,Paid,Sales - Port Hole Glass,Port Hole Glass,3531.0,1,0
Display Technologies,DT#1304,2026-02-09,2026,DT-PHG-1-C-650-500,1,GR Media Solutions DMCC,GR Media Solutions DMCC,Paid,DT Store Sales,DT Store Sales,3803.0,1,0
Display Technologies,DT#1305,2026-02-11,2026,DT-CM,1,Apex Technologies USA LLC,Apex Technologies USA,Paid,Sales - Non Motorised Mount Solutions,Non Motorised Mount Solutions,356.0,1,0
Display Technologies,DT#1306,2026-02-11,2026,DT-FRNT-7620-2.35-ATS,1,Apex Technologies USA LLC,Apex Technologies USA,Paid,DT Store Sales,DT Store Sales,7594.0,1,0
Display Technologies,DT#1306,2026-02-11,2026,DT-PHG-2,1,Apex Technologies USA LLC,Apex Technologies USA,Paid,Sales - Port Hole Glass,Port Hole Glass,1377.0,1,0
Display Technologies,DT#1306,2026-02-11,2026,,1,Apex Technologies USA LLC,Apex Technologies USA,Paid,DT Store Sales,DT Store Sales,5561.0,1,0
Display Technologies,DT#1307,2026-02-12,2026,DT-PHG-2,1,Prime Theaters,Prime Theaters,Paid,Sales - Port Hole Glass,Port Hole Glass,1377.0,1,0
Display Technologies,DT#1308,2026-02-12,2026,DT-DYN-4-L-4400-2.20:1-ATPRO-2,1,Prime Theaters,Prime Theaters,Paid,DT Store Sales,DT Store Sales,10673.0,1,0
Display Technologies,DT#1309,2026-02-12,2026,DT-PHG-2,1,Apex Technologies USA LLC,Apex Technologies USA,Paid,Sales - Port Hole Glass,Port Hole Glass,1377.0,1,0
Display Technologies,DT#1311,2026-02-13,2026,DT-HB-M+-8,1,Apex Technologies USA LLC,Apex Technologies USA,Paid,DT Store Sales,DT Store Sales,2984.0,1,0
Display Technologies,DT#1312,2026-02-16,2026,,1,AV Nirvana India,AV Nirvana India,Paid,DT Store Sales,DT Store Sales,7896.0,1,0
Display Technologies,DT#1313,2026-02-18,2026,DT-DYN-2TB-3100-1.78-ATREF-230,1,TecTrade Brun,TecTrade Brun,Paid,DT Store Sales,DT Store Sales,5601.0,1,0
Display Technologies,CN-0687,2026-02-18,2026,DT-M150,-1,Apex Technologies USA LLC,Apex Technologies USA,Paid,Sales - Mistral,Mistral,-303.0,1,0
Display Technologies,DT#1314,2026-02-19,2026,DT-PHG-1,1,GR Media Solutions DMCC,GR Media Solutions DMCC,Paid,Sales - Port Hole Glass,Port Hole Glass,1148.0,1,0
Display Technologies,DT#1316,2026-02-23,2026,,1,Apex Technologies USA LLC,Apex Technologies USA,Paid,DT Store Sales,DT Store Sales,5561.0,1,0
Display Technologies,DT#1315,2026-02-23,2026,DT-IS-ATP-570,1,GR Media Solutions DMCC,GR Media Solutions DMCC,Paid,DT Store Sales,DT Store Sales,803.0,1,0
Display Technologies,DT#1317,2026-02-24,2026,,1,Prime Theaters,Prime Theaters,Paid,DT Store Sales,DT Store Sales,250.0,1,0
Display Technologies,DT#1317,2026-02-24,2026,,1,Prime Theaters,Prime Theaters,Paid,DT Store Sales,DT Store Sales,250.0,1,0
Display Technologies,DT#1318,2026-02-25,2026,DT-PHG-2,1,SRND Group Ltd,SRND Group Ltd,Approved,Sales - Port Hole Glass,Port Hole Glass,1378.0,1,1
Display Technologies,DT#1319,2026-02-25,2026,DT-DYN-4-3450-1.89-ATS-230v,1,SRND Group Ltd,SRND Group Ltd,Paid,DT Store Sales,DT Store Sales,8447.0,1,1
Display Technologies,DT#1320,2026-02-25,2026,DT-S-Tension,1,Apex Technologies USA LLC,Apex Technologies USA,Paid,DT Store Sales,DT Store Sales,78.0,1,0
Display Technologies,DT#1321,2026-03-09,2026,,4,Apex Technologies USA LLC,Apex Technologies USA,Paid,DT Store Sales,DT Store Sales,400.0,1,0
Display Technologies,DT#1322,2026-03-09,2026,DT-PHG-2,1,Apex Technologies USA LLC,Apex Technologies USA,Paid,Sales - Port Hole Glass,Port Hole Glass,1377.0,1,0
Display Technologies,DT#1323,2026-03-10,2026,DT-PHG-2,1,Apex Technologies USA LLC,Apex Technologies USA,Paid,Sales - Port Hole Glass,Port Hole Glass,1377.0,1,0
Display Technologies,DT#1324,2026-03-11,2026,DT-VMMv2,1,SRND Group Ltd,SRND Group Ltd,Approved,DT Store Sales,DT Store Sales,1187.0,1,1
Display Technologies,DT#1325,2026-03-12,2026,DT-FRNT-3322-1.78-ATS,1,Deco 2000 Co. Ltd,Deco 2000 Co. Ltd,Paid,DT Store Sales,DT Store Sales,1951.0,1,0
Display Technologies,DT#1326,2026-03-12,2026,DT-MMD-S,1,GR Media Solutions DMCC,GR Media Solutions DMCC,Paid,DT Store Sales,DT Store Sales,3315.0,1,0
Display Technologies,DT#1327,2026-03-16,2026,DT-PHG-1-C-500-400,1,GR Media Solutions DMCC,GR Media Solutions DMCC,Paid,DT Store Sales,DT Store Sales,2340.0,1,0
Display Technologies,DT#1327,2026-03-16,2026,,1,GR Media Solutions DMCC,GR Media Solutions DMCC,Paid,DT Store Sales,DT Store Sales,6500.0,1,0
Display Technologies,INV-0688,2026-03-17,2026,,1,P Farrow & Sons Ltd,P Farrow & Sons Ltd,Paid,Other Revenue,Other Revenue,246.0,0,0
Display Technologies,INV-0688,2026-03-17,2026,,1,P Farrow & Sons Ltd,P Farrow & Sons Ltd,Paid,Other Revenue,Other Revenue,2.0,0,0
Display Technologies,DT#1328,2026-03-18,2026,DT-HB-M-2,1,TecTrade Brun,TecTrade Brun,Paid,DT Store Sales,DT Store Sales,2525.0,1,0
Display Technologies,DT#1328,2026-03-18,2026,,1,TecTrade Brun,TecTrade Brun,Paid,DT Store Sales,DT Store Sales,918.0,1,0
Display Technologies,DT#1330,2026-03-24,2026,DT-PHG-1,1,Apex Technologies USA LLC,Apex Technologies USA,Paid,Sales - Port Hole Glass,Port Hole Glass,1148.0,1,0
Display Technologies,DT#1329,2026-03-24,2026,DT-PHG-2,1,AV Nirvana India,AV Nirvana India,Paid,Sales - Port Hole Glass,Port Hole Glass,1377.0,1,0
Display Technologies,DT#1331,2026-03-25,2026,DT-FRNT-4200-2.35-ATPRO,1,AV Nirvana India,AV Nirvana India,Paid,DT Store Sales,DT Store Sales,2479.0,1,0
Display Technologies,DT#1332,2026-03-26,2026,DT-HB-L-1,1,SRND Group Ltd,SRND Group Ltd,Paid,DT Store Sales,DT Store Sales,3964.0,1,1
Display Technologies,DT#1332,2026-03-26,2026,DT-M-C2,1,SRND Group Ltd,SRND Group Ltd,Paid,DT Store Sales,DT Store Sales,475.0,1,1
Display Technologies,DT#1332,2026-03-26,2026,DT-M200,2,SRND Group Ltd,SRND Group Ltd,Paid,DT Store Sales,DT Store Sales,1330.0,1,1
Display Technologies,DT#1332,2026-03-26,2026,,1,SRND Group Ltd,SRND Group Ltd,Paid,DT Store Sales,DT Store Sales,918.0,1,1
Display Technologies,DT#1332,2026-03-26,2026,DT-PHG-2,1,SRND Group Ltd,SRND Group Ltd,Paid,Sales - Port Hole Glass,Port Hole Glass,1378.0,1,1
Display Technologies,DT#1333,2026-03-30,2026,DT-FRNT-3708-1.78-ATREF,1,Apex Technologies USA LLC,Apex Technologies USA,Paid,DT Store Sales,DT Store Sales,2204.0,1,0
Display Technologies,DT#1334,2026-03-31,2026,DT-M250,6,SRND Group Ltd,SRND Group Ltd,Paid,DT Store Sales,DT Store Sales,4561.0,1,1
Display Technologies,DT#1335,2026-04-09,2026,DT-FRNT-5100-1.78-ATS,1,"Shenzhen United Audio Equipment Co.,Ltd","Shenzhen United Audio Equipment Co.,Ltd",Paid,DT Store Sales,DT Store Sales,3558.0,1,0
Display Technologies,DT#1336,2026-04-13,2026,,1,SRND Group Ltd,SRND Group Ltd,Approved,DT Store Sales,DT Store Sales,18385.0,1,1
Display Technologies,DT#1338,2026-04-20,2026,,1,AV Nirvana India,AV Nirvana India,Paid,DT Store Sales,DT Store Sales,6000.0,1,0
Display Technologies,DT#1337,2026-04-20,2026,DT-DYN-2TB-L-4500-1.78-ATS-230,1,"Shenzhen United Audio Equipment Co.,Ltd","Shenzhen United Audio Equipment Co.,Ltd",Paid,,,0.0,1,0
Display Technologies,DT#1339,2026-04-21,2026,DT-CNTP-3260-1.78-ATS,1,SRND Group Ltd,SRND Group Ltd,Approved,DT Store Sales,DT Store Sales,1447.0,1,1
Display Technologies,DT#1340,2026-04-23,2026,DT-DYN-4-3600-1.89-ATS-230v,1,SRND Group Ltd,SRND Group Ltd,Approved,DT Store Sales,DT Store Sales,8447.0,1,1
Display Technologies,DT#1341,2026-04-23,2026,DT-FRNT-4013-1.78-ATREF,1,Apex Technologies USA LLC,Apex Technologies USA,Paid,DT Store Sales,DT Store Sales,2479.0,1,0
Display Technologies,DT#1346,2026-04-24,2026,,1,SRND Group Ltd,SRND Group Ltd,Approved,DT Store Sales,DT Store Sales,15521.0,1,1
Display Technologies,DT#1342,2026-04-24,2026,DT-DYN-2TB-L-4700-1.78-ATS-230,1,"Shenzhen United Audio Equipment Co.,Ltd","Shenzhen United Audio Equipment Co.,Ltd",Paid,DT Store Sales,DT Store Sales,9732.0,1,0
Display Technologies,DT#1343,2026-04-24,2026,DT-FRNT-4500-1.78-ATS,1,"Shenzhen United Audio Equipment Co.,Ltd","Shenzhen United Audio Equipment Co.,Ltd",Paid,DT Store Sales,DT Store Sales,2240.0,1,0
Display Technologies,DT#1344,2026-04-24,2026,DT-PHG-1,1,"Shenzhen United Audio Equipment Co.,Ltd","Shenzhen United Audio Equipment Co.,Ltd",Paid,Sales - Port Hole Glass,Port Hole Glass,918.0,1,0
Display Technologies,DT#1345,2026-04-24,2026,,1,Apex Technologies USA LLC,Apex Technologies USA,Paid,DT Store Sales,DT Store Sales,1400.0,1,0
Display Technologies,DT#1347,2026-04-29,2026,DT-VMMv2,1,Apex Technologies USA LLC,Apex Technologies USA,Paid,DT Store Sales,DT Store Sales,1018.0,1,0
Display Technologies,DT#1348,2026-04-29,2026,,1,SRND Group Ltd,SRND Group Ltd,Paid,DT Store Sales,DT Store Sales,2500.0,1,1
Display Technologies,DT#1349,2026-05-05,2026,DT-PHG-2,1,SRND Group Ltd,SRND Group Ltd,Paid,Sales - Port Hole Glass,Port Hole Glass,1378.0,1,1
Display Technologies,DT#1350,2026-05-07,2026,DT-EC-80,1,AV Nirvana India,AV Nirvana India,Approved,DT Store Sales,DT Store Sales,156.0,1,0
Display Technologies,INV-0690,2026-05-08,2026,,1,SRND Group Ltd,SRND Group Ltd,Approved,Sales - Others,Others,2840.0,1,1
Display Technologies,INV-0690,2026-05-08,2026,,1,SRND Group Ltd,SRND Group Ltd,Approved,Sales - Others,Others,193.0,1,1
Display Technologies,INV-0690,2026-05-08,2026,,1,SRND Group Ltd,SRND Group Ltd,Approved,Sales - Others,Others,2160.0,1,1
Display Technologies,DT#1351,2026-05-08,2026,DT-VMMv2,1,SRND Group Ltd,SRND Group Ltd,Paid,DT Store Sales,DT Store Sales,1187.0,1,1
Display Technologies,DT#1353,2026-05-13,2026,DT-VMMv2,1,SRND Group Ltd,SRND Group Ltd,Approved,DT Store Sales,DT Store Sales,1187.0,1,1
Display Technologies,DT#1352,2026-05-13,2026,,1,SRND Group Ltd,SRND Group Ltd,Paid,DT Store Sales,DT Store Sales,3000.0,1,1
Display Technologies,DT#1354,2026-05-14,2026,,1,Deco 2000 Co. Ltd,Deco 2000 Co. Ltd,Paid,,,0.0,1,0
Display Technologies,DT#1355,2026-05-14,2026,DT-PHG-S,1,GR Media Solutions DMCC,GR Media Solutions DMCC,Paid,DT Store Sales,DT Store Sales,643.0,1,0
Display Technologies,DT#1356,2026-05-19,2026,DT-FRNT-8900-2.4-ATPRO,1,AV Nirvana India,AV Nirvana India,Paid,DT Store Sales,DT Store Sales,14574.0,1,0
Display Technologies,DT#1357,2026-05-21,2026,DT-FRNT-138-1.78-ATPRO,1,Apex Technologies USA LLC,Apex Technologies USA,Paid,,,0.0,1,0
Display Technologies,DT#1358,2026-05-21,2026,DT-FRNT-3505-1.78-ATS,1,Apex Technologies USA LLC,Apex Technologies USA,Paid,DT Store Sales,DT Store Sales,1951.0,1,0
Display Technologies,INV-0691,2026-05-28,2026,,1,P Farrow & Sons Ltd,P Farrow & Sons Ltd,Paid,Other Revenue,Other Revenue,547.0,0,0
Display Technologies,DT#1360,2026-06-03,2026,DT-CM,1,SRND Group Ltd,SRND Group Ltd,Approved,Sales - Non Motorised Mount Solutions,Non Motorised Mount Solutions,357.0,1,1
Display Technologies,DT#1361,2026-06-03,2026,DT-M200,1,SRND Group Ltd,SRND Group Ltd,Approved,DT Store Sales,DT Store Sales,665.0,1,1
Display Technologies,DT#1361,2026-06-03,2026,DT-M-C2,1,SRND Group Ltd,SRND Group Ltd,Approved,DT Store Sales,DT Store Sales,475.0,1,1
Display Technologies,DT#1359,2026-06-03,2026,,1,Screen Innovations,Screen Innovations,Paid,,,0.0,1,0
Display Technologies,DT#1362,2026-06-03,2026,DT-PHG-S,1,Apex Technologies USA LLC,Apex Technologies USA,Paid,DT Store Sales,DT Store Sales,643.0,1,0
Display Technologies,DT#1363,2026-06-04,2026,DT-FRNT-3765-1.78-ATREF,1,Apex Technologies USA LLC,Apex Technologies USA,Paid,DT Store Sales,DT Store Sales,2204.0,1,0
Display Technologies,DT#1364,2026-06-05,2026,DT-HB-M+-1,2,SRND Group Ltd,SRND Group Ltd,Approved,DT Store Sales,DT Store Sales,5967.0,1,1
Display Technologies,DT#1364,2026-06-05,2026,DT-M-C2,2,SRND Group Ltd,SRND Group Ltd,Approved,DT Store Sales,DT Store Sales,950.0,1,1
Display Technologies,INV-0692,2026-06-08,2026,,1,SRND Group Ltd,SRND Group Ltd,Paid,DT Store Sales,DT Store Sales,1835.0,1,1
Display Technologies,DT#1365,2026-06-10,2026,DT-PHG-1,1,GR Media Solutions DMCC,GR Media Solutions DMCC,Paid,Sales - Port Hole Glass,Port Hole Glass,1148.0,1,0
Display Technologies,DT#1366,2026-06-11,2026,DT-FRNT-3543-1.78-ATPRO,1,GR Media Solutions DMCC,GR Media Solutions DMCC,Paid,DT Store Sales,DT Store Sales,1951.0,1,0
Display Technologies,DT#1367,2026-06-11,2026,DT-HB-S-3,1,Apex Technologies USA LLC,Apex Technologies USA,Paid,DT Store Sales,DT Store Sales,2066.0,1,0
Display Technologies,DT#1368,2026-06-15,2026,,1,National AV Solutions Pty Ltd,National AV Solutions Pty Ltd,Paid,DT Store Sales,DT Store Sales,10125.0,1,0
Display Technologies,DT#1369,2026-06-15,2026,DT-VMMv2,1,Apex Technologies USA LLC,Apex Technologies USA,Paid,DT Store Sales,DT Store Sales,1188.0,1,0
Display Technologies,DT#1370,2026-06-15,2026,DT-PHG-1,1,Apex Technologies USA LLC,Apex Technologies USA,Paid,Sales - Port Hole Glass,Port Hole Glass,1148.0,1,0
Display Technologies,DT#1371,2026-06-18,2026,DT-DYN2S-4200-2.37-ATPRO-230v,1,Prime Theaters,Prime Theaters,Paid,DT Store Sales,DT Store Sales,7460.0,1,0
Display Technologies,DT#1372,2026-06-18,2026,DT-IS-ATP-390,1,Prime Theaters,Prime Theaters,Paid,DT Store Sales,DT Store Sales,390.0,1,0
Display Technologies,DT#1372,2026-06-18,2026,,1,Prime Theaters,Prime Theaters,Paid,,,0.0,1,0
Display Technologies,DT#1373,2026-06-18,2026,DT-S-Tension,2,Apex Technologies USA LLC,Apex Technologies USA,Paid,DT Store Sales,DT Store Sales,156.0,1,0
Display Technologies,DT#1374,2026-06-19,2026,DT-FRNT-2658-1.78-IPRO,1,Deco 2000 Co. Ltd,Deco 2000 Co. Ltd,Paid,DT Store Sales,DT Store Sales,1409.0,1,0
Display Technologies,DT#1375,2026-06-24,2026,DT-DYN-4-3875-1.78-ATS-120v,1,Screen Innovations,Screen Innovations,Approved,DT Store Sales,DT Store Sales,8997.0,1,0
Display Technologies,DT#1376,2026-06-25,2026,DT-FRNT-5800-2.35-ATPRO,1,GR Media Solutions DMCC,GR Media Solutions DMCC,Paid,DT Store Sales,DT Store Sales,5027.0,1,0
Display Technologies,DT#1377,2026-06-26,2026,DT-DYN2S-3886-2.4-ATS-120v,1,Apex Technologies USA LLC,Apex Technologies USA,Paid,DT Store Sales,DT Store Sales,6748.0,1,0
Display Technologies,DT#1378,2026-06-29,2026,DT-IS-ATS-390,1,Apex Technologies USA LLC,Apex Technologies USA,Paid,DT Store Sales,DT Store Sales,390.0,1,0
Display Technologies,DT#1379,2026-07-03,2026,DT-MMD-ST,1,DAKSMA SA DE CV,DAKSMA SA DE CV,Paid,DT Store Sales,DT Store Sales,3019.0,1,0
Display Technologies,DT#1382,2026-07-16,2026,DT-CM,1,Apex Technologies USA LLC,Apex Technologies USA,Paid,Sales - Non Motorised Mount Solutions,Non Motorised Mount Solutions,356.0,1,0
Display Technologies,DT#1380,2026-07-16,2026,DT-VMMv2,1,Prime Theaters,Prime Theaters,Paid,DT Store Sales,DT Store Sales,1188.0,1,0
Display Technologies,DT#1381,2026-07-16,2026,DT-S-Tension,2,AV Nirvana India,AV Nirvana India,Paid,DT Store Sales,DT Store Sales,156.0,1,0
Display Technologies,DT#1383,2026-07-20,2026,DT-PHG-2,1,GR Media Solutions DMCC,GR Media Solutions DMCC,Paid,Sales - Port Hole Glass,Port Hole Glass,1377.0,1,0
Display Technologies,DT#1383,2026-07-20,2026,DT-HB-M+-2,1,GR Media Solutions DMCC,GR Media Solutions DMCC,Paid,DT Store Sales,DT Store Sales,2984.0,1,0
Display Technologies,DT#1384,2026-07-23,2026,,1,TecTrade Brun,TecTrade Brun,Paid,,,0.0,1,0
Display Technologies,DT#1385,2026-08-03,2026,DT-VMMv2,1,AV Nirvana India,AV Nirvana India,Paid,DT Store Sales,DT Store Sales,1188.0,1,0
Display Technologies,DT#1386,2026-08-12,2026,DT-CM,2,National AV Solutions Pty Ltd,National AV Solutions Pty Ltd,Paid,Sales - Non Motorised Mount Solutions,Non Motorised Mount Solutions,713.0,1,0
Display Technologies,INV-0695,2026-08-12,2026,,1,P Farrow & Sons Ltd,P Farrow & Sons Ltd,Paid,Other Revenue,Other Revenue,414.0,0,0
Display Technologies,,,,,,,,,,,,0,0
Display Technologies,,,,,,,,,,,,0,0
Display Technologies,,,,,,,,,,,,0,0
Display Technologies,,,,,,,,,,,,0,0
Display Technologies,,,,,,,,,,,,0,0
Display Technologies,,,,,,,,,,,,0,0
Display Technologies,,,,,,,,,,,,0,0
Display Technologies,,,,,,,,,,,,0,0
Display Technologies,,,,,,,,,,,,0,0
Display Technologies,,,,,,,,,,,,0,0
Display Technologies,,,,,,,,,,,,0,0
Display Technologies,,,,,,,,,,,,0,0
Display Technologies,,,,,,,,,,,,0,0
Display Technologies,,,,,,,,,,,,0,0
Display Technologies,,,,,,,,,,,,0,0
Display Technologies,,,,,,,,,,,,0,0
Display Technologies,,,,,,,,,,,,0,0
Display Technologies,,,,,,,,,,,,0,0
Display Technologies,,,,,,,,,,,,0,0
Display Technologies,,,,,,,,,,,,0,0
Display Technologies,,,,,,,,,,,,0,0
Display Technologies,,,,,,,,,,,,0,0
Display Technologies,,,,,,,,,,,,0,0
Display Technologies,,,,,,,,,,,,0,0
Display Technologies,,,,,,,,,,,,0,0
Display Technologies,,,,,,,,,,,,0,0
Display Technologies,,,,,,,,,,,,0,0
Display Technologies,,,,,,,,,,,,0,0
Display Technologies,,,,,,,,,,,,0,0
Display Technologies,,,,,,,,,,,,0,0
Display Technologies,,,,,,,,,,,,0,0
Display Technologies,,,,,,,,,,,,0,0
Display Technologies,,,,,,,,,,,,0,0
Display Technologies,,,,,,,,,,,,0,0
Display Technologies,,,,,,,,,,,,0,0
Display Technologies,,,,,,,,,,,,0,0
Display Technologies,,,,,,,,,,,,0,0
Display Technologies,,,,,,,,,,,,0,0
Display Technologies,,,,,,,,,,,,0,0
Display Technologies,,,,,,,,,,,,0,0
Display Technologies,,,,,,,,,,,,0,0
Display Technologies,,,,,,,,,,,,0,0
Display Technologies,,,,,,,,,,,,0,0
Display Technologies,,,,,,,,,,,,0,0
Display Technologies,,,,,,,,,,,,0,0
Display Technologies,,,,,,,,,,,,0,0
Display Technologies,,,,,,,,,,,,0,0
