entity,invoice_number,invoice_date,year,item_code,quantity,contact_raw,contact_canonical,status,account_raw,product_line,net,is_product_revenue,is_intra_group
GTUK / Apex Tech Scotland Ltd,INV-2012/737,2012-01-11,2012,AGA-T237-M,1,Ideaworks Limited,Ideaworks Limited,Paid,Sales - AGATH,AGATH,3705.0,1,0
GTUK / Apex Tech Scotland Ltd,INV-2012/737,2012-01-11,2012,AGA-T237-M,1,Ideaworks Limited,Ideaworks Limited,Paid,Sales - AGATH,AGATH,3705.0,1,0
GTUK / Apex Tech Scotland Ltd,CANCELS INV 2012/737,2012-01-11,2012,AGA-T237-N,1,Ideaworks Limited,Ideaworks Limited,Paid,Sales - AGATH,AGATH,-3705.0,1,0
GTUK / Apex Tech Scotland Ltd,CANCELS INV 2012/737,2012-01-11,2012,AGA-T237-N,1,Ideaworks Limited,Ideaworks Limited,Paid,Sales - AGATH,AGATH,-3705.0,1,0
GTUK / Apex Tech Scotland Ltd,INV-0796,2012-02-07,2012,,1,The Sound Gallery,The Sound Gallery,Paid,Sales - PRISMASONIC,PRISMASONIC,1998.0,1,0
GTUK / Apex Tech Scotland Ltd,INV-0806,2012-02-13,2012,,1,Brilliant Living,Brilliant Living,Paid,Sales - DPI,DPI,2908.0,1,0
GTUK / Apex Tech Scotland Ltd,INV-0807,2012-02-13,2012,,1,The High End,The High End,Paid,Sales - XPAND,XPAND,1980.0,1,0
GTUK / Apex Tech Scotland Ltd,INV-0808,2012-02-13,2012,,1,The High End,The High End,Paid,Sales - CINEMATECH,CINEMATECH,12863.43,1,0
GTUK / Apex Tech Scotland Ltd,INV-0809,2012-02-13,2012,,1,Andrew Lucas London,Andrew Lucas London,Paid,Sales - STEALTH,STEALTH,630.0,1,0
GTUK / Apex Tech Scotland Ltd,INV-0810,2012-02-13,2012,,1,Isis Integrated Systems,Isis Integrated Systems,Paid,Sales - LEAF,LEAF,325.0,1,0
GTUK / Apex Tech Scotland Ltd,INV-0811,2012-02-13,2012,,1,Symfony Custom Install Limited,Symfony Custom Install Limited,Paid,Sales - AGATH,AGATH,2795.0,1,0
GTUK / Apex Tech Scotland Ltd,INV-0811,2012-02-13,2012,,1,Symfony Custom Install Limited,Symfony Custom Install Limited,Paid,Sales - AGATH,AGATH,-195.0,1,0
GTUK / Apex Tech Scotland Ltd,INV-0811,2012-02-13,2012,,1,Symfony Custom Install Limited,Symfony Custom Install Limited,Paid,Sales - AGATH,AGATH,78.0,1,0
GTUK / Apex Tech Scotland Ltd,INV-0812,2012-02-13,2012,,1,Livewire Home Integration Ltd,Livewire Home Integration Ltd,Paid,Sales - AGATH,AGATH,1300.0,1,0
GTUK / Apex Tech Scotland Ltd,INV-0812,2012-02-13,2012,,1,Livewire Home Integration Ltd,Livewire Home Integration Ltd,Paid,Sales - AGATH,AGATH,162.5,1,0
GTUK / Apex Tech Scotland Ltd,INV-0812,2012-02-13,2012,,1,Livewire Home Integration Ltd,Livewire Home Integration Ltd,Paid,Sales - AGATH,AGATH,234.0,1,0
GTUK / Apex Tech Scotland Ltd,INV-0813,2012-02-13,2012,,1,Tillman Domotics,Tillman Domotics,Paid,Sales - AGATH,AGATH,4615.0,1,0
GTUK / Apex Tech Scotland Ltd,INV-0813,2012-02-13,2012,,1,Tillman Domotics,Tillman Domotics,Paid,Sales - AGATH,AGATH,-195.0,1,0
GTUK / Apex Tech Scotland Ltd,INV-0814,2012-02-13,2012,,1,Soundset,Soundset,Paid,Sales - OTHERS,OTHERS,2250.0,1,0
GTUK / Apex Tech Scotland Ltd,INV-0814,2012-02-13,2012,,1,Soundset,Soundset,Paid,Sales - OTHERS,OTHERS,1000.0,1,0
GTUK / Apex Tech Scotland Ltd,INV-0815,2012-02-13,2012,,1,Smartcomm Ltd,Smartcomm Ltd,Paid,Sales - LEON,LEON,852.0,1,0
GTUK / Apex Tech Scotland Ltd,INV-0815,2012-02-13,2012,,1,Smartcomm Ltd,Smartcomm Ltd,Paid,Sales - LEON,LEON,390.0,1,0
GTUK / Apex Tech Scotland Ltd,INV-0816,2012-02-13,2012,,5,DLUK (London) Ltd,DLUK (London) Ltd,Paid,Sales - KEY DIGITAL,KEY DIGITAL,55.0,1,0
GTUK / Apex Tech Scotland Ltd,INV-0816,2012-02-13,2012,,4,DLUK (London) Ltd,DLUK (London) Ltd,Paid,Sales - KEY DIGITAL,KEY DIGITAL,48.0,1,0
GTUK / Apex Tech Scotland Ltd,INV-0817,2012-02-13,2012,,1,Brilliant Living,Brilliant Living,Paid,Sales - IMAGE,IMAGE,1495.0,1,0
GTUK / Apex Tech Scotland Ltd,INV-0818,2012-02-13,2012,,1,Grahams,Grahams,Paid,Sales - ADA,ADA,1440.0,1,0
GTUK / Apex Tech Scotland Ltd,INV-0819,2012-02-13,2012,,1,Brilliant Living,Brilliant Living,Paid,Sales - STRAIGHTWIRE,STRAIGHTWIRE,120.0,1,0
GTUK / Apex Tech Scotland Ltd,INV-0820,2012-02-13,2012,,1,Imagine this (UK) Ltd,Imagine this (UK) Ltd,Paid,Sales - AGATH,AGATH,675.0,1,0
GTUK / Apex Tech Scotland Ltd,INV-0820,2012-02-13,2012,,1,Imagine this (UK) Ltd,Imagine this (UK) Ltd,Paid,Sales - AGATH,AGATH,2137.5,1,0
GTUK / Apex Tech Scotland Ltd,INV-0821,2012-02-13,2012,,1,DLUK (London) Ltd,DLUK (London) Ltd,Paid,Sales - LEON,LEON,250.0,1,0
GTUK / Apex Tech Scotland Ltd,INV-0822,2012-02-13,2012,,1,Icon Connect Ltd,Icon Connect Ltd,Paid,Sales - LEON,LEON,1380.0,1,0
GTUK / Apex Tech Scotland Ltd,INV-0822,2012-02-13,2012,,1,Icon Connect Ltd,Icon Connect Ltd,Paid,,,0.0,1,0
GTUK / Apex Tech Scotland Ltd,INV-0822,2012-02-13,2012,,1,Icon Connect Ltd,Icon Connect Ltd,Paid,Sales - LEON,LEON,132.0,1,0
GTUK / Apex Tech Scotland Ltd,INV-0823,2012-02-13,2012,,1,Fusion.One International Ltd,Fusion.One International Ltd,Paid,Sales - ADA,ADA,2700.0,1,0
GTUK / Apex Tech Scotland Ltd,INV-0825,2012-02-13,2012,,8,Sceptre AV,Sceptre AV,Paid,Sales - STEALTH,STEALTH,600.0,1,0
GTUK / Apex Tech Scotland Ltd,INV-0825,2012-02-13,2012,,7,Sceptre AV,Sceptre AV,Paid,Sales - STEALTH,STEALTH,420.0,1,0
GTUK / Apex Tech Scotland Ltd,CN-1002,2012-02-29,2012,,1,Cornflake Ltd.,Cornflake Ltd.,Paid,Sales - AGATH,AGATH,-2434.71,1,0
GTUK / Apex Tech Scotland Ltd,CN-1002,2012-02-29,2012,,1,Cornflake Ltd.,Cornflake Ltd.,Paid,Sales - AGATH,AGATH,-129.6,1,0
GTUK / Apex Tech Scotland Ltd,CN-1002,2012-02-29,2012,,1,Cornflake Ltd.,Cornflake Ltd.,Paid,Sales - AGATH,AGATH,-890.0,1,0
GTUK / Apex Tech Scotland Ltd,CN-1003,2012-03-14,2012,,2,Future Systems AV Ltd,Future Systems AV Ltd,Paid,Sales - AGATH,AGATH,-156.0,1,0
GTUK / Apex Tech Scotland Ltd,CN-1013,2012-03-14,2012,,1,Smartcomm Ltd,Smartcomm Ltd,Paid,Sales - LEON,LEON,-1380.0,1,0
GTUK / Apex Tech Scotland Ltd,CN-1013,2012-03-14,2012,,1,Smartcomm Ltd,Smartcomm Ltd,Paid,,,0.0,1,0
GTUK / Apex Tech Scotland Ltd,CN-1013,2012-03-14,2012,,1,Smartcomm Ltd,Smartcomm Ltd,Paid,Sales - LEON,LEON,-132.0,1,0
GTUK / Apex Tech Scotland Ltd,CN-1014,2012-03-14,2012,,14,Smartcomm Ltd,Smartcomm Ltd,Paid,Sales - STEALTH,STEALTH,-7000.0,1,0
GTUK / Apex Tech Scotland Ltd,CN-1014,2012-03-14,2012,,6,Smartcomm Ltd,Smartcomm Ltd,Paid,Sales - STEALTH,STEALTH,-2100.0,1,0
GTUK / Apex Tech Scotland Ltd,CN-1014,2012-03-14,2012,,16,Smartcomm Ltd,Smartcomm Ltd,Paid,Sales - STEALTH,STEALTH,-1440.0,1,0
GTUK / Apex Tech Scotland Ltd,CN-1014,2012-03-14,2012,,7,Smartcomm Ltd,Smartcomm Ltd,Paid,Sales - STEALTH,STEALTH,-1050.0,1,0
GTUK / Apex Tech Scotland Ltd,INV-0854,2012-03-14,2012,,3,DLUK (London) Ltd,DLUK (London) Ltd,Paid,Sales - STRAIGHTWIRE,STRAIGHTWIRE,57.0,1,0
GTUK / Apex Tech Scotland Ltd,INV-0855,2012-03-14,2012,,4,The Pleasure Home,The Pleasure Home,Paid,Sales - STEALTH,STEALTH,1800.0,1,0
GTUK / Apex Tech Scotland Ltd,INV-0855,2012-03-14,2012,,1,The Pleasure Home,The Pleasure Home,Paid,Sales - STEALTH,STEALTH,-75.0,1,0
GTUK / Apex Tech Scotland Ltd,INV-0856,2012-03-14,2012,,1,Brilliant Living,Brilliant Living,Paid,Sales - STEALTH,STEALTH,500.0,1,0
GTUK / Apex Tech Scotland Ltd,INV-0856,2012-03-14,2012,,2,Brilliant Living,Brilliant Living,Paid,Sales - STEALTH,STEALTH,200.0,1,0
GTUK / Apex Tech Scotland Ltd,INV-0857,2012-03-14,2012,,1,Smartcomm Ltd,Smartcomm Ltd,Paid,Sales - LEON,LEON,1380.0,1,0
GTUK / Apex Tech Scotland Ltd,INV-0857,2012-03-14,2012,,1,Smartcomm Ltd,Smartcomm Ltd,Paid,,,0.0,1,0
GTUK / Apex Tech Scotland Ltd,INV-0857,2012-03-14,2012,,1,Smartcomm Ltd,Smartcomm Ltd,Paid,Sales - LEON,LEON,132.0,1,0
GTUK / Apex Tech Scotland Ltd,INV-0859,2012-03-14,2012,,1,The Little Cinema Company Ltd,The Little Cinema Company Ltd,Paid,Sales - AGATH,AGATH,2340.0,1,0
GTUK / Apex Tech Scotland Ltd,INV-0859,2012-03-14,2012,,1,The Little Cinema Company Ltd,The Little Cinema Company Ltd,Paid,,,0.0,1,0
GTUK / Apex Tech Scotland Ltd,INV-0859,2012-03-14,2012,,1,The Little Cinema Company Ltd,The Little Cinema Company Ltd,Paid,,,0.0,1,0
GTUK / Apex Tech Scotland Ltd,INV-0860,2012-03-14,2012,,1,Stone Audio UK Ltd,Stone Audio UK Ltd,Paid,Sales - ADA,ADA,2500.0,1,0
GTUK / Apex Tech Scotland Ltd,INV-0861,2012-03-14,2012,,1,Design Innovation,Design Innovation,Paid,Sales - LEAF,LEAF,3750.0,1,0
GTUK / Apex Tech Scotland Ltd,INV-0861,2012-03-14,2012,,4,Design Innovation,Design Innovation,Paid,Sales - LEAF,LEAF,750.0,1,0
GTUK / Apex Tech Scotland Ltd,INV-0862,2012-03-14,2012,,1,Nethaus Ltd,Nethaus Ltd,Paid,Sales - CINEMATECH,CINEMATECH,4425.12,1,0
GTUK / Apex Tech Scotland Ltd,INV-0863,2012-03-14,2012,,1,Soundset,Soundset,Paid,Sales - OTHERS,OTHERS,1500.0,1,0
GTUK / Apex Tech Scotland Ltd,INV-0863,2012-03-14,2012,,1,Soundset,Soundset,Paid,Sales - OTHERS,OTHERS,399.52,1,0
GTUK / Apex Tech Scotland Ltd,INV-0864,2012-03-14,2012,,1,Adept Integrated Systems,Adept Integrated Systems,Paid,Sales - AGATH,AGATH,2080.0,1,0
GTUK / Apex Tech Scotland Ltd,INV-0864,2012-03-14,2012,,1,Adept Integrated Systems,Adept Integrated Systems,Paid,,,0.0,1,0
GTUK / Apex Tech Scotland Ltd,INV-0864,2012-03-14,2012,,1,Adept Integrated Systems,Adept Integrated Systems,Paid,Sales - AGATH,AGATH,97.5,1,0
GTUK / Apex Tech Scotland Ltd,INV-0865,2012-03-14,2012,,2,Future Systems AV Ltd,Future Systems AV Ltd,Paid,Sales - AGATH,AGATH,156.0,1,0
GTUK / Apex Tech Scotland Ltd,INV-0866,2012-03-14,2012,,14,Smartcomm Ltd,Smartcomm Ltd,Paid,Sales - STEALTH,STEALTH,7000.0,1,0
GTUK / Apex Tech Scotland Ltd,INV-0866,2012-03-14,2012,,6,Smartcomm Ltd,Smartcomm Ltd,Paid,Sales - STEALTH,STEALTH,2100.0,1,0
GTUK / Apex Tech Scotland Ltd,INV-0866,2012-03-14,2012,,16,Smartcomm Ltd,Smartcomm Ltd,Paid,Sales - STEALTH,STEALTH,1440.0,1,0
GTUK / Apex Tech Scotland Ltd,INV-0866,2012-03-14,2012,,7,Smartcomm Ltd,Smartcomm Ltd,Paid,Sales - STEALTH,STEALTH,1050.0,1,0
GTUK / Apex Tech Scotland Ltd,INV-0867,2012-03-14,2012,,1,Gibson Integration Ltd,Gibson Integration Ltd,Paid,Sales - LEON,LEON,984.0,1,0
GTUK / Apex Tech Scotland Ltd,INV-0867,2012-03-14,2012,,1,Gibson Integration Ltd,Gibson Integration Ltd,Paid,,,0.0,1,0
GTUK / Apex Tech Scotland Ltd,INV-0867,2012-03-14,2012,,1,Gibson Integration Ltd,Gibson Integration Ltd,Paid,Sales - LEON,LEON,132.0,1,0
GTUK / Apex Tech Scotland Ltd,INV-0893,2012-03-14,2012,,1,Marquee Installations Ltd,Marquee Installations Ltd,Paid,Sales - LEON,LEON,852.0,1,0
GTUK / Apex Tech Scotland Ltd,INV-0893,2012-03-14,2012,,1,Marquee Installations Ltd,Marquee Installations Ltd,Paid,,,0.0,1,0
GTUK / Apex Tech Scotland Ltd,INV-0893,2012-03-14,2012,,1,Marquee Installations Ltd,Marquee Installations Ltd,Paid,Sales - LEON,LEON,132.0,1,0
GTUK / Apex Tech Scotland Ltd,INV-0894,2012-03-14,2012,,1,James and Giles,James and Giles,Paid,Sales - LEAF,LEAF,2200.0,1,0
GTUK / Apex Tech Scotland Ltd,INV-0895,2012-03-14,2012,,1,Gibson Integration Ltd,Gibson Integration Ltd,Paid,Sales - IMAGE,IMAGE,1306.5,1,0
GTUK / Apex Tech Scotland Ltd,INV-0895,2012-03-14,2012,,1,Gibson Integration Ltd,Gibson Integration Ltd,Paid,Sales - IMAGE,IMAGE,38.35,1,0
GTUK / Apex Tech Scotland Ltd,INV-0896,2012-03-15,2012,,1,Icon Connect Ltd,Icon Connect Ltd,Paid,Sales - LEON,LEON,1644.0,1,0
GTUK / Apex Tech Scotland Ltd,INV-0896,2012-03-15,2012,,1,Icon Connect Ltd,Icon Connect Ltd,Paid,,,0.0,1,0
GTUK / Apex Tech Scotland Ltd,INV-0896,2012-03-15,2012,,1,Icon Connect Ltd,Icon Connect Ltd,Paid,Sales - LEON,LEON,132.0,1,0
GTUK / Apex Tech Scotland Ltd,INV-0897,2012-03-23,2012,,3,Elegant Solutions International Limited,Elegant Solutions International Limited,Paid,Sales - OTHERS,OTHERS,300.0,1,0
GTUK / Apex Tech Scotland Ltd,INV-0898,2012-03-23,2012,,2,Smartcomm Ltd,Smartcomm Ltd,Paid,Sales - OTHERS,OTHERS,200.0,1,0
GTUK / Apex Tech Scotland Ltd,INV-0900,2012-03-23,2012,,3,thinkingbricks Limited,thinkingbricks Limited,Paid,Sales - OTHERS,OTHERS,300.0,1,0
GTUK / Apex Tech Scotland Ltd,INV-0901,2012-03-23,2012,,2,Clear AV Ltd,Clear AV Ltd,Paid,Sales - OTHERS,OTHERS,200.0,1,0
GTUK / Apex Tech Scotland Ltd,INV-0912,2012-03-29,2012,,1,PBI Audio Visual,PBI Audio Visual,Paid,Sales - STEALTH,STEALTH,375.0,1,0
GTUK / Apex Tech Scotland Ltd,INV-0913,2012-03-29,2012,,1,Tillman Domotics,Tillman Domotics,Paid,,,0.0,1,0
GTUK / Apex Tech Scotland Ltd,INV-0913,2012-03-29,2012,,1,Tillman Domotics,Tillman Domotics,Paid,Sales - LEON,LEON,132.0,1,0
GTUK / Apex Tech Scotland Ltd,INV-0913,2012-03-29,2012,,1,Tillman Domotics,Tillman Domotics,Paid,Sales - LEON,LEON,1380.0,1,0
GTUK / Apex Tech Scotland Ltd,INV-0914,2012-03-29,2012,,1,Gibson Integration Ltd,Gibson Integration Ltd,Paid,Sales - IMAGE,IMAGE,38.35,1,0
GTUK / Apex Tech Scotland Ltd,INV-0914,2012-03-29,2012,,1,Gibson Integration Ltd,Gibson Integration Ltd,Paid,Sales - IMAGE,IMAGE,25.0,1,0
GTUK / Apex Tech Scotland Ltd,INV-0915,2012-03-29,2012,,2,Genesis Technologies Benelux bvba,Genesis Technologies Benelux bvba,Paid,,,0.0,1,0
GTUK / Apex Tech Scotland Ltd,INV-0915,2012-03-29,2012,,2,Genesis Technologies Benelux bvba,Genesis Technologies Benelux bvba,Paid,,,0.0,1,0
GTUK / Apex Tech Scotland Ltd,INV-0915,2012-03-29,2012,,2,Genesis Technologies Benelux bvba,Genesis Technologies Benelux bvba,Paid,,,0.0,1,0
GTUK / Apex Tech Scotland Ltd,INV-0915,2012-03-29,2012,,1,Genesis Technologies Benelux bvba,Genesis Technologies Benelux bvba,Paid,Sales - WISDOM,WISDOM,10400.0,1,0
GTUK / Apex Tech Scotland Ltd,INV-0902,2012-03-29,2012,,1,Sceptre AV,Sceptre AV,Paid,Sales - IMAGE,IMAGE,389.35,1,0
GTUK / Apex Tech Scotland Ltd,INV-0902,2012-03-29,2012,,1,Sceptre AV,Sceptre AV,Paid,Sales - IMAGE,IMAGE,16168.75,1,0
GTUK / Apex Tech Scotland Ltd,INV-0902,2012-03-29,2012,,1,Sceptre AV,Sceptre AV,Paid,Sales - IMAGE,IMAGE,357.5,1,0
GTUK / Apex Tech Scotland Ltd,INV-0903,2012-03-29,2012,,9,Stone Audio UK Ltd,Stone Audio UK Ltd,Paid,Sales - STEALTH,STEALTH,4500.0,1,0
GTUK / Apex Tech Scotland Ltd,INV-0903,2012-03-29,2012,,18,Stone Audio UK Ltd,Stone Audio UK Ltd,Paid,Sales - STEALTH,STEALTH,1350.0,1,0
GTUK / Apex Tech Scotland Ltd,INV-0904,2012-03-29,2012,,1,James and Giles,James and Giles,Paid,Sales - LEAF,LEAF,275.0,1,0
GTUK / Apex Tech Scotland Ltd,INV-0905,2012-03-29,2012,,1,Victoria Road Designs,Victoria Road Designs,Paid,Sales - AGATH,AGATH,1300.0,1,0
GTUK / Apex Tech Scotland Ltd,INV-0905,2012-03-29,2012,,1,Victoria Road Designs,Victoria Road Designs,Paid,Sales - AGATH,AGATH,-300.0,1,0
GTUK / Apex Tech Scotland Ltd,INV-0905,2012-03-29,2012,,1,Victoria Road Designs,Victoria Road Designs,Paid,Sales - AGATH,AGATH,-150.0,1,0
GTUK / Apex Tech Scotland Ltd,INV-0906,2012-03-29,2012,,2,Simon Chambers,Simon Chambers,Paid,Sales - VIVADI,VIVADI,300.0,1,0
GTUK / Apex Tech Scotland Ltd,INV-0907,2012-03-29,2012,,2,Olive Audio Visual Ltd,Olive Audio Visual Ltd,Paid,Sales - LEON,LEON,1704.0,1,0
GTUK / Apex Tech Scotland Ltd,INV-0907,2012-03-29,2012,,4,Olive Audio Visual Ltd,Olive Audio Visual Ltd,Paid,,,0.0,1,0
GTUK / Apex Tech Scotland Ltd,INV-0907,2012-03-29,2012,,4,Olive Audio Visual Ltd,Olive Audio Visual Ltd,Paid,,,0.0,1,0
GTUK / Apex Tech Scotland Ltd,INV-0907,2012-03-29,2012,,1,Olive Audio Visual Ltd,Olive Audio Visual Ltd,Paid,Sales - LEON,LEON,2634.0,1,0
GTUK / Apex Tech Scotland Ltd,INV-0907,2012-03-29,2012,,1,Olive Audio Visual Ltd,Olive Audio Visual Ltd,Paid,Sales - LEON,LEON,-138.0,1,0
GTUK / Apex Tech Scotland Ltd,INV-0908,2012-03-29,2012,,1,Adept Integrated Systems,Adept Integrated Systems,Paid,Sales - AGATH,AGATH,2080.0,1,0
GTUK / Apex Tech Scotland Ltd,INV-0908,2012-03-29,2012,,1,Adept Integrated Systems,Adept Integrated Systems,Paid,,,0.0,1,0
GTUK / Apex Tech Scotland Ltd,INV-0908,2012-03-29,2012,,1,Adept Integrated Systems,Adept Integrated Systems,Paid,Sales - AGATH,AGATH,97.5,1,0
GTUK / Apex Tech Scotland Ltd,INV-0909,2012-03-29,2012,,2,Face to Face Digital,Face to Face Digital,Paid,Sales - LEON,LEON,2232.0,1,0
GTUK / Apex Tech Scotland Ltd,INV-0909,2012-03-29,2012,,2,Face to Face Digital,Face to Face Digital,Paid,,,0.0,1,0
GTUK / Apex Tech Scotland Ltd,INV-0909,2012-03-29,2012,,2,Face to Face Digital,Face to Face Digital,Paid,Sales - LEON,LEON,264.0,1,0
GTUK / Apex Tech Scotland Ltd,INV-0909,2012-03-29,2012,,1,Face to Face Digital,Face to Face Digital,Paid,Sales - LEON,LEON,588.0,1,0
GTUK / Apex Tech Scotland Ltd,INV-0909,2012-03-29,2012,,1,Face to Face Digital,Face to Face Digital,Paid,Sales - LEON,LEON,125.0,1,0
GTUK / Apex Tech Scotland Ltd,INV-0909,2012-03-29,2012,,1,Face to Face Digital,Face to Face Digital,Paid,Sales - LEON,LEON,588.0,1,0
GTUK / Apex Tech Scotland Ltd,INV-0909,2012-03-29,2012,,1,Face to Face Digital,Face to Face Digital,Paid,Sales - LEON,LEON,125.0,1,0
GTUK / Apex Tech Scotland Ltd,INV-0910,2012-03-29,2012,,1,Tillman Domotics,Tillman Domotics,Paid,Sales - LEON,LEON,1380.0,1,0
GTUK / Apex Tech Scotland Ltd,INV-0910,2012-03-29,2012,,1,Tillman Domotics,Tillman Domotics,Paid,,,0.0,1,0
GTUK / Apex Tech Scotland Ltd,INV-0910,2012-03-29,2012,,1,Tillman Domotics,Tillman Domotics,Paid,Sales - LEON,LEON,132.0,1,0
GTUK / Apex Tech Scotland Ltd,INV-0911,2012-03-29,2012,,16,Andrew Lucas London,Andrew Lucas London,Paid,Sales - STEALTH,STEALTH,3600.0,1,0
GTUK / Apex Tech Scotland Ltd,INV-0911,2012-03-29,2012,,1,Andrew Lucas London,Andrew Lucas London,Paid,Sales - STEALTH,STEALTH,500.0,1,0
GTUK / Apex Tech Scotland Ltd,INV-0912,2012-03-29,2012,,1,PBI Audio Visual,PBI Audio Visual,Paid,Sales - STEALTH,STEALTH,1000.0,1,0
GTUK / Apex Tech Scotland Ltd,INV-0912,2012-03-29,2012,,1,PBI Audio Visual,PBI Audio Visual,Paid,Sales - STEALTH,STEALTH,500.0,1,0
GTUK / Apex Tech Scotland Ltd,INV-0912,2012-03-29,2012,,1,PBI Audio Visual,PBI Audio Visual,Paid,Sales - STEALTH,STEALTH,450.0,1,0
GTUK / Apex Tech Scotland Ltd,INV-0912,2012-03-29,2012,,1,PBI Audio Visual,PBI Audio Visual,Paid,Sales - STEALTH,STEALTH,500.0,1,0
GTUK / Apex Tech Scotland Ltd,INV-0916,2012-03-30,2012,,2,Tectone,Tectone,Paid,Sales - STEALTH,STEALTH,2500.0,1,0
GTUK / Apex Tech Scotland Ltd,INV-0916,2012-03-30,2012,,1,Tectone,Tectone,Paid,Sales - STEALTH,STEALTH,500.0,1,0
GTUK / Apex Tech Scotland Ltd,INV-0917,2012-03-30,2012,,1,LiveSmarter Ltd,LiveSmarter Ltd,Paid,Sales - LEON,LEON,1248.0,1,0
GTUK / Apex Tech Scotland Ltd,INV-0918,2012-03-30,2012,,2,Pyramid Productions Services Limited,Pyramid Productions Services Limited,Paid,Sales - ADA,ADA,3300.0,1,0
GTUK / Apex Tech Scotland Ltd,INV-0919,2012-04-04,2012,,14,Britania Ltd,Britania Ltd,Paid,Sales - STEALTH,STEALTH,7000.0,1,0
GTUK / Apex Tech Scotland Ltd,INV-0919,2012-04-04,2012,,6,Britania Ltd,Britania Ltd,Paid,Sales - STEALTH,STEALTH,2100.0,1,0
GTUK / Apex Tech Scotland Ltd,INV-0919,2012-04-04,2012,,16,Britania Ltd,Britania Ltd,Paid,Sales - STEALTH,STEALTH,1440.0,1,0
GTUK / Apex Tech Scotland Ltd,INV-0919,2012-04-04,2012,,7,Britania Ltd,Britania Ltd,Paid,Sales - STEALTH,STEALTH,1050.0,1,0
GTUK / Apex Tech Scotland Ltd,INV-0919,2012-04-04,2012,,1,Britania Ltd,Britania Ltd,Paid,Sales - STEALTH,STEALTH,-579.5,1,0
GTUK / Apex Tech Scotland Ltd,INV-0920,2012-04-04,2012,,1,Britania Ltd,Britania Ltd,Paid,Sales - LEON,LEON,1380.0,1,0
GTUK / Apex Tech Scotland Ltd,INV-0920,2012-04-04,2012,,1,Britania Ltd,Britania Ltd,Paid,,,0.0,1,0
GTUK / Apex Tech Scotland Ltd,INV-0920,2012-04-04,2012,,1,Britania Ltd,Britania Ltd,Paid,Sales - LEON,LEON,132.0,1,0
GTUK / Apex Tech Scotland Ltd,INV-0920,2012-04-04,2012,,1,Britania Ltd,Britania Ltd,Paid,Sales - LEON,LEON,-75.6,1,0
GTUK / Apex Tech Scotland Ltd,INV-0922,2012-04-30,2012,,1,Livewire Home Integration Ltd,Livewire Home Integration Ltd,Paid,Sales - LEON,LEON,2040.0,1,0
GTUK / Apex Tech Scotland Ltd,INV-0922,2012-04-30,2012,,1,Livewire Home Integration Ltd,Livewire Home Integration Ltd,Paid,,,0.0,1,0
GTUK / Apex Tech Scotland Ltd,INV-0922,2012-04-30,2012,,1,Livewire Home Integration Ltd,Livewire Home Integration Ltd,Paid,Sales - LEON,LEON,132.0,1,0
GTUK / Apex Tech Scotland Ltd,INV-0922,2012-04-30,2012,,1,Livewire Home Integration Ltd,Livewire Home Integration Ltd,Paid,Sales - LEON,LEON,390.0,1,0
GTUK / Apex Tech Scotland Ltd,INV-0922,2012-04-30,2012,,1,Livewire Home Integration Ltd,Livewire Home Integration Ltd,Paid,Sales - LEON,LEON,114.0,1,0
GTUK / Apex Tech Scotland Ltd,INV-0923,2012-04-30,2012,,1,West London AV Solutions,West London AV Solutions,Paid,Sales - LEON,LEON,1116.0,1,0
GTUK / Apex Tech Scotland Ltd,INV-0923,2012-04-30,2012,,1,West London AV Solutions,West London AV Solutions,Paid,,,0.0,1,0
GTUK / Apex Tech Scotland Ltd,INV-0923,2012-04-30,2012,,1,West London AV Solutions,West London AV Solutions,Paid,Sales - LEON,LEON,132.0,1,0
GTUK / Apex Tech Scotland Ltd,INV-0924,2012-04-30,2012,,2,Brilliant Living,Brilliant Living,Paid,Sales - STRAIGHTWIRE,STRAIGHTWIRE,240.0,1,0
GTUK / Apex Tech Scotland Ltd,INV-0924,2012-04-30,2012,,2,Brilliant Living,Brilliant Living,Paid,Sales - STRAIGHTWIRE,STRAIGHTWIRE,240.0,1,0
GTUK / Apex Tech Scotland Ltd,INV-0925,2012-04-30,2012,,1,Clarke Infinity Ltd,Clarke Infinity Ltd,Paid,Sales - CINEMATECH,CINEMATECH,3711.01,1,0
GTUK / Apex Tech Scotland Ltd,INV-0926,2012-04-30,2012,,1,Adept Integrated Systems,Adept Integrated Systems,Paid,Sales - AGATH,AGATH,2275.0,1,0
GTUK / Apex Tech Scotland Ltd,INV-0926,2012-04-30,2012,,1,Adept Integrated Systems,Adept Integrated Systems,Paid,Sales - AGATH,AGATH,-162.5,1,0
GTUK / Apex Tech Scotland Ltd,INV-0927,2012-04-30,2012,,1,The Little Cinema Company Ltd,The Little Cinema Company Ltd,Paid,Sales - AGATH,AGATH,1300.0,1,0
GTUK / Apex Tech Scotland Ltd,INV-0927,2012-04-30,2012,,1,The Little Cinema Company Ltd,The Little Cinema Company Ltd,Paid,,,0.0,1,0
GTUK / Apex Tech Scotland Ltd,INV-0928,2012-04-30,2012,,1,Sensoria AV,Sensoria AV,Paid,Sales - LEAF,LEAF,3250.0,1,0
GTUK / Apex Tech Scotland Ltd,INV-0928,2012-04-30,2012,,5,Sensoria AV,Sensoria AV,Paid,Sales - LEAF,LEAF,812.5,1,0
GTUK / Apex Tech Scotland Ltd,INV-0929,2012-04-30,2012,,1,Kensington Audio Visual,Kensington Audio Visual,Paid,Sales - LEON,LEON,1116.0,1,0
GTUK / Apex Tech Scotland Ltd,INV-0929,2012-04-30,2012,,1,Kensington Audio Visual,Kensington Audio Visual,Paid,Sales - LEON,LEON,132.0,1,0
GTUK / Apex Tech Scotland Ltd,INV-0929,2012-04-30,2012,,1,Kensington Audio Visual,Kensington Audio Visual,Paid,Sales - LEON,LEON,1248.0,1,0
GTUK / Apex Tech Scotland Ltd,INV-0929,2012-04-30,2012,,1,Kensington Audio Visual,Kensington Audio Visual,Paid,Sales - LEON,LEON,786.0,1,0
GTUK / Apex Tech Scotland Ltd,INV-0929,2012-04-30,2012,,1,Kensington Audio Visual,Kensington Audio Visual,Paid,Sales - LEON,LEON,125.0,1,0
GTUK / Apex Tech Scotland Ltd,INV-0929,2012-04-30,2012,,1,Kensington Audio Visual,Kensington Audio Visual,Paid,Sales - LEON,LEON,72.0,1,0
GTUK / Apex Tech Scotland Ltd,INV-0929,2012-04-30,2012,,1,Kensington Audio Visual,Kensington Audio Visual,Paid,Sales - LEON,LEON,125.0,1,0
GTUK / Apex Tech Scotland Ltd,INV-0930,2012-04-30,2012,,1,Fusion.One International Ltd,Fusion.One International Ltd,Paid,Sales - ADA,ADA,1440.0,1,0
GTUK / Apex Tech Scotland Ltd,INV-0931,2012-04-30,2012,,1,James and Giles,James and Giles,Paid,Sales - LEAF,LEAF,275.0,1,0
GTUK / Apex Tech Scotland Ltd,INV-0932,2012-04-30,2012,,2,The Next Level,The Next Level,Paid,Sales - STEALTH,STEALTH,180.0,1,0
GTUK / Apex Tech Scotland Ltd,INV-0933,2012-04-30,2012,,1,D & T Electronics,D & T Electronics,Paid,Sales - CINEMATECH,CINEMATECH,8305.83,1,0
GTUK / Apex Tech Scotland Ltd,INV-0934,2012-04-30,2012,,1,Custom Sight & Sound Ltd,Custom Sight & Sound Ltd,Paid,Sales - LEON,LEON,1908.0,1,0
GTUK / Apex Tech Scotland Ltd,INV-0934,2012-04-30,2012,,1,Custom Sight & Sound Ltd,Custom Sight & Sound Ltd,Paid,,,0.0,1,0
GTUK / Apex Tech Scotland Ltd,INV-0934,2012-04-30,2012,,1,Custom Sight & Sound Ltd,Custom Sight & Sound Ltd,Paid,Sales - LEON,LEON,132.0,1,0
GTUK / Apex Tech Scotland Ltd,INV-0935,2012-04-30,2012,,1,Clear AV Ltd,Clear AV Ltd,Paid,Sales - LEON,LEON,1116.0,1,0
GTUK / Apex Tech Scotland Ltd,INV-0935,2012-04-30,2012,,1,Clear AV Ltd,Clear AV Ltd,Paid,Sales - LEON,LEON,102.0,1,0
GTUK / Apex Tech Scotland Ltd,INV-0936,2012-04-30,2012,,1,Smartcomm Ltd,Smartcomm Ltd,Paid,Sales - LEON,LEON,1116.0,1,0
GTUK / Apex Tech Scotland Ltd,INV-0936,2012-04-30,2012,,1,Smartcomm Ltd,Smartcomm Ltd,Paid,Sales - LEON,LEON,1116.0,1,0
GTUK / Apex Tech Scotland Ltd,INV-0936,2012-04-30,2012,,2,Smartcomm Ltd,Smartcomm Ltd,Paid,Sales - LEON,LEON,264.0,1,0
GTUK / Apex Tech Scotland Ltd,INV-0936,2012-04-30,2012,,2,Smartcomm Ltd,Smartcomm Ltd,Paid,Sales - LEON,LEON,250.0,1,0
GTUK / Apex Tech Scotland Ltd,INV-0937,2012-04-30,2012,,2,Intelligent Homes in Control Ltd,Intelligent Homes in Control Ltd,Paid,Sales - ADA,ADA,3600.0,1,0
GTUK / Apex Tech Scotland Ltd,INV-0938,2012-04-30,2012,,1,Home Entertainment Solutions,Home Entertainment Solutions,Paid,Sales - LEON,LEON,1116.0,1,0
GTUK / Apex Tech Scotland Ltd,INV-0938,2012-04-30,2012,,1,Home Entertainment Solutions,Home Entertainment Solutions,Paid,Sales - LEON,LEON,132.0,1,0
GTUK / Apex Tech Scotland Ltd,URN166,2012-04-30,2012,,1,Fusion.One International Ltd,Fusion.One International Ltd,Paid,Sales - ADA,ADA,-240.0,1,0
GTUK / Apex Tech Scotland Ltd,INV-0939,2012-04-30,2012,,2,Custom Sight & Sound Ltd,Custom Sight & Sound Ltd,Paid,Sales - LEON,LEON,2232.0,1,0
GTUK / Apex Tech Scotland Ltd,INV-0939,2012-04-30,2012,,2,Custom Sight & Sound Ltd,Custom Sight & Sound Ltd,Paid,,,0.0,1,0
GTUK / Apex Tech Scotland Ltd,INV-0939,2012-04-30,2012,,2,Custom Sight & Sound Ltd,Custom Sight & Sound Ltd,Paid,Sales - LEON,LEON,264.0,1,0
GTUK / Apex Tech Scotland Ltd,INV-0940,2012-04-30,2012,,2,AT&C Audio Technology & Communications Ltd,AT&C Audio Technology & Communications Ltd,Paid,Sales - STEALTH,STEALTH,900.0,1,0
GTUK / Apex Tech Scotland Ltd,INV-0941,2012-04-30,2012,,1,Firefly Automation Ltd,Firefly Automation Ltd,Paid,Sales - AGATH,AGATH,2990.0,1,0
GTUK / Apex Tech Scotland Ltd,INV-0942,2012-04-30,2012,,1,Integrating Technology Ltd,Integrating Technology Ltd,Paid,Sales - CINEMATECH,CINEMATECH,5423.87,1,0
GTUK / Apex Tech Scotland Ltd,INV-0943,2012-04-30,2012,,1,Olive Audio Visual Ltd,Olive Audio Visual Ltd,Paid,Sales - LEON,LEON,1116.0,1,0
GTUK / Apex Tech Scotland Ltd,INV-0943,2012-04-30,2012,,1,Olive Audio Visual Ltd,Olive Audio Visual Ltd,Paid,,,0.0,1,0
GTUK / Apex Tech Scotland Ltd,INV-0943,2012-04-30,2012,,1,Olive Audio Visual Ltd,Olive Audio Visual Ltd,Paid,Sales - LEON,LEON,132.0,1,0
GTUK / Apex Tech Scotland Ltd,INV-0944,2012-04-30,2012,,1,Olive Audio Visual Ltd,Olive Audio Visual Ltd,Paid,,,0.0,1,0
GTUK / Apex Tech Scotland Ltd,INV-0944,2012-04-30,2012,,1,Olive Audio Visual Ltd,Olive Audio Visual Ltd,Paid,,,0.0,1,0
GTUK / Apex Tech Scotland Ltd,INV-0944,2012-04-30,2012,,1,Olive Audio Visual Ltd,Olive Audio Visual Ltd,Paid,,,0.0,1,0
GTUK / Apex Tech Scotland Ltd,INV-0944,2012-04-30,2012,,1,Olive Audio Visual Ltd,Olive Audio Visual Ltd,Paid,,,0.0,1,0
GTUK / Apex Tech Scotland Ltd,INV-0944,2012-04-30,2012,,1,Olive Audio Visual Ltd,Olive Audio Visual Ltd,Paid,,,0.0,1,0
GTUK / Apex Tech Scotland Ltd,INV-0944,2012-04-30,2012,,1,Olive Audio Visual Ltd,Olive Audio Visual Ltd,Paid,,,0.0,1,0
GTUK / Apex Tech Scotland Ltd,INV-0944,2012-04-30,2012,,1,Olive Audio Visual Ltd,Olive Audio Visual Ltd,Paid,Sales - LEON,LEON,4461.0,1,0
GTUK / Apex Tech Scotland Ltd,INV-0945,2012-04-30,2012,,2,London Media Rooms,London Media Rooms,Paid,Sales - AGATH,AGATH,325.0,1,0
GTUK / Apex Tech Scotland Ltd,INV-0946,2012-04-30,2012,,2,Andrew Lucas London,Andrew Lucas London,Paid,Sales - STEALTH,STEALTH,2000.0,1,0
GTUK / Apex Tech Scotland Ltd,INV-0955,2012-05-14,2012,,1,LiveSmarter Ltd,LiveSmarter Ltd,Paid,Sales - LEON,LEON,852.0,1,0
GTUK / Apex Tech Scotland Ltd,INV-0955,2012-05-14,2012,,1,LiveSmarter Ltd,LiveSmarter Ltd,Paid,,,0.0,1,0
GTUK / Apex Tech Scotland Ltd,INV-0955,2012-05-14,2012,,1,LiveSmarter Ltd,LiveSmarter Ltd,Paid,Sales - LEON,LEON,90.0,1,0
GTUK / Apex Tech Scotland Ltd,INV-0956,2012-05-14,2012,,1,Icon Connect Ltd,Icon Connect Ltd,Paid,Sales - LEON,LEON,720.0,1,0
GTUK / Apex Tech Scotland Ltd,INV-0956,2012-05-14,2012,,1,Icon Connect Ltd,Icon Connect Ltd,Paid,Sales - LEON,LEON,852.0,1,0
GTUK / Apex Tech Scotland Ltd,INV-0956,2012-05-14,2012,,1,Icon Connect Ltd,Icon Connect Ltd,Paid,,,0.0,1,0
GTUK / Apex Tech Scotland Ltd,INV-0956,2012-05-14,2012,,1,Icon Connect Ltd,Icon Connect Ltd,Paid,Sales - LEON,LEON,132.0,1,0
GTUK / Apex Tech Scotland Ltd,INV-0957,2012-05-14,2012,,1,Audio Dynamics,Audio Dynamics,Paid,Sales - STEALTH,STEALTH,450.0,1,0
GTUK / Apex Tech Scotland Ltd,INV-0958,2012-05-14,2012,,2,Tillman Domotics,Tillman Domotics,Paid,Sales - STEALTH,STEALTH,900.0,1,0
GTUK / Apex Tech Scotland Ltd,INV-0958,2012-05-14,2012,,4,Tillman Domotics,Tillman Domotics,Paid,Sales - STEALTH,STEALTH,360.0,1,0
GTUK / Apex Tech Scotland Ltd,INV-0959,2012-05-14,2012,,2,AT&C Audio Technology & Communications Ltd,AT&C Audio Technology & Communications Ltd,Paid,Sales - STEALTH,STEALTH,1000.0,1,0
GTUK / Apex Tech Scotland Ltd,INV-0960,2012-05-14,2012,,1,Brilliant Living,Brilliant Living,Paid,Sales - KEY DIGITAL,KEY DIGITAL,1125.0,1,0
GTUK / Apex Tech Scotland Ltd,INV-0961,2012-05-14,2012,,1,Kensington Audio Visual,Kensington Audio Visual,Paid,Sales - STEALTH,STEALTH,450.0,1,0
GTUK / Apex Tech Scotland Ltd,INV-0962,2012-05-14,2012,,1,Tillman Domotics,Tillman Domotics,Paid,Sales - STEALTH,STEALTH,112.5,1,0
GTUK / Apex Tech Scotland Ltd,INV-0962,2012-05-14,2012,,1,Tillman Domotics,Tillman Domotics,Paid,Sales - STEALTH,STEALTH,112.5,1,0
GTUK / Apex Tech Scotland Ltd,INV-0963,2012-05-14,2012,,3,Kensington Audio Visual,Kensington Audio Visual,Paid,Sales - STEALTH,STEALTH,1350.0,1,0
GTUK / Apex Tech Scotland Ltd,INV-0964,2012-05-14,2012,,5,Paddock IT Solutions Ltd,Paddock IT Solutions Ltd,Paid,Sales - STEALTH,STEALTH,3500.0,1,0
GTUK / Apex Tech Scotland Ltd,INV-0964,2012-05-14,2012,,10,Paddock IT Solutions Ltd,Paddock IT Solutions Ltd,Paid,Sales - STEALTH,STEALTH,900.0,1,0
GTUK / Apex Tech Scotland Ltd,INV-0965,2012-05-14,2012,,4,AT&C Audio Technology & Communications Ltd,AT&C Audio Technology & Communications Ltd,Paid,Sales - STEALTH,STEALTH,2000.0,1,0
GTUK / Apex Tech Scotland Ltd,INV-0966,2012-05-14,2012,,1,Kensington Audio Visual,Kensington Audio Visual,Paid,Sales - IMAGE,IMAGE,1235.0,1,0
GTUK / Apex Tech Scotland Ltd,INV-0966,2012-05-14,2012,,1,Kensington Audio Visual,Kensington Audio Visual,Paid,Sales - IMAGE,IMAGE,325.0,1,0
GTUK / Apex Tech Scotland Ltd,INV-0967,2012-05-23,2012,,1,Intelligent Homes in Control Ltd,Intelligent Homes in Control Ltd,Paid,Sales - ADA,ADA,1800.0,1,0
GTUK / Apex Tech Scotland Ltd,INV-0968,2012-05-23,2012,,1,Kensington Audio Visual,Kensington Audio Visual,Paid,Sales - STEALTH,STEALTH,450.0,1,0
GTUK / Apex Tech Scotland Ltd,INV-1070,2012-05-23,2012,,18,Britania Ltd,Britania Ltd,Paid,Sales - STEALTH,STEALTH,9000.0,1,0
GTUK / Apex Tech Scotland Ltd,INV-1070,2012-05-23,2012,,53,Britania Ltd,Britania Ltd,Paid,Sales - STEALTH,STEALTH,4770.0,1,0
GTUK / Apex Tech Scotland Ltd,INV-1070,2012-05-23,2012,,11,Britania Ltd,Britania Ltd,Paid,Sales - STEALTH,STEALTH,3850.0,1,0
GTUK / Apex Tech Scotland Ltd,INV-1070,2012-05-23,2012,,1,Britania Ltd,Britania Ltd,Paid,Sales - STEALTH,STEALTH,-1057.2,1,0
GTUK / Apex Tech Scotland Ltd,INV-0969,2012-05-24,2012,,1,Livewire Home Integration Ltd,Livewire Home Integration Ltd,Paid,Sales - AGATH,AGATH,4615.0,1,0
GTUK / Apex Tech Scotland Ltd,INV-0970,2012-05-24,2012,,2,Tillman Domotics,Tillman Domotics,Paid,Sales - STEALTH,STEALTH,1000.0,1,0
GTUK / Apex Tech Scotland Ltd,INV-0971,2012-05-24,2012,,1,Nethaus Ltd,Nethaus Ltd,Paid,Sales - ADA,ADA,900.0,1,0
GTUK / Apex Tech Scotland Ltd,INV-0971,2012-05-24,2012,,1,Nethaus Ltd,Nethaus Ltd,Paid,Sales - ADA,ADA,600.0,1,0
GTUK / Apex Tech Scotland Ltd,INV-0971,2012-05-24,2012,,2,Nethaus Ltd,Nethaus Ltd,Paid,Sales - ADA,ADA,3300.0,1,0
GTUK / Apex Tech Scotland Ltd,INV-0971,2012-05-24,2012,,5,Nethaus Ltd,Nethaus Ltd,Paid,Sales - ADA,ADA,9000.0,1,0
GTUK / Apex Tech Scotland Ltd,INV-0971,2012-05-24,2012,,1,Nethaus Ltd,Nethaus Ltd,Paid,Sales - ADA,ADA,-690.0,1,0
GTUK / Apex Tech Scotland Ltd,INV-0972,2012-05-24,2012,,1,Tillman Domotics,Tillman Domotics,Paid,Sales - LEON,LEON,1200.0,1,0
GTUK / Apex Tech Scotland Ltd,INV-0973,2012-05-25,2012,,1,Tillman Domotics,Tillman Domotics,Paid,Sales - STEALTH,STEALTH,400.0,1,0
GTUK / Apex Tech Scotland Ltd,INV-0973,2012-05-25,2012,,1,Tillman Domotics,Tillman Domotics,Paid,Sales - STEALTH,STEALTH,375.0,1,0
GTUK / Apex Tech Scotland Ltd,INV-0973,2012-05-25,2012,,1,Tillman Domotics,Tillman Domotics,Paid,Sales - STEALTH,STEALTH,450.0,1,0
GTUK / Apex Tech Scotland Ltd,INV-0977,2012-05-28,2012,,1,Brilliant Living,Brilliant Living,Paid,Sales - LEON,LEON,75.0,1,0
GTUK / Apex Tech Scotland Ltd,INV-0977,2012-05-28,2012,,2,Brilliant Living,Brilliant Living,Paid,Sales - LEON,LEON,756.0,1,0
GTUK / Apex Tech Scotland Ltd,INV-0977,2012-05-28,2012,,1,Brilliant Living,Brilliant Living,Paid,Sales - LEON,LEON,1248.0,1,0
GTUK / Apex Tech Scotland Ltd,INV-0977,2012-05-28,2012,,1,Brilliant Living,Brilliant Living,Paid,Sales - LEON,LEON,150.0,1,0
GTUK / Apex Tech Scotland Ltd,INV-0978,2012-05-28,2012,,2,SUNSEEKER,SUNSEEKER,Paid,Sales - AGATH,AGATH,1050.0,1,0
GTUK / Apex Tech Scotland Ltd,INV-0978,2012-05-28,2012,,2,SUNSEEKER,SUNSEEKER,Paid,Sales - AGATH,AGATH,7500.0,1,0
GTUK / Apex Tech Scotland Ltd,INV-0978,2012-05-28,2012,,2,SUNSEEKER,SUNSEEKER,Paid,Sales - AGATH,AGATH,900.0,1,0
GTUK / Apex Tech Scotland Ltd,INV-0974,2012-05-28,2012,,1,Sensory International Ltd,Sensory International Ltd,Paid,Sales - ADA,ADA,1650.0,1,0
GTUK / Apex Tech Scotland Ltd,INV-0975,2012-05-28,2012,,1,The Big Picture,The Big Picture,Paid,Sales - PRO AUDIO,PRO AUDIO,1375.0,1,0
GTUK / Apex Tech Scotland Ltd,INV-0975,2012-05-28,2012,,2,The Big Picture,The Big Picture,Paid,Sales - PRO AUDIO,PRO AUDIO,1980.0,1,0
GTUK / Apex Tech Scotland Ltd,INV-0975,2012-05-28,2012,,1,The Big Picture,The Big Picture,Paid,Sales - PRO AUDIO,PRO AUDIO,-671.0,1,0
GTUK / Apex Tech Scotland Ltd,INV-0976,2012-05-28,2012,,3,The Big Picture,The Big Picture,Paid,Sales - ADA,ADA,5400.0,1,0
GTUK / Apex Tech Scotland Ltd,INV-0977,2012-05-28,2012,,1,Brilliant Living,Brilliant Living,Paid,Sales - LEON,LEON,1314.0,1,0
GTUK / Apex Tech Scotland Ltd,INV-0979,2012-05-29,2012,,1,Cornflake Ltd.,Cornflake Ltd.,Paid,Sales - AGATH,AGATH,162.5,1,0
GTUK / Apex Tech Scotland Ltd,INV-0980,2012-05-29,2012,,1,The Big Picture,The Big Picture,Paid,Sales - ADA,ADA,600.0,1,0
GTUK / Apex Tech Scotland Ltd,INV-0982,2012-06-01,2012,,2,Twenty20 Group Ltd,Twenty20 Group Ltd,Paid,Sales - STEALTH,STEALTH,1260.0,1,0
GTUK / Apex Tech Scotland Ltd,INV-0982,2012-06-01,2012,,4,Twenty20 Group Ltd,Twenty20 Group Ltd,Paid,Sales - STEALTH,STEALTH,360.0,1,0
GTUK / Apex Tech Scotland Ltd,INV-0983,2012-06-01,2012,,1,Premier Audio Video,Premier Audio Video,Paid,Sales - DATASAT,DATASAT,8700.0,1,0
GTUK / Apex Tech Scotland Ltd,INV-0983,2012-06-01,2012,,1,Premier Audio Video,Premier Audio Video,Paid,Sales - DATASAT,DATASAT,-1740.0,1,0
GTUK / Apex Tech Scotland Ltd,INV-0984,2012-06-07,2012,,1,Clarke Infinity Ltd,Clarke Infinity Ltd,Paid,Sales - CINEMATECH,CINEMATECH,3711.01,1,0
GTUK / Apex Tech Scotland Ltd,INV-0985,2012-06-07,2012,,4,Intelligent Homes in Control Ltd,Intelligent Homes in Control Ltd,Paid,Sales - ADA,ADA,7200.0,1,0
GTUK / Apex Tech Scotland Ltd,INV-0986,2012-06-07,2012,,1,Experience AV,Experience AV,Paid,Sales - LEON,LEON,984.0,1,0
GTUK / Apex Tech Scotland Ltd,INV-0986,2012-06-07,2012,,1,Experience AV,Experience AV,Paid,,,0.0,1,0
GTUK / Apex Tech Scotland Ltd,INV-0987,2012-06-07,2012,,1,Marine Entertainment Systems Ltd,Marine Entertainment Systems Ltd,Paid,Sales - LEON,LEON,1314.0,1,0
GTUK / Apex Tech Scotland Ltd,INV-0987,2012-06-07,2012,,1,Marine Entertainment Systems Ltd,Marine Entertainment Systems Ltd,Paid,,,0.0,1,0
GTUK / Apex Tech Scotland Ltd,INV-0987,2012-06-07,2012,,1,Marine Entertainment Systems Ltd,Marine Entertainment Systems Ltd,Paid,Sales - LEON,LEON,1116.0,1,0
GTUK / Apex Tech Scotland Ltd,INV-0987,2012-06-07,2012,,1,Marine Entertainment Systems Ltd,Marine Entertainment Systems Ltd,Paid,,,0.0,1,0
GTUK / Apex Tech Scotland Ltd,INV-0987,2012-06-07,2012,,1,Marine Entertainment Systems Ltd,Marine Entertainment Systems Ltd,Paid,Sales - LEON,LEON,132.0,1,0
GTUK / Apex Tech Scotland Ltd,INV-0987,2012-06-07,2012,,1,Marine Entertainment Systems Ltd,Marine Entertainment Systems Ltd,Paid,Sales - LEON,LEON,132.0,1,0
GTUK / Apex Tech Scotland Ltd,INV-0988,2012-06-07,2012,,1,Brilliant Living,Brilliant Living,Paid,Sales - ADA,ADA,180.0,1,0
GTUK / Apex Tech Scotland Ltd,INV-0988,2012-06-07,2012,,1,Brilliant Living,Brilliant Living,Paid,Sales - ADA,ADA,180.0,1,0
GTUK / Apex Tech Scotland Ltd,INV-0989,2012-06-07,2012,,1,Olive Audio Visual Ltd,Olive Audio Visual Ltd,Paid,Sales - LEON,LEON,918.0,1,0
GTUK / Apex Tech Scotland Ltd,INV-0989,2012-06-07,2012,,1,Olive Audio Visual Ltd,Olive Audio Visual Ltd,Paid,,,0.0,1,0
GTUK / Apex Tech Scotland Ltd,INV-0989,2012-06-07,2012,,1,Olive Audio Visual Ltd,Olive Audio Visual Ltd,Paid,Sales - LEON,LEON,132.0,1,0
GTUK / Apex Tech Scotland Ltd,INV-0990,2012-06-07,2012,,1,Cornflake Ltd.,Cornflake Ltd.,Paid,Sales - AGATH,AGATH,780.0,1,0
GTUK / Apex Tech Scotland Ltd,INV-0991,2012-06-07,2012,,1,Nethaus Ltd,Nethaus Ltd,Paid,Sales - CINEMATECH,CINEMATECH,5351.57,1,0
GTUK / Apex Tech Scotland Ltd,INV-0996,2012-06-12,2012,,1,West London AV Solutions,West London AV Solutions,Paid,Sales - LEON,LEON,1116.0,1,0
GTUK / Apex Tech Scotland Ltd,INV-0996,2012-06-12,2012,,1,West London AV Solutions,West London AV Solutions,Paid,,,0.0,1,0
GTUK / Apex Tech Scotland Ltd,INV-0996,2012-06-12,2012,,1,West London AV Solutions,West London AV Solutions,Paid,Sales - LEON,LEON,132.0,1,0
GTUK / Apex Tech Scotland Ltd,INV-0997,2012-06-12,2012,,1,Sceptre AV,Sceptre AV,Paid,Sales - STEALTH,STEALTH,450.0,1,0
GTUK / Apex Tech Scotland Ltd,INV-0997,2012-06-12,2012,,2,Sceptre AV,Sceptre AV,Paid,Sales - STEALTH,STEALTH,180.0,1,0
GTUK / Apex Tech Scotland Ltd,INV-0997,2012-06-12,2012,,1,Sceptre AV,Sceptre AV,Paid,Sales - STEALTH,STEALTH,500.0,1,0
GTUK / Apex Tech Scotland Ltd,INV-0997,2012-06-12,2012,,2,Sceptre AV,Sceptre AV,Paid,Sales - STEALTH,STEALTH,180.0,1,0
GTUK / Apex Tech Scotland Ltd,INV-0998,2012-06-13,2012,,1,Livewire Home Integration Ltd,Livewire Home Integration Ltd,Paid,Sales - AGATH,AGATH,487.5,1,0
GTUK / Apex Tech Scotland Ltd,INV-0999,2012-06-13,2012,,1,R K Holman,R K Holman,Paid,Sales - IMAGE,IMAGE,1306.5,1,0
GTUK / Apex Tech Scotland Ltd,INV-1000,2012-06-13,2012,,1,Simon Chambers,Simon Chambers,Paid,Sales - VIVADI,VIVADI,2300.0,1,0
GTUK / Apex Tech Scotland Ltd,INV-1010,2012-06-18,2012,,3,M2N Ltd,M2N Ltd,Paid,Sales - WISDOM,WISDOM,2475.0,1,0
GTUK / Apex Tech Scotland Ltd,INV-1010,2012-06-18,2012,,3,M2N Ltd,M2N Ltd,Paid,,,0.0,1,0
GTUK / Apex Tech Scotland Ltd,INV-1010,2012-06-18,2012,,4,M2N Ltd,M2N Ltd,Paid,Sales - WISDOM,WISDOM,2020.0,1,0
GTUK / Apex Tech Scotland Ltd,INV-1010,2012-06-18,2012,,4,M2N Ltd,M2N Ltd,Paid,,,0.0,1,0
GTUK / Apex Tech Scotland Ltd,INV-1010,2012-06-18,2012,,2,M2N Ltd,M2N Ltd,Paid,Sales - WISDOM,WISDOM,1210.0,1,0
GTUK / Apex Tech Scotland Ltd,INV-1010,2012-06-18,2012,,2,M2N Ltd,M2N Ltd,Paid,,,0.0,1,0
GTUK / Apex Tech Scotland Ltd,INV-1010,2012-06-18,2012,,1,M2N Ltd,M2N Ltd,Paid,Sales - DATASAT,DATASAT,2000.0,1,0
GTUK / Apex Tech Scotland Ltd,INV-1010,2012-06-18,2012,,2,M2N Ltd,M2N Ltd,Paid,Sales - ADA,ADA,3150.0,1,0
GTUK / Apex Tech Scotland Ltd,INV-1011,2012-06-19,2012,,18,Britania Ltd,Britania Ltd,Paid,Sales - STEALTH,STEALTH,9000.0,1,0
GTUK / Apex Tech Scotland Ltd,INV-1011,2012-06-19,2012,,53,Britania Ltd,Britania Ltd,Paid,Sales - STEALTH,STEALTH,4770.0,1,0
GTUK / Apex Tech Scotland Ltd,INV-1011,2012-06-19,2012,,11,Britania Ltd,Britania Ltd,Paid,Sales - STEALTH,STEALTH,3850.0,1,0
GTUK / Apex Tech Scotland Ltd,INV-1012,2012-06-21,2012,,3,Smartcomm Ltd,Smartcomm Ltd,Paid,Sales - STEALTH,STEALTH,1500.0,1,0
GTUK / Apex Tech Scotland Ltd,INV-1012,2012-06-21,2012,,6,Smartcomm Ltd,Smartcomm Ltd,Paid,Sales - STEALTH,STEALTH,540.0,1,0
GTUK / Apex Tech Scotland Ltd,INV-1015,2012-06-26,2012,,1,Sensory International Ltd,Sensory International Ltd,Paid,Sales - ADA,ADA,1800.0,1,0
GTUK / Apex Tech Scotland Ltd,INV-1016,2012-06-26,2012,,1,Marquee Installations Ltd,Marquee Installations Ltd,Paid,Sales - LEON,LEON,852.0,1,0
GTUK / Apex Tech Scotland Ltd,INV-1016,2012-06-26,2012,,1,Marquee Installations Ltd,Marquee Installations Ltd,Paid,,,0.0,1,0
GTUK / Apex Tech Scotland Ltd,INV-1016,2012-06-26,2012,,1,Marquee Installations Ltd,Marquee Installations Ltd,Paid,Sales - LEON,LEON,132.0,1,0
GTUK / Apex Tech Scotland Ltd,INV-1020,2012-06-26,2012,,1,West London AV Solutions,West London AV Solutions,Paid,Sales - LEON,LEON,1116.0,1,0
GTUK / Apex Tech Scotland Ltd,INV-1020,2012-06-26,2012,,1,West London AV Solutions,West London AV Solutions,Paid,,,0.0,1,0
GTUK / Apex Tech Scotland Ltd,INV-1020,2012-06-26,2012,,1,West London AV Solutions,West London AV Solutions,Paid,Sales - LEON,LEON,132.0,1,0
GTUK / Apex Tech Scotland Ltd,INV-1021,2012-06-28,2012,,3,Britania Ltd,Britania Ltd,Paid,Sales - PRO AUDIO,PRO AUDIO,6105.0,1,0
GTUK / Apex Tech Scotland Ltd,INV-1021,2012-06-28,2012,,2,Britania Ltd,Britania Ltd,Paid,Sales - PRO AUDIO,PRO AUDIO,4070.0,1,0
GTUK / Apex Tech Scotland Ltd,INV-1021,2012-06-28,2012,,4,Britania Ltd,Britania Ltd,Paid,Sales - PRO AUDIO,PRO AUDIO,3960.0,1,0
GTUK / Apex Tech Scotland Ltd,INV-1021,2012-06-28,2012,,4,Britania Ltd,Britania Ltd,Paid,Sales - PRO AUDIO,PRO AUDIO,8140.0,1,0
GTUK / Apex Tech Scotland Ltd,INV-1021,2012-06-28,2012,,1,Britania Ltd,Britania Ltd,Paid,Sales - PRO AUDIO,PRO AUDIO,7700.0,1,0
GTUK / Apex Tech Scotland Ltd,INV-1021,2012-06-28,2012,,4,Britania Ltd,Britania Ltd,Paid,Sales - PRO AUDIO,PRO AUDIO,22000.0,1,0
GTUK / Apex Tech Scotland Ltd,INV-1021,2012-06-28,2012,,1,Britania Ltd,Britania Ltd,Paid,Sales - PRO AUDIO,PRO AUDIO,3575.0,1,0
GTUK / Apex Tech Scotland Ltd,INV-1021,2012-06-28,2012,,1,Britania Ltd,Britania Ltd,Paid,Sales - PRO AUDIO,PRO AUDIO,-2777.5,1,0
GTUK / Apex Tech Scotland Ltd,INV-1022,2012-07-02,2012,,5,AT&C Audio Technology & Communications Ltd,AT&C Audio Technology & Communications Ltd,Paid,Sales - STEALTH,STEALTH,2250.0,1,0
GTUK / Apex Tech Scotland Ltd,INV-1023,2012-07-03,2012,,1,The High End,The High End,Paid,Sales - OTHERS,OTHERS,350.0,1,0
GTUK / Apex Tech Scotland Ltd,INV-1024,2012-07-09,2012,,1,Custom Sight & Sound Ltd,Custom Sight & Sound Ltd,Paid,Sales - LEON,LEON,720.0,1,0
GTUK / Apex Tech Scotland Ltd,INV-1024,2012-07-09,2012,,1,Custom Sight & Sound Ltd,Custom Sight & Sound Ltd,Paid,,,0.0,1,0
GTUK / Apex Tech Scotland Ltd,INV-1024,2012-07-09,2012,,1,Custom Sight & Sound Ltd,Custom Sight & Sound Ltd,Paid,Sales - LEON,LEON,720.0,1,0
GTUK / Apex Tech Scotland Ltd,INV-1024,2012-07-09,2012,,1,Custom Sight & Sound Ltd,Custom Sight & Sound Ltd,Paid,,,0.0,1,0
GTUK / Apex Tech Scotland Ltd,INV-1024,2012-07-09,2012,,2,Custom Sight & Sound Ltd,Custom Sight & Sound Ltd,Paid,Sales - LEON,LEON,264.0,1,0
GTUK / Apex Tech Scotland Ltd,INV-1025,2012-07-10,2012,,2,London Media Rooms,London Media Rooms,Paid,Sales - AGATH,AGATH,2600.0,1,0
GTUK / Apex Tech Scotland Ltd,INV-1025,2012-07-10,2012,,2,London Media Rooms,London Media Rooms,Paid,Sales - AGATH,AGATH,-390.0,1,0
GTUK / Apex Tech Scotland Ltd,INV-1025,2012-07-10,2012,,2,London Media Rooms,London Media Rooms,Paid,Sales - AGATH,AGATH,-325.0,1,0
GTUK / Apex Tech Scotland Ltd,INV-1025,2012-07-10,2012,,2,London Media Rooms,London Media Rooms,Paid,Sales - AGATH,AGATH,156.0,1,0
GTUK / Apex Tech Scotland Ltd,INV-1026,2012-07-11,2012,,1,Face to Face Digital,Face to Face Digital,Paid,Sales - ADA,ADA,1800.0,1,0
GTUK / Apex Tech Scotland Ltd,INV-1027,2012-07-12,2012,,4,Britania Ltd,Britania Ltd,Paid,Sales - PRO AUDIO,PRO AUDIO,10340.0,1,0
GTUK / Apex Tech Scotland Ltd,INV-1027,2012-07-12,2012,,6,Britania Ltd,Britania Ltd,Paid,Sales - PRO AUDIO,PRO AUDIO,14850.0,1,0
GTUK / Apex Tech Scotland Ltd,INV-1027,2012-07-12,2012,,1,Britania Ltd,Britania Ltd,Paid,Sales - PRO AUDIO,PRO AUDIO,7700.0,1,0
GTUK / Apex Tech Scotland Ltd,INV-1027,2012-07-12,2012,,3,Britania Ltd,Britania Ltd,Paid,Sales - PRO AUDIO,PRO AUDIO,16500.0,1,0
GTUK / Apex Tech Scotland Ltd,INV-1027,2012-07-12,2012,,1,Britania Ltd,Britania Ltd,Paid,Sales - PRO AUDIO,PRO AUDIO,-2469.5,1,0
GTUK / Apex Tech Scotland Ltd,INV-1028,2012-07-12,2012,,1,Adair Acoustic Design,Adair Acoustic Design,Paid,Sales - DNP,DNP,5551.0,1,0
GTUK / Apex Tech Scotland Ltd,INV-1029,2012-07-13,2012,,1,Britania Ltd,Britania Ltd,Paid,Sales - LEON,LEON,2634.0,1,0
GTUK / Apex Tech Scotland Ltd,INV-1029,2012-07-13,2012,,2,Britania Ltd,Britania Ltd,Paid,Sales - LEON,LEON,1176.0,1,0
GTUK / Apex Tech Scotland Ltd,INV-1029,2012-07-13,2012,,1,Britania Ltd,Britania Ltd,Paid,Sales - LEON,LEON,1380.0,1,0
GTUK / Apex Tech Scotland Ltd,INV-1029,2012-07-13,2012,,12,Britania Ltd,Britania Ltd,Paid,Sales - LEON,LEON,8640.0,1,0
GTUK / Apex Tech Scotland Ltd,INV-1030,2012-07-16,2012,,1,M2N Ltd,M2N Ltd,Paid,,,0.0,1,0
GTUK / Apex Tech Scotland Ltd,INV-1030,2012-07-16,2012,,1,M2N Ltd,M2N Ltd,Paid,Sales - IMAGE,IMAGE,2970.0,1,0
GTUK / Apex Tech Scotland Ltd,INV-1061,2012-07-20,2012,,2,Norman Hobbs Ltd,Norman Hobbs Ltd,Paid,Sales - STEALTH,STEALTH,900.0,1,0
GTUK / Apex Tech Scotland Ltd,INV-1061,2012-07-20,2012,,4,Norman Hobbs Ltd,Norman Hobbs Ltd,Paid,Sales - STEALTH,STEALTH,360.0,1,0
GTUK / Apex Tech Scotland Ltd,INV-1062,2012-07-20,2012,,1,Marquee Installations Ltd,Marquee Installations Ltd,Paid,Sales - STEALTH,STEALTH,900.0,1,0
GTUK / Apex Tech Scotland Ltd,INV-1062,2012-07-20,2012,,2,Marquee Installations Ltd,Marquee Installations Ltd,Paid,Sales - STEALTH,STEALTH,240.0,1,0
GTUK / Apex Tech Scotland Ltd,INV-1063,2012-07-20,2012,,1,Sensory International Ltd,Sensory International Ltd,Paid,Sales - ADA,ADA,1800.0,1,0
GTUK / Apex Tech Scotland Ltd,INV-1064,2012-07-20,2012,,5,Mosaic Audio & Visual Ltd,Mosaic Audio & Visual Ltd,Paid,Sales - STEALTH,STEALTH,450.0,1,0
GTUK / Apex Tech Scotland Ltd,INV-1064,2012-07-20,2012,,1,Mosaic Audio & Visual Ltd,Mosaic Audio & Visual Ltd,Paid,Sales - STEALTH,STEALTH,150.0,1,0
GTUK / Apex Tech Scotland Ltd,INV-1065,2012-07-20,2012,,10,The Little Cinema Company Ltd,The Little Cinema Company Ltd,Paid,Sales - LEON,LEON,9180.0,1,0
GTUK / Apex Tech Scotland Ltd,INV-1065,2012-07-20,2012,,1,The Little Cinema Company Ltd,The Little Cinema Company Ltd,Paid,,,0.0,1,0
GTUK / Apex Tech Scotland Ltd,INV-1065,2012-07-20,2012,,2,The Little Cinema Company Ltd,The Little Cinema Company Ltd,Paid,Sales - LEON,LEON,1836.0,1,0
GTUK / Apex Tech Scotland Ltd,INV-1065,2012-07-20,2012,,1,The Little Cinema Company Ltd,The Little Cinema Company Ltd,Paid,,,0.0,1,0
GTUK / Apex Tech Scotland Ltd,INV-1065,2012-07-20,2012,,12,The Little Cinema Company Ltd,The Little Cinema Company Ltd,Paid,Sales - LEON,LEON,1584.0,1,0
GTUK / Apex Tech Scotland Ltd,INV-1065,2012-07-20,2012,,1,The Little Cinema Company Ltd,The Little Cinema Company Ltd,Paid,Sales - LEON,LEON,-630.0,1,0
GTUK / Apex Tech Scotland Ltd,INV-1066,2012-07-20,2012,,1,West London AV Solutions,West London AV Solutions,Paid,Sales - LEON,LEON,800.0,1,0
GTUK / Apex Tech Scotland Ltd,INV-1066,2012-07-20,2012,,1,West London AV Solutions,West London AV Solutions,Paid,,,0.0,1,0
GTUK / Apex Tech Scotland Ltd,INV-1067,2012-07-20,2012,,1,West London AV Solutions,West London AV Solutions,Paid,Sales - LEON,LEON,1644.0,1,0
GTUK / Apex Tech Scotland Ltd,INV-1067,2012-07-20,2012,,1,West London AV Solutions,West London AV Solutions,Paid,,,0.0,1,0
GTUK / Apex Tech Scotland Ltd,INV-1067,2012-07-20,2012,,1,West London AV Solutions,West London AV Solutions,Paid,Sales - LEON,LEON,132.0,1,0
GTUK / Apex Tech Scotland Ltd,INV-1068,2012-07-23,2012,,1,Airship Ltd,Airship Ltd,Paid,Sales - AGATH,AGATH,3750.0,1,0
GTUK / Apex Tech Scotland Ltd,INV-1068,2012-07-23,2012,,1,Airship Ltd,Airship Ltd,Paid,Sales - AGATH,AGATH,525.0,1,0
GTUK / Apex Tech Scotland Ltd,INV-1068,2012-07-23,2012,,1,Airship Ltd,Airship Ltd,Paid,Sales - AGATH,AGATH,-150.0,1,0
GTUK / Apex Tech Scotland Ltd,INV-1072,2012-07-24,2012,,2,Britania Ltd,Britania Ltd,Paid,Sales - DATASAT,DATASAT,14790.0,1,0
GTUK / Apex Tech Scotland Ltd,INV-1072,2012-07-24,2012,,1,Britania Ltd,Britania Ltd,Paid,Sales - DPI,DPI,25800.0,1,0
GTUK / Apex Tech Scotland Ltd,INV-1072,2012-07-24,2012,,1,Britania Ltd,Britania Ltd,Paid,Sales - DPI,DPI,4875.0,1,0
GTUK / Apex Tech Scotland Ltd,INV-1072,2012-07-24,2012,,1,Britania Ltd,Britania Ltd,Paid,Sales - LUMAGEN,LUMAGEN,1500.0,1,0
GTUK / Apex Tech Scotland Ltd,INV-1072,2012-07-24,2012,,10,Britania Ltd,Britania Ltd,Paid,,,0.0,1,0
GTUK / Apex Tech Scotland Ltd,INV-1072,2012-07-24,2012,,1,Britania Ltd,Britania Ltd,Paid,Sales - DATASAT,DATASAT,-739.5,1,0
GTUK / Apex Tech Scotland Ltd,INV-1072,2012-07-24,2012,,1,Britania Ltd,Britania Ltd,Paid,Sales - DPI,DPI,-2225.25,1,0
GTUK / Apex Tech Scotland Ltd,INV-1072,2012-07-24,2012,,1,Britania Ltd,Britania Ltd,Paid,Sales - LUMAGEN,LUMAGEN,-75.0,1,0
GTUK / Apex Tech Scotland Ltd,INV-1071,2012-07-24,2012,,3,Britania Ltd,Britania Ltd,Paid,Sales - PRO AUDIO,PRO AUDIO,14025.0,1,0
GTUK / Apex Tech Scotland Ltd,INV-1071,2012-07-24,2012,,8,Britania Ltd,Britania Ltd,Paid,Sales - PRO AUDIO,PRO AUDIO,7920.0,1,0
GTUK / Apex Tech Scotland Ltd,INV-1071,2012-07-24,2012,,2,Britania Ltd,Britania Ltd,Paid,Sales - PRO AUDIO,PRO AUDIO,4950.0,1,0
GTUK / Apex Tech Scotland Ltd,INV-1071,2012-07-24,2012,,2,Britania Ltd,Britania Ltd,Paid,Sales - PRO AUDIO,PRO AUDIO,4070.0,1,0
GTUK / Apex Tech Scotland Ltd,INV-1071,2012-07-24,2012,,4,Britania Ltd,Britania Ltd,Paid,Sales - PRO AUDIO,PRO AUDIO,14300.0,1,0
GTUK / Apex Tech Scotland Ltd,INV-1071,2012-07-24,2012,,1,Britania Ltd,Britania Ltd,Paid,Sales - PRO AUDIO,PRO AUDIO,5500.0,1,0
GTUK / Apex Tech Scotland Ltd,INV-1071,2012-07-24,2012,,1,Britania Ltd,Britania Ltd,Paid,Sales - PRO AUDIO,PRO AUDIO,7150.0,1,0
GTUK / Apex Tech Scotland Ltd,INV-1071,2012-07-24,2012,,1,Britania Ltd,Britania Ltd,Paid,Sales - PRO AUDIO,PRO AUDIO,4400.0,1,0
GTUK / Apex Tech Scotland Ltd,INV-1071,2012-07-24,2012,,1,Britania Ltd,Britania Ltd,Paid,Sales - DPI,DPI,21500.0,1,0
GTUK / Apex Tech Scotland Ltd,INV-1071,2012-07-24,2012,,1,Britania Ltd,Britania Ltd,Paid,Sales - DPI,DPI,4875.0,1,0
GTUK / Apex Tech Scotland Ltd,INV-1071,2012-07-24,2012,,1,Britania Ltd,Britania Ltd,Paid,Sales - LUMAGEN,LUMAGEN,1500.0,1,0
GTUK / Apex Tech Scotland Ltd,INV-1071,2012-07-24,2012,,1,Britania Ltd,Britania Ltd,Paid,Sales - DATASAT,DATASAT,8700.0,1,0
GTUK / Apex Tech Scotland Ltd,INV-1071,2012-07-24,2012,,1,Britania Ltd,Britania Ltd,Paid,Sales - IMAGE,IMAGE,14543.75,1,0
GTUK / Apex Tech Scotland Ltd,INV-1071,2012-07-24,2012,,1,Britania Ltd,Britania Ltd,Paid,Sales - IMAGE,IMAGE,584.35,1,0
GTUK / Apex Tech Scotland Ltd,INV-1071,2012-07-24,2012,,1,Britania Ltd,Britania Ltd,Paid,Sales - PRO AUDIO,PRO AUDIO,-4405.93,1,0
GTUK / Apex Tech Scotland Ltd,INV-1071,2012-07-24,2012,,1,Britania Ltd,Britania Ltd,Paid,Sales - DPI,DPI,-1318.75,1,0
GTUK / Apex Tech Scotland Ltd,INV-1071,2012-07-24,2012,,1,Britania Ltd,Britania Ltd,Paid,Sales - LUMAGEN,LUMAGEN,75.0,1,0
GTUK / Apex Tech Scotland Ltd,INV-1071,2012-07-24,2012,,1,Britania Ltd,Britania Ltd,Paid,Sales - DATASAT,DATASAT,-435.0,1,0
GTUK / Apex Tech Scotland Ltd,INV-1071,2012-07-24,2012,,1,Britania Ltd,Britania Ltd,Paid,Sales - IMAGE,IMAGE,-756.4,1,0
GTUK / Apex Tech Scotland Ltd,INV-1076,2012-07-26,2012,,1,D & T Electronics,D & T Electronics,Paid,Sales - CINEMATECH,CINEMATECH,7880.14,1,0
GTUK / Apex Tech Scotland Ltd,INV-1077,2012-07-26,2012,,1,Integrating Technology Ltd,Integrating Technology Ltd,Paid,Sales - CINEMATECH,CINEMATECH,5423.87,1,0
GTUK / Apex Tech Scotland Ltd,INV-1078,2012-07-27,2012,,1,Clever Association,Clever Association,Paid,Sales - ADA,ADA,4200.0,1,0
GTUK / Apex Tech Scotland Ltd,INV-1079,2012-07-27,2012,,2,Adair Acoustic Design,Adair Acoustic Design,Paid,Sales - WISDOM,WISDOM,1875.0,1,0
GTUK / Apex Tech Scotland Ltd,CN-1080,2012-07-30,2012,,1,Icon Connect Ltd,Icon Connect Ltd,Paid,Sales - LEON,LEON,-0.3,1,0
GTUK / Apex Tech Scotland Ltd,CN-1081,2012-07-30,2012,,1,Intelligent Homes in Control Ltd,Intelligent Homes in Control Ltd,Paid,Sales - ADA,ADA,-60.0,1,0
GTUK / Apex Tech Scotland Ltd,INV-1082,2012-07-30,2012,,1,LiveSmarter Ltd,LiveSmarter Ltd,Paid,Sales - LEON,LEON,660.0,1,0
GTUK / Apex Tech Scotland Ltd,CN-1083,2012-07-30,2012,,1,LiveSmarter Ltd,LiveSmarter Ltd,Paid,Sales - LEON,LEON,-43.0,1,0
GTUK / Apex Tech Scotland Ltd,CN-1086,2012-07-30,2012,,18,Britania Ltd,Britania Ltd,Paid,Sales - STEALTH,STEALTH,-9000.0,1,0
GTUK / Apex Tech Scotland Ltd,CN-1086,2012-07-30,2012,,53,Britania Ltd,Britania Ltd,Paid,Sales - STEALTH,STEALTH,-4770.0,1,0
GTUK / Apex Tech Scotland Ltd,CN-1086,2012-07-30,2012,,11,Britania Ltd,Britania Ltd,Paid,Sales - STEALTH,STEALTH,-3850.0,1,0
GTUK / Apex Tech Scotland Ltd,INV-1088,2012-08-01,2012,,1,AT&C Audio Technology & Communications Ltd,AT&C Audio Technology & Communications Ltd,Paid,Sales - STEALTH,STEALTH,225.0,1,0
GTUK / Apex Tech Scotland Ltd,INV-1088,2012-08-01,2012,,1,AT&C Audio Technology & Communications Ltd,AT&C Audio Technology & Communications Ltd,Paid,Sales - STEALTH,STEALTH,90.0,1,0
GTUK / Apex Tech Scotland Ltd,INV-1089,2012-08-03,2012,,1,Mosaic Audio & Visual Ltd,Mosaic Audio & Visual Ltd,Paid,Sales - STEALTH,STEALTH,225.0,1,0
GTUK / Apex Tech Scotland Ltd,INV-1090,2012-08-15,2012,,1,City heights,City heights,Paid,Sales - DNP,DNP,3592.0,1,0
GTUK / Apex Tech Scotland Ltd,INV-1091,2012-08-15,2012,,4,Homeplay Ltd,Homeplay Ltd,Paid,Sales - STEALTH,STEALTH,2000.0,1,0
GTUK / Apex Tech Scotland Ltd,INV-1091,2012-08-15,2012,,8,Homeplay Ltd,Homeplay Ltd,Paid,Sales - STEALTH,STEALTH,720.0,1,0
GTUK / Apex Tech Scotland Ltd,INV-1091,2012-08-15,2012,,1,Homeplay Ltd,Homeplay Ltd,Paid,Sales - STEALTH,STEALTH,60.0,1,0
GTUK / Apex Tech Scotland Ltd,INV-1092,2012-08-15,2012,,5,AT&C Audio Technology & Communications Ltd,AT&C Audio Technology & Communications Ltd,Paid,Sales - STEALTH,STEALTH,2250.0,1,0
GTUK / Apex Tech Scotland Ltd,INV-1092,2012-08-15,2012,,1,AT&C Audio Technology & Communications Ltd,AT&C Audio Technology & Communications Ltd,Paid,Sales - STEALTH,STEALTH,225.0,1,0
GTUK / Apex Tech Scotland Ltd,INV-1092,2012-08-15,2012,,11,AT&C Audio Technology & Communications Ltd,AT&C Audio Technology & Communications Ltd,Paid,Sales - STEALTH,STEALTH,990.0,1,0
GTUK / Apex Tech Scotland Ltd,INV-1093,2012-08-15,2012,,1,Face to Face Digital,Face to Face Digital,Paid,Sales - ADA,ADA,2700.0,1,0
GTUK / Apex Tech Scotland Ltd,INV-1094,2012-08-15,2012,,1,Ideal AV,Ideal AV,Paid,Sales - OTHERS,OTHERS,540.0,1,0
GTUK / Apex Tech Scotland Ltd,INV-1095,2012-08-15,2012,,3,Synergy Control,Synergy Control,Paid,Sales - AGATH,AGATH,2340.0,1,0
GTUK / Apex Tech Scotland Ltd,INV-1095,2012-08-15,2012,,3,Synergy Control,Synergy Control,Paid,Sales - STEALTH,STEALTH,1350.0,1,0
GTUK / Apex Tech Scotland Ltd,INV-1098,2012-08-17,2012,,1,Grangewood Builders Ltd,Grangewood Builders Ltd,Paid,Sales - AGATH,AGATH,5396.0,1,0
GTUK / Apex Tech Scotland Ltd,INV-1098,2012-08-17,2012,,1,Grangewood Builders Ltd,Grangewood Builders Ltd,Paid,Sales - AGATH,AGATH,74.0,1,0
GTUK / Apex Tech Scotland Ltd,INV-1102,2012-08-22,2012,,1,Brilliant Living,Brilliant Living,Paid,Sales - LEON,LEON,2436.0,1,0
GTUK / Apex Tech Scotland Ltd,INV-1102,2012-08-22,2012,,1,Brilliant Living,Brilliant Living,Paid,Sales - LEON,LEON,120.0,1,0
GTUK / Apex Tech Scotland Ltd,INV-1102,2012-08-22,2012,,1,Brilliant Living,Brilliant Living,Paid,Sales - LEON,LEON,240.0,1,0
GTUK / Apex Tech Scotland Ltd,INV-1102,2012-08-22,2012,,1,Brilliant Living,Brilliant Living,Paid,Sales - LEON,LEON,240.0,1,0
GTUK / Apex Tech Scotland Ltd,INV-1102,2012-08-22,2012,,1,Brilliant Living,Brilliant Living,Paid,Sales - LEON,LEON,1116.0,1,0
GTUK / Apex Tech Scotland Ltd,INV-1102,2012-08-22,2012,,1,Brilliant Living,Brilliant Living,Paid,Sales - LEON,LEON,72.0,1,0
GTUK / Apex Tech Scotland Ltd,INV-1102,2012-08-22,2012,,1,Brilliant Living,Brilliant Living,Paid,Sales - LEON,LEON,1776.0,1,0
GTUK / Apex Tech Scotland Ltd,INV-1102,2012-08-22,2012,,1,Brilliant Living,Brilliant Living,Paid,Sales - OTHERS,OTHERS,2700.0,1,0
GTUK / Apex Tech Scotland Ltd,INV-1102,2012-08-22,2012,,1,Brilliant Living,Brilliant Living,Paid,Sales - LUMAGEN,LUMAGEN,1500.0,1,0
GTUK / Apex Tech Scotland Ltd,INV-1103,2012-08-22,2012,,1,Andrew Lucas London,Andrew Lucas London,Paid,Sales - STEALTH,STEALTH,375.0,1,0
GTUK / Apex Tech Scotland Ltd,INV-1104,2012-08-22,2012,,5,Kensington Audio Visual,Kensington Audio Visual,Paid,Sales - STEALTH,STEALTH,562.5,1,0
GTUK / Apex Tech Scotland Ltd,INV-1105,2012-08-24,2012,,1,Face to Face Digital,Face to Face Digital,Paid,Sales - LEON,LEON,1248.0,1,0
GTUK / Apex Tech Scotland Ltd,URN165,2012-08-24,2012,,1,Face to Face Digital,Face to Face Digital,Paid,Sales - LEON,LEON,-250.0,1,0
GTUK / Apex Tech Scotland Ltd,INV-1105,2012-08-24,2012,,1,Face to Face Digital,Face to Face Digital,Paid,Sales - LEON,LEON,700.0,1,0
GTUK / Apex Tech Scotland Ltd,INV-1105,2012-08-24,2012,,1,Face to Face Digital,Face to Face Digital,Paid,Sales - LEON,LEON,1512.0,1,0
GTUK / Apex Tech Scotland Ltd,INV-1105,2012-08-24,2012,,1,Face to Face Digital,Face to Face Digital,Paid,Sales - LEON,LEON,2304.0,1,0
GTUK / Apex Tech Scotland Ltd,INV-1105,2012-08-24,2012,,1,Face to Face Digital,Face to Face Digital,Paid,Sales - LEON,LEON,500.0,1,0
GTUK / Apex Tech Scotland Ltd,INV-1105,2012-08-24,2012,,1,Face to Face Digital,Face to Face Digital,Paid,Sales - LEON,LEON,1116.0,1,0
GTUK / Apex Tech Scotland Ltd,INV-1105,2012-08-24,2012,,1,Face to Face Digital,Face to Face Digital,Paid,Sales - LEON,LEON,500.0,1,0
GTUK / Apex Tech Scotland Ltd,INV-1105,2012-08-24,2012,,1,Face to Face Digital,Face to Face Digital,Paid,Sales - LEON,LEON,-1426.0,1,0
GTUK / Apex Tech Scotland Ltd,INV-1105,2012-08-24,2012,,1,Face to Face Digital,Face to Face Digital,Paid,Sales - LEON,LEON,250.0,1,0
GTUK / Apex Tech Scotland Ltd,INV-2012/627A,2012-09-01,2012,,1,Brilliant Living,Brilliant Living,Paid,Sales - LUMAGEN,LUMAGEN,1150.0,1,0
GTUK / Apex Tech Scotland Ltd,INV-2012/627B,2012-09-01,2012,,1,Brilliant Living,Brilliant Living,Paid,Sales - DNP,DNP,1973.0,1,0
GTUK / Apex Tech Scotland Ltd,C/N 2012/459a,2012-09-01,2012,,1,Brilliant Living,Brilliant Living,Paid,Sales - IMAGE,IMAGE,-1495.0,1,0
GTUK / Apex Tech Scotland Ltd,INV-2012/637,2012-09-03,2012,,1,The Big Picture,The Big Picture,Paid,Sales - LEON,LEON,1116.0,1,0
GTUK / Apex Tech Scotland Ltd,INV-2012/637,2012-09-03,2012,,1,The Big Picture,The Big Picture,Paid,Sales - LEON,LEON,132.0,1,0
GTUK / Apex Tech Scotland Ltd,INV-2012/8628,2012-09-03,2012,,2,Intelligent Homes in Control Ltd,Intelligent Homes in Control Ltd,Paid,Sales - ADA,ADA,3840.0,1,0
GTUK / Apex Tech Scotland Ltd,INV-2012/8629,2012-09-03,2012,,1,The Next Level,The Next Level,Paid,Sales - STEALTH,STEALTH,500.0,1,0
GTUK / Apex Tech Scotland Ltd,INV-2012/8630,2012-09-03,2012,,6,AT&C Audio Technology & Communications Ltd,AT&C Audio Technology & Communications Ltd,Paid,Sales - STEALTH,STEALTH,3000.0,1,0
GTUK / Apex Tech Scotland Ltd,INV-2012/8630,2012-09-03,2012,,1,AT&C Audio Technology & Communications Ltd,AT&C Audio Technology & Communications Ltd,Paid,Sales - STEALTH,STEALTH,250.0,1,0
GTUK / Apex Tech Scotland Ltd,INV-2012/8631,2012-09-03,2012,,1,AT&C Audio Technology & Communications Ltd,AT&C Audio Technology & Communications Ltd,Paid,Sales - STEALTH,STEALTH,500.0,1,0
GTUK / Apex Tech Scotland Ltd,INV-2012/8632,2012-09-03,2012,,1,Genesis Technologies Benelux bvba,Genesis Technologies Benelux bvba,Paid,Sales - STEALTH,STEALTH,94.76,1,0
GTUK / Apex Tech Scotland Ltd,INV-2012/8632,2012-09-03,2012,,1,Genesis Technologies Benelux bvba,Genesis Technologies Benelux bvba,Paid,Sales - STEALTH,STEALTH,166.78,1,0
GTUK / Apex Tech Scotland Ltd,INV-2012/8632,2012-09-03,2012,,3,Genesis Technologies Benelux bvba,Genesis Technologies Benelux bvba,Paid,Sales - STEALTH,STEALTH,102.33,1,0
GTUK / Apex Tech Scotland Ltd,INV-2012/8632,2012-09-03,2012,,4,Genesis Technologies Benelux bvba,Genesis Technologies Benelux bvba,Paid,Sales - STEALTH,STEALTH,159.2,1,0
GTUK / Apex Tech Scotland Ltd,INV-2012/8632,2012-09-03,2012,,2,Genesis Technologies Benelux bvba,Genesis Technologies Benelux bvba,Paid,Sales - STEALTH,STEALTH,384.06,1,0
GTUK / Apex Tech Scotland Ltd,INV-2012/8633,2012-09-03,2012,,1,Brilliant Living,Brilliant Living,Paid,Sales - LUMAGEN,LUMAGEN,1500.0,1,0
GTUK / Apex Tech Scotland Ltd,INV-2012/8633,2012-09-03,2012,,1,Brilliant Living,Brilliant Living,Paid,Sales - IMAGE,IMAGE,1820.0,1,0
GTUK / Apex Tech Scotland Ltd,INV-2012/8634,2012-09-03,2012,,1,Smartcomm Ltd,Smartcomm Ltd,Paid,Sales - LEAF,LEAF,3120.0,1,0
GTUK / Apex Tech Scotland Ltd,INV-2012/8634,2012-09-03,2012,,6,Smartcomm Ltd,Smartcomm Ltd,Paid,Sales - LEAF,LEAF,978.0,1,0
GTUK / Apex Tech Scotland Ltd,INV-2012/8635,2012-09-03,2012,,1,Future Systems AV Ltd,Future Systems AV Ltd,Paid,Sales - LEON,LEON,720.0,1,0
GTUK / Apex Tech Scotland Ltd,INV-2012/8635,2012-09-03,2012,,1,Future Systems AV Ltd,Future Systems AV Ltd,Paid,,,0.0,1,0
GTUK / Apex Tech Scotland Ltd,INV-2012/8635,2012-09-03,2012,,1,Future Systems AV Ltd,Future Systems AV Ltd,Paid,Sales - LEON,LEON,132.0,1,0
GTUK / Apex Tech Scotland Ltd,INV-2012/8636,2012-09-03,2012,,1,Sound Designs Ltd,Sound Designs Ltd,Paid,Sales - STEALTH,STEALTH,700.0,1,0
GTUK / Apex Tech Scotland Ltd,INV-2012/8636,2012-09-03,2012,,1,Sound Designs Ltd,Sound Designs Ltd,Paid,Sales - STEALTH,STEALTH,525.0,1,0
GTUK / Apex Tech Scotland Ltd,CANCELS 2012/639,2012-09-10,2012,,2,Homeplay Ltd,Homeplay Ltd,Paid,Sales - STEALTH,STEALTH,-810.0,1,0
GTUK / Apex Tech Scotland Ltd,CANCELS 2012/639,2012-09-10,2012,,4,Homeplay Ltd,Homeplay Ltd,Paid,Sales - STEALTH,STEALTH,-480.0,1,0
GTUK / Apex Tech Scotland Ltd,INV-2012/638,2012-09-10,2012,,3,Brilliant Living,Brilliant Living,Paid,Sales - STEALTH,STEALTH,1500.0,1,0
GTUK / Apex Tech Scotland Ltd,INV-2012/638,2012-09-10,2012,,4,Brilliant Living,Brilliant Living,Paid,Sales - STEALTH,STEALTH,4000.0,1,0
GTUK / Apex Tech Scotland Ltd,INV-2012/638,2012-09-10,2012,,1,Brilliant Living,Brilliant Living,Paid,Sales - STEALTH,STEALTH,500.0,1,0
GTUK / Apex Tech Scotland Ltd,INV-2012/638,2012-09-10,2012,,1,Brilliant Living,Brilliant Living,Paid,Sales - AGATH,AGATH,162.5,1,0
GTUK / Apex Tech Scotland Ltd,INV-2012/638,2012-09-10,2012,,1,Brilliant Living,Brilliant Living,Paid,Sales - AGATH,AGATH,325.0,1,0
GTUK / Apex Tech Scotland Ltd,INV-2012/638,2012-09-10,2012,,1,Brilliant Living,Brilliant Living,Paid,Sales - STEALTH,STEALTH,500.0,1,0
GTUK / Apex Tech Scotland Ltd,INV-2012/639,2012-09-10,2012,,2,Homeplay Ltd,Homeplay Ltd,Paid,Sales - STEALTH,STEALTH,810.0,1,0
GTUK / Apex Tech Scotland Ltd,INV-2012/639,2012-09-10,2012,,4,Homeplay Ltd,Homeplay Ltd,Paid,Sales - STEALTH,STEALTH,480.0,1,0
GTUK / Apex Tech Scotland Ltd,INV-2012/640,2012-09-10,2012,,3,Custom House AV Ltd,Custom House AV Ltd,Paid,Sales - STEALTH,STEALTH,225.0,1,0
GTUK / Apex Tech Scotland Ltd,INV-2012/640,2012-09-10,2012,,2,Custom House AV Ltd,Custom House AV Ltd,Paid,Sales - STEALTH,STEALTH,150.0,1,0
GTUK / Apex Tech Scotland Ltd,INV-2012/641,2012-09-10,2012,,2,Sensory International Ltd,Sensory International Ltd,Paid,Sales - ADA,ADA,3600.0,1,0
GTUK / Apex Tech Scotland Ltd,INV-2012/641,2012-09-10,2012,,1,Sensory International Ltd,Sensory International Ltd,Paid,Sales - ADA,ADA,-270.0,1,0
GTUK / Apex Tech Scotland Ltd,INV-2012/642,2012-09-10,2012,,1,Gibson Integration Ltd,Gibson Integration Ltd,Paid,Sales - AGATH,AGATH,780.0,1,0
GTUK / Apex Tech Scotland Ltd,INV-2012/643,2012-09-10,2012,,2,Mosaic Audio & Visual Ltd,Mosaic Audio & Visual Ltd,Paid,Sales - STEALTH,STEALTH,900.0,1,0
GTUK / Apex Tech Scotland Ltd,INV-2012/643,2012-09-10,2012,,2,Mosaic Audio & Visual Ltd,Mosaic Audio & Visual Ltd,Paid,Sales - STEALTH,STEALTH,1000.0,1,0
GTUK / Apex Tech Scotland Ltd,INV-2012/644,2012-09-10,2012,,5,Marquee Installations Ltd,Marquee Installations Ltd,Paid,Sales - STEALTH,STEALTH,2250.0,1,0
GTUK / Apex Tech Scotland Ltd,INV-2012/644,2012-09-10,2012,,1,Marquee Installations Ltd,Marquee Installations Ltd,Paid,Sales - STEALTH,STEALTH,225.0,1,0
GTUK / Apex Tech Scotland Ltd,INV-2012/644,2012-09-10,2012,,11,Marquee Installations Ltd,Marquee Installations Ltd,Paid,Sales - STEALTH,STEALTH,990.0,1,0
GTUK / Apex Tech Scotland Ltd,INV-2012/644,2012-09-10,2012,,1,Marquee Installations Ltd,Marquee Installations Ltd,Paid,Sales - STEALTH,STEALTH,90.0,1,0
GTUK / Apex Tech Scotland Ltd,INV-2012/644,2012-09-10,2012,,1,Marquee Installations Ltd,Marquee Installations Ltd,Paid,Sales - STEALTH,STEALTH,350.0,1,0
GTUK / Apex Tech Scotland Ltd,INV-2012/645,2012-09-10,2012,,2,Homeplay Ltd,Homeplay Ltd,Paid,Sales - STEALTH,STEALTH,810.0,1,0
GTUK / Apex Tech Scotland Ltd,INV-2012/645,2012-09-10,2012,,4,Homeplay Ltd,Homeplay Ltd,Paid,Sales - STEALTH,STEALTH,312.0,1,0
GTUK / Apex Tech Scotland Ltd,CN-2012/647,2012-09-10,2012,,1,Olive Audio Visual Ltd,Olive Audio Visual Ltd,Paid,Sales - IMAGE,IMAGE,-8013.0,1,0
GTUK / Apex Tech Scotland Ltd,CN-2012/647,2012-09-10,2012,,1,Olive Audio Visual Ltd,Olive Audio Visual Ltd,Paid,Sales - IMAGE,IMAGE,-359.4,1,0
GTUK / Apex Tech Scotland Ltd,CN-2012/647,2012-09-10,2012,,1,Olive Audio Visual Ltd,Olive Audio Visual Ltd,Paid,Sales - LUMAGEN,LUMAGEN,-1350.0,1,0
GTUK / Apex Tech Scotland Ltd,CN-2012/647,2012-09-10,2012,,2,Olive Audio Visual Ltd,Olive Audio Visual Ltd,Paid,Sales - PRO AUDIO,PRO AUDIO,-3848.0,1,0
GTUK / Apex Tech Scotland Ltd,CN-2012/647,2012-09-10,2012,,1,Olive Audio Visual Ltd,Olive Audio Visual Ltd,Paid,Sales - PRO AUDIO,PRO AUDIO,-3850.0,1,0
GTUK / Apex Tech Scotland Ltd,CN-2012/647,2012-09-10,2012,,1,Olive Audio Visual Ltd,Olive Audio Visual Ltd,Paid,Sales - OTHERS,OTHERS,-8000.0,1,0
GTUK / Apex Tech Scotland Ltd,INV-2012/646,2012-09-12,2012,,1,Olive Audio Visual Ltd,Olive Audio Visual Ltd,Paid,Sales - IMAGE,IMAGE,8013.0,1,0
GTUK / Apex Tech Scotland Ltd,INV-2012/646,2012-09-12,2012,,1,Olive Audio Visual Ltd,Olive Audio Visual Ltd,Paid,Sales - IMAGE,IMAGE,359.4,1,0
GTUK / Apex Tech Scotland Ltd,INV-2012/646,2012-09-12,2012,,1,Olive Audio Visual Ltd,Olive Audio Visual Ltd,Paid,Sales - LUMAGEN,LUMAGEN,1350.0,1,0
GTUK / Apex Tech Scotland Ltd,INV-2012/646,2012-09-12,2012,,2,Olive Audio Visual Ltd,Olive Audio Visual Ltd,Paid,Sales - PRO AUDIO,PRO AUDIO,3848.0,1,0
GTUK / Apex Tech Scotland Ltd,INV-2012/646,2012-09-12,2012,,1,Olive Audio Visual Ltd,Olive Audio Visual Ltd,Paid,Sales - PRO AUDIO,PRO AUDIO,3850.0,1,0
GTUK / Apex Tech Scotland Ltd,INV-2012/646,2012-09-12,2012,,1,Olive Audio Visual Ltd,Olive Audio Visual Ltd,Paid,Sales - OTHERS,OTHERS,8000.0,1,0
GTUK / Apex Tech Scotland Ltd,INV-2012/648,2012-09-12,2012,,6,AT&C Audio Technology & Communications Ltd,AT&C Audio Technology & Communications Ltd,Paid,Sales - STEALTH,STEALTH,3000.0,1,0
GTUK / Apex Tech Scotland Ltd,INV-2012/649,2012-09-17,2012,,1,Piquant Design Ltd,Piquant Design Ltd,Paid,Sales - STEALTH,STEALTH,500.0,1,0
GTUK / Apex Tech Scotland Ltd,INV-2012/650,2012-09-17,2012,,1,Custom House AV Ltd,Custom House AV Ltd,Paid,Sales - STEALTH,STEALTH,500.0,1,0
GTUK / Apex Tech Scotland Ltd,INV-2012/650,2012-09-17,2012,,1,Custom House AV Ltd,Custom House AV Ltd,Paid,Sales - STEALTH,STEALTH,250.0,1,0
GTUK / Apex Tech Scotland Ltd,INV-2012/650,2012-09-17,2012,,1,Custom House AV Ltd,Custom House AV Ltd,Paid,Sales - STEALTH,STEALTH,450.0,1,0
GTUK / Apex Tech Scotland Ltd,INV-2012/651,2012-09-17,2012,,1,Andrew Lucas London,Andrew Lucas London,Paid,Sales - STEALTH,STEALTH,375.0,1,0
GTUK / Apex Tech Scotland Ltd,INV-2012/652,2012-09-17,2012,,1,MSASA AV,MSASA AV,Paid,Sales - DPI,DPI,750.0,1,0
GTUK / Apex Tech Scotland Ltd,INV-2012/653,2012-09-17,2012,,1,Clever Association,Clever Association,Paid,Sales - STRAIGHTWIRE,STRAIGHTWIRE,120.0,1,0
GTUK / Apex Tech Scotland Ltd,INV-2012/653,2012-09-17,2012,,1,Clever Association,Clever Association,Paid,Sales - STRAIGHTWIRE,STRAIGHTWIRE,120.0,1,0
GTUK / Apex Tech Scotland Ltd,INV-2012/653,2012-09-17,2012,,1,Clever Association,Clever Association,Paid,Sales - STRAIGHTWIRE,STRAIGHTWIRE,220.0,1,0
GTUK / Apex Tech Scotland Ltd,INV-2012/0654,2012-09-26,2012,,1,Clic2Control Ltd,Clic2Control Ltd,Paid,Sales - LEON,LEON,132.0,1,0
GTUK / Apex Tech Scotland Ltd,INV-2012/655,2012-09-26,2012,,1,Deco 2000 Co Ltd,Deco 2000 Co Ltd,Paid,Sales - DPI,DPI,14000.0,1,0
GTUK / Apex Tech Scotland Ltd,INV-2012/655,2012-09-26,2012,,1,Deco 2000 Co Ltd,Deco 2000 Co Ltd,Paid,Sales - DPI,DPI,1875.0,1,0
GTUK / Apex Tech Scotland Ltd,INV-2012/655,2012-09-26,2012,,2,Deco 2000 Co Ltd,Deco 2000 Co Ltd,Paid,Sales - WISDOM,WISDOM,3850.0,1,0
GTUK / Apex Tech Scotland Ltd,INV-2012/656,2012-09-26,2012,,1,Marquee Installations Ltd,Marquee Installations Ltd,Paid,Sales - STEALTH,STEALTH,500.0,1,0
GTUK / Apex Tech Scotland Ltd,INV-2012/656,2012-09-26,2012,,1,Marquee Installations Ltd,Marquee Installations Ltd,Paid,Sales - STEALTH,STEALTH,225.0,1,0
GTUK / Apex Tech Scotland Ltd,INV-2012/657,2012-09-26,2012,,1,Britania Ltd,Britania Ltd,Paid,Sales - IMAGE,IMAGE,12918.75,1,0
GTUK / Apex Tech Scotland Ltd,INV-2012/657,2012-09-26,2012,,1,Britania Ltd,Britania Ltd,Paid,Sales - IMAGE,IMAGE,584.35,1,0
GTUK / Apex Tech Scotland Ltd,INV-2012/657,2012-09-26,2012,,1,Britania Ltd,Britania Ltd,Paid,Sales - IMAGE,IMAGE,-675.16,1,0
GTUK / Apex Tech Scotland Ltd,C/N 2012/658,2012-09-26,2012,,6,AT&C Audio Technology & Communications Ltd,AT&C Audio Technology & Communications Ltd,Paid,Sales - STEALTH,STEALTH,-3000.0,1,0
GTUK / Apex Tech Scotland Ltd,INV-2012/659,2012-09-26,2012,,6,AT&C Audio Technology & Communications Ltd,AT&C Audio Technology & Communications Ltd,Paid,Sales - STEALTH,STEALTH,3000.0,1,0
GTUK / Apex Tech Scotland Ltd,INV-2012/660,2012-09-27,2012,,1,City heights,City heights,Paid,Sales - DATASAT,DATASAT,7250.0,1,0
GTUK / Apex Tech Scotland Ltd,INV-2012/660,2012-09-27,2012,,1,City heights,City heights,Paid,Sales - ADA,ADA,5500.0,1,0
GTUK / Apex Tech Scotland Ltd,INV-2012/660,2012-09-27,2012,,1,City heights,City heights,Paid,Sales - ADA,ADA,1875.0,1,0
GTUK / Apex Tech Scotland Ltd,INV-2012/660,2012-09-27,2012,,1,City heights,City heights,Paid,Sales - ADA,ADA,2250.0,1,0
GTUK / Apex Tech Scotland Ltd,INV-2012/660,2012-09-27,2012,,2,City heights,City heights,Paid,Sales - WISDOM,WISDOM,5200.0,1,0
GTUK / Apex Tech Scotland Ltd,INV-2012/660,2012-09-27,2012,,1,City heights,City heights,Paid,Sales - WISDOM,WISDOM,1500.0,1,0
GTUK / Apex Tech Scotland Ltd,INV-2012/660,2012-09-27,2012,,4,City heights,City heights,Paid,Sales - WISDOM,WISDOM,3600.0,1,0
GTUK / Apex Tech Scotland Ltd,INV-2012/660,2012-09-27,2012,,2,City heights,City heights,Paid,Sales - WISDOM,WISDOM,2200.0,1,0
GTUK / Apex Tech Scotland Ltd,INV-2012/660,2012-09-27,2012,,2,City heights,City heights,Paid,Sales - WISDOM,WISDOM,3200.0,1,0
GTUK / Apex Tech Scotland Ltd,INV-2012/660,2012-09-27,2012,,2,City heights,City heights,Paid,Sales - WISDOM,WISDOM,750.0,1,0
GTUK / Apex Tech Scotland Ltd,INV-2012/660,2012-09-27,2012,,1,City heights,City heights,Paid,Sales - WISDOM,WISDOM,262.5,1,0
GTUK / Apex Tech Scotland Ltd,INV-2012/660,2012-09-27,2012,,4,City heights,City heights,Paid,Sales - WISDOM,WISDOM,900.0,1,0
GTUK / Apex Tech Scotland Ltd,INV-2012/660,2012-09-27,2012,,2,City heights,City heights,Paid,Sales - STRAIGHTWIRE,STRAIGHTWIRE,1300.0,1,0
GTUK / Apex Tech Scotland Ltd,INV-2012/660,2012-09-27,2012,,1,City heights,City heights,Paid,Sales - STRAIGHTWIRE,STRAIGHTWIRE,698.75,1,0
GTUK / Apex Tech Scotland Ltd,INV-2012/661,2012-09-27,2012,,2,London Media Rooms,London Media Rooms,Paid,Sales - LEON,LEON,564.0,1,0
GTUK / Apex Tech Scotland Ltd,INV-2012/661,2012-09-27,2012,,1,London Media Rooms,London Media Rooms,Paid,Sales - LEON,LEON,1380.0,1,0
GTUK / Apex Tech Scotland Ltd,INV-2012/661,2012-09-27,2012,,1,London Media Rooms,London Media Rooms,Paid,Sales - LEON,LEON,132.0,1,0
GTUK / Apex Tech Scotland Ltd,INV-2012/662,2012-10-15,2012,,1,Genesis Technologies Benelux bvba,Genesis Technologies Benelux bvba,Paid,Sales - STEALTH,STEALTH,189.4,1,0
GTUK / Apex Tech Scotland Ltd,INV-2012/662,2012-10-15,2012,,1,Genesis Technologies Benelux bvba,Genesis Technologies Benelux bvba,Paid,Sales - STEALTH,STEALTH,78.5,1,0
GTUK / Apex Tech Scotland Ltd,INV-2012/663,2012-10-15,2012,,3,Genesis Technologies Benelux bvba,Genesis Technologies Benelux bvba,Paid,Sales - STEALTH,STEALTH,635.76,1,0
GTUK / Apex Tech Scotland Ltd,INV-2012/663,2012-10-15,2012,,3,Genesis Technologies Benelux bvba,Genesis Technologies Benelux bvba,Paid,Sales - STEALTH,STEALTH,129.0,1,0
GTUK / Apex Tech Scotland Ltd,INV-2012/664,2012-10-15,2012,,5,Genesis Technologies Benelux bvba,Genesis Technologies Benelux bvba,Paid,Sales - STEALTH,STEALTH,821.85,1,0
GTUK / Apex Tech Scotland Ltd,INV-2012/666,2012-10-15,2012,,1,City heights,City heights,Paid,Sales - OTHERS,OTHERS,1247.0,1,0
GTUK / Apex Tech Scotland Ltd,INV-2012/666,2012-10-15,2012,,5,City heights,City heights,Paid,Sales - OTHERS,OTHERS,2500.0,1,0
GTUK / Apex Tech Scotland Ltd,INV-2012/667,2012-10-15,2012,,1,FAB AV,FAB AV,Paid,Sales - OTHERS,OTHERS,500.0,1,0
GTUK / Apex Tech Scotland Ltd,INV-2012/668,2012-10-15,2012,,1,Brilliant Living,Brilliant Living,Paid,Sales - LEON,LEON,1140.0,1,0
GTUK / Apex Tech Scotland Ltd,INV-2012/669,2012-10-15,2012,,2,Simon Chambers,Simon Chambers,Paid,Sales - LEON,LEON,490.0,1,0
GTUK / Apex Tech Scotland Ltd,INV-2012/670,2012-10-15,2012,,6,Kensington Audio Visual,Kensington Audio Visual,Paid,Sales - STEALTH,STEALTH,3000.0,1,0
GTUK / Apex Tech Scotland Ltd,INV-2012/671,2012-10-15,2012,,1,James and Giles,James and Giles,Paid,Sales - ADA,ADA,3000.0,1,0
GTUK / Apex Tech Scotland Ltd,INV-2012/672,2012-10-15,2012,,2,Marquee Installations Ltd,Marquee Installations Ltd,Paid,Sales - STEALTH,STEALTH,1000.0,1,0
GTUK / Apex Tech Scotland Ltd,INV-2012/672,2012-10-15,2012,,6,Marquee Installations Ltd,Marquee Installations Ltd,Paid,Sales - STEALTH,STEALTH,2700.0,1,0
GTUK / Apex Tech Scotland Ltd,INV-2012/673,2012-10-15,2012,,1,D & T Electronics,D & T Electronics,Paid,Sales - DPI,DPI,1875.0,1,0
GTUK / Apex Tech Scotland Ltd,INV-2012/674,2012-10-16,2012,,22,Britania Ltd,Britania Ltd,Paid,Sales - LEON,LEON,14520.0,1,0
GTUK / Apex Tech Scotland Ltd,INV-2012/674,2012-10-16,2012,,1,Britania Ltd,Britania Ltd,Paid,Sales - LEON,LEON,-726.0,1,0
GTUK / Apex Tech Scotland Ltd,INV-2012/675,2012-10-19,2012,,1,AT&C Audio Technology & Communications Ltd,AT&C Audio Technology & Communications Ltd,Paid,Sales - STEALTH,STEALTH,6.91,1,0
GTUK / Apex Tech Scotland Ltd,INV-2012/676,2012-10-22,2012,,1,Olive Audio Visual Ltd,Olive Audio Visual Ltd,Paid,Sales - IMAGE,IMAGE,8013.0,1,0
GTUK / Apex Tech Scotland Ltd,INV-2012/676,2012-10-22,2012,,1,Olive Audio Visual Ltd,Olive Audio Visual Ltd,Paid,Sales - IMAGE,IMAGE,359.4,1,0
GTUK / Apex Tech Scotland Ltd,INV-2012/676,2012-10-22,2012,,1,Olive Audio Visual Ltd,Olive Audio Visual Ltd,Paid,Sales - LUMAGEN,LUMAGEN,1350.0,1,0
GTUK / Apex Tech Scotland Ltd,INV-2012/676,2012-10-22,2012,,2,Olive Audio Visual Ltd,Olive Audio Visual Ltd,Paid,Sales - PRO AUDIO,PRO AUDIO,3848.0,1,0
GTUK / Apex Tech Scotland Ltd,INV-2012/676,2012-10-22,2012,,1,Olive Audio Visual Ltd,Olive Audio Visual Ltd,Paid,Sales - PRO AUDIO,PRO AUDIO,3850.0,1,0
GTUK / Apex Tech Scotland Ltd,INV-2012/676,2012-10-22,2012,,1,Olive Audio Visual Ltd,Olive Audio Visual Ltd,Paid,Sales - OTHERS,OTHERS,8000.0,1,0
GTUK / Apex Tech Scotland Ltd,INV-2012,2012-10-22,2012,,1,Kensington Audio Visual,Kensington Audio Visual,Paid,Sales - OTHERS,OTHERS,200.0,1,0
GTUK / Apex Tech Scotland Ltd,INV-2012/677,2012-10-22,2012,,3,Homeplay Ltd,Homeplay Ltd,Paid,Sales - STEALTH,STEALTH,1350.0,1,0
GTUK / Apex Tech Scotland Ltd,INV-2012/677,2012-10-22,2012,,6,Homeplay Ltd,Homeplay Ltd,Paid,Sales - STEALTH,STEALTH,450.0,1,0
GTUK / Apex Tech Scotland Ltd,INV-2012/678,2012-10-22,2012,,1,Livewire Home Integration Ltd,Livewire Home Integration Ltd,Paid,Sales - ADA,ADA,1920.0,1,0
GTUK / Apex Tech Scotland Ltd,INV-2012/679,2012-10-22,2012,,2,AT&C Audio Technology & Communications Ltd,AT&C Audio Technology & Communications Ltd,Paid,Sales - STEALTH,STEALTH,1000.0,1,0
GTUK / Apex Tech Scotland Ltd,INV-2012/680,2012-10-22,2012,,1,Genesis Technologies Benelux bvba,Genesis Technologies Benelux bvba,Paid,Sales - STEALTH,STEALTH,166.78,1,0
GTUK / Apex Tech Scotland Ltd,INV-2012/681,2012-10-22,2012,,1,DLUK (London) Ltd,DLUK (London) Ltd,Paid,Sales - DPI,DPI,600.0,1,0
GTUK / Apex Tech Scotland Ltd,INV-2012/682,2012-10-22,2012,,1,Andrew Lucas London,Andrew Lucas London,Paid,Sales - STEALTH,STEALTH,1000.0,1,0
GTUK / Apex Tech Scotland Ltd,INV-2012/682,2012-10-22,2012,,1,Andrew Lucas London,Andrew Lucas London,Paid,Sales - STEALTH,STEALTH,375.0,1,0
GTUK / Apex Tech Scotland Ltd,INV-2012/683,2012-10-25,2012,,1,Circle Automation,Circle Automation,Paid,Sales - OTHERS,OTHERS,200.0,1,0
GTUK / Apex Tech Scotland Ltd,INV-2012/684,2012-10-25,2012,,4,Style Audio Visual,Style Audio Visual,Paid,Sales - ADA,ADA,7680.0,1,0
GTUK / Apex Tech Scotland Ltd,INV-2012/685,2012-10-29,2012,,1,West London AV Solutions,West London AV Solutions,Paid,Sales - CINEMATECH,CINEMATECH,5856.56,1,0
GTUK / Apex Tech Scotland Ltd,INV-2012/686,2012-10-31,2012,,1,Display Manager,Display Manager,Paid,Sales - AGATH,AGATH,13650.0,1,0
GTUK / Apex Tech Scotland Ltd,INV-2012/686,2012-10-31,2012,,1,Display Manager,Display Manager,Paid,Sales - AGATH,AGATH,1150.0,1,0
GTUK / Apex Tech Scotland Ltd,INV-2012/686,2012-10-31,2012,,1,Display Manager,Display Manager,Paid,Sales - AGATH,AGATH,2795.0,1,0
GTUK / Apex Tech Scotland Ltd,INV-2012/686,2012-10-31,2012,,1,Display Manager,Display Manager,Paid,Sales - AGATH,AGATH,800.0,1,0
GTUK / Apex Tech Scotland Ltd,INV-2012/687,2012-10-31,2012,,1,Brilliant Living,Brilliant Living,Paid,Sales - LEON,LEON,1020.0,1,0
GTUK / Apex Tech Scotland Ltd,INV-2012/687,2012-10-31,2012,,1,Brilliant Living,Brilliant Living,Paid,Sales - LEON,LEON,1140.0,1,0
GTUK / Apex Tech Scotland Ltd,INV-2012/687,2012-10-31,2012,,1,Brilliant Living,Brilliant Living,Paid,Sales - LEON,LEON,120.0,1,0
GTUK / Apex Tech Scotland Ltd,INV-2012/688,2012-10-31,2012,,1,West London AV Solutions,West London AV Solutions,Paid,Sales - LUMAGEN,LUMAGEN,1350.0,1,0
GTUK / Apex Tech Scotland Ltd,INV-2012/688,2012-10-31,2012,,1,West London AV Solutions,West London AV Solutions,Paid,Sales - ADA,ADA,3000.0,1,0
GTUK / Apex Tech Scotland Ltd,INV-2012/688,2012-10-31,2012,,1,West London AV Solutions,West London AV Solutions,Paid,Sales - ADA,ADA,2700.0,1,0
GTUK / Apex Tech Scotland Ltd,INV-2012/688,2012-10-31,2012,,2,West London AV Solutions,West London AV Solutions,Paid,Sales - LEON,LEON,5400.0,1,0
GTUK / Apex Tech Scotland Ltd,INV-2012/688,2012-10-31,2012,,1,West London AV Solutions,West London AV Solutions,Paid,Sales - LEON,LEON,1800.0,1,0
GTUK / Apex Tech Scotland Ltd,INV-2012/688,2012-10-31,2012,,1,West London AV Solutions,West London AV Solutions,Paid,Sales - LEON,LEON,900.0,1,0
GTUK / Apex Tech Scotland Ltd,INV-2012/688,2012-10-31,2012,,2,West London AV Solutions,West London AV Solutions,Paid,Sales - LEON,LEON,600.0,1,0
GTUK / Apex Tech Scotland Ltd,INV-2012/688,2012-10-31,2012,,1,West London AV Solutions,West London AV Solutions,Paid,Sales - LEON,LEON,720.0,1,0
GTUK / Apex Tech Scotland Ltd,INV-2012/688,2012-10-31,2012,,2,West London AV Solutions,West London AV Solutions,Paid,Sales - OTHERS,OTHERS,1000.0,1,0
GTUK / Apex Tech Scotland Ltd,INV-2012/688,2012-10-31,2012,,80,West London AV Solutions,West London AV Solutions,Paid,Sales - CINEMATECH,CINEMATECH,19600.0,1,0
GTUK / Apex Tech Scotland Ltd,INV-2012/688,2012-10-31,2012,,22,West London AV Solutions,West London AV Solutions,Paid,Sales - OTHERS,OTHERS,3300.0,1,0
GTUK / Apex Tech Scotland Ltd,INV-2012/688,2012-10-31,2012,,1,West London AV Solutions,West London AV Solutions,Paid,Sales - DPI,DPI,4800.0,1,0
GTUK / Apex Tech Scotland Ltd,INV-2012/689,2012-10-31,2012,,8,Kensington Audio Visual,Kensington Audio Visual,Paid,Sales - STEALTH,STEALTH,4000.0,1,0
GTUK / Apex Tech Scotland Ltd,INV-2012/689,2012-10-31,2012,,1,Kensington Audio Visual,Kensington Audio Visual,Paid,Sales - STEALTH,STEALTH,250.0,1,0
GTUK / Apex Tech Scotland Ltd,INV-2012/690,2012-10-31,2012,,1,Kensington Audio Visual,Kensington Audio Visual,Paid,Sales - LEON,LEON,1140.0,1,0
GTUK / Apex Tech Scotland Ltd,INV-2012/690,2012-10-31,2012,,1,Kensington Audio Visual,Kensington Audio Visual,Paid,Sales - LEON,LEON,1740.0,1,0
GTUK / Apex Tech Scotland Ltd,INV-2012/691,2012-10-31,2012,,2,Marquee Installations Ltd,Marquee Installations Ltd,Paid,Sales - STEALTH,STEALTH,900.0,1,0
GTUK / Apex Tech Scotland Ltd,INV-2012/691,2012-10-31,2012,,1,Marquee Installations Ltd,Marquee Installations Ltd,Paid,Sales - STEALTH,STEALTH,225.0,1,0
GTUK / Apex Tech Scotland Ltd,INV-2012/691,2012-10-31,2012,,5,Marquee Installations Ltd,Marquee Installations Ltd,Paid,Sales - STEALTH,STEALTH,375.0,1,0
GTUK / Apex Tech Scotland Ltd,INV-2012/692,2012-10-31,2012,,1,Kensington Audio Visual,Kensington Audio Visual,Paid,Sales - STEALTH,STEALTH,350.0,1,0
GTUK / Apex Tech Scotland Ltd,INV-2012/693,2012-10-31,2012,,1,Tillman Domotics,Tillman Domotics,Paid,Sales - LEON,LEON,1020.0,1,0
GTUK / Apex Tech Scotland Ltd,INV-2012/693,2012-10-31,2012,,1,Tillman Domotics,Tillman Domotics,Paid,,,0.0,1,0
GTUK / Apex Tech Scotland Ltd,INV-2012/693,2012-10-31,2012,,1,Tillman Domotics,Tillman Domotics,Paid,Sales - LEON,LEON,120.0,1,0
GTUK / Apex Tech Scotland Ltd,INV-2012/694,2012-10-31,2012,,1,Face to Face Digital,Face to Face Digital,Paid,Sales - LEON,LEON,1020.0,1,0
GTUK / Apex Tech Scotland Ltd,INV-2012/694,2012-10-31,2012,,1,Face to Face Digital,Face to Face Digital,Paid,,,0.0,1,0
GTUK / Apex Tech Scotland Ltd,INV-2012/694,2012-10-31,2012,,1,Face to Face Digital,Face to Face Digital,Paid,Sales - LEON,LEON,1020.0,1,0
GTUK / Apex Tech Scotland Ltd,INV-2012/694,2012-10-31,2012,,1,Face to Face Digital,Face to Face Digital,Paid,,,0.0,1,0
GTUK / Apex Tech Scotland Ltd,INV-2012/694,2012-10-31,2012,,2,Face to Face Digital,Face to Face Digital,Paid,Sales - LEON,LEON,240.0,1,0
GTUK / Apex Tech Scotland Ltd,INV-2012/695,2012-10-31,2012,,1,Air Audio Visual Limited,Air Audio Visual Limited,Paid,Sales - LEON,LEON,1020.0,1,0
GTUK / Apex Tech Scotland Ltd,INV-2012/695,2012-10-31,2012,,1,Air Audio Visual Limited,Air Audio Visual Limited,Paid,,,0.0,1,0
GTUK / Apex Tech Scotland Ltd,INV-2012/695,2012-10-31,2012,,1,Air Audio Visual Limited,Air Audio Visual Limited,Paid,,,0.0,1,0
GTUK / Apex Tech Scotland Ltd,INV-2012/696,2012-10-31,2012,,1,Livewire Home Integration Ltd,Livewire Home Integration Ltd,Paid,Sales - ADA,ADA,1920.0,1,0
GTUK / Apex Tech Scotland Ltd,INV-2012-697,2012-11-02,2012,,1,Clever Association,Clever Association,Paid,Sales - DPI,DPI,675.0,1,0
GTUK / Apex Tech Scotland Ltd,INV-2012/698,2012-11-05,2012,,1,Modus Vivendi,Modus Vivendi,Paid,Sales - CINEVERSUM,CINEVERSUM,320.0,1,0
GTUK / Apex Tech Scotland Ltd,INV-2012/699,2012-11-07,2012,,2,Custom Sight & Sound Ltd,Custom Sight & Sound Ltd,Paid,Sales - ADA,ADA,360.0,1,0
GTUK / Apex Tech Scotland Ltd,INV-2012/700,2012-11-08,2012,,1,Experience AV,Experience AV,Paid,Sales - STEALTH,STEALTH,450.0,1,0
GTUK / Apex Tech Scotland Ltd,INV-2012/700,2012-11-08,2012,,1,Experience AV,Experience AV,Paid,Sales - STEALTH,STEALTH,84.0,1,0
GTUK / Apex Tech Scotland Ltd,INV-2012/700,2012-11-08,2012,,1,Experience AV,Experience AV,Paid,Sales - STEALTH,STEALTH,84.0,1,0
GTUK / Apex Tech Scotland Ltd,INV-2012/701 ,2012-11-08,2012,,1,West London AV Solutions,West London AV Solutions,Paid,Sales - IMAGE,IMAGE,9742.2,1,0
GTUK / Apex Tech Scotland Ltd,INV-2012/701 ,2012-11-08,2012,,1,West London AV Solutions,West London AV Solutions,Paid,Sales - IMAGE,IMAGE,389.35,1,0
GTUK / Apex Tech Scotland Ltd,INV-2012/701 ,2012-11-08,2012,,1,West London AV Solutions,West London AV Solutions,Paid,Sales - OTHERS,OTHERS,3500.0,1,0
GTUK / Apex Tech Scotland Ltd,INV-2012/701 ,2012-11-08,2012,,1,West London AV Solutions,West London AV Solutions,Paid,Sales - OTHERS,OTHERS,890.0,1,0
GTUK / Apex Tech Scotland Ltd,INV-2012/702,2012-11-09,2012,,3,Icon Connect Ltd,Icon Connect Ltd,Paid,Sales - AGATH,AGATH,6825.0,1,0
GTUK / Apex Tech Scotland Ltd,INV-2012/702,2012-11-09,2012,,1,Icon Connect Ltd,Icon Connect Ltd,Paid,Sales - AGATH,AGATH,457.0,1,0
GTUK / Apex Tech Scotland Ltd,INV-2012/702,2012-11-09,2012,,1,Icon Connect Ltd,Icon Connect Ltd,Paid,Sales - AGATH,AGATH,365.0,1,0
GTUK / Apex Tech Scotland Ltd,INV-2012/702,2012-11-09,2012,,1,Icon Connect Ltd,Icon Connect Ltd,Paid,Sales - AGATH,AGATH,448.0,1,0
GTUK / Apex Tech Scotland Ltd,INV-2012/702,2012-11-09,2012,,1,Icon Connect Ltd,Icon Connect Ltd,Paid,Sales - AGATH,AGATH,2795.0,1,0
GTUK / Apex Tech Scotland Ltd,INV-2012/702,2012-11-09,2012,,6,Icon Connect Ltd,Icon Connect Ltd,Paid,Sales - AGATH,AGATH,760.5,1,0
GTUK / Apex Tech Scotland Ltd,Corrects misposting on Nov 21,2012-11-21,2012,,1,Smartcomm Ltd,Smartcomm Ltd,Paid,Sales - LEON,LEON,-3462.0,1,0
GTUK / Apex Tech Scotland Ltd,INV-2012 / 704 ,2012-11-26,2012,STH-MBC-12,9,Experience AV,Experience AV,Paid,Sales - STEALTH,STEALTH,810.0,1,0
GTUK / Apex Tech Scotland Ltd,INV-2012/705,2012-11-26,2012,CTS-ACT-I,1,Sensory International Ltd,Sensory International Ltd,Paid,Sales - CINEMATECH,CINEMATECH,3528.27,1,0
GTUK / Apex Tech Scotland Ltd,INV-2012/706,2012-11-26,2012,CTS-ACT-I,1,Sensory International Ltd,Sensory International Ltd,Paid,Sales - CINEMATECH,CINEMATECH,3528.27,1,0
GTUK / Apex Tech Scotland Ltd,INV-2012/707,2012-11-26,2012,DVI-3410A,8,Saville Audio Visual,Saville Audio Visual,Paid,Sales - OTHERS,OTHERS,1584.0,1,0
GTUK / Apex Tech Scotland Ltd,INV-2012/708,2012-11-26,2012,LEO-PR303-X-A,1,Olive Audio Visual Ltd,Olive Audio Visual Ltd,Paid,Sales - LEON,LEON,1020.0,1,0
GTUK / Apex Tech Scotland Ltd,INV-2012/708,2012-11-26,2012,LEO-PR-SMB,1,Olive Audio Visual Ltd,Olive Audio Visual Ltd,Paid,Sales - LEON,LEON,132.0,1,0
GTUK / Apex Tech Scotland Ltd,INV-2012/709,2012-11-26,2012,DSAT-RS20i,1,Gecko Inc Ltd,Gecko Inc Ltd,Paid,Sales - DATASAT,DATASAT,10150.0,1,0
GTUK / Apex Tech Scotland Ltd,INV-2012/710,2012-11-26,2012,LEAF-LTHDMI88-E,1,City heights,City heights,Paid,Sales - LEAF,LEAF,3575.0,1,0
GTUK / Apex Tech Scotland Ltd,INV-2012/710,2012-11-26,2012,LEAF-LTB1-E,8,City heights,City heights,Paid,Sales - LEAF,LEAF,1560.0,1,0
GTUK / Apex Tech Scotland Ltd,INV-2012/711,2012-11-26,2012,ADA-PTM-1645,1,Interactive Homes,Interactive Homes,Paid,Sales - ADA,ADA,1920.0,1,0
GTUK / Apex Tech Scotland Ltd,INV-2012/713,2012-11-26,2012,PRO-SCRS-12sm,2,The Big Picture,The Big Picture,Paid,Sales - PRO AUDIO,PRO AUDIO,4070.0,1,0
GTUK / Apex Tech Scotland Ltd,INV-2012/713,2012-11-26,2012,PRO-SCRS-12sm,1,The Big Picture,The Big Picture,Paid,,,0.0,1,0
GTUK / Apex Tech Scotland Ltd,INV-2012/713,2012-11-26,2012,PRO-SCRS-6iw-P,3,The Big Picture,The Big Picture,Paid,Sales - PRO AUDIO,PRO AUDIO,3135.0,1,0
GTUK / Apex Tech Scotland Ltd,INV-2012/713,2012-11-26,2012,PRO-SCRS-6iw-P,1,The Big Picture,The Big Picture,Paid,,,0.0,1,0
GTUK / Apex Tech Scotland Ltd,INV-2012/713,2012-11-26,2012,PRO-PMA-9942,1,The Big Picture,The Big Picture,Paid,Sales - PRO AUDIO,PRO AUDIO,5500.0,1,0
GTUK / Apex Tech Scotland Ltd,INV-2012/713,2012-11-26,2012,PRO-PMA-4242,1,The Big Picture,The Big Picture,Paid,Sales - PRO AUDIO,PRO AUDIO,3850.0,1,0
GTUK / Apex Tech Scotland Ltd,INV-2012/713,2012-11-26,2012,PRO-PMA-2222,1,The Big Picture,The Big Picture,Paid,Sales - PRO AUDIO,PRO AUDIO,2750.0,1,0
GTUK / Apex Tech Scotland Ltd,INV-2012/713,2012-11-26,2012,ADA-Suite 7.1HD,1,The Big Picture,The Big Picture,Paid,Sales - ADA,ADA,3000.0,1,0
GTUK / Apex Tech Scotland Ltd,INV-2012/713,2012-11-26,2012,DPI-MVIS-CINE3D-L,1,The Big Picture,The Big Picture,Paid,Sales - DPI,DPI,10500.0,1,0
GTUK / Apex Tech Scotland Ltd,INV-2012/713,2012-11-26,2012,IMG-iMasque Light ,1,The Big Picture,The Big Picture,Paid,Sales - IMAGE,IMAGE,6027.75,1,0
GTUK / Apex Tech Scotland Ltd,INV-2012/713,2012-11-26,2012,PRI-6000F,1,The Big Picture,The Big Picture,Paid,Sales - PRISMASONIC,PRISMASONIC,1900.0,1,0
GTUK / Apex Tech Scotland Ltd,INV-2012/713,2012-11-26,2012,PRO-LFC-15sm,2,The Big Picture,The Big Picture,Paid,Sales - PRO AUDIO,PRO AUDIO,4070.0,1,0
GTUK / Apex Tech Scotland Ltd,INV-2012/712,2012-11-27,2012,ADA-PTM-1645,1,Nethaus Ltd,Nethaus Ltd,Paid,Sales - ADA,ADA,1920.0,1,0
GTUK / Apex Tech Scotland Ltd,INV-2012/714,2012-11-27,2012,DPI-TITAN-1080p-3DL-UC,1,Olive Audio Visual Ltd,Olive Audio Visual Ltd,Paid,Sales - DPI,DPI,25800.0,1,0
GTUK / Apex Tech Scotland Ltd,INV-2012/714,2012-11-27,2012,DPI-TITAN-190-250,1,Olive Audio Visual Ltd,Olive Audio Visual Ltd,Paid,Sales - DPI,DPI,4875.0,1,0
GTUK / Apex Tech Scotland Ltd,INV-2012/715,2012-11-27,2012,CTS-ACT-I,1,The Big Picture,The Big Picture,Paid,Sales - CINEMATECH,CINEMATECH,18441.28,1,0
GTUK / Apex Tech Scotland Ltd,INV-2012/715,2012-11-27,2012,MISC-DISC,1,The Big Picture,The Big Picture,Paid,Sales - CINEMATECH,CINEMATECH,-4071.85,1,0
GTUK / Apex Tech Scotland Ltd,INV-2012/715,2012-11-27,2012,CTS-ARS,1,The Big Picture,The Big Picture,Paid,Sales - CINEMATECH,CINEMATECH,9762.0,1,0
GTUK / Apex Tech Scotland Ltd,INV-2012/715,2012-11-27,2012,CTS-ACT-I,1,The Big Picture,The Big Picture,Paid,Sales - CINEMATECH,CINEMATECH,4203.6,1,0
GTUK / Apex Tech Scotland Ltd,INV-2012/716,2012-11-27,2012,STH-LR6,1,Fox Tuckett,Fox Tuckett,Paid,Sales - STEALTH,STEALTH,450.0,1,0
GTUK / Apex Tech Scotland Ltd,INV-2012/717,2012-11-27,2012,LEO-HzUT-LR,1,Face to Face Digital,Face to Face Digital,Paid,Sales - LEON,LEON,1020.0,1,0
GTUK / Apex Tech Scotland Ltd,INV-2012/717,2012-11-27,2012,LEO-Hz-UMB-UT,1,Face to Face Digital,Face to Face Digital,Paid,Sales - LEON,LEON,120.0,1,0
GTUK / Apex Tech Scotland Ltd,PF SO-UK-2012/718,2012-11-27,2012,STH-LR8g,1,DLUK (London) Ltd,DLUK (London) Ltd,Paid,,,0.0,1,0
GTUK / Apex Tech Scotland Ltd,PF SO-UK-2012/718,2012-11-27,2012,STH-MBX-22,2,DLUK (London) Ltd,DLUK (London) Ltd,Paid,,,0.0,1,0
GTUK / Apex Tech Scotland Ltd,PF SO-UK-Stealth promotion,2012-11-28,2012,STH-LR8g,1,Synergy Control,Synergy Control,Paid,,,0.0,1,0
GTUK / Apex Tech Scotland Ltd,PF SO-UK-Stealth promotion,2012-11-28,2012,STH-MBC-22,2,Synergy Control,Synergy Control,Paid,,,0.0,1,0
GTUK / Apex Tech Scotland Ltd,INV-2012/718,2012-11-30,2012,LEO-Ds114,3.5,Isis Audio Visuals,Isis Audio Visuals,Paid,Sales - LEON,LEON,1732.5,1,0
GTUK / Apex Tech Scotland Ltd,INV-2012/718,2012-11-30,2012,LEO-A8-400,1,Isis Audio Visuals,Isis Audio Visuals,Paid,Sales - LEON,LEON,750.0,1,0
GTUK / Apex Tech Scotland Ltd,INV-2012/718,2012-11-30,2012,CVS-BW1-12-ACT,1,Isis Audio Visuals,Isis Audio Visuals,Paid,Sales - CINEVERSUM,CINEVERSUM,2750.0,1,0
GTUK / Apex Tech Scotland Ltd,INV-2012/718,2012-11-30,2012,ADA-CIN RAPTURE ,1,Isis Audio Visuals,Isis Audio Visuals,Paid,Sales - ADA,ADA,2500.0,1,0
GTUK / Apex Tech Scotland Ltd,INV-2012/719,2012-11-30,2012,STH-MBC-22,2,Kensington Audio Visual,Kensington Audio Visual,Paid,Sales - STEALTH,STEALTH,180.0,1,0
GTUK / Apex Tech Scotland Ltd,INV-2012/720,2012-11-30,2012,STH-LR8,1,Synergy Control,Synergy Control,Paid,Sales - STEALTH,STEALTH,500.0,1,0
GTUK / Apex Tech Scotland Ltd,INV-2012/720,2012-11-30,2012,STH-LR8S,1,Synergy Control,Synergy Control,Paid,Sales - STEALTH,STEALTH,250.0,1,0
GTUK / Apex Tech Scotland Ltd,INV-2012/720,2012-11-30,2012,STH-MBC-22,3,Synergy Control,Synergy Control,Paid,Sales - STEALTH,STEALTH,270.0,1,0
GTUK / Apex Tech Scotland Ltd,INV-2012/720,2012-11-30,2012,Demo Discount ,1,Synergy Control,Synergy Control,Paid,Sales - STEALTH,STEALTH,-102.0,1,0
GTUK / Apex Tech Scotland Ltd,INV-2012/721,2012-11-30,2012,AGA-B232,1,Icon Connect Ltd,Icon Connect Ltd,Paid,Sales - AGATH,AGATH,325.0,1,0
GTUK / Apex Tech Scotland Ltd,INV-2012/722,2012-11-30,2012,DPI-HLITE-LAMP260,1,FAB AV,FAB AV,Paid,Sales - DPI,DPI,600.0,1,0
GTUK / Apex Tech Scotland Ltd,INV-2012/723,2012-11-30,2012,STH-LR3,4,Audio Logic Ltd,Audio Logic Ltd,Paid,Sales - STEALTH,STEALTH,3600.0,1,0
GTUK / Apex Tech Scotland Ltd,INV-2012/723,2012-11-30,2012,STH-8400,1,Audio Logic Ltd,Audio Logic Ltd,Paid,Sales - STEALTH,STEALTH,1000.0,1,0
GTUK / Apex Tech Scotland Ltd,INV-2012/724,2012-11-30,2012,,1,DataFita Consultores Lda,DataFita Consultores Lda,Paid,Sales - OTHERS,OTHERS,300.0,1,0
GTUK / Apex Tech Scotland Ltd,INV-2012/725,2012-11-30,2012,,1,CASA INTELIGENTE Lda.,CASA INTELIGENTE Lda.,Paid,Sales - OTHERS,OTHERS,300.0,1,0
GTUK / Apex Tech Scotland Ltd,INV-2012/726,2012-11-30,2012,,1,Circle Automation,Circle Automation,Paid,Sales - OTHERS,OTHERS,200.0,1,0
GTUK / Apex Tech Scotland Ltd,URN164,2012-11-30,2012,,1,Circle Automation,Circle Automation,Paid,Sales - OTHERS,OTHERS,-200.0,1,0
GTUK / Apex Tech Scotland Ltd,INV-2012/762,2012-12-01,2012,STH-LR6,3,AT&C Audio Technology & Communications Ltd,AT&C Audio Technology & Communications Ltd,Paid,Sales - STEALTH,STEALTH,1350.0,1,0
GTUK / Apex Tech Scotland Ltd,INV-2012/730,2012-12-03,2012,DPI-MVIS-CINE260-L,1,Adept Integrated Systems,Adept Integrated Systems,Paid,Sales - DPI,DPI,4800.0,1,0
GTUK / Apex Tech Scotland Ltd,INV-2012/730,2012-12-03,2012,IMA-CAD-N°1,1,Adept Integrated Systems,Adept Integrated Systems,Paid,Sales - IMAGE,IMAGE,1989.6,1,0
GTUK / Apex Tech Scotland Ltd,INV-2012/730,2012-12-03,2012,MISC-DISC,1,Adept Integrated Systems,Adept Integrated Systems,Paid,Sales - DPI,DPI,-294.6,1,0
GTUK / Apex Tech Scotland Ltd,INV-2012/730,2012-12-03,2012,,0,Adept Integrated Systems,Adept Integrated Systems,Paid,,,0.0,1,0
GTUK / Apex Tech Scotland Ltd,INV-2012/732,2012-12-03,2012,DSAT-RS20i,1,MSASA AV,MSASA AV,Paid,Sales - DATASAT,DATASAT,8700.0,1,0
GTUK / Apex Tech Scotland Ltd,INV-2012/733,2012-12-03,2012,LEO-Hz414-LCR,1,Perfect Integration,Perfect Integration,Paid,Sales - LEON,LEON,1140.0,1,0
GTUK / Apex Tech Scotland Ltd,INV-2012/733,2012-12-03,2012,LEO-Hz-UMB,1,Perfect Integration,Perfect Integration,Paid,Sales - LEON,LEON,120.0,1,0
GTUK / Apex Tech Scotland Ltd,INV-2012/733,2012-12-03,2012,LEO-AX-61 ,2,Perfect Integration,Perfect Integration,Paid,Sales - LEON,LEON,480.0,1,0
GTUK / Apex Tech Scotland Ltd,INV-2012/736,2012-12-04,2012,LEAF-LTHDMI88-E,1,Home Control Solutions,Home Control Solutions,Paid,Sales - LEAF,LEAF,3120.0,1,0
GTUK / Apex Tech Scotland Ltd,INV-2012/736,2012-12-04,2012,LEAF-LTB1-E,4,Home Control Solutions,Home Control Solutions,Paid,Sales - LEAF,LEAF,652.0,1,0
GTUK / Apex Tech Scotland Ltd,URN019,2012-12-05,2012,,1,Face to Face Digital,Face to Face Digital,Paid,Sales - LEON,LEON,-9472.0,1,0
GTUK / Apex Tech Scotland Ltd,INV-2012/741,2012-12-10,2012,STH-LR6,9,Experience AV,Experience AV,Paid,Sales - STEALTH,STEALTH,4050.0,1,0
GTUK / Apex Tech Scotland Ltd,INV-2012/735,2012-12-13,2012,LEO-Hz414-LCR,1,Britania Ltd,Britania Ltd,Paid,Sales - LEON,LEON,1140.0,1,0
GTUK / Apex Tech Scotland Ltd,INV-2012/735,2012-12-13,2012,LEO-CUSTOM-FINISH,1,Britania Ltd,Britania Ltd,Paid,,,0.0,1,0
GTUK / Apex Tech Scotland Ltd,INV-2012/735,2012-12-13,2012,LEO-Hz414-LCR,1,Britania Ltd,Britania Ltd,Paid,Sales - LEON,LEON,1140.0,1,0
GTUK / Apex Tech Scotland Ltd,INV-2012/735,2012-12-13,2012,LEO-CUSTOM-FINISH,1,Britania Ltd,Britania Ltd,Paid,Sales - LEON,LEON,750.0,1,0
GTUK / Apex Tech Scotland Ltd,INV-2012/735,2012-12-13,2012,LEO-CUSTOM-FINISH,1,Britania Ltd,Britania Ltd,Paid,,,0.0,1,0
GTUK / Apex Tech Scotland Ltd,INV-2012/735,2012-12-13,2012,MISC-DISC,1,Britania Ltd,Britania Ltd,Paid,Sales - LEON,LEON,-181.8,1,0
GTUK / Apex Tech Scotland Ltd,INV-2012/735,2012-12-13,2012,LEO-Hz-UMB-UT,2,Britania Ltd,Britania Ltd,Paid,Sales - LEON,LEON,240.0,1,0
GTUK / Apex Tech Scotland Ltd,INV-2012/745,2012-12-13,2012,DPI-MVIS-CINE260-L,1,Livewire Home Integration Ltd,Livewire Home Integration Ltd,Paid,Sales - DPI,DPI,4800.0,1,0
GTUK / Apex Tech Scotland Ltd,INV-2012/745,2012-12-13,2012,LUM-RAD-MIN-3D,1,Livewire Home Integration Ltd,Livewire Home Integration Ltd,Paid,Sales - LUMAGEN,LUMAGEN,1350.0,1,0
GTUK / Apex Tech Scotland Ltd,INV-2012/745,2012-12-13,2012,ADA-Suite 7.1HD,1,Livewire Home Integration Ltd,Livewire Home Integration Ltd,Paid,Sales - ADA,ADA,3000.0,1,0
GTUK / Apex Tech Scotland Ltd,INV-2012/745,2012-12-13,2012,IMA-CAD-N°1,1,Livewire Home Integration Ltd,Livewire Home Integration Ltd,Paid,Sales - IMAGE,IMAGE,2640.0,1,0
GTUK / Apex Tech Scotland Ltd,INV-2012/747,2012-12-14,2012,CTS-ACT-I,1,MSASA AV,MSASA AV,Paid,Sales - CINEMATECH,CINEMATECH,9282.0,1,0
GTUK / Apex Tech Scotland Ltd,INV-2012/748,2012-12-14,2012,STH-LR8,2,AT&C Audio Technology & Communications Ltd,AT&C Audio Technology & Communications Ltd,Paid,Sales - STEALTH,STEALTH,1000.0,1,0
GTUK / Apex Tech Scotland Ltd,INV-2012/751,2012-12-14,2012,,5,Britania Ltd,Britania Ltd,Paid,Sales - LEON,LEON,9000.0,1,0
GTUK / Apex Tech Scotland Ltd,INV-2012/751,2012-12-14,2012,,1,Britania Ltd,Britania Ltd,Paid,Sales - LEON,LEON,1800.0,1,0
GTUK / Apex Tech Scotland Ltd,INV-2012/751,2012-12-14,2012,,6,Britania Ltd,Britania Ltd,Paid,Sales - LEON,LEON,4500.0,1,0
GTUK / Apex Tech Scotland Ltd,INV-2012/751,2012-12-14,2012,,6,Britania Ltd,Britania Ltd,Paid,Sales - LEON,LEON,540.0,1,0
GTUK / Apex Tech Scotland Ltd,INV-2012/751,2012-12-14,2012,MISC-DISC,1,Britania Ltd,Britania Ltd,Paid,Sales - LEON,LEON,-2250.0,1,0
GTUK / Apex Tech Scotland Ltd,INV-2012/752,2012-12-14,2012,DPI-TITAN-2LP-350,1,The High End,The High End,Paid,Sales - DPI,DPI,1500.0,1,0
GTUK / Apex Tech Scotland Ltd,INV-2012/752,2012-12-14,2012,MISC-DISC,1,The High End,The High End,Paid,Sales - DPI,DPI,-250.0,1,0
GTUK / Apex Tech Scotland Ltd,INV-2012/751,2012-12-14,2012,MISC-DISC,1,Britania Ltd,Britania Ltd,Paid,Sales - LEON,LEON,-837.9,1,0
GTUK / Apex Tech Scotland Ltd,INV-2012/749,2012-12-17,2012,PRO-SCRS-26im,3,Livewire Home Integration Ltd,Livewire Home Integration Ltd,Paid,Sales - PRO AUDIO,PRO AUDIO,5775.0,1,0
GTUK / Apex Tech Scotland Ltd,INV-2012/749,2012-12-17,2012,PRO-25ica,4,Livewire Home Integration Ltd,Livewire Home Integration Ltd,Paid,Sales - PRO AUDIO,PRO AUDIO,3960.0,1,0
GTUK / Apex Tech Scotland Ltd,INV-2012/749,2012-12-17,2012,PRO-LFC-15sm,2,Livewire Home Integration Ltd,Livewire Home Integration Ltd,Paid,Sales - PRO AUDIO,PRO AUDIO,3850.0,1,0
GTUK / Apex Tech Scotland Ltd,INV-2012/749,2012-12-17,2012,PRO-PMA-9922,1,Livewire Home Integration Ltd,Livewire Home Integration Ltd,Paid,Sales - PRO AUDIO,PRO AUDIO,4950.0,1,0
GTUK / Apex Tech Scotland Ltd,INV-2012/749,2012-12-17,2012,PRO-PMA-2222,2,Livewire Home Integration Ltd,Livewire Home Integration Ltd,Paid,Sales - PRO AUDIO,PRO AUDIO,5500.0,1,0
GTUK / Apex Tech Scotland Ltd,INV-2012/731,2012-12-18,2012,DSAT-RS20i,1,Premier Audio Video,Premier Audio Video,Paid,Sales - DATASAT,DATASAT,8700.0,1,0
GTUK / Apex Tech Scotland Ltd,INV-2012/742,2012-12-18,2012,STH-255R,4,Smartcomm Ltd,Smartcomm Ltd,Paid,Sales - STEALTH,STEALTH,1500.0,1,0
GTUK / Apex Tech Scotland Ltd,INV-2012/746,2012-12-18,2012,STH-LR4,1,Piquant Design Ltd,Piquant Design Ltd,Paid,Sales - STEALTH,STEALTH,1250.0,1,0
GTUK / Apex Tech Scotland Ltd,INV-2012/742,2012-12-18,2012,MISC-DISC,1,Smartcomm Ltd,Smartcomm Ltd,Paid,Sales - STEALTH,STEALTH,-90.0,1,0
GTUK / Apex Tech Scotland Ltd,INV-2012/753,2012-12-18,2012,STH-MBC-22,4,Tillman Domotics,Tillman Domotics,Paid,Sales - STEALTH,STEALTH,360.0,1,0
GTUK / Apex Tech Scotland Ltd,INV-2012/753,2012-12-18,2012,STH-LR8,2,Tillman Domotics,Tillman Domotics,Paid,Sales - STEALTH,STEALTH,1000.0,1,0
GTUK / Apex Tech Scotland Ltd,INV-2012/754,2012-12-18,2012,STH-LR8,1,Tillman Domotics,Tillman Domotics,Paid,Sales - STEALTH,STEALTH,500.0,1,0
GTUK / Apex Tech Scotland Ltd,INV-2012/755,2012-12-18,2012,,2,The Next Level,The Next Level,Paid,Sales - WISDOM,WISDOM,3000.0,1,0
GTUK / Apex Tech Scotland Ltd,INV-2012/755,2012-12-18,2012,,2,The Next Level,The Next Level,Paid,Sales - WISDOM,WISDOM,350.0,1,0
GTUK / Apex Tech Scotland Ltd,INV-2012/755,2012-12-18,2012,,1,The Next Level,The Next Level,Paid,Sales - WISDOM,WISDOM,1500.0,1,0
GTUK / Apex Tech Scotland Ltd,INV-2012/755,2012-12-18,2012,,1,The Next Level,The Next Level,Paid,Sales - WISDOM,WISDOM,175.0,1,0
GTUK / Apex Tech Scotland Ltd,INV-2012/755,2012-12-18,2012,,1,The Next Level,The Next Level,Paid,Sales - WISDOM,WISDOM,2450.0,1,0
GTUK / Apex Tech Scotland Ltd,INV-2012/755,2012-12-18,2012,,2,The Next Level,The Next Level,Paid,Sales - WISDOM,WISDOM,4400.0,1,0
GTUK / Apex Tech Scotland Ltd,INV-2012/755,2012-12-18,2012,ADA-Suite 7.1HD,1,The Next Level,The Next Level,Paid,Sales - ADA,ADA,3000.0,1,0
GTUK / Apex Tech Scotland Ltd,INV-2012/755,2012-12-18,2012,,2,The Next Level,The Next Level,Paid,Sales - WISDOM,WISDOM,1320.0,1,0
GTUK / Apex Tech Scotland Ltd,INV-2012/755,2012-12-18,2012,ADA-PTM-8150,1,The Next Level,The Next Level,Paid,Sales - ADA,ADA,2700.0,1,0
GTUK / Apex Tech Scotland Ltd,INV-2012/756,2012-12-18,2012,DPI-MVIS-CINE260-L,1,Adair Acoustic Design,Adair Acoustic Design,Paid,Sales - DPI,DPI,4800.0,1,0
GTUK / Apex Tech Scotland Ltd,INV-2012/756,2012-12-18,2012,,1,Adair Acoustic Design,Adair Acoustic Design,Paid,Sales - WISDOM,WISDOM,2100.0,1,0
GTUK / Apex Tech Scotland Ltd,INV-2012/756,2012-12-18,2012,,2,Adair Acoustic Design,Adair Acoustic Design,Paid,Sales - WISDOM,WISDOM,7150.0,1,0
GTUK / Apex Tech Scotland Ltd,INV-2012/756,2012-12-18,2012,,1,Adair Acoustic Design,Adair Acoustic Design,Paid,Sales - WISDOM,WISDOM,3000.0,1,0
GTUK / Apex Tech Scotland Ltd,INV-2012/757,2012-12-18,2012,AGA-T222-M,1,James and Giles,James and Giles,Paid,Sales - AGATH,AGATH,2080.0,1,0
GTUK / Apex Tech Scotland Ltd,INV-2012/757,2012-12-18,2012,AGA-CUSTOM,1,James and Giles,James and Giles,Paid,Sales - AGATH,AGATH,85.0,1,0
GTUK / Apex Tech Scotland Ltd,INV-2012/758,2012-12-18,2012,STH-LR8,3,Aspect Home Cinema,Aspect Home Cinema,Paid,Sales - STEALTH,STEALTH,1200.0,1,0
GTUK / Apex Tech Scotland Ltd,INV-2012/758,2012-12-18,2012,STH-LR8S,1,Aspect Home Cinema,Aspect Home Cinema,Paid,Sales - STEALTH,STEALTH,200.0,1,0
GTUK / Apex Tech Scotland Ltd,INV-2012/758,2012-12-18,2012,STH-B30,2,Aspect Home Cinema,Aspect Home Cinema,Paid,Sales - STEALTH,STEALTH,800.0,1,0
GTUK / Apex Tech Scotland Ltd,INV-2012/759,2012-12-18,2012,STH-B22,1,Kensington Audio Visual,Kensington Audio Visual,Paid,Sales - STEALTH,STEALTH,400.0,1,0
GTUK / Apex Tech Scotland Ltd,INV-2012/760,2012-12-18,2012,AGA-T119,2,London Media Rooms,London Media Rooms,Paid,Sales - AGATH,AGATH,1560.0,1,0
GTUK / Apex Tech Scotland Ltd,INV-2012/761,2012-12-18,2012,AGA-T237-M,1,SMC,SMC,Paid,Sales - AGATH,AGATH,3380.0,1,0
GTUK / Apex Tech Scotland Ltd,INV-2012/761,2012-12-18,2012,AGA-F237,1,SMC,SMC,Paid,Sales - AGATH,AGATH,357.5,1,0
GTUK / Apex Tech Scotland Ltd,INV-2012/763,2012-12-18,2012,STH-255R,1,Mosaic Audio & Visual Ltd,Mosaic Audio & Visual Ltd,Paid,Sales - STEALTH,STEALTH,375.0,1,0
GTUK / Apex Tech Scotland Ltd,INV-2012/764,2012-12-18,2012,STH-B22,1,Kensington Audio Visual,Kensington Audio Visual,Paid,Sales - STEALTH,STEALTH,400.0,1,0
GTUK / Apex Tech Scotland Ltd,INV-2012/765,2012-12-18,2012,LEO-Hz414-LCR,1,FAB AV,FAB AV,Paid,Sales - LEON,LEON,1140.0,1,0
GTUK / Apex Tech Scotland Ltd,INV-2012/765,2012-12-18,2012,LEO-CUSTOM-FINISH,1,FAB AV,FAB AV,Paid,Sales - LEON,LEON,125.0,1,0
GTUK / Apex Tech Scotland Ltd,INV-2012/765,2012-12-18,2012,,1,FAB AV,FAB AV,Paid,Sales - LEON,LEON,90.0,1,0
GTUK / Apex Tech Scotland Ltd,INV-2012/766,2012-12-18,2012,LEO-Hz414-LCR,1,Smartcomm Ltd,Smartcomm Ltd,Paid,Sales - LEON,LEON,1140.0,1,0
GTUK / Apex Tech Scotland Ltd,INV-2012/766,2012-12-18,2012,,1,Smartcomm Ltd,Smartcomm Ltd,Paid,Sales - LEON,LEON,510.0,1,0
GTUK / Apex Tech Scotland Ltd,INV-2012/766,2012-12-18,2012,LEO-Hz-UMB,1,Smartcomm Ltd,Smartcomm Ltd,Paid,Sales - LEON,LEON,120.0,1,0
GTUK / Apex Tech Scotland Ltd,INV-2012/766,2012-12-18,2012,,1,Smartcomm Ltd,Smartcomm Ltd,Paid,Sales - LEON,LEON,180.0,1,0
GTUK / Apex Tech Scotland Ltd,INV-2012/766,2012-12-18,2012,,1,Smartcomm Ltd,Smartcomm Ltd,Paid,Sales - LEON,LEON,12.0,1,0
GTUK / Apex Tech Scotland Ltd,INV-2012/766,2012-12-18,2012,,1,Smartcomm Ltd,Smartcomm Ltd,Paid,Sales - LEON,LEON,1500.0,1,0
GTUK / Apex Tech Scotland Ltd,INV-2012/769,2012-12-18,2012,,1,Olive Audio Visual Ltd,Olive Audio Visual Ltd,Paid,Sales - CINEVERSUM,CINEVERSUM,350.0,1,0
GTUK / Apex Tech Scotland Ltd,INV-2012/770,2012-12-18,2012,AGA-T218-M,2,Brilliant Living,Brilliant Living,Paid,Sales - AGATH,AGATH,2600.0,1,0
GTUK / Apex Tech Scotland Ltd,INV-2012/770,2012-12-18,2012,AGA-NO-GLASS,2,Brilliant Living,Brilliant Living,Paid,Sales - AGATH,AGATH,-390.0,1,0
GTUK / Apex Tech Scotland Ltd,INV-2012/771,2012-12-18,2012,STH-MBC-12,10,Experience AV,Experience AV,Paid,Sales - STEALTH,STEALTH,900.0,1,0
GTUK / Apex Tech Scotland Ltd,INV-2012/772,2012-12-18,2012,STH-LR8,1,AT&C Audio Technology & Communications Ltd,AT&C Audio Technology & Communications Ltd,Paid,Sales - STEALTH,STEALTH,500.0,1,0
GTUK / Apex Tech Scotland Ltd,URN773,2012-12-18,2012,STH-B30,1,Mosaic Audio & Visual Ltd,Mosaic Audio & Visual Ltd,Paid,Sales - STEALTH,STEALTH,-500.0,1,0
GTUK / Apex Tech Scotland Ltd,Corrects misposting 18 Dec,2012-12-18,2012,,1,Smartcomm Ltd,Smartcomm Ltd,Paid,Sales - LEON,LEON,3462.0,1,0
GTUK / Apex Tech Scotland Ltd,INV-2012/775,2012-12-20,2012,,1,Red Light Installations,Red Light Installations,Paid,Sales - CINEVERSUM,CINEVERSUM,420.0,1,0
GTUK / Apex Tech Scotland Ltd,INV-2012/776,2012-12-21,2012,,1,Architettura Sonora,Architettura Sonora,Paid,Sales - OTHERS,OTHERS,10.0,1,0
GTUK / Apex Tech Scotland Ltd,INV-2012/776,2012-12-21,2012,,0,Architettura Sonora,Architettura Sonora,Paid,,,0.0,1,0
GTUK / Apex Tech Scotland Ltd,INV-2012/796,2012-12-31,2012,,1,The Smart House,The Smart House,Paid,Sales - DNP,DNP,3315.0,1,0
GTUK / Apex Tech Scotland Ltd,INV-2012/798,2012-12-31,2012,,1,Cinema Expert,Cinema Expert,Paid,Sales - OTHERS,OTHERS,300.0,1,0
GTUK / Apex Tech Scotland Ltd,Balance on 2012/680 ,2012-12-31,2012,,1,Genesis Technologies Benelux bvba,Genesis Technologies Benelux bvba,Paid,Sales - STEALTH,STEALTH,-62.01,1,0
GTUK / Apex Tech Scotland Ltd,INV-2012/799,2012-12-31,2012,,4,Icon Connect Ltd,Icon Connect Ltd,Paid,Sales - LEON,LEON,3124.0,1,0
GTUK / Apex Tech Scotland Ltd,INV-2012/799,2012-12-31,2012,,4,Icon Connect Ltd,Icon Connect Ltd,Paid,Sales - LEON,LEON,440.0,1,0
GTUK / Apex Tech Scotland Ltd,INV-2012/800,2012-12-31,2012,,1,Sergio Ricardo,Sergio Ricardo,Paid,Sales - OTHERS,OTHERS,300.0,1,0
GTUK / Apex Tech Scotland Ltd,INV-2012/801,2012-12-31,2012,,1,Sergio Ricardo,Sergio Ricardo,Paid,Sales - OTHERS,OTHERS,293.77,1,0
GTUK / Apex Tech Scotland Ltd,INV-2012/803,2012-12-31,2012,,1,Icon Connect Ltd,Icon Connect Ltd,Paid,Sales - AGATH,AGATH,689.29,1,0
GTUK / Apex Tech Scotland Ltd,INV-2012/804,2012-12-31,2012,,2,The Big Picture,The Big Picture,Paid,Sales - WISDOM,WISDOM,7150.0,1,0
GTUK / Apex Tech Scotland Ltd,INV-2012/804,2012-12-31,2012,,2,The Big Picture,The Big Picture,Paid,,,0.0,1,0
GTUK / Apex Tech Scotland Ltd,INV-2012/804,2012-12-31,2012,,1,The Big Picture,The Big Picture,Paid,Sales - WISDOM,WISDOM,2100.0,1,0
GTUK / Apex Tech Scotland Ltd,INV-2012/804,2012-12-31,2012,,2,The Big Picture,The Big Picture,Paid,Sales - WISDOM,WISDOM,6600.0,1,0
GTUK / Apex Tech Scotland Ltd,INV-2012/804,2012-12-31,2012,,1,The Big Picture,The Big Picture,Paid,Sales - WISDOM,WISDOM,-4500.0,1,0
GTUK / Apex Tech Scotland Ltd,INV-2012/789,2012-12-31,2012,,1,Audiofile Cambridge,Audiofile Cambridge,Paid,Sales - WISDOM,WISDOM,4500.0,1,0
GTUK / Apex Tech Scotland Ltd,INV-2012/789,2012-12-31,2012,,2,Audiofile Cambridge,Audiofile Cambridge,Paid,Sales - WISDOM,WISDOM,6600.0,1,0
GTUK / Apex Tech Scotland Ltd,INV-2012/789,2012-12-31,2012,MISC-DISC,1,Audiofile Cambridge,Audiofile Cambridge,Paid,Sales - WISDOM,WISDOM,-5685.0,1,0
GTUK / Apex Tech Scotland Ltd,INV-2012/789,2012-12-31,2012,,2,Audiofile Cambridge,Audiofile Cambridge,Paid,Sales - WISDOM,WISDOM,10500.0,1,0
GTUK / Apex Tech Scotland Ltd,INV-2012/789,2012-12-31,2012,,2,Audiofile Cambridge,Audiofile Cambridge,Paid,Sales - WISDOM,WISDOM,2250.0,1,0
GTUK / Apex Tech Scotland Ltd,INV-2012/790,2012-12-31,2012,,1,Audiofile Cambridge,Audiofile Cambridge,Paid,Sales - WISDOM,WISDOM,4500.0,1,0
GTUK / Apex Tech Scotland Ltd,INV-2012/790,2012-12-31,2012,,2,Audiofile Cambridge,Audiofile Cambridge,Paid,Sales - WISDOM,WISDOM,6600.0,1,0
GTUK / Apex Tech Scotland Ltd,INV-2012/790,2012-12-31,2012,MISC-DISC,1,Audiofile Cambridge,Audiofile Cambridge,Paid,Sales - WISDOM,WISDOM,-7900.0,1,0
GTUK / Apex Tech Scotland Ltd,INV-2012/790,2012-12-31,2012,,3,Audiofile Cambridge,Audiofile Cambridge,Paid,Sales - WISDOM,WISDOM,8400.0,1,0
GTUK / Apex Tech Scotland Ltd,INV-2012/790,2012-12-31,2012,,3,Audiofile Cambridge,Audiofile Cambridge,Paid,Sales - WISDOM,WISDOM,2700.0,1,0
GTUK / Apex Tech Scotland Ltd,INV-2012/790,2012-12-31,2012,,2,Audiofile Cambridge,Audiofile Cambridge,Paid,Sales - WISDOM,WISDOM,7200.0,1,0
GTUK / Apex Tech Scotland Ltd,INV-2013/018,2013-01-01,2013,AGA-T237-M,1,Ideaworks Limited,Ideaworks Limited,Paid,Sales - AGATH,AGATH,3705.0,1,0
GTUK / Apex Tech Scotland Ltd,INV-2013/018,2013-01-01,2013,AGA-T237-M,1,Ideaworks Limited,Ideaworks Limited,Paid,Sales - AGATH,AGATH,3705.0,1,0
GTUK / Apex Tech Scotland Ltd,duplicated,2013-01-01,2013,,1,CASA INTELIGENTE Lda.,CASA INTELIGENTE Lda.,Paid,Sales - OTHERS,OTHERS,-300.0,1,0
GTUK / Apex Tech Scotland Ltd,INV-2013/255,2013-01-01,2013,,1,West London AV Solutions,West London AV Solutions,Paid,Sales - CINEMATECH,CINEMATECH,5865.56,1,0
GTUK / Apex Tech Scotland Ltd,URN270,2013-01-01,2013,,1,DataFita Consultores Lda,DataFita Consultores Lda,Paid,Sales - OTHERS,OTHERS,-300.0,1,0
GTUK / Apex Tech Scotland Ltd,Corrects Jan 2013 misposting,2013-01-02,2013,,1,Premier Audio Video,Premier Audio Video,Paid,Sales - DATASAT,DATASAT,-8700.0,1,0
GTUK / Apex Tech Scotland Ltd,Corrects Jan 2013 misposting,2013-01-02,2013,,1,Premier Audio Video,Premier Audio Video,Paid,Sales - DATASAT,DATASAT,500.0,1,0
GTUK / Apex Tech Scotland Ltd,INV-2013/004,2013-01-07,2013,LEO-A8-400,1,Ideaworks Limited,Ideaworks Limited,Paid,Sales - LEON,LEON,900.0,1,0
GTUK / Apex Tech Scotland Ltd,INV-2013/003,2013-01-08,2013,STH-MBC-22,8,Tillman Domotics,Tillman Domotics,Paid,Sales - STEALTH,STEALTH,720.0,1,0
GTUK / Apex Tech Scotland Ltd,INV-2013/003,2013-01-08,2013,STH-LR8,4,Tillman Domotics,Tillman Domotics,Paid,Sales - STEALTH,STEALTH,2000.0,1,0
GTUK / Apex Tech Scotland Ltd,INV-2013/005,2013-01-09,2013,STH-LR8,2,Complete Home Control (CHC),Complete Home Control (CHC),Paid,Sales - STEALTH,STEALTH,1000.0,1,0
GTUK / Apex Tech Scotland Ltd,INV-2013/001,2013-01-23,2013,STH-LR8,9,AT&C Audio Technology & Communications Ltd,AT&C Audio Technology & Communications Ltd,Paid,Sales - STEALTH,STEALTH,4500.0,1,0
GTUK / Apex Tech Scotland Ltd,INV-2013/002,2013-01-23,2013,STH-LR3S,3,Cyberhomes Ltd,Cyberhomes Ltd,Paid,Sales - STEALTH,STEALTH,1500.0,1,0
GTUK / Apex Tech Scotland Ltd,INV-2013/002,2013-01-23,2013,STH-B30,1,Cyberhomes Ltd,Cyberhomes Ltd,Paid,Sales - STEALTH,STEALTH,500.0,1,0
GTUK / Apex Tech Scotland Ltd,INV-2013/002,2013-01-23,2013,STH-LR6S,2,Cyberhomes Ltd,Cyberhomes Ltd,Paid,Sales - STEALTH,STEALTH,450.0,1,0
GTUK / Apex Tech Scotland Ltd,INV-2013/002,2013-01-23,2013,STH-MBC-12,2,Cyberhomes Ltd,Cyberhomes Ltd,Paid,Sales - STEALTH,STEALTH,180.0,1,0
GTUK / Apex Tech Scotland Ltd,INV-2013/010,2013-01-24,2013,AGA-T218-M,2,Tillman Domotics,Tillman Domotics,Paid,Sales - AGATH,AGATH,2600.0,1,0
GTUK / Apex Tech Scotland Ltd,INV-2013/010,2013-01-24,2013,AGA-NO-GLASS,2,Tillman Domotics,Tillman Domotics,Paid,Sales - AGATH,AGATH,-390.0,1,0
GTUK / Apex Tech Scotland Ltd,INV-2013/010,2013-01-24,2013,AGA-T222-M,1,Tillman Domotics,Tillman Domotics,Paid,Sales - AGATH,AGATH,2080.0,1,0
GTUK / Apex Tech Scotland Ltd,INV-2013/010,2013-01-24,2013,AGA-F222,1,Tillman Domotics,Tillman Domotics,Paid,Sales - AGATH,AGATH,100.0,1,0
GTUK / Apex Tech Scotland Ltd,INV-2013/007,2013-01-24,2013,,1,Face to Face Digital,Face to Face Digital,Paid,Sales - LEON,LEON,200.0,1,0
GTUK / Apex Tech Scotland Ltd,INV-2013/007,2013-01-24,2013,LEO-Hz-UMB-UT,1,Face to Face Digital,Face to Face Digital,Paid,Sales - LEON,LEON,120.0,1,0
GTUK / Apex Tech Scotland Ltd,INV-2013/006,2013-01-24,2013,,4,Icon Connect Ltd,Icon Connect Ltd,Paid,Sales - LEON,LEON,3120.0,1,0
GTUK / Apex Tech Scotland Ltd,INV-2013/006,2013-01-24,2013,LEO-Hz-UMB,4,Icon Connect Ltd,Icon Connect Ltd,Paid,Sales - LEON,LEON,480.0,1,0
GTUK / Apex Tech Scotland Ltd,INV-2013/006,2013-01-24,2013,STH-LR6,4,Icon Connect Ltd,Icon Connect Ltd,Paid,Sales - STEALTH,STEALTH,1800.0,1,0
GTUK / Apex Tech Scotland Ltd,INV-2013/006,2013-01-24,2013,,8,Icon Connect Ltd,Icon Connect Ltd,Paid,Sales - STEALTH,STEALTH,600.0,1,0
GTUK / Apex Tech Scotland Ltd,INV-2013/007,2013-01-24,2013,,1,Face to Face Digital,Face to Face Digital,Paid,Sales - LEON,LEON,1140.0,1,0
GTUK / Apex Tech Scotland Ltd,INV-2013/012,2013-01-24,2013,,1,Twisted Pear Consultancy,Twisted Pear Consultancy,Paid,Sales - LEON,LEON,1020.0,1,0
GTUK / Apex Tech Scotland Ltd,INV-2013/012,2013-01-24,2013,,1,Twisted Pear Consultancy,Twisted Pear Consultancy,Paid,Sales - LEON,LEON,120.0,1,0
GTUK / Apex Tech Scotland Ltd,INV-2013/008,2013-01-24,2013,,1,Genesis Technologies Benelux bvba,Genesis Technologies Benelux bvba,Paid,Sales - STEALTH,STEALTH,502.76,1,0
GTUK / Apex Tech Scotland Ltd,INV-2013/008,2013-01-24,2013,,2,Genesis Technologies Benelux bvba,Genesis Technologies Benelux bvba,Paid,Sales - STEALTH,STEALTH,67.02,1,0
GTUK / Apex Tech Scotland Ltd,INV-2013/008,2013-01-24,2013,,2,Genesis Technologies Benelux bvba,Genesis Technologies Benelux bvba,Paid,Sales - STEALTH,STEALTH,78.18,1,0
GTUK / Apex Tech Scotland Ltd,INV-2013/013,2013-01-24,2013,STH-MBC-22,16,Homeplay Ltd,Homeplay Ltd,Paid,Sales - STEALTH,STEALTH,1440.0,1,0
GTUK / Apex Tech Scotland Ltd,INV-2013/013,2013-01-24,2013,STH-LR8,8,Homeplay Ltd,Homeplay Ltd,Paid,Sales - STEALTH,STEALTH,4000.0,1,0
GTUK / Apex Tech Scotland Ltd,INV-2013/009,2013-01-24,2013,,1,Face to Face Digital,Face to Face Digital,Paid,Sales - LEON,LEON,1248.0,1,0
GTUK / Apex Tech Scotland Ltd,INV-2013/009,2013-01-24,2013,,1,Face to Face Digital,Face to Face Digital,Paid,Sales - LEON,LEON,750.0,1,0
GTUK / Apex Tech Scotland Ltd,INV-2013/009,2013-01-24,2013,,1,Face to Face Digital,Face to Face Digital,Paid,Sales - LEON,LEON,1314.0,1,0
GTUK / Apex Tech Scotland Ltd,INV-2013/009,2013-01-24,2013,,1,Face to Face Digital,Face to Face Digital,Paid,Sales - LEON,LEON,500.0,1,0
GTUK / Apex Tech Scotland Ltd,INV-2013/009,2013-01-24,2013,,1,Face to Face Digital,Face to Face Digital,Paid,Sales - LEON,LEON,1116.0,1,0
GTUK / Apex Tech Scotland Ltd,INV-2013/009,2013-01-24,2013,,1,Face to Face Digital,Face to Face Digital,Paid,Sales - LEON,LEON,500.0,1,0
GTUK / Apex Tech Scotland Ltd,INV-2013/009,2013-01-24,2013,,1,Face to Face Digital,Face to Face Digital,Paid,Sales - LEON,LEON,2634.0,1,0
GTUK / Apex Tech Scotland Ltd,INV-2013/009,2013-01-24,2013,,1,Face to Face Digital,Face to Face Digital,Paid,Sales - LEON,LEON,500.0,1,0
GTUK / Apex Tech Scotland Ltd,INV-2013/009,2013-01-24,2013,,1,Face to Face Digital,Face to Face Digital,Paid,Sales - LEON,LEON,588.0,1,0
GTUK / Apex Tech Scotland Ltd,INV-2013/009,2013-01-24,2013,,1,Face to Face Digital,Face to Face Digital,Paid,Sales - LEON,LEON,250.0,1,0
GTUK / Apex Tech Scotland Ltd,INV-2013/009,2013-01-24,2013,,1,Face to Face Digital,Face to Face Digital,Paid,Sales - LEON,LEON,72.0,1,0
GTUK / Apex Tech Scotland Ltd,INV-2013/011,2013-01-24,2013,Freight,1,Audiofile Cambridge,Audiofile Cambridge,Paid,Sales - OTHERS,OTHERS,335.0,1,0
GTUK / Apex Tech Scotland Ltd,INV-2013/015,2013-01-25,2013,,3,Soundset,Soundset,Paid,Sales - OTHERS,OTHERS,1845.0,1,0
GTUK / Apex Tech Scotland Ltd,INV-2013/015,2013-01-25,2013,,1,Soundset,Soundset,Paid,Sales - OTHERS,OTHERS,47.05,1,0
GTUK / Apex Tech Scotland Ltd,INV-2013/015,2013-01-25,2013,,1,Soundset,Soundset,Paid,Sales - OTHERS,OTHERS,338.31,1,0
GTUK / Apex Tech Scotland Ltd,INV-2013/015,2013-01-25,2013,,1,Soundset,Soundset,Paid,Sales - OTHERS,OTHERS,134.8,1,0
GTUK / Apex Tech Scotland Ltd,INV-2013/016,2013-01-25,2013,DSAT-RS20i,1,Premier Audio Video,Premier Audio Video,Paid,Sales - DATASAT,DATASAT,8283.33,1,0
GTUK / Apex Tech Scotland Ltd,Part cancellation ,2013-01-29,2013,,1,Livewire Home Integration Ltd,Livewire Home Integration Ltd,Paid,Sales - DPI,DPI,-5100.0,1,0
GTUK / Apex Tech Scotland Ltd,Part cancellation ,2013-01-29,2013,,1,Livewire Home Integration Ltd,Livewire Home Integration Ltd,Paid,Sales - DNP,DNP,-409.5,1,0
GTUK / Apex Tech Scotland Ltd,INV-2013/017,2013-01-29,2013,,1,Livewire Home Integration Ltd,Livewire Home Integration Ltd,Paid,Sales - DPI,DPI,13200.0,1,0
GTUK / Apex Tech Scotland Ltd,INV-2013/017,2013-01-29,2013,,1,Livewire Home Integration Ltd,Livewire Home Integration Ltd,Paid,Sales - DPI,DPI,1875.0,1,0
GTUK / Apex Tech Scotland Ltd,INV-2013/017,2013-01-29,2013,DPI-MVIS-CINE260-S,1,Livewire Home Integration Ltd,Livewire Home Integration Ltd,Paid,Sales - DPI,DPI,5100.0,1,0
GTUK / Apex Tech Scotland Ltd,INV-2013/017,2013-01-29,2013,LUM-RAD-MIN-3D,1,Livewire Home Integration Ltd,Livewire Home Integration Ltd,Paid,Sales - LUMAGEN,LUMAGEN,1500.0,1,0
GTUK / Apex Tech Scotland Ltd,INV-2013/017,2013-01-29,2013,,1,Livewire Home Integration Ltd,Livewire Home Integration Ltd,Paid,Sales - DNP,DNP,6382.9,1,0
GTUK / Apex Tech Scotland Ltd,INV-2013/017,2013-01-29,2013,,1,Livewire Home Integration Ltd,Livewire Home Integration Ltd,Paid,Sales - DNP,DNP,409.5,1,0
GTUK / Apex Tech Scotland Ltd,INV-2013/017,2013-01-29,2013,ADA-Suite 7.1HD,1,Livewire Home Integration Ltd,Livewire Home Integration Ltd,Paid,Sales - ADA,ADA,3000.0,1,0
GTUK / Apex Tech Scotland Ltd,INV-2013/017,2013-01-29,2013,ADA-PTM-8150,2,Livewire Home Integration Ltd,Livewire Home Integration Ltd,Paid,Sales - ADA,ADA,5400.0,1,0
GTUK / Apex Tech Scotland Ltd,INV-2013/017,2013-01-29,2013,ADA-PTM-1645,2,Livewire Home Integration Ltd,Livewire Home Integration Ltd,Paid,Sales - ADA,ADA,3840.0,1,0
GTUK / Apex Tech Scotland Ltd,INV-2013/021,2013-02-01,2013,DPI-MVIS-LAMP400,1,FAB AV,FAB AV,Paid,Sales - DPI,DPI,750.0,1,0
GTUK / Apex Tech Scotland Ltd,INV-2013/022,2013-02-04,2013,,1,Premier Audio Video,Premier Audio Video,Paid,Sales - ADA,ADA,3000.0,1,0
GTUK / Apex Tech Scotland Ltd,INV-2013/020,2013-02-04,2013,,1,Isis Integrated Systems,Isis Integrated Systems,Paid,Sales - LEON,LEON,1140.0,1,0
GTUK / Apex Tech Scotland Ltd,INV-2013/020,2013-02-04,2013,,1,Isis Integrated Systems,Isis Integrated Systems,Paid,Sales - LEON,LEON,84.0,1,0
GTUK / Apex Tech Scotland Ltd,INV-2013/020,2013-02-04,2013,,1,Isis Integrated Systems,Isis Integrated Systems,Paid,Sales - LEON,LEON,1140.0,1,0
GTUK / Apex Tech Scotland Ltd,INV-2013/020,2013-02-04,2013,,1,Isis Integrated Systems,Isis Integrated Systems,Paid,Sales - LEON,LEON,84.0,1,0
GTUK / Apex Tech Scotland Ltd,INV-2013/020,2013-02-04,2013,LEO-A8-400,1,Isis Integrated Systems,Isis Integrated Systems,Paid,Sales - LEON,LEON,900.0,1,0
GTUK / Apex Tech Scotland Ltd,INV-2013/020,2013-02-04,2013,,1,Isis Integrated Systems,Isis Integrated Systems,Paid,Sales - ADA,ADA,3000.0,1,0
GTUK / Apex Tech Scotland Ltd,INV-2013/019,2013-02-04,2013,ADA-PTM-8150,1,Sensory International Ltd,Sensory International Ltd,Paid,Sales - ADA,ADA,2700.0,1,0
GTUK / Apex Tech Scotland Ltd,INV-2013/019,2013-02-04,2013,ADA-PTM-8100BA,4,Sensory International Ltd,Sensory International Ltd,Paid,Sales - ADA,ADA,6720.0,1,0
GTUK / Apex Tech Scotland Ltd,INV-2013/023,2013-02-06,2013,STH-B22,1,Homeplay Ltd,Homeplay Ltd,Paid,Sales - STEALTH,STEALTH,400.0,1,0
GTUK / Apex Tech Scotland Ltd,INV-2013/023,2013-02-06,2013,STH-MBC-22,2,Homeplay Ltd,Homeplay Ltd,Paid,Sales - STEALTH,STEALTH,180.0,1,0
GTUK / Apex Tech Scotland Ltd,INV-2013/027,2013-02-06,2013,,1,Custom Sight & Sound Ltd,Custom Sight & Sound Ltd,Paid,Sales - LEON,LEON,1140.0,1,0
GTUK / Apex Tech Scotland Ltd,INV-2013/027,2013-02-06,2013,LEO-Hz-UMB-UT,1,Custom Sight & Sound Ltd,Custom Sight & Sound Ltd,Paid,Sales - LEON,LEON,132.0,1,0
GTUK / Apex Tech Scotland Ltd,INV-2013/025,2013-02-06,2013,STH-LR8S,3,i-Homes London,i-Homes London,Paid,Sales - STEALTH,STEALTH,750.0,1,0
GTUK / Apex Tech Scotland Ltd,INV-2013/025,2013-02-06,2013,STH-MBC-22,3,i-Homes London,i-Homes London,Paid,Sales - STEALTH,STEALTH,270.0,1,0
GTUK / Apex Tech Scotland Ltd,INV-2013/024,2013-02-06,2013,,4,MSASA AV,MSASA AV,Paid,Sales - CINEMATECH,CINEMATECH,239.4,1,0
GTUK / Apex Tech Scotland Ltd,INV-2013/032,2013-02-12,2013,STH-LR8,1,TEKNOLO-G LTD,TEKNOLO-G LTD,Paid,Sales - STEALTH,STEALTH,700.0,1,0
GTUK / Apex Tech Scotland Ltd,INV-2013/032,2013-02-12,2013,,3,TEKNOLO-G LTD,TEKNOLO-G LTD,Paid,Sales - STEALTH,STEALTH,1470.0,1,0
GTUK / Apex Tech Scotland Ltd,INV-2013/032,2013-02-12,2013,STH-MBC-22,5,TEKNOLO-G LTD,TEKNOLO-G LTD,Paid,Sales - STEALTH,STEALTH,450.0,1,0
GTUK / Apex Tech Scotland Ltd,INV-2013/033,2013-02-13,2013,,1,BATH CI,BATH CI,Paid,Sales - IMAGE,IMAGE,3030.0,1,0
GTUK / Apex Tech Scotland Ltd,INV-2013/028,2013-02-20,2013,STH-MBC-12,5,Mosaic Audio & Visual Ltd,Mosaic Audio & Visual Ltd,Paid,Sales - STEALTH,STEALTH,450.0,1,0
GTUK / Apex Tech Scotland Ltd,INV-2013/029,2013-02-20,2013,,2,Environ Audio Ltd,Environ Audio Ltd,Paid,Sales - STRAIGHTWIRE,STRAIGHTWIRE,2000.0,1,0
GTUK / Apex Tech Scotland Ltd,INV-2013/035,2013-02-20,2013,STH-LR6,1,Homeplay Ltd,Homeplay Ltd,Paid,Sales - STEALTH,STEALTH,450.0,1,0
GTUK / Apex Tech Scotland Ltd,INV-2013/035,2013-02-20,2013,,2,Homeplay Ltd,Homeplay Ltd,Paid,Sales - STEALTH,STEALTH,150.0,1,0
GTUK / Apex Tech Scotland Ltd,INV-2013/040,2013-02-20,2013,AGA-T218-M,1,Tillman Domotics,Tillman Domotics,Paid,Sales - AGATH,AGATH,1300.0,1,0
GTUK / Apex Tech Scotland Ltd,INV-2013/040,2013-02-20,2013,AGA-F218,1,Tillman Domotics,Tillman Domotics,Paid,Sales - AGATH,AGATH,195.0,1,0
GTUK / Apex Tech Scotland Ltd,INV-2013/049,2013-02-26,2013,,1,Smartcomm Ltd,Smartcomm Ltd,Paid,Sales - LEON,LEON,180.0,1,0
GTUK / Apex Tech Scotland Ltd,INV-2013/049,2013-02-26,2013,,1,Smartcomm Ltd,Smartcomm Ltd,Paid,Sales - LEON,LEON,12.0,1,0
GTUK / Apex Tech Scotland Ltd,INV-2013/045,2013-02-26,2013,ADA-PTM-8100BA,1,Sensory International Ltd,Sensory International Ltd,Paid,Sales - ADA,ADA,1680.0,1,0
GTUK / Apex Tech Scotland Ltd,INV-2013/046,2013-02-26,2013,DSAT-RS20i,1,Olive Audio Visual Ltd,Olive Audio Visual Ltd,Paid,Sales - DATASAT,DATASAT,8700.0,1,0
GTUK / Apex Tech Scotland Ltd,INV-2013/046,2013-02-26,2013,AGA-T242-N,1,Olive Audio Visual Ltd,Olive Audio Visual Ltd,Paid,Sales - AGATH,AGATH,4030.0,1,0
GTUK / Apex Tech Scotland Ltd,INV-2013/046,2013-02-26,2013,AGA-T218-M,1,Olive Audio Visual Ltd,Olive Audio Visual Ltd,Paid,Sales - AGATH,AGATH,1105.0,1,0
GTUK / Apex Tech Scotland Ltd,INV-2013/048,2013-02-26,2013,STH-LR8,2,Synergy Control,Synergy Control,Paid,Sales - STEALTH,STEALTH,1000.0,1,0
GTUK / Apex Tech Scotland Ltd,INV-2013/048,2013-02-26,2013,STH-LR8S,1,Synergy Control,Synergy Control,Paid,Sales - STEALTH,STEALTH,250.0,1,0
GTUK / Apex Tech Scotland Ltd,INV-2013/048,2013-02-26,2013,STH-MBC-22,5,Synergy Control,Synergy Control,Paid,Sales - STEALTH,STEALTH,450.0,1,0
GTUK / Apex Tech Scotland Ltd,INV-2013/048,2013-02-26,2013,,3,Synergy Control,Synergy Control,Paid,Sales - STEALTH,STEALTH,450.0,1,0
GTUK / Apex Tech Scotland Ltd,INV-2013/034,2013-02-28,2013,ADA-PTM-850BAB,1,Icon Connect Ltd,Icon Connect Ltd,Paid,Sales - ADA,ADA,1380.0,1,0
GTUK / Apex Tech Scotland Ltd,INV-2013/051,2013-02-28,2013,STH-255R,1,Homeplay Ltd,Homeplay Ltd,Paid,Sales - STEALTH,STEALTH,375.0,1,0
GTUK / Apex Tech Scotland Ltd,INV-2013/051,2013-02-28,2013,STH-8400,1,Homeplay Ltd,Homeplay Ltd,Paid,Sales - STEALTH,STEALTH,1000.0,1,0
GTUK / Apex Tech Scotland Ltd,INV-2013/055,2013-02-28,2013,AGA-B232,1,Inspired Dwellings,Inspired Dwellings,Paid,Sales - AGATH,AGATH,292.5,1,0
GTUK / Apex Tech Scotland Ltd,INV-2013/042,2013-03-01,2013,,1,Face to Face Digital,Face to Face Digital,Paid,Sales - LEON,LEON,1140.0,1,0
GTUK / Apex Tech Scotland Ltd,INV-2013/042,2013-03-01,2013,,1,Face to Face Digital,Face to Face Digital,Paid,Sales - LEON,LEON,200.0,1,0
GTUK / Apex Tech Scotland Ltd,INV-2013/056,2013-03-04,2013,STH-LR6S,5,Mosaic Audio & Visual Ltd,Mosaic Audio & Visual Ltd,Paid,Sales - STEALTH,STEALTH,1125.0,1,0
GTUK / Apex Tech Scotland Ltd,INV-2013/030,2013-03-05,2013,LEAF-LTHDMI88-E,1,Cyberhomes Ltd,Cyberhomes Ltd,Paid,Sales - LEAF,LEAF,3575.0,1,0
GTUK / Apex Tech Scotland Ltd,INV-2013/030,2013-03-05,2013,LEAF-LTB1-E,7,Cyberhomes Ltd,Cyberhomes Ltd,Paid,Sales - LEAF,LEAF,1365.0,1,0
GTUK / Apex Tech Scotland Ltd,INV-2013/030,2013-03-05,2013,,1,Cyberhomes Ltd,Cyberhomes Ltd,Paid,Sales - LEAF,LEAF,-357.5,1,0
GTUK / Apex Tech Scotland Ltd,INV-2013/047,2013-03-07,2013,DSAT-RS20i,1,City heights,City heights,Paid,Sales - DATASAT,DATASAT,9200.0,1,0
GTUK / Apex Tech Scotland Ltd,INV-2013/063,2013-03-07,2013,CTS-ACT-I,1,Wirito AV Iberica SL,Wirito AV Iberica SL,Paid,Sales - CINEMATECH,CINEMATECH,2934.02,1,0
GTUK / Apex Tech Scotland Ltd,CANCELS INV 2012/735,2013-03-07,2013,,1,Britania Ltd,Britania Ltd,Paid,Sales - LEON,LEON,-1140.0,1,0
GTUK / Apex Tech Scotland Ltd,CANCELS INV 2012/735,2013-03-07,2013,,1,Britania Ltd,Britania Ltd,Paid,,,0.0,1,0
GTUK / Apex Tech Scotland Ltd,CANCELS INV 2012/735,2013-03-07,2013,,1,Britania Ltd,Britania Ltd,Paid,Sales - LEON,LEON,-1140.0,1,0
GTUK / Apex Tech Scotland Ltd,CANCELS INV 2012/735,2013-03-07,2013,,1,Britania Ltd,Britania Ltd,Paid,Sales - LEON,LEON,-750.0,1,0
GTUK / Apex Tech Scotland Ltd,CANCELS INV 2012/735,2013-03-07,2013,,1,Britania Ltd,Britania Ltd,Paid,,,0.0,1,0
GTUK / Apex Tech Scotland Ltd,CANCELS INV 2012/735,2013-03-07,2013,,1,Britania Ltd,Britania Ltd,Paid,Sales - LEON,LEON,181.8,1,0
GTUK / Apex Tech Scotland Ltd,CANCELS INV 2012/735,2013-03-07,2013,,2,Britania Ltd,Britania Ltd,Paid,Sales - LEON,LEON,-240.0,1,0
GTUK / Apex Tech Scotland Ltd,REPLACES INV 2012/735,2013-03-07,2013,,1,Britania Ltd,Britania Ltd,Paid,Sales - LEON,LEON,1140.0,1,0
GTUK / Apex Tech Scotland Ltd,REPLACES INV 2012/735,2013-03-07,2013,,1,Britania Ltd,Britania Ltd,Paid,,,0.0,1,0
GTUK / Apex Tech Scotland Ltd,REPLACES INV 2012/735,2013-03-07,2013,,1,Britania Ltd,Britania Ltd,Paid,Sales - LEON,LEON,1140.0,1,0
GTUK / Apex Tech Scotland Ltd,REPLACES INV 2012/735,2013-03-07,2013,,1,Britania Ltd,Britania Ltd,Paid,Sales - LEON,LEON,750.0,1,0
GTUK / Apex Tech Scotland Ltd,REPLACES INV 2012/735,2013-03-07,2013,,1,Britania Ltd,Britania Ltd,Paid,,,0.0,1,0
GTUK / Apex Tech Scotland Ltd,REPLACES INV 2012/735,2013-03-07,2013,,1,Britania Ltd,Britania Ltd,Paid,Sales - LEON,LEON,-181.8,1,0
GTUK / Apex Tech Scotland Ltd,REPLACES INV 2012/735,2013-03-07,2013,,2,Britania Ltd,Britania Ltd,Paid,Sales - LEON,LEON,240.0,1,0
GTUK / Apex Tech Scotland Ltd,CANCELS INV 2012/751,2013-03-07,2013,,5,Britania Ltd,Britania Ltd,Paid,Sales - LEON,LEON,-9000.0,1,0
GTUK / Apex Tech Scotland Ltd,CANCELS INV 2012/751,2013-03-07,2013,,1,Britania Ltd,Britania Ltd,Paid,Sales - LEON,LEON,-1800.0,1,0
GTUK / Apex Tech Scotland Ltd,CANCELS INV 2012/751,2013-03-07,2013,,6,Britania Ltd,Britania Ltd,Paid,Sales - LEON,LEON,-4500.0,1,0
GTUK / Apex Tech Scotland Ltd,CANCELS INV 2012/751,2013-03-07,2013,,6,Britania Ltd,Britania Ltd,Paid,Sales - LEON,LEON,-540.0,1,0
GTUK / Apex Tech Scotland Ltd,CANCELS INV 2012/751,2013-03-07,2013,,1,Britania Ltd,Britania Ltd,Paid,Sales - LEON,LEON,2250.0,1,0
GTUK / Apex Tech Scotland Ltd,CANCELS INV 2012/751,2013-03-07,2013,,1,Britania Ltd,Britania Ltd,Paid,Sales - LEON,LEON,837.9,1,0
GTUK / Apex Tech Scotland Ltd,REPLACES INV 2012/751,2013-03-07,2013,,5,Britania Ltd,Britania Ltd,Paid,Sales - LEON,LEON,9000.0,1,0
GTUK / Apex Tech Scotland Ltd,REPLACES INV 2012/751,2013-03-07,2013,,1,Britania Ltd,Britania Ltd,Paid,Sales - LEON,LEON,1800.0,1,0
GTUK / Apex Tech Scotland Ltd,REPLACES INV 2012/751,2013-03-07,2013,,6,Britania Ltd,Britania Ltd,Paid,Sales - LEON,LEON,4500.0,1,0
GTUK / Apex Tech Scotland Ltd,REPLACES INV 2012/751,2013-03-07,2013,,6,Britania Ltd,Britania Ltd,Paid,Sales - LEON,LEON,540.0,1,0
GTUK / Apex Tech Scotland Ltd,REPLACES INV 2012/751,2013-03-07,2013,,1,Britania Ltd,Britania Ltd,Paid,Sales - LEON,LEON,-2250.0,1,0
GTUK / Apex Tech Scotland Ltd,REPLACES INV 2012/751,2013-03-07,2013,,1,Britania Ltd,Britania Ltd,Paid,Sales - LEON,LEON,-837.9,1,0
GTUK / Apex Tech Scotland Ltd,INV-2013/067,2013-03-08,2013,,1,Premier Audio Video,Premier Audio Video,Paid,Sales - AERIAL,AERIAL,5062.5,1,0
GTUK / Apex Tech Scotland Ltd,INV-2013/067,2013-03-08,2013,,1,Premier Audio Video,Premier Audio Video,Paid,Sales - AERIAL,AERIAL,262.5,1,0
GTUK / Apex Tech Scotland Ltd,INV-2013/067,2013-03-08,2013,,2,Premier Audio Video,Premier Audio Video,Paid,Sales - AERIAL,AERIAL,676.0,1,0
GTUK / Apex Tech Scotland Ltd,INV-2013/067,2013-03-08,2013,,2,Premier Audio Video,Premier Audio Video,Paid,Sales - AERIAL,AERIAL,750.0,1,0
GTUK / Apex Tech Scotland Ltd,INV-2013/067,2013-03-08,2013,,1,Premier Audio Video,Premier Audio Video,Paid,Sales - AERIAL,AERIAL,356.5,1,0
GTUK / Apex Tech Scotland Ltd,INV-2013/036,2013-03-11,2013,,1,Kensington Audio Visual,Kensington Audio Visual,Paid,Sales - LEON,LEON,950.0,1,0
GTUK / Apex Tech Scotland Ltd,INV-2013/036,2013-03-11,2013,,0,Kensington Audio Visual,Kensington Audio Visual,Paid,,,0.0,1,0
GTUK / Apex Tech Scotland Ltd,INV-2013/036,2013-03-11,2013,,1,Kensington Audio Visual,Kensington Audio Visual,Paid,Sales - IMAGE,IMAGE,2210.0,1,0
GTUK / Apex Tech Scotland Ltd,INV-2013/044,2013-03-11,2013,,1,Clarke Infinity Ltd,Clarke Infinity Ltd,Paid,Sales - LEON,LEON,1500.0,1,0
GTUK / Apex Tech Scotland Ltd,INV-2013/044,2013-03-11,2013,,1,Clarke Infinity Ltd,Clarke Infinity Ltd,Paid,Sales - LEON,LEON,1020.0,1,0
GTUK / Apex Tech Scotland Ltd,INV-2013/044,2013-03-11,2013,,1,Clarke Infinity Ltd,Clarke Infinity Ltd,Paid,,,0.0,1,0
GTUK / Apex Tech Scotland Ltd,INV-2013/044,2013-03-11,2013,MISC-DISC,1,Clarke Infinity Ltd,Clarke Infinity Ltd,Paid,Sales - LEON,LEON,-151.2,1,0
GTUK / Apex Tech Scotland Ltd,INV-2013/052,2013-03-11,2013,ADA-PTM-1645,3,Custom Sight & Sound Ltd,Custom Sight & Sound Ltd,Paid,Sales - ADA,ADA,5760.0,1,0
GTUK / Apex Tech Scotland Ltd,INV-2013/041,2013-03-15,2013,,1,Custom Sight & Sound Ltd,Custom Sight & Sound Ltd,Paid,Sales - LEON,LEON,660.0,1,0
GTUK / Apex Tech Scotland Ltd,INV-2013/041,2013-03-15,2013,,1,Custom Sight & Sound Ltd,Custom Sight & Sound Ltd,Paid,Sales - LEON,LEON,660.0,1,0
GTUK / Apex Tech Scotland Ltd,INV-2013/041,2013-03-15,2013,LEO-Hz-UMB,1,Custom Sight & Sound Ltd,Custom Sight & Sound Ltd,Paid,Sales - LEON,LEON,120.0,1,0
GTUK / Apex Tech Scotland Ltd,INV-2013/053,2013-03-15,2013,LEO-Hz-UMB,1,Custom Sight & Sound Ltd,Custom Sight & Sound Ltd,Paid,Sales - LEON,LEON,120.0,1,0
GTUK / Apex Tech Scotland Ltd,INV-2013/062,2013-03-15,2013,ADA-Suite 7.1HD,1,Snelling Business Systems,Snelling Business Systems,Paid,Sales - ADA,ADA,3000.0,1,0
GTUK / Apex Tech Scotland Ltd,INV-2013/064,2013-03-15,2013,,1,Grahams,Grahams,Paid,Sales - CINEVERSUM,CINEVERSUM,300.0,1,0
GTUK / Apex Tech Scotland Ltd,INV-2013/068,2013-03-15,2013,,1,Genesis Technologies Benelux bvba,Genesis Technologies Benelux bvba,Paid,Sales - WISDOM,WISDOM,825.95,1,0
GTUK / Apex Tech Scotland Ltd,INV-2013/068,2013-03-15,2013,,1,Genesis Technologies Benelux bvba,Genesis Technologies Benelux bvba,Paid,Sales - WISDOM,WISDOM,991.14,1,0
GTUK / Apex Tech Scotland Ltd,INV-2013/070,2013-03-15,2013,STH-255R,1,Kensington Audio Visual,Kensington Audio Visual,Paid,Sales - STEALTH,STEALTH,375.0,1,0
GTUK / Apex Tech Scotland Ltd,INV-2013/070,2013-03-15,2013,Freight,1,Kensington Audio Visual,Kensington Audio Visual,Paid,Sales - STEALTH,STEALTH,20.0,1,0
GTUK / Apex Tech Scotland Ltd,INV-2013/073,2013-03-18,2013,ADA-Cin Rhapsody Mach IV HD,1,David Coster,David Coster,Paid,Sales - OTHERS,OTHERS,235.0,1,0
GTUK / Apex Tech Scotland Ltd,INV-2013/072,2013-03-20,2013,STH-LR8g,1,Bang & Olufsen Marbella,Bang & Olufsen Marbella,Paid,Sales - STEALTH,STEALTH,500.0,1,0
GTUK / Apex Tech Scotland Ltd,INV-2013/072,2013-03-20,2013,STH-MBC-22,2,Bang & Olufsen Marbella,Bang & Olufsen Marbella,Paid,Sales - STEALTH,STEALTH,180.0,1,0
GTUK / Apex Tech Scotland Ltd,INV-2013/072,2013-03-20,2013,,1,Bang & Olufsen Marbella,Bang & Olufsen Marbella,Paid,Sales - STEALTH,STEALTH,238.0,1,0
GTUK / Apex Tech Scotland Ltd,INV-2013/072,2013-03-20,2013,Freight,1,Bang & Olufsen Marbella,Bang & Olufsen Marbella,Paid,Sales - STEALTH,STEALTH,90.0,1,0
GTUK / Apex Tech Scotland Ltd,INV-2013/071a,2013-03-20,2013,,2,Marquee Installations Ltd,Marquee Installations Ltd,Paid,Sales - STEALTH,STEALTH,180.0,1,0
GTUK / Apex Tech Scotland Ltd,URN 2013/071,2013-03-20,2013,,2,Marquee Installations Ltd,Marquee Installations Ltd,Paid,Sales - STEALTH,STEALTH,-30.0,1,0
GTUK / Apex Tech Scotland Ltd,INV-2013/065,2013-03-25,2013,MISC-DISC,1,Britania Ltd,Britania Ltd,Paid,Sales - OTHERS,OTHERS,-3386.0,1,0
GTUK / Apex Tech Scotland Ltd,INV-2013/065,2013-03-25,2013,DSAT-RS20i,1,Britania Ltd,Britania Ltd,Paid,Sales - DATASAT,DATASAT,8700.0,1,0
GTUK / Apex Tech Scotland Ltd,INV-2013/065,2013-03-25,2013,PRO-SCRS-12ai,3,Britania Ltd,Britania Ltd,Paid,Sales - PRO AUDIO,PRO AUDIO,7425.0,1,0
GTUK / Apex Tech Scotland Ltd,INV-2013/065,2013-03-25,2013,PRO-SCRS-26im,6,Britania Ltd,Britania Ltd,Paid,Sales - PRO AUDIO,PRO AUDIO,12210.0,1,0
GTUK / Apex Tech Scotland Ltd,INV-2013/065,2013-03-25,2013,PRO-LFC-15sm,4,Britania Ltd,Britania Ltd,Paid,Sales - PRO AUDIO,PRO AUDIO,8140.0,1,0
GTUK / Apex Tech Scotland Ltd,INV-2013/065,2013-03-25,2013,PRO-PMA-4444T,4,Britania Ltd,Britania Ltd,Paid,Sales - PRO AUDIO,PRO AUDIO,22000.0,1,0
GTUK / Apex Tech Scotland Ltd,INV-2013/065,2013-03-25,2013,PRO-PMA-9944T,1,Britania Ltd,Britania Ltd,Paid,Sales - PRO AUDIO,PRO AUDIO,7150.0,1,0
GTUK / Apex Tech Scotland Ltd,INV-2013/065,2013-03-25,2013,PRO-PMA-9900T,1,Britania Ltd,Britania Ltd,Paid,Sales - PRO AUDIO,PRO AUDIO,4400.0,1,0
GTUK / Apex Tech Scotland Ltd,INV-2013/039,2013-03-25,2013,,5,City heights,City heights,Paid,Sales - WISDOM,WISDOM,4250.0,1,0
GTUK / Apex Tech Scotland Ltd,INV-2013/039,2013-03-25,2013,,2,City heights,City heights,Paid,Sales - STRAIGHTWIRE,STRAIGHTWIRE,1500.0,1,0
GTUK / Apex Tech Scotland Ltd,INV-2013/039,2013-03-25,2013,,1,City heights,City heights,Paid,,,0.0,1,0
GTUK / Apex Tech Scotland Ltd,INV-2013/076,2013-03-26,2013,STH-LR8S,1,Fox Tuckett,Fox Tuckett,Paid,Sales - STEALTH,STEALTH,250.0,1,0
GTUK / Apex Tech Scotland Ltd,INV-2013/077,2013-03-26,2013,STH-MBC-22,8,What You See And Hear Limited,What You See And Hear Limited,Paid,Sales - STEALTH,STEALTH,480.0,1,0
GTUK / Apex Tech Scotland Ltd,INV-2013/059,2013-03-27,2013,ADA-Cin Rhapsody Mach IV HD,2,Icon Connect Ltd,Icon Connect Ltd,Paid,Sales - ADA,ADA,8400.0,1,0
GTUK / Apex Tech Scotland Ltd,INV-2013/060,2013-03-27,2013,ADA-Suite 7.1HD,3,Icon Connect Ltd,Icon Connect Ltd,Paid,Sales - ADA,ADA,9000.0,1,0
GTUK / Apex Tech Scotland Ltd,INV-2013/060,2013-03-27,2013,ADA-PTM-6150,3,Icon Connect Ltd,Icon Connect Ltd,Paid,Sales - ADA,ADA,6480.0,1,0
GTUK / Apex Tech Scotland Ltd,INV-2013/057,2013-03-28,2013,,1,DLUK (London) Ltd,DLUK (London) Ltd,Paid,Sales - LEON,LEON,780.0,1,0
GTUK / Apex Tech Scotland Ltd,INV-2013/057,2013-03-28,2013,LEO-Hz-UMB,1,DLUK (London) Ltd,DLUK (London) Ltd,Paid,Sales - LEON,LEON,120.0,1,0
GTUK / Apex Tech Scotland Ltd,INV-2013/066,2013-03-28,2013,,1,Ideaworks Limited,Ideaworks Limited,Paid,Sales - LEON,LEON,1740.0,1,0
GTUK / Apex Tech Scotland Ltd,INV-2013/121,2013-03-31,2013,,1,Son-Tech Limited,Son-Tech Limited,Paid,Sales - OTHERS,OTHERS,6000.0,1,0
GTUK / Apex Tech Scotland Ltd,URN267,2013-03-31,2013,,1,Son-Tech Limited,Son-Tech Limited,Paid,Sales - OTHERS,OTHERS,-291.87,1,0
GTUK / Apex Tech Scotland Ltd,INV-2013/084,2013-04-04,2013,,1,Genesis Technologies France,Genesis Technologies France,Paid,Sales - OTHERS,OTHERS,149.97,1,0
GTUK / Apex Tech Scotland Ltd,INV-2013/085,2013-04-04,2013,,1,Genesis Technologies AG,Genesis Technologies AG,Paid,Sales - OTHERS,OTHERS,150.05,1,0
GTUK / Apex Tech Scotland Ltd,INV-2013/086,2013-04-04,2013,,1,Wirito AV Iberica SL,Wirito AV Iberica SL,Paid,Sales - OTHERS,OTHERS,150.05,1,0
GTUK / Apex Tech Scotland Ltd,INV-2013/092,2013-04-09,2013,,1,Genesis Technologies France,Genesis Technologies France,Paid,Sales - OTHERS,OTHERS,1029.49,1,0
GTUK / Apex Tech Scotland Ltd,INV-2013/095,2013-04-09,2013,STH-LR6,8,What You See And Hear Limited,What You See And Hear Limited,Paid,Sales - STEALTH,STEALTH,3600.0,1,0
GTUK / Apex Tech Scotland Ltd,INV-2013/097,2013-04-10,2013,,1,West London Electrical,West London Electrical,Paid,Sales - SERVICES,SERVICES,250.0,1,0
GTUK / Apex Tech Scotland Ltd,INV-2013/099,2013-04-10,2013,,1,Piquant Design Ltd,Piquant Design Ltd,Paid,Sales - STEALTH,STEALTH,800.0,1,0
GTUK / Apex Tech Scotland Ltd,INV-2013/104,2013-04-11,2013,STH-MBC-12,6,Cyberhomes Ltd,Cyberhomes Ltd,Paid,Sales - STEALTH,STEALTH,540.0,1,0
GTUK / Apex Tech Scotland Ltd,INV-2013/106,2013-04-11,2013,,1,Tillman Domotics,Tillman Domotics,Paid,Sales - STEALTH,STEALTH,150.0,1,0
GTUK / Apex Tech Scotland Ltd,INV-2013/026,2013-04-12,2013,AGA-T255-M,1,Kensington Audio Visual,Kensington Audio Visual,Paid,Sales - AGATH,AGATH,6825.0,1,0
GTUK / Apex Tech Scotland Ltd,INV-2013/026,2013-04-12,2013,AGA-CUSTOM,1,Kensington Audio Visual,Kensington Audio Visual,Paid,Sales - AGATH,AGATH,3350.0,1,0
GTUK / Apex Tech Scotland Ltd,INV-2013/038,2013-04-12,2013,,1,Electronic Zone Ltd,Electronic Zone Ltd,Paid,Sales - AGATH,AGATH,2290.0,1,0
GTUK / Apex Tech Scotland Ltd,INV-2013/038,2013-04-12,2013,,1,Electronic Zone Ltd,Electronic Zone Ltd,Paid,Sales - AGATH,AGATH,1950.0,1,0
GTUK / Apex Tech Scotland Ltd,INV-2013/058,2013-04-12,2013,STH-255R,3,Brilliant Living,Brilliant Living,Paid,Sales - STEALTH,STEALTH,1125.0,1,0
GTUK / Apex Tech Scotland Ltd,INV-2013/058,2013-04-12,2013,LEAF-LTHDMI88-E,1,Brilliant Living,Brilliant Living,Paid,Sales - LEAF,LEAF,3575.0,1,0
GTUK / Apex Tech Scotland Ltd,INV-2013/058,2013-04-12,2013,,1,Brilliant Living,Brilliant Living,Paid,Sales - LEON,LEON,660.0,1,0
GTUK / Apex Tech Scotland Ltd,INV-2013/058,2013-04-12,2013,,1,Brilliant Living,Brilliant Living,Paid,Sales - LEON,LEON,90.0,1,0
GTUK / Apex Tech Scotland Ltd,INV-2013/058,2013-04-12,2013,,1,Brilliant Living,Brilliant Living,Paid,Sales - STRAIGHTWIRE,STRAIGHTWIRE,150.0,1,0
GTUK / Apex Tech Scotland Ltd,INV-2013/058,2013-04-12,2013,,1,Brilliant Living,Brilliant Living,Paid,Sales - STRAIGHTWIRE,STRAIGHTWIRE,150.0,1,0
GTUK / Apex Tech Scotland Ltd,INV-2013/058,2013-04-12,2013,,1,Brilliant Living,Brilliant Living,Paid,Sales - STRAIGHTWIRE,STRAIGHTWIRE,275.0,1,0
GTUK / Apex Tech Scotland Ltd,INV-2013/074,2013-04-12,2013,ADA-Suite 7.1HD,1,Icon Connect Ltd,Icon Connect Ltd,Paid,Sales - ADA,ADA,3000.0,1,0
GTUK / Apex Tech Scotland Ltd,INV-2013/074,2013-04-12,2013,ADA-PTM-6150,1,Icon Connect Ltd,Icon Connect Ltd,Paid,Sales - ADA,ADA,2100.0,1,0
GTUK / Apex Tech Scotland Ltd,INV-2013/075,2013-04-12,2013,ADA-Suite 7.1HD,2,Icon Connect Ltd,Icon Connect Ltd,Paid,Sales - ADA,ADA,6000.0,1,0
GTUK / Apex Tech Scotland Ltd,INV-2013/075,2013-04-12,2013,ADA-PTM-6150,2,Icon Connect Ltd,Icon Connect Ltd,Paid,Sales - ADA,ADA,4200.0,1,0
GTUK / Apex Tech Scotland Ltd,INV-2013/078,2013-04-12,2013,GEN-SERVICES ,4,Olive Audio Visual Ltd,Olive Audio Visual Ltd,Paid,Sales - SERVICES,SERVICES,2000.0,1,0
GTUK / Apex Tech Scotland Ltd,INV-2013/087,2013-04-12,2013,AGA-T119,1,Gibson Integration Ltd,Gibson Integration Ltd,Paid,Sales - AGATH,AGATH,975.0,1,0
GTUK / Apex Tech Scotland Ltd,INV-2013/091,2013-04-12,2013,,1,Elegant Solutions International Limited,Elegant Solutions International Limited,Paid,Sales - CINEVERSUM,CINEVERSUM,520.0,1,0
GTUK / Apex Tech Scotland Ltd,INV-2013/101,2013-04-12,2013,,5,Marquee Installations Ltd,Marquee Installations Ltd,Paid,Sales - STEALTH,STEALTH,450.0,1,0
GTUK / Apex Tech Scotland Ltd,INV-2013/101,2013-04-12,2013,,1,Marquee Installations Ltd,Marquee Installations Ltd,Paid,Sales - STEALTH,STEALTH,225.0,1,0
GTUK / Apex Tech Scotland Ltd,INV-2013/101,2013-04-12,2013,,2,Marquee Installations Ltd,Marquee Installations Ltd,Paid,Sales - STEALTH,STEALTH,900.0,1,0
GTUK / Apex Tech Scotland Ltd,INV-2013/118,2013-04-18,2013,,1,Genesis Technologies AG,Genesis Technologies AG,Paid,Sales - OTHERS,OTHERS,683.39,1,0
GTUK / Apex Tech Scotland Ltd,INV-2013/119,2013-04-18,2013,,1,Genesis Technologies France,Genesis Technologies France,Paid,Sales - OTHERS,OTHERS,683.39,1,0
GTUK / Apex Tech Scotland Ltd,INV-2013/120,2013-04-18,2013,,1,Genesis Technologies Benelux bvba,Genesis Technologies Benelux bvba,Paid,Sales - OTHERS,OTHERS,683.39,1,0
GTUK / Apex Tech Scotland Ltd,INV-2013/069,2013-04-19,2013,ADA-Suite 16-A-16,1,Konextions Ltd,Konextions Ltd,Paid,Sales - ADA,ADA,660.0,1,0
GTUK / Apex Tech Scotland Ltd,INV-2013/069,2013-04-19,2013,ADA-Suite 16-P-16,1,Konextions Ltd,Konextions Ltd,Paid,Sales - ADA,ADA,1650.0,1,0
GTUK / Apex Tech Scotland Ltd,INV-2013/069,2013-04-19,2013,ADA-Suite 16-AVP-16,1,Konextions Ltd,Konextions Ltd,Paid,Sales - ADA,ADA,990.0,1,0
GTUK / Apex Tech Scotland Ltd,INV-2013/069,2013-04-19,2013,ADA-PTM-1645,2,Konextions Ltd,Konextions Ltd,Paid,Sales - ADA,ADA,3840.0,1,0
GTUK / Apex Tech Scotland Ltd,INV-2013/069,2013-04-19,2013,ADA-ISO-CAT-2,1,Konextions Ltd,Konextions Ltd,Paid,Sales - ADA,ADA,360.0,1,0
GTUK / Apex Tech Scotland Ltd,INV-2013/096,2013-04-19,2013,,1,Andrew Lucas London,Andrew Lucas London,Paid,Sales - STEALTH,STEALTH,450.0,1,0
GTUK / Apex Tech Scotland Ltd,INV-2013/108,2013-04-19,2013,,4,AT&C Audio Technology & Communications Ltd,AT&C Audio Technology & Communications Ltd,Paid,Sales - STEALTH,STEALTH,2000.0,1,0
GTUK / Apex Tech Scotland Ltd,INV-2013/122,2013-04-19,2013,,1,AT&C Audio Technology & Communications Ltd,AT&C Audio Technology & Communications Ltd,Paid,Sales - STEALTH,STEALTH,500.0,1,0
GTUK / Apex Tech Scotland Ltd,INV-2013/080,2013-04-22,2013,STH-MBX-22,10,AT&C Audio Technology & Communications Ltd,AT&C Audio Technology & Communications Ltd,Paid,Sales - STEALTH,STEALTH,750.0,1,0
GTUK / Apex Tech Scotland Ltd,INV-2013/080,2013-04-22,2013,,34,AT&C Audio Technology & Communications Ltd,AT&C Audio Technology & Communications Ltd,Paid,Sales - STEALTH,STEALTH,2550.0,1,0
GTUK / Apex Tech Scotland Ltd,INV-2013/123,2013-04-22,2013,IMA-CAD-N°1,1,Brilliant Living,Brilliant Living,Paid,Sales - IMAGE,IMAGE,1235.0,1,0
GTUK / Apex Tech Scotland Ltd,INV-2013/123,2013-04-22,2013,,1,Brilliant Living,Brilliant Living,Paid,Sales - IMAGE,IMAGE,390.0,1,0
GTUK / Apex Tech Scotland Ltd,INV-2013/123,2013-04-22,2013,LEAF-LTHDMI88-E,1,Brilliant Living,Brilliant Living,Paid,Sales - LEAF,LEAF,3900.0,1,0
GTUK / Apex Tech Scotland Ltd,INV-2013/123,2013-04-22,2013,,2,Brilliant Living,Brilliant Living,Paid,Sales - STRAIGHTWIRE,STRAIGHTWIRE,550.0,1,0
GTUK / Apex Tech Scotland Ltd,INV-2013/123,2013-04-22,2013,,2,Brilliant Living,Brilliant Living,Paid,Sales - STRAIGHTWIRE,STRAIGHTWIRE,300.0,1,0
GTUK / Apex Tech Scotland Ltd,INV-2013/123,2013-04-22,2013,,2,Brilliant Living,Brilliant Living,Paid,Sales - STRAIGHTWIRE,STRAIGHTWIRE,300.0,1,0
GTUK / Apex Tech Scotland Ltd,INV-2013/123,2013-04-22,2013,,1,Brilliant Living,Brilliant Living,Paid,Sales - LEON,LEON,1020.0,1,0
GTUK / Apex Tech Scotland Ltd,INV-2013/123,2013-04-22,2013,,1,Brilliant Living,Brilliant Living,Paid,Sales - LEON,LEON,126.0,1,0
GTUK / Apex Tech Scotland Ltd,INV-2013/123,2013-04-22,2013,,1,Brilliant Living,Brilliant Living,Paid,Sales - LEON,LEON,154.0,1,0
GTUK / Apex Tech Scotland Ltd,INV-2013/123,2013-04-22,2013,,1,Brilliant Living,Brilliant Living,Paid,Sales - LEON,LEON,1074.0,1,0
GTUK / Apex Tech Scotland Ltd,INV-2013/123,2013-04-22,2013,,1,Brilliant Living,Brilliant Living,Paid,Sales - LEON,LEON,120.0,1,0
GTUK / Apex Tech Scotland Ltd,INV-2013/123,2013-04-22,2013,,1,Brilliant Living,Brilliant Living,Paid,Sales - LEON,LEON,126.0,1,0
GTUK / Apex Tech Scotland Ltd,INV-2013/123,2013-04-22,2013,,1,Brilliant Living,Brilliant Living,Paid,Sales - LEON,LEON,1800.0,1,0
GTUK / Apex Tech Scotland Ltd,INV-2013/123,2013-04-22,2013,,1,Brilliant Living,Brilliant Living,Paid,Sales - LEON,LEON,132.0,1,0
GTUK / Apex Tech Scotland Ltd,INV-2013/123,2013-04-22,2013,,1,Brilliant Living,Brilliant Living,Paid,Sales - LEON,LEON,126.0,1,0
GTUK / Apex Tech Scotland Ltd,INV-2013/123,2013-04-22,2013,,1,Brilliant Living,Brilliant Living,Paid,Sales - LEON,LEON,1740.0,1,0
GTUK / Apex Tech Scotland Ltd,INV-2013/123,2013-04-22,2013,,1,Brilliant Living,Brilliant Living,Paid,Sales - LEON,LEON,126.0,1,0
GTUK / Apex Tech Scotland Ltd,INV-2013/123,2013-04-22,2013,,1.5,Brilliant Living,Brilliant Living,Paid,Sales - LEON,LEON,2700.0,1,0
GTUK / Apex Tech Scotland Ltd,INV-2013/123,2013-04-22,2013,,1,Brilliant Living,Brilliant Living,Paid,Sales - LEON,LEON,126.0,1,0
GTUK / Apex Tech Scotland Ltd,INV-2013/123,2013-04-22,2013,,1,Brilliant Living,Brilliant Living,Paid,Sales - LEON,LEON,1074.0,1,0
GTUK / Apex Tech Scotland Ltd,INV-2013/123,2013-04-22,2013,,1,Brilliant Living,Brilliant Living,Paid,Sales - LEON,LEON,120.0,1,0
GTUK / Apex Tech Scotland Ltd,INV-2013/123,2013-04-22,2013,,1,Brilliant Living,Brilliant Living,Paid,Sales - LEON,LEON,1740.0,1,0
GTUK / Apex Tech Scotland Ltd,INV-2013/123,2013-04-22,2013,,1,Brilliant Living,Brilliant Living,Paid,Sales - LEON,LEON,126.0,1,0
GTUK / Apex Tech Scotland Ltd,INV-2013/123,2013-04-22,2013,,1,Brilliant Living,Brilliant Living,Paid,Sales - LEON,LEON,1740.0,1,0
GTUK / Apex Tech Scotland Ltd,INV-2013/123,2013-04-22,2013,MISC-DISC,1,Brilliant Living,Brilliant Living,Paid,Sales - OTHERS,OTHERS,-690.0,1,0
GTUK / Apex Tech Scotland Ltd,INV-2013/123,2013-04-22,2013,,1,Brilliant Living,Brilliant Living,Paid,Sales - LEON,LEON,126.0,1,0
GTUK / Apex Tech Scotland Ltd,INV-2013/124,2013-04-25,2013,,4,Olive Audio Visual Ltd,Olive Audio Visual Ltd,Paid,Sales - STEALTH,STEALTH,360.0,1,0
GTUK / Apex Tech Scotland Ltd,INV-2013/124,2013-04-25,2013,,14,Olive Audio Visual Ltd,Olive Audio Visual Ltd,Paid,Sales - STEALTH,STEALTH,1260.0,1,0
GTUK / Apex Tech Scotland Ltd,INV-2013/050,2013-04-26,2013,CTS-ACT-I,2,City heights,City heights,Paid,Sales - CINEMATECH,CINEMATECH,4760.0,1,0
GTUK / Apex Tech Scotland Ltd,INV-2013/054,2013-04-26,2013,,2,Wirito AV Iberica SL,Wirito AV Iberica SL,Paid,Sales - OTHERS,OTHERS,2508.62,1,0
GTUK / Apex Tech Scotland Ltd,INV-2013/054,2013-04-26,2013,,1,Wirito AV Iberica SL,Wirito AV Iberica SL,Paid,Sales - OTHERS,OTHERS,1254.31,1,0
GTUK / Apex Tech Scotland Ltd,INV-2013/061,2013-04-26,2013,DPI-TITAN-1080p-3DL-UC,1,Britania Ltd,Britania Ltd,Paid,Sales - DPI,DPI,25800.0,1,0
GTUK / Apex Tech Scotland Ltd,INV-2013/061,2013-04-26,2013,DPI-TITAN-190-250,1,Britania Ltd,Britania Ltd,Paid,Sales - DPI,DPI,4725.0,1,0
GTUK / Apex Tech Scotland Ltd,INV-2013/061,2013-04-26,2013,LUM-RAD-MIN-3D,1,Britania Ltd,Britania Ltd,Paid,Sales - LUMAGEN,LUMAGEN,1500.0,1,0
GTUK / Apex Tech Scotland Ltd,INV-2013/061,2013-04-26,2013,IMG-ArtMasque-CI,1,Britania Ltd,Britania Ltd,Paid,Sales - IMAGE,IMAGE,15163.2,1,0
GTUK / Apex Tech Scotland Ltd,INV-2013/061,2013-04-26,2013,IMG-iModul-LAN,1,Britania Ltd,Britania Ltd,Paid,Sales - IMAGE,IMAGE,584.35,1,0
GTUK / Apex Tech Scotland Ltd,INV-2013/061,2013-04-26,2013,GEN-SERVICES ,1,Britania Ltd,Britania Ltd,Paid,Sales - OTHERS,OTHERS,1000.0,1,0
GTUK / Apex Tech Scotland Ltd,INV-2013/061,2013-04-26,2013,MISC-DISC,1,Britania Ltd,Britania Ltd,Paid,Sales - OTHERS,OTHERS,-3386.0,1,0
GTUK / Apex Tech Scotland Ltd,INV-2013/081,2013-04-26,2013,STH-MBC-22,6,What You See And Hear Limited,What You See And Hear Limited,Paid,Sales - STEALTH,STEALTH,360.0,1,0
GTUK / Apex Tech Scotland Ltd,INV-2013/093,2013-04-26,2013,AGA-T218-M,1,Tillman Domotics,Tillman Domotics,Paid,Sales - AGATH,AGATH,1300.0,1,0
GTUK / Apex Tech Scotland Ltd,INV-2013/093,2013-04-26,2013,AGA-NO-GLASS,1,Tillman Domotics,Tillman Domotics,Paid,Sales - AGATH,AGATH,-195.0,1,0
GTUK / Apex Tech Scotland Ltd,INV-2013/094,2013-04-26,2013,,2,Grahams,Grahams,Paid,Sales - LEON,LEON,420.0,1,0
GTUK / Apex Tech Scotland Ltd,INV-2013/094,2013-04-26,2013,,1,Grahams,Grahams,Paid,Sales - LEON,LEON,84.0,1,0
GTUK / Apex Tech Scotland Ltd,INV-2013/094,2013-04-26,2013,,1,Grahams,Grahams,Paid,Sales - LEON,LEON,960.0,1,0
GTUK / Apex Tech Scotland Ltd,INV-2013/094,2013-04-26,2013,,1,Grahams,Grahams,Paid,Sales - LEON,LEON,120.0,1,0
GTUK / Apex Tech Scotland Ltd,INV-2013/103,2013-04-26,2013,,1,Marquee Home Ltd,Marquee Home Ltd,Paid,Sales - LEON,LEON,120.0,1,0
GTUK / Apex Tech Scotland Ltd,INV-2013/103,2013-04-26,2013,,1,Marquee Home Ltd,Marquee Home Ltd,Paid,Sales - LEON,LEON,1140.0,1,0
GTUK / Apex Tech Scotland Ltd,INV-2013/103,2013-04-26,2013,,1,Marquee Home Ltd,Marquee Home Ltd,Paid,,,0.0,1,0
GTUK / Apex Tech Scotland Ltd,INV-2013/090,2013-04-29,2013,,1,Synergy Control,Synergy Control,Paid,Sales - LEAF,LEAF,7150.0,1,0
GTUK / Apex Tech Scotland Ltd,INV-2013/090,2013-04-29,2013,,16,Synergy Control,Synergy Control,Paid,Sales - LEAF,LEAF,2600.0,1,0
GTUK / Apex Tech Scotland Ltd,INV-2013/090,2013-04-29,2013,,1,Synergy Control,Synergy Control,Paid,Sales - LEAF,LEAF,-500.0,1,0
GTUK / Apex Tech Scotland Ltd,INV-2013/131,2013-05-03,2013,,2,The Media Rooms,The Media Rooms,Paid,Sales - LEON,LEON,360.0,1,0
GTUK / Apex Tech Scotland Ltd,INV-2013/131,2013-05-03,2013,,1,The Media Rooms,The Media Rooms,Paid,Sales - LEON,LEON,900.0,1,0
GTUK / Apex Tech Scotland Ltd,INV-2013/131,2013-05-03,2013,,1,The Media Rooms,The Media Rooms,Paid,Sales - WISDOM,WISDOM,660.0,1,0
GTUK / Apex Tech Scotland Ltd,INV-2013/133,2013-05-06,2013,,1,Airship Ltd,Airship Ltd,Paid,Sales - LUMAGEN,LUMAGEN,1200.0,1,0
GTUK / Apex Tech Scotland Ltd,INV-2013/133,2013-05-06,2013,,2,Airship Ltd,Airship Ltd,Paid,Sales - LEAF,LEAF,910.0,1,0
GTUK / Apex Tech Scotland Ltd,INV-2013/134,2013-05-08,2013,,1,Adept Integrated Systems,Adept Integrated Systems,Paid,Sales - AGATH,AGATH,2275.0,1,0
GTUK / Apex Tech Scotland Ltd,INV-2013/134,2013-05-08,2013,,1,Adept Integrated Systems,Adept Integrated Systems,Paid,Sales - AGATH,AGATH,1920.0,1,0
GTUK / Apex Tech Scotland Ltd,INV-2013/125,2013-05-10,2013,,5,Olive Audio Visual Ltd,Olive Audio Visual Ltd,Paid,Sales - STEALTH,STEALTH,1750.0,1,0
GTUK / Apex Tech Scotland Ltd,INV-2013/125,2013-05-10,2013,,4,Olive Audio Visual Ltd,Olive Audio Visual Ltd,Paid,Sales - STEALTH,STEALTH,2000.0,1,0
GTUK / Apex Tech Scotland Ltd,INV-2013/125,2013-05-10,2013,,1,Olive Audio Visual Ltd,Olive Audio Visual Ltd,Paid,Sales - ADA,ADA,1920.0,1,0
GTUK / Apex Tech Scotland Ltd,INV-2013/125,2013-05-10,2013,STH-LR8S,9,Olive Audio Visual Ltd,Olive Audio Visual Ltd,Paid,Sales - STEALTH,STEALTH,2250.0,1,0
GTUK / Apex Tech Scotland Ltd,INV-2013/137,2013-05-13,2013,,2,Nethaus Ltd,Nethaus Ltd,Paid,Sales - ADA,ADA,3840.0,1,0
GTUK / Apex Tech Scotland Ltd,INV-2013/129,2013-05-15,2013,,1,Ideaworks Limited,Ideaworks Limited,Paid,Sales - AGATH,AGATH,2470.0,1,0
GTUK / Apex Tech Scotland Ltd,INV-2013/139,2013-05-15,2013,,1,Grahams,Grahams,Paid,Sales - LEON,LEON,84.0,1,0
GTUK / Apex Tech Scotland Ltd,INV-2013/139,2013-05-15,2013,,2,Grahams,Grahams,Paid,Sales - LEON,LEON,420.0,1,0
GTUK / Apex Tech Scotland Ltd,INV-2013/140,2013-05-15,2013,,1,The Media Rooms,The Media Rooms,Paid,Sales - STRAIGHTWIRE,STRAIGHTWIRE,260.0,1,0
GTUK / Apex Tech Scotland Ltd,INV-2013/141,2013-05-16,2013,,6,What You See And Hear Limited,What You See And Hear Limited,Paid,,,0.0,1,0
GTUK / Apex Tech Scotland Ltd,INV-2013/144,2013-05-16,2013,,1,Brilliant Living,Brilliant Living,Paid,Sales - LEON,LEON,660.0,1,0
GTUK / Apex Tech Scotland Ltd,INV-2013/144,2013-05-16,2013,,12,Brilliant Living,Brilliant Living,Paid,Sales - LEAF,LEAF,2730.0,1,0
GTUK / Apex Tech Scotland Ltd,INV-2013/144,2013-05-16,2013,,1,Brilliant Living,Brilliant Living,Paid,Sales - LEON,LEON,126.0,1,0
GTUK / Apex Tech Scotland Ltd,INV-2013/082,2013-05-17,2013,,1,Wirito AV Iberica SL,Wirito AV Iberica SL,Paid,Sales - IMAGE,IMAGE,945.34,1,0
GTUK / Apex Tech Scotland Ltd,INV-2013/089,2013-05-17,2013,,1,Brilliant Living,Brilliant Living,Paid,Sales - LEON,LEON,660.0,1,0
GTUK / Apex Tech Scotland Ltd,INV-2013/089,2013-05-17,2013,,2,Brilliant Living,Brilliant Living,Paid,Sales - LEON,LEON,1320.0,1,0
GTUK / Apex Tech Scotland Ltd,INV-2013/089,2013-05-17,2013,,1,Brilliant Living,Brilliant Living,Paid,Sales - LEON,LEON,660.0,1,0
GTUK / Apex Tech Scotland Ltd,INV-2013/089,2013-05-17,2013,,1,Brilliant Living,Brilliant Living,Paid,Sales - LEON,LEON,1440.0,1,0
GTUK / Apex Tech Scotland Ltd,INV-2013/089,2013-05-17,2013,,1,Brilliant Living,Brilliant Living,Paid,Sales - LEON,LEON,120.0,1,0
GTUK / Apex Tech Scotland Ltd,INV-2013/089,2013-05-17,2013,,6,Brilliant Living,Brilliant Living,Paid,Sales - LEON,LEON,756.0,1,0
GTUK / Apex Tech Scotland Ltd,INV-2013/089,2013-05-17,2013,,1,Brilliant Living,Brilliant Living,Paid,Sales - LEON,LEON,660.0,1,0
GTUK / Apex Tech Scotland Ltd,INV-2013/089,2013-05-17,2013,,1,Brilliant Living,Brilliant Living,Paid,Sales - LEON,LEON,126.0,1,0
GTUK / Apex Tech Scotland Ltd,INV-2013/110,2013-05-17,2013,,2,Icon Connect Ltd,Icon Connect Ltd,Paid,Sales - LEON,LEON,1080.0,1,0
GTUK / Apex Tech Scotland Ltd,INV-2013/110,2013-05-17,2013,,1,Icon Connect Ltd,Icon Connect Ltd,Paid,Sales - LEON,LEON,120.0,1,0
GTUK / Apex Tech Scotland Ltd,INV-2013/110,2013-05-17,2013,,1,Icon Connect Ltd,Icon Connect Ltd,Paid,Sales - LEON,LEON,1620.0,1,0
GTUK / Apex Tech Scotland Ltd,INV-2013/110,2013-05-17,2013,,1,Icon Connect Ltd,Icon Connect Ltd,Paid,Sales - LEON,LEON,125.0,1,0
GTUK / Apex Tech Scotland Ltd,INV-2013/117,2013-05-17,2013,,1,Home Control Solutions,Home Control Solutions,Paid,Sales - LEAF,LEAF,2795.0,1,0
GTUK / Apex Tech Scotland Ltd,INV-2013/117,2013-05-17,2013,,2,Home Control Solutions,Home Control Solutions,Paid,Sales - LEAF,LEAF,325.0,1,0
GTUK / Apex Tech Scotland Ltd,INV-2013/117,2013-05-17,2013,,1,Home Control Solutions,Home Control Solutions,Paid,Sales - DATASAT,DATASAT,7200.0,1,0
GTUK / Apex Tech Scotland Ltd,INV-2013/117,2013-05-17,2013,,1,Home Control Solutions,Home Control Solutions,Paid,Sales - DATASAT,DATASAT,9300.0,1,0
GTUK / Apex Tech Scotland Ltd,INV-2013/117,2013-05-17,2013,,1,Home Control Solutions,Home Control Solutions,Paid,Sales - IMAGE,IMAGE,2210.0,1,0
GTUK / Apex Tech Scotland Ltd,INV-2013/127,2013-05-17,2013,,1,Quadris LLP,Quadris LLP,Paid,Sales - ADA,ADA,649.5,1,0
GTUK / Apex Tech Scotland Ltd,INV-2013/128,2013-05-17,2013,,14,Konextions Ltd,Konextions Ltd,Paid,Sales - LEAF,LEAF,2275.0,1,0
GTUK / Apex Tech Scotland Ltd,INV-2013/128,2013-05-17,2013,,1,Konextions Ltd,Konextions Ltd,Paid,Sales - LEAF,LEAF,6240.0,1,0
GTUK / Apex Tech Scotland Ltd,INV-2013/130,2013-05-17,2013,,1,Premier Audio Video,Premier Audio Video,Paid,Sales - AERIAL,AERIAL,1800.0,1,0
GTUK / Apex Tech Scotland Ltd,INV-2013/132,2013-05-17,2013,,1,Inspired Dwellings,Inspired Dwellings,Paid,Sales - AGATH,AGATH,300.0,1,0
GTUK / Apex Tech Scotland Ltd,INV-2013/142,2013-05-17,2013,,1,The High End,The High End,Paid,Sales - DPI,DPI,1500.0,1,0
GTUK / Apex Tech Scotland Ltd,INV-2013/145,2013-05-21,2013,,1,Olive Audio Visual Ltd,Olive Audio Visual Ltd,Paid,Sales - PRO AUDIO,PRO AUDIO,2530.0,1,0
GTUK / Apex Tech Scotland Ltd,INV-2013/145,2013-05-21,2013,,3,Olive Audio Visual Ltd,Olive Audio Visual Ltd,Paid,Sales - PRO AUDIO,PRO AUDIO,4125.0,1,0
GTUK / Apex Tech Scotland Ltd,INV-2013/145,2013-05-21,2013,,2,Olive Audio Visual Ltd,Olive Audio Visual Ltd,Paid,Sales - PRO AUDIO,PRO AUDIO,4070.0,1,0
GTUK / Apex Tech Scotland Ltd,INV-2013/145,2013-05-21,2013,,3,Olive Audio Visual Ltd,Olive Audio Visual Ltd,Paid,Sales - PRO AUDIO,PRO AUDIO,6105.0,1,0
GTUK / Apex Tech Scotland Ltd,INV-2013/145,2013-05-21,2013,,1,Olive Audio Visual Ltd,Olive Audio Visual Ltd,Paid,Sales - DATASAT,DATASAT,9300.0,1,0
GTUK / Apex Tech Scotland Ltd,INV-2013/145,2013-05-21,2013,,1,Olive Audio Visual Ltd,Olive Audio Visual Ltd,Paid,Sales - LUMAGEN,LUMAGEN,1350.0,1,0
GTUK / Apex Tech Scotland Ltd,INV-2013/145,2013-05-21,2013,,1,Olive Audio Visual Ltd,Olive Audio Visual Ltd,Paid,Sales - CINEVERSUM,CINEVERSUM,5135.0,1,0
GTUK / Apex Tech Scotland Ltd,INV-2013/145,2013-05-21,2013,,1,Olive Audio Visual Ltd,Olive Audio Visual Ltd,Paid,Sales - IMAGE,IMAGE,1707.0,1,0
GTUK / Apex Tech Scotland Ltd,INV-2013/146,2013-05-21,2013,,1,Olive Audio Visual Ltd,Olive Audio Visual Ltd,Paid,Sales - ADA,ADA,2040.0,1,0
GTUK / Apex Tech Scotland Ltd,INV-2013/146,2013-05-21,2013,,2,Olive Audio Visual Ltd,Olive Audio Visual Ltd,Paid,Sales - LEON,LEON,5400.0,1,0
GTUK / Apex Tech Scotland Ltd,INV-2013/146,2013-05-21,2013,,1,Olive Audio Visual Ltd,Olive Audio Visual Ltd,Paid,Sales - ADA,ADA,420.0,1,0
GTUK / Apex Tech Scotland Ltd,INV-2013/146,2013-05-21,2013,,1,Olive Audio Visual Ltd,Olive Audio Visual Ltd,Paid,Sales - DATASAT,DATASAT,9300.0,1,0
GTUK / Apex Tech Scotland Ltd,INV-2013/147,2013-05-21,2013,,2,What You See And Hear Limited,What You See And Hear Limited,Paid,,,0.0,1,0
GTUK / Apex Tech Scotland Ltd,INV-2013/148,2013-05-21,2013,,1,Van Berge Henegouwen,Van Berge Henegouwen,Paid,Sales - ADA,ADA,3015.59,1,0
GTUK / Apex Tech Scotland Ltd,URN230,2013-05-23,2013,,1,ABC Domotica,ABC Domotica,Paid,Sales - STEALTH,STEALTH,-78.75,1,0
GTUK / Apex Tech Scotland Ltd,URN230,2013-05-23,2013,,1,ABC Domotica,ABC Domotica,Paid,Sales - STEALTH,STEALTH,-428.01,1,0
GTUK / Apex Tech Scotland Ltd,INV-2013/231,2013-05-23,2013,,2,ABC Domotica,ABC Domotica,Paid,Sales - STEALTH,STEALTH,78.75,1,0
GTUK / Apex Tech Scotland Ltd,INV-2013/231,2013-05-23,2013,,1,ABC Domotica,ABC Domotica,Paid,Sales - STEALTH,STEALTH,428.01,1,0
GTUK / Apex Tech Scotland Ltd,INV-2013/150,2013-05-23,2013,,2,ABC Domotica,ABC Domotica,Paid,Sales - STEALTH,STEALTH,78.75,1,0
GTUK / Apex Tech Scotland Ltd,INV-2013/150,2013-05-23,2013,,1,ABC Domotica,ABC Domotica,Paid,Sales - STEALTH,STEALTH,428.01,1,0
GTUK / Apex Tech Scotland Ltd,INV-2013/151,2013-05-28,2013,,2,Cyberhomes Ltd,Cyberhomes Ltd,Paid,Sales - STEALTH,STEALTH,180.0,1,0
GTUK / Apex Tech Scotland Ltd,INV-2013/152,2013-05-29,2013,,1,Smartcomm Ltd,Smartcomm Ltd,Paid,Sales - LEON,LEON,712.5,1,0
GTUK / Apex Tech Scotland Ltd,INV-2013/154,2013-05-29,2013,,3,Custom Sight & Sound Ltd,Custom Sight & Sound Ltd,Paid,Sales - LEON,LEON,360.0,1,0
GTUK / Apex Tech Scotland Ltd,INV-2013/154,2013-05-29,2013,,3,Custom Sight & Sound Ltd,Custom Sight & Sound Ltd,Paid,Sales - LEON,LEON,1980.0,1,0
GTUK / Apex Tech Scotland Ltd,INV-2013/155,2013-05-29,2013,,1,Custom Sight & Sound Ltd,Custom Sight & Sound Ltd,Paid,Sales - LEON,LEON,120.0,1,0
GTUK / Apex Tech Scotland Ltd,INV-2013/155,2013-05-29,2013,,1,Custom Sight & Sound Ltd,Custom Sight & Sound Ltd,Paid,Sales - LEON,LEON,660.0,1,0
GTUK / Apex Tech Scotland Ltd,INV-2013/156,2013-05-29,2013,,21,Marquee Installations Ltd,Marquee Installations Ltd,Paid,Sales - STEALTH,STEALTH,1890.0,1,0
GTUK / Apex Tech Scotland Ltd,INV-2013/156,2013-05-29,2013,,1,Marquee Installations Ltd,Marquee Installations Ltd,Paid,Sales - STEALTH,STEALTH,225.0,1,0
GTUK / Apex Tech Scotland Ltd,INV-2013/156,2013-05-29,2013,,10,Marquee Installations Ltd,Marquee Installations Ltd,Paid,Sales - STEALTH,STEALTH,4500.0,1,0
GTUK / Apex Tech Scotland Ltd,URN242,2013-05-29,2013,,1,Smartcomm Ltd,Smartcomm Ltd,Paid,Sales - LEON,LEON,-712.5,1,0
GTUK / Apex Tech Scotland Ltd,INV-2013/157,2013-05-30,2013,,1,Tillman Domotics,Tillman Domotics,Paid,Sales - DPI,DPI,2360.0,1,0
GTUK / Apex Tech Scotland Ltd,INV-2013/158,2013-06-03,2013,,1,The Little Cinema Company Ltd,The Little Cinema Company Ltd,Paid,Sales - AGATH,AGATH,4615.0,1,0
GTUK / Apex Tech Scotland Ltd,INV-2013/160,2013-06-07,2013,,3,AT&C Professional Systems Ltd,AT&C Professional Systems Ltd,Paid,Sales - STEALTH,STEALTH,1350.0,1,0
GTUK / Apex Tech Scotland Ltd,INV-2013/162,2013-06-07,2013,,2,Perfect Integration,Perfect Integration,Paid,Sales - LEON,LEON,1074.0,1,0
GTUK / Apex Tech Scotland Ltd,INV-2013/163,2013-06-07,2013,,4,Homeplay Ltd,Homeplay Ltd,Paid,Sales - STEALTH,STEALTH,360.0,1,0
GTUK / Apex Tech Scotland Ltd,INV-2013/163,2013-06-07,2013,,2,Homeplay Ltd,Homeplay Ltd,Paid,Sales - STEALTH,STEALTH,900.0,1,0
GTUK / Apex Tech Scotland Ltd,INV-2013/167,2013-06-10,2013,,1,Twisted Pear Consultancy,Twisted Pear Consultancy,Paid,Sales - LEON,LEON,1140.0,1,0
GTUK / Apex Tech Scotland Ltd,INV-2013/169,2013-06-11,2013,,4,Homeplay Ltd,Homeplay Ltd,Paid,Sales - STEALTH,STEALTH,400.0,1,0
GTUK / Apex Tech Scotland Ltd,INV-2013/169,2013-06-11,2013,,2,Homeplay Ltd,Homeplay Ltd,Paid,Sales - STEALTH,STEALTH,900.0,1,0
GTUK / Apex Tech Scotland Ltd,INV-2013/170,2013-06-13,2013,,4,Twisted Pear Consultancy,Twisted Pear Consultancy,Paid,Sales - STEALTH,STEALTH,360.0,1,0
GTUK / Apex Tech Scotland Ltd,INV-2013/171,2013-06-14,2013,,1,Unity Systems & Controls Limited,Unity Systems & Controls Limited,Paid,,,0.0,1,0
GTUK / Apex Tech Scotland Ltd,INV-2013/171,2013-06-14,2013,,1,Unity Systems & Controls Limited,Unity Systems & Controls Limited,Paid,,,0.0,1,0
GTUK / Apex Tech Scotland Ltd,INV-2013/172,2013-06-14,2013,,2,Olive Audio Visual Ltd,Olive Audio Visual Ltd,Paid,Sales - STEALTH,STEALTH,225.0,1,0
GTUK / Apex Tech Scotland Ltd,INV-2013/173,2013-06-17,2013,,7,Cyberhomes Ltd,Cyberhomes Ltd,Paid,Sales - LEAF,LEAF,949.97,1,0
GTUK / Apex Tech Scotland Ltd,INV-2013/188,2013-06-17,2013,,5,AT&C Audio Technology & Communications Ltd,AT&C Audio Technology & Communications Ltd,Paid,Sales - STEALTH,STEALTH,5000.0,1,0
GTUK / Apex Tech Scotland Ltd,INV-2013/188,2013-06-17,2013,,1,AT&C Audio Technology & Communications Ltd,AT&C Audio Technology & Communications Ltd,Paid,Sales - STEALTH,STEALTH,350.0,1,0
GTUK / Apex Tech Scotland Ltd,INV-2013/188,2013-06-17,2013,,1,AT&C Audio Technology & Communications Ltd,AT&C Audio Technology & Communications Ltd,Paid,Sales - STEALTH,STEALTH,100.0,1,0
GTUK / Apex Tech Scotland Ltd,INV-2013/176,2013-06-18,2013,,1,Cyberhomes Ltd,Cyberhomes Ltd,Paid,Sales - STEALTH,STEALTH,500.0,1,0
GTUK / Apex Tech Scotland Ltd,INV-2013/176,2013-06-18,2013,,3,Cyberhomes Ltd,Cyberhomes Ltd,Paid,Sales - STEALTH,STEALTH,1350.0,1,0
GTUK / Apex Tech Scotland Ltd,INV-2013/187,2013-06-27,2013,GEN-SERVICES ,1,Olive Audio Visual Ltd,Olive Audio Visual Ltd,Paid,Sales - OTHERS,OTHERS,3000.0,1,0
GTUK / Apex Tech Scotland Ltd,INV-2013/191,2013-06-28,2013,,1,Wirito AV Iberica SL,Wirito AV Iberica SL,Paid,Sales - STEALTH,STEALTH,98.55,1,0
GTUK / Apex Tech Scotland Ltd,INV-2013/175,2013-07-01,2013,,1,Clarke Infinity Ltd,Clarke Infinity Ltd,Paid,Sales - LEON,LEON,120.0,1,0
GTUK / Apex Tech Scotland Ltd,INV-2013/181,2013-07-01,2013,,4,Soundcraft HIFI,Soundcraft HIFI,Paid,Sales - STEALTH,STEALTH,360.0,1,0
GTUK / Apex Tech Scotland Ltd,INV-2013/183,2013-07-04,2013,,1,Tillman Domotics,Tillman Domotics,Paid,Sales - LEON,LEON,1620.0,1,0
GTUK / Apex Tech Scotland Ltd,INV-2013/193,2013-07-04,2013,,3,Emiror Research Limited,Emiror Research Limited,Paid,Sales - STEALTH,STEALTH,1350.0,1,0
GTUK / Apex Tech Scotland Ltd,INV-2013/136,2013-07-04,2013,,1,Britania Ltd,Britania Ltd,Paid,Sales - CINEVERSUM,CINEVERSUM,5135.0,1,0
GTUK / Apex Tech Scotland Ltd,INV-2013/136,2013-07-04,2013,,1,Britania Ltd,Britania Ltd,Paid,Sales - OTHERS,OTHERS,4000.0,1,0
GTUK / Apex Tech Scotland Ltd,INV-2013/136,2013-07-04,2013,,1,Britania Ltd,Britania Ltd,Paid,Sales - IMAGE,IMAGE,1560.0,1,0
GTUK / Apex Tech Scotland Ltd,INV-2013/136,2013-07-04,2013,MISC-DISC,1,Britania Ltd,Britania Ltd,Paid,Sales - OTHERS,OTHERS,-641.7,1,0
GTUK / Apex Tech Scotland Ltd,INV-2013/174,2013-07-05,2013,,1,Clarke Infinity Ltd,Clarke Infinity Ltd,Paid,Sales - LEON,LEON,1020.0,1,0
GTUK / Apex Tech Scotland Ltd,INV-2013/184,2013-07-05,2013,,1,Olive Audio Visual Ltd,Olive Audio Visual Ltd,Paid,Sales - LEON,LEON,120.0,1,0
GTUK / Apex Tech Scotland Ltd,INV-2013/184,2013-07-05,2013,,1,Olive Audio Visual Ltd,Olive Audio Visual Ltd,Paid,Sales - LEON,LEON,2340.0,1,0
GTUK / Apex Tech Scotland Ltd,INV-2013/184,2013-07-05,2013,,1,Olive Audio Visual Ltd,Olive Audio Visual Ltd,Paid,Sales - LEON,LEON,1740.0,1,0
GTUK / Apex Tech Scotland Ltd,INV-2013/178,2013-07-07,2013,,1,Perfect Integration,Perfect Integration,Paid,Sales - LEON,LEON,120.0,1,0
GTUK / Apex Tech Scotland Ltd,INV-2013/177,2013-07-08,2013,,4,Twisted Pear Consultancy,Twisted Pear Consultancy,Paid,,,0.0,1,0
GTUK / Apex Tech Scotland Ltd,INV-2013/177,2013-07-08,2013,,1,Twisted Pear Consultancy,Twisted Pear Consultancy,Paid,Sales - STEALTH,STEALTH,60.0,1,0
GTUK / Apex Tech Scotland Ltd,INV-2013/177,2013-07-08,2013,,2,Twisted Pear Consultancy,Twisted Pear Consultancy,Paid,Sales - STEALTH,STEALTH,1000.0,1,0
GTUK / Apex Tech Scotland Ltd,INV-2013/179,2013-07-08,2013,,1,The Next Level,The Next Level,Paid,Sales - ADA,ADA,3150.0,1,0
GTUK / Apex Tech Scotland Ltd,INV-2013/179,2013-07-08,2013,,2,The Next Level,The Next Level,Paid,Sales - LEON,LEON,1200.0,1,0
GTUK / Apex Tech Scotland Ltd,INV-2013/179,2013-07-08,2013,,3,The Next Level,The Next Level,Paid,Sales - LEON,LEON,2700.0,1,0
GTUK / Apex Tech Scotland Ltd,INV-2013/186,2013-07-08,2013,,1,Tillman Domotics,Tillman Domotics,Paid,Sales - LEON,LEON,120.0,1,0
GTUK / Apex Tech Scotland Ltd,INV-2013/186,2013-07-08,2013,,1,Tillman Domotics,Tillman Domotics,Paid,Sales - LEON,LEON,1620.0,1,0
GTUK / Apex Tech Scotland Ltd,INV-2013/088,2013-07-08,2013,CTS-ACT-I,1,Britania Ltd,Britania Ltd,Paid,Sales - CINEMATECH,CINEMATECH,36036.0,1,0
GTUK / Apex Tech Scotland Ltd,INV-2013/088,2013-07-08,2013,MISC-DISC,1,Britania Ltd,Britania Ltd,Paid,Sales - CINEMATECH,CINEMATECH,-1801.8,1,0
GTUK / Apex Tech Scotland Ltd,INV-2013/153,2013-07-08,2013,,1,Premier Audio Video,Premier Audio Video,Paid,Sales - LEON,LEON,750.0,1,0
GTUK / Apex Tech Scotland Ltd,INV-2013/153,2013-07-08,2013,,1,Premier Audio Video,Premier Audio Video,Paid,Sales - LEON,LEON,37.5,1,0
GTUK / Apex Tech Scotland Ltd,INV-2013/153,2013-07-08,2013,,1,Premier Audio Video,Premier Audio Video,Paid,Sales - LEON,LEON,647.5,1,0
GTUK / Apex Tech Scotland Ltd,INV-2013/153,2013-07-08,2013,,1,Premier Audio Video,Premier Audio Video,Paid,Sales - LEON,LEON,750.0,1,0
GTUK / Apex Tech Scotland Ltd,INV-2013/194,2013-07-09,2013,,1,Genesis Technologies France,Genesis Technologies France,Paid,Sales - IMAGE,IMAGE,1746.26,1,0
GTUK / Apex Tech Scotland Ltd,INV-2013/194,2013-07-09,2013,,1,Genesis Technologies France,Genesis Technologies France,Paid,Sales - IMAGE,IMAGE,301.38,1,0
GTUK / Apex Tech Scotland Ltd,INV-2013/180,2013-07-10,2013,,1,Icon Connect,Icon Connect,Paid,Sales - AGATH,AGATH,2470.0,1,0
GTUK / Apex Tech Scotland Ltd,INV-2013/210,2013-07-29,2013,,2,City heights,City heights,Paid,Sales - WISDOM,WISDOM,1460.0,1,0
GTUK / Apex Tech Scotland Ltd,INV-2013/182,2013-07-30,2013,,1,Icon Connect Ltd,Icon Connect Ltd,Paid,Sales - AGATH,AGATH,8938.0,1,0
GTUK / Apex Tech Scotland Ltd,INV-2013/185,2013-07-30,2013,,1,Face to Face Digital,Face to Face Digital,Paid,Sales - LEON,LEON,120.0,1,0
GTUK / Apex Tech Scotland Ltd,INV-2013/185,2013-07-30,2013,,1,Face to Face Digital,Face to Face Digital,Paid,Sales - LEON,LEON,1500.0,1,0
GTUK / Apex Tech Scotland Ltd,INV-2013/197,2013-07-30,2013,,1,West London AV Solutions,West London AV Solutions,Paid,Sales - LEON,LEON,120.0,1,0
GTUK / Apex Tech Scotland Ltd,INV-2013/209,2013-07-30,2013,,2,Raid Systems Ltd,Raid Systems Ltd,Paid,Sales - STEALTH,STEALTH,180.0,1,0
GTUK / Apex Tech Scotland Ltd,INV-2013/209,2013-07-30,2013,,1,Raid Systems Ltd,Raid Systems Ltd,Paid,Sales - STEALTH,STEALTH,500.0,1,0
GTUK / Apex Tech Scotland Ltd,INV-2013/214,2013-07-30,2013,,8,Cornflake Ltd.,Cornflake Ltd.,Paid,Sales - LEAF,LEAF,1300.0,1,0
GTUK / Apex Tech Scotland Ltd,INV-2013/214,2013-07-30,2013,,1,Cornflake Ltd.,Cornflake Ltd.,Paid,Sales - LEAF,LEAF,3120.0,1,0
GTUK / Apex Tech Scotland Ltd,INV-2013/217,2013-07-30,2013,,4,The Little Cinema Company Ltd,The Little Cinema Company Ltd,Paid,Sales - AGATH,AGATH,520.0,1,0
GTUK / Apex Tech Scotland Ltd,INV-2013/217,2013-07-30,2013,,1,The Little Cinema Company Ltd,The Little Cinema Company Ltd,Paid,Sales - AGATH,AGATH,246.0,1,0
GTUK / Apex Tech Scotland Ltd,INV-2013/220,2013-07-30,2013,,1,AT&C Audio Technology & Communications Ltd,AT&C Audio Technology & Communications Ltd,Paid,Sales - STEALTH,STEALTH,250.0,1,0
GTUK / Apex Tech Scotland Ltd,INV-2013/220,2013-07-30,2013,,7,AT&C Audio Technology & Communications Ltd,AT&C Audio Technology & Communications Ltd,Paid,Sales - STEALTH,STEALTH,7000.0,1,0
GTUK / Apex Tech Scotland Ltd,INV-2013/196,2013-08-01,2013,,1,Ideaworks Limited,Ideaworks Limited,Paid,Sales - LEON,LEON,120.0,1,0
GTUK / Apex Tech Scotland Ltd,INV-2013/196,2013-08-01,2013,,1,Ideaworks Limited,Ideaworks Limited,Paid,Sales - LEON,LEON,1020.0,1,0
GTUK / Apex Tech Scotland Ltd,INV-2013/219,2013-08-05,2013,,3,Cyberhomes Ltd,Cyberhomes Ltd,Paid,Sales - STEALTH,STEALTH,270.0,1,0
GTUK / Apex Tech Scotland Ltd,INV-2013/195,2013-08-08,2013,,1,Olive Audio Visual Ltd,Olive Audio Visual Ltd,Paid,Sales - LEON,LEON,120.0,1,0
GTUK / Apex Tech Scotland Ltd,INV-2013/195,2013-08-08,2013,,1,Olive Audio Visual Ltd,Olive Audio Visual Ltd,Paid,Sales - LEON,LEON,1140.0,1,0
GTUK / Apex Tech Scotland Ltd,INV-2013/204,2013-08-08,2013,,1,Grahams,Grahams,Paid,Sales - DNP,DNP,6269.0,1,0
GTUK / Apex Tech Scotland Ltd,INV-2013/206,2013-08-08,2013,,1,Clear AV Ltd,Clear AV Ltd,Paid,Sales - LEON,LEON,120.0,1,0
GTUK / Apex Tech Scotland Ltd,INV-2013/206,2013-08-08,2013,,1,Clear AV Ltd,Clear AV Ltd,Paid,Sales - LEON,LEON,1140.0,1,0
GTUK / Apex Tech Scotland Ltd,INV-2013/215,2013-08-08,2013,,1,The Media Rooms,The Media Rooms,Paid,Sales - LEON,LEON,120.0,1,0
GTUK / Apex Tech Scotland Ltd,INV-2013/215,2013-08-08,2013,,1,The Media Rooms,The Media Rooms,Paid,Sales - LEON,LEON,1140.0,1,0
GTUK / Apex Tech Scotland Ltd,INV-2013/225,2013-08-08,2013,,2,AT&C Professional Systems Ltd,AT&C Professional Systems Ltd,Paid,Sales - STEALTH,STEALTH,900.0,1,0
GTUK / Apex Tech Scotland Ltd,INV-2013/225,2013-08-08,2013,,2,AT&C Professional Systems Ltd,AT&C Professional Systems Ltd,Paid,Sales - STEALTH,STEALTH,1000.0,1,0
GTUK / Apex Tech Scotland Ltd,INV-2013/212,2013-08-09,2013,,2,Wild Copper AV,Wild Copper AV,Paid,Sales - ADA,ADA,3840.0,1,0
GTUK / Apex Tech Scotland Ltd,INV-2013/232,2013-08-15,2013,,2,Olive Audio Visual Ltd,Olive Audio Visual Ltd,Paid,Sales - STEALTH,STEALTH,700.0,1,0
GTUK / Apex Tech Scotland Ltd,INV-2013/235,2013-08-15,2013,,1,Nick march,Nick march,Paid,Sales - SERVICES,SERVICES,83.33,1,0
GTUK / Apex Tech Scotland Ltd,INV-2013/226,2013-08-23,2013,,1,Bang & Olufsen of Canterbury,Bang & Olufsen of Canterbury,Paid,Sales - ACURUS,ACURUS,150.0,1,0
GTUK / Apex Tech Scotland Ltd,INV-2013/226,2013-08-23,2013,,1,Bang & Olufsen of Canterbury,Bang & Olufsen of Canterbury,Paid,Sales - ACURUS,ACURUS,2160.0,1,0
GTUK / Apex Tech Scotland Ltd,INV-2013/227,2013-08-23,2013,,1,The Little Cinema Company Ltd,The Little Cinema Company Ltd,Paid,Sales - LEON,LEON,1800.0,1,0
GTUK / Apex Tech Scotland Ltd,INV-2013/227,2013-08-23,2013,,1,The Little Cinema Company Ltd,The Little Cinema Company Ltd,Paid,,,0.0,1,0
GTUK / Apex Tech Scotland Ltd,INV-2013/221,2013-08-29,2013,,1,City heights,City heights,Paid,Sales - WISDOM,WISDOM,120.0,1,0
GTUK / Apex Tech Scotland Ltd,INV-2013/236,2013-08-29,2013,,5,Ideaworks Limited,Ideaworks Limited,Paid,Sales - LEON,LEON,8700.0,1,0
GTUK / Apex Tech Scotland Ltd,INV-2013/248,2013-08-29,2013,,1,Piquant Design Ltd,Piquant Design Ltd,Paid,Sales - STEALTH,STEALTH,800.0,1,0
GTUK / Apex Tech Scotland Ltd,INV-2013/250,2013-08-29,2013,,1,City heights,City heights,Paid,Sales - DATASAT,DATASAT,3500.0,1,0
GTUK / Apex Tech Scotland Ltd,INV-2013/252,2013-08-30,2013,,1,Premier Audio Video,Premier Audio Video,Paid,Sales - DATASAT,DATASAT,350.0,1,0
GTUK / Apex Tech Scotland Ltd,INV-2013/216,2013-09-03,2013,,2,Face to Face Digital,Face to Face Digital,Paid,Sales - LEON,LEON,240.0,1,0
GTUK / Apex Tech Scotland Ltd,INV-2013/216,2013-09-03,2013,,2,Face to Face Digital,Face to Face Digital,Paid,Sales - LEON,LEON,3000.0,1,0
GTUK / Apex Tech Scotland Ltd,INV-2013/256,2013-09-03,2013,STH-LR3,5,AT&C Audio Technology & Communications Ltd,AT&C Audio Technology & Communications Ltd,Paid,Sales - STEALTH,STEALTH,5000.0,1,0
GTUK / Apex Tech Scotland Ltd,INV-2013/245,2013-09-06,2013,,1,Hughes LLP,Hughes LLP,Paid,Sales - ADA,ADA,960.0,1,0
GTUK / Apex Tech Scotland Ltd,INV-2013/234,2013-09-09,2013,,1,Experience AV,Experience AV,Paid,Sales - DPI,DPI,10500.0,1,0
GTUK / Apex Tech Scotland Ltd,INV-2013/247,2013-09-10,2013,,1,EDGE AV,EDGE AV,Paid,Sales - STEWART,STEWART,7735.0,1,0
GTUK / Apex Tech Scotland Ltd,INV-2013/247,2013-09-10,2013,,1,EDGE AV,EDGE AV,Paid,,,0.0,1,0
GTUK / Apex Tech Scotland Ltd,INV-2013/261,2013-09-10,2013,,1,Lorraine Cousins,Lorraine Cousins,Paid,Sales - STEALTH,STEALTH,120.0,1,0
GTUK / Apex Tech Scotland Ltd,INV-2013/247,2013-09-10,2013,,0,EDGE AV,EDGE AV,Paid,,,0.0,1,0
GTUK / Apex Tech Scotland Ltd,INV-2013/244,2013-09-13,2013,,1,Brilliant Living,Brilliant Living,Paid,,,0.0,1,0
GTUK / Apex Tech Scotland Ltd,INV-2013/246,2013-09-13,2013,,1,Fusion.One International Ltd,Fusion.One International Ltd,Paid,Sales - LEON,LEON,90.0,1,0
GTUK / Apex Tech Scotland Ltd,INV-2013/246,2013-09-13,2013,,1,Fusion.One International Ltd,Fusion.One International Ltd,Paid,Sales - LEON,LEON,780.0,1,0
GTUK / Apex Tech Scotland Ltd,INV-2013/257,2013-09-13,2013,,1,Olive Audio Visual Ltd,Olive Audio Visual Ltd,Paid,Sales - LEON,LEON,1200.0,1,0
GTUK / Apex Tech Scotland Ltd,INV-2013/257,2013-09-13,2013,,1,Olive Audio Visual Ltd,Olive Audio Visual Ltd,Paid,Sales - LEON,LEON,120.0,1,0
GTUK / Apex Tech Scotland Ltd,INV-2013/258,2013-09-13,2013,,1,Face to Face Digital,Face to Face Digital,Paid,Sales - LEON,LEON,120.0,1,0
GTUK / Apex Tech Scotland Ltd,INV-2013/259,2013-09-13,2013,,1,Cornflake Ltd.,Cornflake Ltd.,Paid,Sales - AGATH,AGATH,2275.0,1,0
GTUK / Apex Tech Scotland Ltd,INV-2013/249,2013-09-19,2013,,1,MSASA AV,MSASA AV,Paid,Sales - ADA,ADA,2970.0,1,0
GTUK / Apex Tech Scotland Ltd,INV-2013/260,2013-09-19,2013,,1,Clarke Infinity Ltd,Clarke Infinity Ltd,Paid,Sales - LEON,LEON,120.0,1,0
GTUK / Apex Tech Scotland Ltd,INV-2013/260,2013-09-19,2013,,1,Clarke Infinity Ltd,Clarke Infinity Ltd,Paid,Sales - LEON,LEON,780.0,1,0
GTUK / Apex Tech Scotland Ltd,INV-2013/263,2013-09-19,2013,,1,Raid Systems Ltd,Raid Systems Ltd,Paid,Sales - LEON,LEON,90.0,1,0
GTUK / Apex Tech Scotland Ltd,INV-2013/263,2013-09-19,2013,,1,Raid Systems Ltd,Raid Systems Ltd,Paid,Sales - LEON,LEON,1140.0,1,0
GTUK / Apex Tech Scotland Ltd,INV-2013/272,2013-09-19,2013,,4,Vision Works AV,Vision Works AV,Paid,Sales - STEALTH,STEALTH,360.0,1,0
GTUK / Apex Tech Scotland Ltd,INV-2013/274,2013-09-19,2013,,7,Olive Audio Visual Ltd,Olive Audio Visual Ltd,Paid,Sales - STEALTH,STEALTH,3500.0,1,0
GTUK / Apex Tech Scotland Ltd,INV-2013/275,2013-09-19,2013,,2,Vision Works AV,Vision Works AV,Paid,Sales - STEALTH,STEALTH,900.0,1,0
GTUK / Apex Tech Scotland Ltd,INV-2013/285,2013-09-25,2013,,2,James Paul AV,James Paul AV,Paid,Sales - STEALTH,STEALTH,180.0,1,0
GTUK / Apex Tech Scotland Ltd,INV-2013/285,2013-09-25,2013,,1,James Paul AV,James Paul AV,Paid,Sales - STEALTH,STEALTH,500.0,1,0
GTUK / Apex Tech Scotland Ltd,INV-2013/241,2013-09-27,2013,,1,Smartcomm Ltd,Smartcomm Ltd,Paid,Sales - ADA,ADA,1680.0,1,0
GTUK / Apex Tech Scotland Ltd,INV-2013/241,2013-09-27,2013,,1,Smartcomm Ltd,Smartcomm Ltd,Paid,Sales - LEON,LEON,540.0,1,0
GTUK / Apex Tech Scotland Ltd,INV-2013/241,2013-09-27,2013,,2,Smartcomm Ltd,Smartcomm Ltd,Paid,Sales - LEON,LEON,1320.0,1,0
GTUK / Apex Tech Scotland Ltd,INV-2013/241,2013-09-27,2013,,2,Smartcomm Ltd,Smartcomm Ltd,Paid,Sales - LEON,LEON,3480.0,1,0
GTUK / Apex Tech Scotland Ltd,INV-2013/241,2013-09-27,2013,,1,Smartcomm Ltd,Smartcomm Ltd,Paid,Sales - LEON,LEON,2700.0,1,0
GTUK / Apex Tech Scotland Ltd,INV-2013/241,2013-09-27,2013,,2,Smartcomm Ltd,Smartcomm Ltd,Paid,Sales - LEON,LEON,240.0,1,0
GTUK / Apex Tech Scotland Ltd,INV-2013/241,2013-09-27,2013,,2,Smartcomm Ltd,Smartcomm Ltd,Paid,Sales - LEON,LEON,3000.0,1,0
GTUK / Apex Tech Scotland Ltd,INV-2013/253,2013-09-27,2013,,1,The Sound Gallery,The Sound Gallery,Paid,Sales - ADA,ADA,4500.0,1,0
GTUK / Apex Tech Scotland Ltd,INV-2013/276,2013-09-27,2013,,1,Electric Interiors,Electric Interiors,Paid,Sales - STEALTH,STEALTH,500.0,1,0
GTUK / Apex Tech Scotland Ltd,INV-2013/279,2013-09-27,2013,,3,AT&C Professional Systems Ltd,AT&C Professional Systems Ltd,Paid,Sales - STEALTH,STEALTH,1350.0,1,0
GTUK / Apex Tech Scotland Ltd,INV-2013/279,2013-09-27,2013,,3,AT&C Professional Systems Ltd,AT&C Professional Systems Ltd,Paid,Sales - STEALTH,STEALTH,1500.0,1,0
GTUK / Apex Tech Scotland Ltd,INV-2013/283,2013-09-27,2013,,2,Piquant Design Ltd,Piquant Design Ltd,Paid,Sales - STEALTH,STEALTH,180.0,1,0
GTUK / Apex Tech Scotland Ltd,INV-2013/283,2013-09-27,2013,,2,Piquant Design Ltd,Piquant Design Ltd,Paid,Sales - STEALTH,STEALTH,180.0,1,0
GTUK / Apex Tech Scotland Ltd,INV-2013/283,2013-09-27,2013,,1,Piquant Design Ltd,Piquant Design Ltd,Paid,Sales - STEALTH,STEALTH,1250.0,1,0
GTUK / Apex Tech Scotland Ltd,INV-2013/233,2013-09-29,2013,,1,Experience AV,Experience AV,Paid,Sales - STEWART,STEWART,3000.0,1,0
GTUK / Apex Tech Scotland Ltd,INV-2013/239,2013-09-29,2013,,1,Smartcomm Ltd,Smartcomm Ltd,Paid,Sales - DPI,DPI,10275.0,1,0
GTUK / Apex Tech Scotland Ltd,INV-2013/292,2013-10-01,2013,,1,Experience AV,Experience AV,Paid,Sales - OTHERS,OTHERS,250.0,1,0
GTUK / Apex Tech Scotland Ltd,INV-2013/240,2013-10-02,2013,,1,Smartcomm Ltd,Smartcomm Ltd,Paid,Sales - LEON,LEON,1140.0,1,0
GTUK / Apex Tech Scotland Ltd,INV-2013/240,2013-10-02,2013,,1,Smartcomm Ltd,Smartcomm Ltd,Paid,Sales - LEON,LEON,300.0,1,0
GTUK / Apex Tech Scotland Ltd,URN337,2013-10-02,2013,,1,Inspired Dwellings,Inspired Dwellings,Paid,Sales - AGATH,AGATH,-75.83,1,0
GTUK / Apex Tech Scotland Ltd,INV-2013/277,2013-10-02,2013,,1,Cornflake Ltd.,Cornflake Ltd.,Paid,Sales - CINEVERSUM,CINEVERSUM,320.0,1,0
GTUK / Apex Tech Scotland Ltd,INV-2013/278,2013-10-02,2013,,1,V2 International,V2 International,Paid,Sales - LEON,LEON,90.0,1,0
GTUK / Apex Tech Scotland Ltd,INV-2013/278,2013-10-02,2013,,1,V2 International,V2 International,Paid,Sales - LEON,LEON,660.0,1,0
GTUK / Apex Tech Scotland Ltd,INV-2013/280,2013-10-02,2013,,2,Olive Audio Visual Ltd,Olive Audio Visual Ltd,Paid,Sales - LEON,LEON,240.0,1,0
GTUK / Apex Tech Scotland Ltd,INV-2013/280,2013-10-02,2013,,2,Olive Audio Visual Ltd,Olive Audio Visual Ltd,Paid,Sales - LEON,LEON,1560.0,1,0
GTUK / Apex Tech Scotland Ltd,INV-2013/281,2013-10-02,2013,,2,Sound Environment,Sound Environment,Paid,Sales - STEALTH,STEALTH,180.0,1,0
GTUK / Apex Tech Scotland Ltd,INV-2013/282,2013-10-02,2013,,1,Ideaworks Limited,Ideaworks Limited,Paid,Sales - LEON,LEON,1440.0,1,0
GTUK / Apex Tech Scotland Ltd,INV-2013/282,2013-10-02,2013,,1,Ideaworks Limited,Ideaworks Limited,Paid,Sales - LEON,LEON,120.0,1,0
GTUK / Apex Tech Scotland Ltd,INV-2013/207,2013-10-04,2013,,1,Kensington Audio Visual,Kensington Audio Visual,Paid,Sales - AGATH,AGATH,4740.0,1,0
GTUK / Apex Tech Scotland Ltd,INV-2013/207,2013-10-04,2013,,1,Kensington Audio Visual,Kensington Audio Visual,Paid,Sales - AGATH,AGATH,6338.0,1,0
GTUK / Apex Tech Scotland Ltd,INV-2013/287,2013-10-04,2013,,3,Sensory International Ltd,Sensory International Ltd,Paid,Sales - ADA,ADA,5616.0,1,0
GTUK / Apex Tech Scotland Ltd,INV-2013/300,2013-10-07,2013,,1,Smartcomm Ltd,Smartcomm Ltd,Paid,Sales - SERVICES,SERVICES,2587.45,1,0
GTUK / Apex Tech Scotland Ltd,INV-2013/223,2013-10-11,2013,,4,The Little Cinema Company Ltd,The Little Cinema Company Ltd,Paid,Sales - AGATH,AGATH,6080.0,1,0
GTUK / Apex Tech Scotland Ltd,INV-2013/223,2013-10-11,2013,,1,The Little Cinema Company Ltd,The Little Cinema Company Ltd,Paid,Sales - AGATH,AGATH,256.0,1,0
GTUK / Apex Tech Scotland Ltd,INV-2013/286,2013-10-11,2013,,1,Twisted Pear Consultancy,Twisted Pear Consultancy,Paid,Sales - LEON,LEON,120.0,1,0
GTUK / Apex Tech Scotland Ltd,INV-2013/286,2013-10-11,2013,,1,Twisted Pear Consultancy,Twisted Pear Consultancy,Paid,Sales - LEON,LEON,1140.0,1,0
GTUK / Apex Tech Scotland Ltd,INV-2013/288,2013-10-11,2013,,1,Inspired Dwellings,Inspired Dwellings,Paid,Sales - AGATH,AGATH,2405.0,1,0
GTUK / Apex Tech Scotland Ltd,INV-2013/290,2013-10-11,2013,,1,New Land Solutions Ltd.,New Land Solutions Ltd.,Paid,Sales - OTHERS,OTHERS,250.0,1,0
GTUK / Apex Tech Scotland Ltd,INV-2013/302,2013-10-11,2013,,1,Sound Environment,Sound Environment,Paid,Sales - STEALTH,STEALTH,500.0,1,0
GTUK / Apex Tech Scotland Ltd,INV-2013/293,2013-10-14,2013,,1,Tillman Domotics,Tillman Domotics,Paid,Sales - OTHERS,OTHERS,250.0,1,0
GTUK / Apex Tech Scotland Ltd,INV-2013/309,2013-10-17,2013,,1,Cornflake Ltd.,Cornflake Ltd.,Paid,Sales - STEALTH,STEALTH,350.0,1,0
GTUK / Apex Tech Scotland Ltd,INV-2013/309,2013-10-17,2013,,1,Cornflake Ltd.,Cornflake Ltd.,Paid,Sales - STEALTH,STEALTH,-250.0,1,0
GTUK / Apex Tech Scotland Ltd,INV-2013/251,2013-10-17,2013,,1,BATH CI,BATH CI,Paid,Sales - DPI,DPI,1675.0,1,0
GTUK / Apex Tech Scotland Ltd,INV-2013/251,2013-10-17,2013,,1,BATH CI,BATH CI,Paid,Sales - DPI,DPI,6000.0,1,0
GTUK / Apex Tech Scotland Ltd,INV-2013/264,2013-10-17,2013,,1,Smartcomm Ltd,Smartcomm Ltd,Paid,Sales - SERVICES,SERVICES,8026.0,1,0
GTUK / Apex Tech Scotland Ltd,INV-2013/264,2013-10-17,2013,,1,Smartcomm Ltd,Smartcomm Ltd,Paid,Sales - OTHERS,OTHERS,-481.56,1,0
GTUK / Apex Tech Scotland Ltd,INV-2013/289,2013-10-17,2013,,1,Vivid Audio Limited,Vivid Audio Limited,Paid,Sales - OTHERS,OTHERS,250.0,1,0
GTUK / Apex Tech Scotland Ltd,INV-2013/301,2013-10-17,2013,,1,Smartcomm Ltd,Smartcomm Ltd,Paid,Sales - LEON,LEON,1740.0,1,0
GTUK / Apex Tech Scotland Ltd,INV-2013/301,2013-10-17,2013,,4,Smartcomm Ltd,Smartcomm Ltd,Paid,Sales - LEON,LEON,2400.0,1,0
GTUK / Apex Tech Scotland Ltd,INV-2013/301,2013-10-17,2013,,3,Smartcomm Ltd,Smartcomm Ltd,Paid,Sales - LEON,LEON,1791.0,1,0
GTUK / Apex Tech Scotland Ltd,INV-2013/305,2013-10-17,2013,,2,New Land Solutions Ltd.,New Land Solutions Ltd.,Paid,Sales - AGATH,AGATH,2600.0,1,0
GTUK / Apex Tech Scotland Ltd,INV-2013/306,2013-10-17,2013,,5,Cornflake Ltd.,Cornflake Ltd.,Paid,Sales - STEALTH,STEALTH,300.0,1,0
GTUK / Apex Tech Scotland Ltd,INV-2013/306,2013-10-17,2013,,1,Cornflake Ltd.,Cornflake Ltd.,Paid,Sales - STEALTH,STEALTH,250.0,1,0
GTUK / Apex Tech Scotland Ltd,INV-2013/306,2013-10-17,2013,,2,Cornflake Ltd.,Cornflake Ltd.,Paid,Sales - STEALTH,STEALTH,1000.0,1,0
GTUK / Apex Tech Scotland Ltd,INV-2013/310,2013-10-18,2013,,1,AT&C Audio Technology & Communications Ltd,AT&C Audio Technology & Communications Ltd,Paid,Sales - STEALTH,STEALTH,500.0,1,0
GTUK / Apex Tech Scotland Ltd,INV-2013/312,2013-10-21,2013,,1,Elegant Solutions International Limited,Elegant Solutions International Limited,Paid,Sales - OTHERS,OTHERS,250.0,1,0
GTUK / Apex Tech Scotland Ltd,INV-2013/313,2013-10-22,2013,,1,IAv Systems,IAv Systems,Paid,Sales - OTHERS,OTHERS,83.33,1,0
GTUK / Apex Tech Scotland Ltd,INV-2013/313,2013-10-22,2013,,1,IAv Systems,IAv Systems,Paid,Sales - OTHERS,OTHERS,83.33,1,0
GTUK / Apex Tech Scotland Ltd,INV-2013/311,2013-10-25,2013,,3,Electronic Zone Ltd,Electronic Zone Ltd,Paid,Sales - AGATH,AGATH,60.0,1,0
GTUK / Apex Tech Scotland Ltd,INV-2013/295,2013-10-25,2013,,3,Premier Audio Video,Premier Audio Video,Paid,Sales - LEON,LEON,1125.0,1,0
GTUK / Apex Tech Scotland Ltd,INV-2013/295,2013-10-25,2013,,1,Premier Audio Video,Premier Audio Video,Paid,Sales - LEON,LEON,750.0,1,0
GTUK / Apex Tech Scotland Ltd,INV-2013/297,2013-10-25,2013,,1,Premier Audio Video,Premier Audio Video,Paid,Sales - LEON,LEON,750.0,1,0
GTUK / Apex Tech Scotland Ltd,INV-2013/298,2013-10-31,2013,,5,Multiroom Media,Multiroom Media,Paid,Sales - CINEVERSUM,CINEVERSUM,500.0,1,0
GTUK / Apex Tech Scotland Ltd,INV-2013/298,2013-10-31,2013,,1,Multiroom Media,Multiroom Media,Paid,Sales - CINEVERSUM,CINEVERSUM,5135.0,1,0
GTUK / Apex Tech Scotland Ltd,INV-2013/298,2013-10-31,2013,,7,Multiroom Media,Multiroom Media,Paid,Sales - PRO AUDIO,PRO AUDIO,5201.0,1,0
GTUK / Apex Tech Scotland Ltd,INV-2013/298,2013-10-31,2013,,1,Multiroom Media,Multiroom Media,Paid,Sales - WISDOM,WISDOM,1800.0,1,0
GTUK / Apex Tech Scotland Ltd,INV-2013/298,2013-10-31,2013,,1,Multiroom Media,Multiroom Media,Paid,Sales - ADA,ADA,3150.0,1,0
GTUK / Apex Tech Scotland Ltd,INV-2013/284,2013-11-01,2013,,2,Premier Audio Video,Premier Audio Video,Paid,Sales - PRO AUDIO,PRO AUDIO,2640.0,1,0
GTUK / Apex Tech Scotland Ltd,INV-2013/303,2013-11-01,2013,,1,Sebastien Gay,Sebastien Gay,Paid,Sales - SERVICES,SERVICES,950.0,1,0
GTUK / Apex Tech Scotland Ltd,INV-2013/308,2013-11-05,2013,,1,i-Homes London,i-Homes London,Paid,Sales - LEAF,LEAF,2795.0,1,0
GTUK / Apex Tech Scotland Ltd,INV-2013/315,2013-11-05,2013,,2,Custom Sight & Sound Ltd,Custom Sight & Sound Ltd,Paid,Sales - ADA,ADA,3840.0,1,0
GTUK / Apex Tech Scotland Ltd,INV-2013/326,2013-11-05,2013,,1,Clarke Infinity Ltd,Clarke Infinity Ltd,Paid,Sales - SERVICES,SERVICES,350.0,1,0
GTUK / Apex Tech Scotland Ltd,INV-2013/327,2013-11-05,2013,,1,Smartcomm Ltd,Smartcomm Ltd,Paid,Sales - SERVICES,SERVICES,862.48,1,0
GTUK / Apex Tech Scotland Ltd,INV-2013/328,2013-11-07,2013,,4,CT WALTERS ELECTRICAL,CT WALTERS ELECTRICAL,Paid,Sales - STEALTH,STEALTH,360.0,1,0
GTUK / Apex Tech Scotland Ltd,INV-2013/328,2013-11-07,2013,,4,CT WALTERS ELECTRICAL,CT WALTERS ELECTRICAL,Paid,Sales - STEALTH,STEALTH,360.0,1,0
GTUK / Apex Tech Scotland Ltd,INV-2013/328,2013-11-07,2013,,2,CT WALTERS ELECTRICAL,CT WALTERS ELECTRICAL,Paid,Sales - STEALTH,STEALTH,3500.0,1,0
GTUK / Apex Tech Scotland Ltd,INV-2013/314,2013-11-08,2013,,1,Custom Sight & Sound Ltd,Custom Sight & Sound Ltd,Paid,Sales - LEON,LEON,120.0,1,0
GTUK / Apex Tech Scotland Ltd,INV-2013/314,2013-11-08,2013,,1,Custom Sight & Sound Ltd,Custom Sight & Sound Ltd,Paid,Sales - LEON,LEON,1620.0,1,0
GTUK / Apex Tech Scotland Ltd,INV-2013/316,2013-11-08,2013,,1,Sullivan,Sullivan,Paid,Sales - DPI,DPI,600.0,1,0
GTUK / Apex Tech Scotland Ltd,INV-2013/317,2013-11-08,2013,,2,The Media Rooms,The Media Rooms,Paid,Sales - LEON,LEON,540.0,1,0
GTUK / Apex Tech Scotland Ltd,INV-2013/317,2013-11-08,2013,,1,The Media Rooms,The Media Rooms,Paid,Sales - LEON,LEON,1500.0,1,0
GTUK / Apex Tech Scotland Ltd,INV-2013/317,2013-11-08,2013,,1,The Media Rooms,The Media Rooms,Paid,Sales - LEON,LEON,120.0,1,0
GTUK / Apex Tech Scotland Ltd,INV-2013/317,2013-11-08,2013,,1,The Media Rooms,The Media Rooms,Paid,Sales - LEON,LEON,84.0,1,0
GTUK / Apex Tech Scotland Ltd,INV-2013/321,2013-11-08,2013,,1,City heights,City heights,Paid,Sales - DPI,DPI,10000.0,1,0
GTUK / Apex Tech Scotland Ltd,INV-2013/325,2013-11-11,2013,,1,Smart Homes,Smart Homes,Paid,Sales - LEAF,LEAF,2160.0,1,0
GTUK / Apex Tech Scotland Ltd,INV-2013/336,2013-11-11,2013,,4,CT WALTERS ELECTRICAL,CT WALTERS ELECTRICAL,Paid,Sales - STEALTH,STEALTH,452.0,1,0
GTUK / Apex Tech Scotland Ltd,INV-2013/336,2013-11-11,2013,,4,CT WALTERS ELECTRICAL,CT WALTERS ELECTRICAL,Paid,Sales - STEALTH,STEALTH,452.0,1,0
GTUK / Apex Tech Scotland Ltd,INV-2013/329,2013-11-14,2013,,6,i-Homes London,i-Homes London,Paid,Sales - LEAF,LEAF,774.0,1,0
GTUK / Apex Tech Scotland Ltd,INV-2013/329,2013-11-14,2013,,1,i-Homes London,i-Homes London,Paid,Sales - LEAF,LEAF,2550.0,1,0
GTUK / Apex Tech Scotland Ltd,INV-2013/331,2013-11-14,2013,,1,Custom Sight & Sound Ltd,Custom Sight & Sound Ltd,Paid,Sales - ADA,ADA,1740.0,1,0
GTUK / Apex Tech Scotland Ltd,INV-2013/331,2013-11-14,2013,,1,Custom Sight & Sound Ltd,Custom Sight & Sound Ltd,Paid,Sales - ADA,ADA,450.0,1,0
GTUK / Apex Tech Scotland Ltd,INV-2013/331,2013-11-14,2013,,1,Custom Sight & Sound Ltd,Custom Sight & Sound Ltd,Paid,Sales - ADA,ADA,1050.0,1,0
GTUK / Apex Tech Scotland Ltd,INV-2013/340,2013-11-14,2013,,1,Wirito AV Iberica SL,Wirito AV Iberica SL,Paid,Sales - OTHERS,OTHERS,829.15,1,0
GTUK / Apex Tech Scotland Ltd,INV-2013/340,2013-11-14,2013,,1,Wirito AV Iberica SL,Wirito AV Iberica SL,Paid,Sales - OTHERS,OTHERS,157.5,1,0
GTUK / Apex Tech Scotland Ltd,INV-2013/343,2013-11-14,2013,,1,Wirito AV Iberica SL,Wirito AV Iberica SL,Paid,Sales - OTHERS,OTHERS,5000.0,1,0
GTUK / Apex Tech Scotland Ltd,INV-2013/307,2013-11-21,2013,,1,Unique Home Technologies,Unique Home Technologies,Paid,Sales - LEON,LEON,2940.0,1,0
GTUK / Apex Tech Scotland Ltd,INV-2013/307,2013-11-21,2013,,1,Unique Home Technologies,Unique Home Technologies,Paid,Sales - LEON,LEON,120.0,1,0
GTUK / Apex Tech Scotland Ltd,INV-2013/269,2013-11-21,2013,,1,Unique Home Technologies,Unique Home Technologies,Paid,Sales - LEON,LEON,120.0,1,0
GTUK / Apex Tech Scotland Ltd,INV-2013/269,2013-11-21,2013,,1,Unique Home Technologies,Unique Home Technologies,Paid,Sales - LEON,LEON,1140.0,1,0
GTUK / Apex Tech Scotland Ltd,INV-2013/320,2013-11-22,2013,,2,Soundcraft HIFI,Soundcraft HIFI,Paid,Sales - STEALTH,STEALTH,900.0,1,0
GTUK / Apex Tech Scotland Ltd,INV-2013/323,2013-11-22,2013,,1,Olive Audio Visual Ltd,Olive Audio Visual Ltd,Paid,Sales - LEON,LEON,120.0,1,0
GTUK / Apex Tech Scotland Ltd,INV-2013/323,2013-11-22,2013,,1,Olive Audio Visual Ltd,Olive Audio Visual Ltd,Paid,Sales - LEON,LEON,1140.0,1,0
GTUK / Apex Tech Scotland Ltd,INV-2013/342,2013-11-22,2013,,8,Tectone,Tectone,Paid,Sales - LEAF,LEAF,1200.0,1,0
GTUK / Apex Tech Scotland Ltd,INV-2013/342,2013-11-22,2013,,1,Tectone,Tectone,Paid,Sales - LEAF,LEAF,6390.0,1,0
GTUK / Apex Tech Scotland Ltd,INV-2013/350,2013-11-26,2013,,1,Ideaworks Limited,Ideaworks Limited,Paid,Sales - LEON,LEON,1500.0,1,0
GTUK / Apex Tech Scotland Ltd,INV-2013/360,2013-11-26,2013,,1,Olive Audio Visual Ltd,Olive Audio Visual Ltd,Paid,Sales - STEALTH,STEALTH,350.0,1,0
GTUK / Apex Tech Scotland Ltd,INV-2013/361,2013-11-28,2013,,2,Sound Environment,Sound Environment,Paid,Sales - STEALTH,STEALTH,180.0,1,0
GTUK / Apex Tech Scotland Ltd,INV-2013/361,2013-11-28,2013,,1,Sound Environment,Sound Environment,Paid,Sales - STEALTH,STEALTH,500.0,1,0
GTUK / Apex Tech Scotland Ltd,INV-2013/358,2013-11-30,2013,,10,Hughes LLP,Hughes LLP,Paid,Sales - ADA,ADA,9120.0,1,0
GTUK / Apex Tech Scotland Ltd,INV-2013/294,2013-11-30,2013,,1,Brilliant Living,Brilliant Living,Paid,Sales - AGATH,AGATH,1388.0,1,0
GTUK / Apex Tech Scotland Ltd,INV-2013/294,2013-11-30,2013,,1,Brilliant Living,Brilliant Living,Paid,Sales - AGATH,AGATH,120.0,1,0
GTUK / Apex Tech Scotland Ltd,INV-2013/354,2013-12-02,2013,,1,The Little Cinema Company Ltd,The Little Cinema Company Ltd,Paid,Sales - OTHERS,OTHERS,3200.0,1,0
GTUK / Apex Tech Scotland Ltd,INV-2013/352,2013-12-03,2013,,1,P. JOY,P. JOY,Paid,Sales - DATASAT,DATASAT,14583.33,1,0
GTUK / Apex Tech Scotland Ltd,INV-2013/382,2013-12-03,2013,,1,Tillman Domotics,Tillman Domotics,Paid,Sales - AGATH,AGATH,130.0,1,0
GTUK / Apex Tech Scotland Ltd,INV-2013/385,2013-12-05,2013,,6,Inspired Dwellings,Inspired Dwellings,Paid,Sales - STEALTH,STEALTH,540.0,1,0
GTUK / Apex Tech Scotland Ltd,INV-2013/348,2013-12-06,2013,,3,Olive Audio Visual Ltd,Olive Audio Visual Ltd,Paid,Sales - LEON,LEON,2700.0,1,0
GTUK / Apex Tech Scotland Ltd,INV-2013/348,2013-12-06,2013,,3,Olive Audio Visual Ltd,Olive Audio Visual Ltd,Paid,Sales - LEON,LEON,360.0,1,0
GTUK / Apex Tech Scotland Ltd,INV-2013/348,2013-12-06,2013,,3,Olive Audio Visual Ltd,Olive Audio Visual Ltd,Paid,Sales - LEON,LEON,5220.0,1,0
GTUK / Apex Tech Scotland Ltd,INV-2013/359,2013-12-06,2013,,1,Home Audio Solutions,Home Audio Solutions,Paid,Sales - HTC,HTC,3853.65,1,0
GTUK / Apex Tech Scotland Ltd,INV-2013/359,2013-12-06,2013,,1,Home Audio Solutions,Home Audio Solutions,Paid,Sales - HTC,HTC,2253.06,1,0
GTUK / Apex Tech Scotland Ltd,INV-2013/362,2013-12-06,2013,,1,S&I Electronics / Zinc HT,S&I Electronics / Zinc HT,Paid,Sales - CINEVERSUM,CINEVERSUM,4184.0,1,0
GTUK / Apex Tech Scotland Ltd,INV-2013/370,2013-12-06,2013,,2,New Land Solutions Ltd.,New Land Solutions Ltd.,Paid,Sales - STEALTH,STEALTH,180.0,1,0
GTUK / Apex Tech Scotland Ltd,INV-2013/370,2013-12-06,2013,,4,New Land Solutions Ltd.,New Land Solutions Ltd.,Paid,Sales - STEALTH,STEALTH,360.0,1,0
GTUK / Apex Tech Scotland Ltd,INV-2013/370,2013-12-06,2013,,1,New Land Solutions Ltd.,New Land Solutions Ltd.,Paid,Sales - STEALTH,STEALTH,500.0,1,0
GTUK / Apex Tech Scotland Ltd,INV-2013/370,2013-12-06,2013,,2,New Land Solutions Ltd.,New Land Solutions Ltd.,Paid,Sales - STEALTH,STEALTH,1000.0,1,0
GTUK / Apex Tech Scotland Ltd,INV-2013/374,2013-12-06,2013,,1,Circle Automation,Circle Automation,Paid,Sales - CINEVERSUM,CINEVERSUM,4100.0,1,0
GTUK / Apex Tech Scotland Ltd,INV-2013/390,2013-12-06,2013,,2,Grahams,Grahams,Paid,Sales - OTHERS,OTHERS,490.0,1,0
GTUK / Apex Tech Scotland Ltd,INV-2013/390,2013-12-06,2013,,1,Grahams,Grahams,Paid,Sales - OTHERS,OTHERS,315.0,1,0
GTUK / Apex Tech Scotland Ltd,INV-2013/390,2013-12-06,2013,,0,Grahams,Grahams,Paid,,,0.0,1,0
GTUK / Apex Tech Scotland Ltd,INV-2013/341,2013-12-09,2013,,1,Smartcomm Ltd,Smartcomm Ltd,Paid,Sales - LEON,LEON,90.0,1,0
GTUK / Apex Tech Scotland Ltd,INV-2013/341,2013-12-09,2013,,1,Smartcomm Ltd,Smartcomm Ltd,Paid,Sales - LEON,LEON,2280.0,1,0
GTUK / Apex Tech Scotland Ltd,INV-2013/341,2013-12-09,2013,,0,Smartcomm Ltd,Smartcomm Ltd,Paid,,,0.0,1,0
GTUK / Apex Tech Scotland Ltd,INV-2013/341,2013-12-09,2013,,1,Smartcomm Ltd,Smartcomm Ltd,Paid,Sales - OTHERS,OTHERS,-142.2,1,0
GTUK / Apex Tech Scotland Ltd,INV-2013/351,2013-12-10,2013,,2,V2 International,V2 International,Paid,Sales - LEON,LEON,480.0,1,0
GTUK / Apex Tech Scotland Ltd,INV-2013/365,2013-12-10,2013,,1,Olive Audio Visual Ltd,Olive Audio Visual Ltd,Paid,Sales - LEON,LEON,125.0,1,0
GTUK / Apex Tech Scotland Ltd,INV-2013/371,2013-12-10,2013,,1,Grahams,Grahams,Paid,Sales - DPI,DPI,16200.0,1,0
GTUK / Apex Tech Scotland Ltd,INV-2013/377,2013-12-10,2013,,1,Grahams,Grahams,Paid,Sales - DPI,DPI,2250.0,1,0
GTUK / Apex Tech Scotland Ltd,INV-2013/377,2013-12-10,2013,,1,Grahams,Grahams,Paid,Sales - OTHERS,OTHERS,1500.0,1,0
GTUK / Apex Tech Scotland Ltd,INV-2013/379,2013-12-10,2013,,3,Cyberhomes Ltd,Cyberhomes Ltd,Paid,Sales - STEALTH,STEALTH,750.0,1,0
GTUK / Apex Tech Scotland Ltd,INV-2013/349,2013-12-16,2013,,1,City heights,City heights,Paid,Sales - DPI,DPI,10000.0,1,0
GTUK / Apex Tech Scotland Ltd,INV-2013/355,2013-12-16,2013,,1,Smartcomm Ltd,Smartcomm Ltd,Paid,Sales - BARCO,BARCO,13000.0,1,0
GTUK / Apex Tech Scotland Ltd,INV-2013/355,2013-12-16,2013,,1,Smartcomm Ltd,Smartcomm Ltd,Paid,Sales - STEWART,STEWART,14300.0,1,0
GTUK / Apex Tech Scotland Ltd,INV-2013/375,2013-12-16,2013,,1,BATH CI,BATH CI,Paid,Sales - CINEVERSUM,CINEVERSUM,6435.0,1,0
GTUK / Apex Tech Scotland Ltd,INV-2013/387,2013-12-16,2013,,1,Circle Automation,Circle Automation,Paid,Sales - OTHERS,OTHERS,1950.0,1,0
GTUK / Apex Tech Scotland Ltd,INV-2013/387,2013-12-16,2013,,1,Circle Automation,Circle Automation,Paid,Sales - ADA,ADA,1980.0,1,0
GTUK / Apex Tech Scotland Ltd,INV-2013/394,2013-12-16,2013,,1,Rooms Brother Ltd.,Rooms Brother Ltd.,Paid,Sales - CINEVERSUM,CINEVERSUM,55.0,1,0
GTUK / Apex Tech Scotland Ltd,INV-2013/398,2013-12-16,2013,,1,The Little Cinema Company Ltd,The Little Cinema Company Ltd,Paid,Sales - AGATH,AGATH,1520.0,1,0
GTUK / Apex Tech Scotland Ltd,INV-2013/398,2013-12-16,2013,,1,The Little Cinema Company Ltd,The Little Cinema Company Ltd,Paid,Sales - AGATH,AGATH,256.0,1,0
GTUK / Apex Tech Scotland Ltd,INV-2013/378,2013-12-17,2013,,2,Custom Sight & Sound Ltd,Custom Sight & Sound Ltd,Paid,Sales - LEON,LEON,240.0,1,0
GTUK / Apex Tech Scotland Ltd,INV-2013/378,2013-12-17,2013,,1,Custom Sight & Sound Ltd,Custom Sight & Sound Ltd,Paid,Sales - LEON,LEON,2340.0,1,0
GTUK / Apex Tech Scotland Ltd,INV-2013/378,2013-12-17,2013,,1,Custom Sight & Sound Ltd,Custom Sight & Sound Ltd,Paid,Sales - LEON,LEON,660.0,1,0
GTUK / Apex Tech Scotland Ltd,INV-2013/401,2013-12-18,2013,,1,Systems AV,Systems AV,Paid,Sales - STEALTH,STEALTH,450.0,1,0
GTUK / Apex Tech Scotland Ltd,INV-2013/401,2013-12-18,2013,,6,Systems AV,Systems AV,Paid,Sales - STEALTH,STEALTH,540.0,1,0
GTUK / Apex Tech Scotland Ltd,INV-2013/391,2013-12-19,2013,,1,The Little Cinema Company Ltd,The Little Cinema Company Ltd,Paid,Sales - LEON,LEON,120.0,1,0
GTUK / Apex Tech Scotland Ltd,INV-2013/391,2013-12-19,2013,,1,The Little Cinema Company Ltd,The Little Cinema Company Ltd,Paid,Sales - LEON,LEON,1800.0,1,0
GTUK / Apex Tech Scotland Ltd,INV-2013/406,2013-12-20,2013,,8,Agnito UK Ltd,Agnito UK Ltd,Paid,Sales - STEALTH,STEALTH,600.0,1,0
GTUK / Apex Tech Scotland Ltd,INV-2013/406,2013-12-20,2013,,8,Agnito UK Ltd,Agnito UK Ltd,Paid,Sales - STEALTH,STEALTH,720.0,1,0
GTUK / Apex Tech Scotland Ltd,INV-2013/406,2013-12-20,2013,,6,Agnito UK Ltd,Agnito UK Ltd,Paid,Sales - STEALTH,STEALTH,1890.0,1,0
GTUK / Apex Tech Scotland Ltd,INV-2013/406,2013-12-20,2013,,4,Agnito UK Ltd,Agnito UK Ltd,Paid,Sales - STEALTH,STEALTH,1800.0,1,0
GTUK / Apex Tech Scotland Ltd,INV-2013/384,2014-01-10,2014,,1,Smartcomm Ltd,Smartcomm Ltd,Paid,Sales - CINEVERSUM,CINEVERSUM,4108.0,1,0
GTUK / Apex Tech Scotland Ltd,INV-2013/409,2014-01-13,2014,,1,Cornflake Ltd.,Cornflake Ltd.,Paid,Sales - STEALTH,STEALTH,500.0,1,0
GTUK / Apex Tech Scotland Ltd,INV-2013/413,2014-01-13,2014,,1,Agnito UK Ltd,Agnito UK Ltd,Paid,Sales - STEALTH,STEALTH,315.0,1,0
GTUK / Apex Tech Scotland Ltd,INV-2013/413,2014-01-13,2014,,4,Agnito UK Ltd,Agnito UK Ltd,Paid,Sales - STEALTH,STEALTH,1800.0,1,0
GTUK / Apex Tech Scotland Ltd,INV-2013/413,2014-01-13,2014,,1,Agnito UK Ltd,Agnito UK Ltd,Paid,Sales - STEALTH,STEALTH,405.0,1,0
GTUK / Apex Tech Scotland Ltd,INV-2013/414,2014-01-13,2014,,1,Tectone,Tectone,Paid,Sales - LUMAGEN,LUMAGEN,1400.0,1,0
GTUK / Apex Tech Scotland Ltd,INV-2013/416,2014-01-13,2014,,5,Mosaic Audio & Visual Ltd,Mosaic Audio & Visual Ltd,Paid,Sales - STEALTH,STEALTH,450.0,1,0
GTUK / Apex Tech Scotland Ltd,INV-2013/417,2014-01-13,2014,,1,PPM,PPM,Paid,Sales - WISDOM,WISDOM,2500.0,1,0
GTUK / Apex Tech Scotland Ltd,INV-2013/324,2014-01-13,2014,,1,Icon Connect Ltd,Icon Connect Ltd,Paid,Sales - HTC,HTC,11895.0,1,0
GTUK / Apex Tech Scotland Ltd,INV-2013/397,2014-01-13,2014,HDMI 8 x 8 Matrix Audio Video,1,Mr & Mrs Schwarzmann,Mr & Mrs Schwarzmann,Paid,Sales - HTC,HTC,4650.0,1,0
GTUK / Apex Tech Scotland Ltd,INV-2013/397,2014-01-13,2014,LEAF-LTB1-E  Breakout Balun,6,Mr & Mrs Schwarzmann,Mr & Mrs Schwarzmann,Paid,Sales - HTC,HTC,1500.0,1,0
GTUK / Apex Tech Scotland Ltd,INV-2013/397,2014-01-13,2014,Item Name,6,Mr & Mrs Schwarzmann,Mr & Mrs Schwarzmann,Paid,Sales - HTC,HTC,300.0,1,0
GTUK / Apex Tech Scotland Ltd,INV-2013/397,2014-01-13,2014,Ancillaries - Cables and Conne,1,Mr & Mrs Schwarzmann,Mr & Mrs Schwarzmann,Paid,Sales - HTC,HTC,500.0,1,0
GTUK / Apex Tech Scotland Ltd,INV-2013/397,2014-01-13,2014,Connect Master,1,Mr & Mrs Schwarzmann,Mr & Mrs Schwarzmann,Paid,Sales - HTC,HTC,299.0,1,0
GTUK / Apex Tech Scotland Ltd,INV-2013/397,2014-01-13,2014,Connect Slave,4,Mr & Mrs Schwarzmann,Mr & Mrs Schwarzmann,Paid,Sales - HTC,HTC,910.0,1,0
GTUK / Apex Tech Scotland Ltd,INV-2013/397,2014-01-13,2014,Sonos Connect,12,Mr & Mrs Schwarzmann,Mr & Mrs Schwarzmann,Paid,Sales - HTC,HTC,2790.0,1,0
GTUK / Apex Tech Scotland Ltd,INV-2013/397,2014-01-13,2014,Sonos Play:5,2,Mr & Mrs Schwarzmann,Mr & Mrs Schwarzmann,Paid,Sales - HTC,HTC,580.0,1,0
GTUK / Apex Tech Scotland Ltd,INV-2013/397,2014-01-13,2014,Sonos Connect Rack Shelves,4,Mr & Mrs Schwarzmann,Mr & Mrs Schwarzmann,Paid,Sales - HTC,HTC,264.0,1,0
GTUK / Apex Tech Scotland Ltd,INV-2013/397,2014-01-13,2014,Ripping NAS Drive,1,Mr & Mrs Schwarzmann,Mr & Mrs Schwarzmann,Paid,Sales - HTC,HTC,1490.0,1,0
GTUK / Apex Tech Scotland Ltd,INV-2013/397,2014-01-13,2014,System Reprogramming,1,Mr & Mrs Schwarzmann,Mr & Mrs Schwarzmann,Paid,Sales - HTC,HTC,1250.0,1,0
GTUK / Apex Tech Scotland Ltd,INV-2013/397,2014-01-13,2014,Installation Labour & Expences,1,Mr & Mrs Schwarzmann,Mr & Mrs Schwarzmann,Paid,Sales - HTC,HTC,4250.0,1,0
GTUK / Apex Tech Scotland Ltd,INV-2013/397,2014-01-13,2014,,0,Mr & Mrs Schwarzmann,Mr & Mrs Schwarzmann,Paid,,,0.0,1,0
GTUK / Apex Tech Scotland Ltd,INV-2013/399,2014-01-13,2014,,1,Face to Face Digital,Face to Face Digital,Paid,Sales - LEON,LEON,120.0,1,0
GTUK / Apex Tech Scotland Ltd,INV-2013/399,2014-01-13,2014,,1,Face to Face Digital,Face to Face Digital,Paid,Sales - LEON,LEON,1500.0,1,0
GTUK / Apex Tech Scotland Ltd,INV-2013/400,2014-01-13,2014,,29,V2 International,V2 International,Paid,Sales - LEON,LEON,6612.0,1,0
GTUK / Apex Tech Scotland Ltd,INV-2013/400,2014-01-13,2014,,1,V2 International,V2 International,Paid,Sales - OTHERS,OTHERS,975.0,1,0
GTUK / Apex Tech Scotland Ltd,INV-2013/402,2014-01-13,2014,,1,V2 International,V2 International,Paid,Sales - OTHERS,OTHERS,1700.0,1,0
GTUK / Apex Tech Scotland Ltd,INV-2013/273,2014-01-13,2014,,1,V2 International,V2 International,Paid,Sales - CINEVERSUM,CINEVERSUM,5000.0,1,0
GTUK / Apex Tech Scotland Ltd,INV-2013/273,2014-01-13,2014,,16,V2 International,V2 International,Paid,Sales - LEAF,LEAF,2600.0,1,0
GTUK / Apex Tech Scotland Ltd,INV-2013/273,2014-01-13,2014,,1,V2 International,V2 International,Paid,Sales - LEAF,LEAF,7150.0,1,0
GTUK / Apex Tech Scotland Ltd,INV-2013/408,2014-01-15,2014,,8,Elegant Solutions International Limited,Elegant Solutions International Limited,Paid,Sales - LEON,LEON,240.0,1,0
GTUK / Apex Tech Scotland Ltd,INV-2013/408,2014-01-15,2014,,1,Elegant Solutions International Limited,Elegant Solutions International Limited,Paid,Sales - LEON,LEON,2047.5,1,0
GTUK / Apex Tech Scotland Ltd,INV-2013/408,2014-01-15,2014,,1,Elegant Solutions International Limited,Elegant Solutions International Limited,Paid,Sales - LEON,LEON,227.5,1,0
GTUK / Apex Tech Scotland Ltd,INV-2013/408,2014-01-15,2014,,1,Elegant Solutions International Limited,Elegant Solutions International Limited,Paid,Sales - LEON,LEON,2229.5,1,0
GTUK / Apex Tech Scotland Ltd,INV-2013/408,2014-01-15,2014,,4,Elegant Solutions International Limited,Elegant Solutions International Limited,Paid,Sales - LEON,LEON,2356.88,1,0
GTUK / Apex Tech Scotland Ltd,INV-2013/408,2014-01-15,2014,,4,Elegant Solutions International Limited,Elegant Solutions International Limited,Paid,Sales - LEON,LEON,819.0,1,0
GTUK / Apex Tech Scotland Ltd,INV-2013/408,2014-01-15,2014,,1,Elegant Solutions International Limited,Elegant Solutions International Limited,Paid,Sales - DATASAT,DATASAT,9300.0,1,0
GTUK / Apex Tech Scotland Ltd,INV-2013/408,2014-01-15,2014,,1,Elegant Solutions International Limited,Elegant Solutions International Limited,Paid,Sales - DATASAT,DATASAT,7200.0,1,0
GTUK / Apex Tech Scotland Ltd,INV-2013/408,2014-01-15,2014,,1,Elegant Solutions International Limited,Elegant Solutions International Limited,Paid,Sales - LEON,LEON,2520.0,1,0
GTUK / Apex Tech Scotland Ltd,INV-2013/411,2014-01-15,2014,,4,Icon Connect Ltd,Icon Connect Ltd,Paid,Sales - LEON,LEON,840.0,1,0
GTUK / Apex Tech Scotland Ltd,INV-2013/421,2014-01-15,2014,,1,Custom Sight & Sound Ltd,Custom Sight & Sound Ltd,Paid,Sales - ADA,ADA,480.0,1,0
GTUK / Apex Tech Scotland Ltd,INV-2013/422,2014-01-15,2014,,1,Agnito UK Ltd,Agnito UK Ltd,Paid,Sales - STEALTH,STEALTH,405.0,1,0
GTUK / Apex Tech Scotland Ltd,INV-2013/357,2014-01-15,2014,,1,The Little Cinema Company Ltd,The Little Cinema Company Ltd,Paid,Sales - STEWART,STEWART,12028.5,1,0
GTUK / Apex Tech Scotland Ltd,INV-2013/426,2014-01-21,2014,,1,Mosaic Audio & Visual Ltd,Mosaic Audio & Visual Ltd,Paid,Sales - STEALTH,STEALTH,225.0,1,0
GTUK / Apex Tech Scotland Ltd,INV-2013/380,2014-01-21,2014,,1,Firefly Automation Ltd,Firefly Automation Ltd,Paid,Sales - STEWART,STEWART,3888.0,1,0
GTUK / Apex Tech Scotland Ltd,INV-2013/410,2014-01-27,2014,,1,Premier Audio Video,Premier Audio Video,Paid,Sales - DATASAT,DATASAT,7200.0,1,0
GTUK / Apex Tech Scotland Ltd,INV-2013/418,2014-01-27,2014,,3,Olive Audio Visual Ltd,Olive Audio Visual Ltd,Paid,Sales - LEON,LEON,360.0,1,0
GTUK / Apex Tech Scotland Ltd,INV-2013/418,2014-01-27,2014,,1,Olive Audio Visual Ltd,Olive Audio Visual Ltd,Paid,Sales - LEON,LEON,1140.0,1,0
GTUK / Apex Tech Scotland Ltd,INV-2013/418,2014-01-27,2014,,2,Olive Audio Visual Ltd,Olive Audio Visual Ltd,Paid,Sales - LEON,LEON,1320.0,1,0
GTUK / Apex Tech Scotland Ltd,INV-2013/418,2014-01-27,2014,,1,Olive Audio Visual Ltd,Olive Audio Visual Ltd,Paid,Sales - ADA,ADA,1920.0,1,0
GTUK / Apex Tech Scotland Ltd,INV-2013/419,2014-01-27,2014,,2,Elegant Solutions International Limited,Elegant Solutions International Limited,Paid,Sales - LEON,LEON,420.0,1,0
GTUK / Apex Tech Scotland Ltd,INV-2013/424,2014-01-27,2014,,1,Emiror Research Limited,Emiror Research Limited,Paid,Sales - STEALTH,STEALTH,90.0,1,0
GTUK / Apex Tech Scotland Ltd,INV-2013/424,2014-01-27,2014,,10,Emiror Research Limited,Emiror Research Limited,Paid,Sales - STEALTH,STEALTH,5000.0,1,0
GTUK / Apex Tech Scotland Ltd,INV-2013/424,2014-01-27,2014,,1,Emiror Research Limited,Emiror Research Limited,Paid,Sales - STEALTH,STEALTH,90.0,1,0
GTUK / Apex Tech Scotland Ltd,INV-2013/424,2014-01-27,2014,,33,Emiror Research Limited,Emiror Research Limited,Paid,Sales - STEALTH,STEALTH,7425.0,1,0
GTUK / Apex Tech Scotland Ltd,INV-2013/428,2014-01-27,2014,,2,Sound Environment,Sound Environment,Paid,Sales - STEALTH,STEALTH,180.0,1,0
GTUK / Apex Tech Scotland Ltd,INV-2013/428,2014-01-27,2014,,1,Sound Environment,Sound Environment,Paid,Sales - STEALTH,STEALTH,1000.0,1,0
GTUK / Apex Tech Scotland Ltd,INV-2013/356,2014-01-27,2014,,2,James and Giles,James and Giles,Paid,Sales - LEON,LEON,180.0,1,0
GTUK / Apex Tech Scotland Ltd,INV-2013/356,2014-01-27,2014,,2,James and Giles,James and Giles,Paid,Sales - LEON,LEON,3240.0,1,0
GTUK / Apex Tech Scotland Ltd,INV-2013/433,2014-01-29,2014,,1,Clever Association,Clever Association,Paid,Sales - DPI,DPI,675.0,1,0
GTUK / Apex Tech Scotland Ltd,INV-2013/436,2014-02-07,2014,,4,Mosaic Audio & Visual Ltd,Mosaic Audio & Visual Ltd,Paid,Sales - STEALTH,STEALTH,900.0,1,0
GTUK / Apex Tech Scotland Ltd,INV-2013/431,2014-02-12,2014,,1,The Little Cinema Company Ltd,The Little Cinema Company Ltd,Paid,Sales - LEON,LEON,120.0,1,0
GTUK / Apex Tech Scotland Ltd,INV-2013/431,2014-02-12,2014,,1,The Little Cinema Company Ltd,The Little Cinema Company Ltd,Paid,Sales - LEON,LEON,2340.0,1,0
GTUK / Apex Tech Scotland Ltd,INV-2013/432,2014-02-12,2014,,1,Raid Systems Ltd,Raid Systems Ltd,Paid,Sales - LEON,LEON,120.0,1,0
GTUK / Apex Tech Scotland Ltd,INV-2013/432,2014-02-12,2014,,1,Raid Systems Ltd,Raid Systems Ltd,Paid,Sales - LEON,LEON,1020.0,1,0
GTUK / Apex Tech Scotland Ltd,INV-2013/435,2014-02-12,2014,,1,Sound Environment,Sound Environment,Paid,Sales - STEALTH,STEALTH,500.0,1,0
GTUK / Apex Tech Scotland Ltd,INV-2013/435,2014-02-12,2014,,2,Sound Environment,Sound Environment,Paid,Sales - STEALTH,STEALTH,180.0,1,0
GTUK / Apex Tech Scotland Ltd,INV-2013/442,2014-02-12,2014,,2,Sensory International Ltd,Sensory International Ltd,Paid,Sales - CINEVERSUM,CINEVERSUM,640.0,1,0
GTUK / Apex Tech Scotland Ltd,INV-2013/443,2014-02-12,2014,,2,Smartcomm Ltd,Smartcomm Ltd,Paid,Sales - LEON,LEON,1080.0,1,0
GTUK / Apex Tech Scotland Ltd,INV-2013/452,2014-02-12,2014,,1,Automated AV Systems Ltd,Automated AV Systems Ltd,Paid,Sales - STEALTH,STEALTH,225.0,1,0
GTUK / Apex Tech Scotland Ltd,INV-2013/452,2014-02-12,2014,,1,Automated AV Systems Ltd,Automated AV Systems Ltd,Paid,Sales - STEALTH,STEALTH,90.0,1,0
GTUK / Apex Tech Scotland Ltd,INV-2013/454,2014-02-12,2014,,1,Yacht Intelligence Ltd,Yacht Intelligence Ltd,Paid,Sales - LEON,LEON,2550.0,1,0
GTUK / Apex Tech Scotland Ltd,INV-2013/455,2014-02-12,2014,,1,Livewire Home Integration Ltd,Livewire Home Integration Ltd,Paid,Sales - ADA,ADA,1650.0,1,0
GTUK / Apex Tech Scotland Ltd,URN463,2014-02-14,2014,,1,Agnito UK Ltd,Agnito UK Ltd,Paid,Sales - STEALTH,STEALTH,-450.0,1,0
GTUK / Apex Tech Scotland Ltd,URN463,2014-02-14,2014,,10,Agnito UK Ltd,Agnito UK Ltd,Paid,Sales - STEALTH,STEALTH,-750.0,1,0
GTUK / Apex Tech Scotland Ltd,INV-2013/466,2014-02-21,2014,,3,AT&C Professional Systems Ltd,AT&C Professional Systems Ltd,Paid,Sales - STEALTH,STEALTH,675.0,1,0
GTUK / Apex Tech Scotland Ltd,INV-2013/445,2014-02-24,2014,,1,Smartcomm Ltd,Smartcomm Ltd,Paid,Sales - LEON,LEON,90.0,1,0
GTUK / Apex Tech Scotland Ltd,INV-2013/445,2014-02-24,2014,,1,Smartcomm Ltd,Smartcomm Ltd,Paid,Sales - LEON,LEON,660.0,1,0
GTUK / Apex Tech Scotland Ltd,INV-2013/470,2014-02-24,2014,,1,BATH CI,BATH CI,Paid,Sales - CINEVERSUM,CINEVERSUM,250.0,1,0
GTUK / Apex Tech Scotland Ltd,INV-2013/437,2014-02-25,2014,,1,Mr & Mrs Schwarzmann,Mr & Mrs Schwarzmann,Paid,Sales - HTC,HTC,290.0,1,0
GTUK / Apex Tech Scotland Ltd,INV-2013/439,2014-02-25,2014,,1,Premier Audio Video,Premier Audio Video,Paid,Sales - AERIAL,AERIAL,400.0,1,0
GTUK / Apex Tech Scotland Ltd,INV-2013/446,2014-02-25,2014,,1,Icon Connect Ltd,Icon Connect Ltd,Paid,Sales - ADA,ADA,2160.0,1,0
GTUK / Apex Tech Scotland Ltd,INV-2013/450,2014-02-25,2014,,1,Icon Connect Ltd,Icon Connect Ltd,Paid,Sales - ADA,ADA,3150.0,1,0
GTUK / Apex Tech Scotland Ltd,INV-2013/456,2014-02-25,2014,,2,ETO M/Y Lady S,ETO M/Y Lady S,Paid,Sales - SERVICES,SERVICES,1000.0,1,0
GTUK / Apex Tech Scotland Ltd,INV-2013/456,2014-02-25,2014,,1,ETO M/Y Lady S,ETO M/Y Lady S,Paid,Sales - STEWART,STEWART,4921.5,1,0
GTUK / Apex Tech Scotland Ltd,INV-2013/456,2014-02-25,2014,,1,ETO M/Y Lady S,ETO M/Y Lady S,Paid,Sales - STEWART,STEWART,255.0,1,0
GTUK / Apex Tech Scotland Ltd,INV-2013/456,2014-02-25,2014,,0,ETO M/Y Lady S,ETO M/Y Lady S,Paid,,,0.0,1,0
GTUK / Apex Tech Scotland Ltd,INV-2013/457,2014-02-25,2014,,1,Livewire Home Integration Ltd,Livewire Home Integration Ltd,Paid,Sales - LEON,LEON,1020.0,1,0
GTUK / Apex Tech Scotland Ltd,INV-2013/457,2014-02-25,2014,,1,Livewire Home Integration Ltd,Livewire Home Integration Ltd,Paid,Sales - LEON,LEON,1920.0,1,0
GTUK / Apex Tech Scotland Ltd,INV-2013/457,2014-02-25,2014,,1,Livewire Home Integration Ltd,Livewire Home Integration Ltd,Paid,Sales - LEON,LEON,120.0,1,0
GTUK / Apex Tech Scotland Ltd,INV-2013/462,2014-02-25,2014,,2,The Next Level,The Next Level,Paid,Sales - HTC,HTC,400.0,1,0
GTUK / Apex Tech Scotland Ltd,INV-2013/462,2014-02-25,2014,,2,The Next Level,The Next Level,Paid,Sales - HTC,HTC,400.0,1,0
GTUK / Apex Tech Scotland Ltd,INV-2013/407,2014-02-26,2014,,1,City heights,City heights,Paid,Sales - DPI,DPI,10000.0,1,0
GTUK / Apex Tech Scotland Ltd,INV-2013/434,2014-02-26,2014,,1,Tillman Domotics,Tillman Domotics,Paid,Sales - LEAF,LEAF,129.0,1,0
GTUK / Apex Tech Scotland Ltd,INV-2013/438,2014-02-26,2014,,1,City heights,City heights,Paid,Sales - DATASAT,DATASAT,1500.0,1,0
GTUK / Apex Tech Scotland Ltd,INV-2013/444,2014-02-26,2014,,1,Revolve CI,Revolve CI,Paid,Sales - STEALTH,STEALTH,375.0,1,0
GTUK / Apex Tech Scotland Ltd,INV-2013/444,2014-02-26,2014,,2,Revolve CI,Revolve CI,Paid,Sales - STEALTH,STEALTH,180.0,1,0
GTUK / Apex Tech Scotland Ltd,INV-2013/444,2014-02-26,2014,,2,Revolve CI,Revolve CI,Paid,Sales - STEALTH,STEALTH,180.0,1,0
GTUK / Apex Tech Scotland Ltd,INV-2013/444,2014-02-26,2014,,1,Revolve CI,Revolve CI,Paid,Sales - STEALTH,STEALTH,400.0,1,0
GTUK / Apex Tech Scotland Ltd,INV-2013/444,2014-02-26,2014,,1,Revolve CI,Revolve CI,Paid,Sales - STEALTH,STEALTH,500.0,1,0
GTUK / Apex Tech Scotland Ltd,INV-2013/451,2014-02-26,2014,,15,Tillman Domotics,Tillman Domotics,Paid,Sales - LEAF,LEAF,1942.5,1,0
GTUK / Apex Tech Scotland Ltd,INV-2013/451,2014-02-26,2014,,1,Tillman Domotics,Tillman Domotics,Paid,Sales - LEAF,LEAF,5325.0,1,0
GTUK / Apex Tech Scotland Ltd,INV-2013/451,2014-02-26,2014,,1,Tillman Domotics,Tillman Domotics,Paid,Sales - LEAF,LEAF,120.0,1,0
GTUK / Apex Tech Scotland Ltd,INV-2013/464,2014-02-26,2014,,2,Cyberhomes Ltd,Cyberhomes Ltd,Paid,Sales - STEALTH,STEALTH,750.0,1,0
GTUK / Apex Tech Scotland Ltd,INV-2013/468,2014-02-26,2014,,6,Inspired Dwellings,Inspired Dwellings,Paid,Sales - STEALTH,STEALTH,1500.0,1,0
GTUK / Apex Tech Scotland Ltd,INV-2013/482,2014-03-03,2014,,6,AT&C Audio Technology & Communications Ltd,AT&C Audio Technology & Communications Ltd,Paid,Sales - STEALTH,STEALTH,450.0,1,0
GTUK / Apex Tech Scotland Ltd,INV-2013/425,2014-03-11,2014,,3,Yacht Intelligence Ltd,Yacht Intelligence Ltd,Paid,Sales - LEON,LEON,1800.0,1,0
GTUK / Apex Tech Scotland Ltd,INV-2013/425,2014-03-11,2014,,1,Yacht Intelligence Ltd,Yacht Intelligence Ltd,Paid,Sales - LEON,LEON,2700.0,1,0
GTUK / Apex Tech Scotland Ltd,INV-2013/425,2014-03-11,2014,,6,Yacht Intelligence Ltd,Yacht Intelligence Ltd,Paid,Sales - LEON,LEON,1782.0,1,0
GTUK / Apex Tech Scotland Ltd,INV-2013/425,2014-03-11,2014,,1,Yacht Intelligence Ltd,Yacht Intelligence Ltd,Paid,Sales - CINEVERSUM,CINEVERSUM,3835.0,1,0
GTUK / Apex Tech Scotland Ltd,INV-2013/425,2014-03-11,2014,,1,Yacht Intelligence Ltd,Yacht Intelligence Ltd,Paid,Sales - STEWART,STEWART,2095.0,1,0
GTUK / Apex Tech Scotland Ltd,INV-2013/425,2014-03-11,2014,,1,Yacht Intelligence Ltd,Yacht Intelligence Ltd,Paid,Sales - OTHERS,OTHERS,1596.0,1,0
GTUK / Apex Tech Scotland Ltd,INV-2013/425,2014-03-11,2014,,1,Yacht Intelligence Ltd,Yacht Intelligence Ltd,Paid,,,0.0,1,0
GTUK / Apex Tech Scotland Ltd,INV-2013/499,2014-03-11,2014,,1,Clarke Infinity Ltd,Clarke Infinity Ltd,Paid,Sales - LEON,LEON,120.0,1,0
GTUK / Apex Tech Scotland Ltd,INV-2013/499,2014-03-11,2014,,1,Clarke Infinity Ltd,Clarke Infinity Ltd,Paid,Sales - LEON,LEON,1020.0,1,0
GTUK / Apex Tech Scotland Ltd,INV-2013/504,2014-03-17,2014,,1,Verde Construction,Verde Construction,Paid,Sales - SERVICES,SERVICES,30000.0,1,0
GTUK / Apex Tech Scotland Ltd,INV-2013/506,2014-03-17,2014,,1,Grahams,Grahams,Paid,Sales - STEWART,STEWART,1300.0,1,0
GTUK / Apex Tech Scotland Ltd,INV-2013/507,2014-03-17,2014,,3,AT&C Audio Technology & Communications Ltd,AT&C Audio Technology & Communications Ltd,Paid,Sales - STEALTH,STEALTH,1500.0,1,0
GTUK / Apex Tech Scotland Ltd,INV-2013/507,2014-03-17,2014,,1,AT&C Audio Technology & Communications Ltd,AT&C Audio Technology & Communications Ltd,Paid,Sales - STEALTH,STEALTH,250.0,1,0
GTUK / Apex Tech Scotland Ltd,INV-2013/508,2014-03-17,2014,,1,Icon Connect Ltd,Icon Connect Ltd,Paid,Sales - ADA,ADA,2850.0,1,0
GTUK / Apex Tech Scotland Ltd,INV-2013/508,2014-03-17,2014,,1,Icon Connect Ltd,Icon Connect Ltd,Paid,Sales - ADA,ADA,3150.0,1,0
GTUK / Apex Tech Scotland Ltd,URN509,2014-03-18,2014,,1,Smartcomm Ltd,Smartcomm Ltd,Paid,Sales - LEON,LEON,-1080.0,1,0
GTUK / Apex Tech Scotland Ltd,INV-2013/486,2014-03-18,2014,,16,AVM Impact,AVM Impact,Paid,Sales - LEON,LEON,960.0,1,0
GTUK / Apex Tech Scotland Ltd,INV-2013/486,2014-03-18,2014,,16,AVM Impact,AVM Impact,Paid,Sales - LEON,LEON,10640.0,1,0
GTUK / Apex Tech Scotland Ltd,INV-2013/513,2014-03-20,2014,,1,AT&C Audio Technology & Communications Ltd,AT&C Audio Technology & Communications Ltd,Paid,Sales - STEALTH,STEALTH,500.0,1,0
GTUK / Apex Tech Scotland Ltd,INV-2013/514,2014-03-24,2014,,2,Livewire Home Integration Ltd,Livewire Home Integration Ltd,Paid,Sales - ADA,ADA,3840.0,1,0
GTUK / Apex Tech Scotland Ltd,INV-2013/514,2014-03-24,2014,,2,Livewire Home Integration Ltd,Livewire Home Integration Ltd,Paid,Sales - STEALTH,STEALTH,180.0,1,0
GTUK / Apex Tech Scotland Ltd,INV-2013/514,2014-03-24,2014,,1,Livewire Home Integration Ltd,Livewire Home Integration Ltd,Paid,Sales - STEALTH,STEALTH,500.0,1,0
GTUK / Apex Tech Scotland Ltd,INV-2013/514,2014-03-24,2014,,1,Livewire Home Integration Ltd,Livewire Home Integration Ltd,Paid,Sales - ADA,ADA,2250.0,1,0
GTUK / Apex Tech Scotland Ltd,INV-2013/514,2014-03-24,2014,,2,Livewire Home Integration Ltd,Livewire Home Integration Ltd,Paid,Sales - ADA,ADA,11400.0,1,0
GTUK / Apex Tech Scotland Ltd,INV-2013/514,2014-03-24,2014,,3,Livewire Home Integration Ltd,Livewire Home Integration Ltd,Paid,Sales - WISDOM,WISDOM,9000.0,1,0
GTUK / Apex Tech Scotland Ltd,INV-2013/514,2014-03-24,2014,,2,Livewire Home Integration Ltd,Livewire Home Integration Ltd,Paid,Sales - WISDOM,WISDOM,6600.0,1,0
GTUK / Apex Tech Scotland Ltd,INV-2013/517,2014-03-25,2014,,7,Olive Audio Visual Ltd,Olive Audio Visual Ltd,Paid,Sales - STEALTH,STEALTH,630.0,1,0
GTUK / Apex Tech Scotland Ltd,INV-2013/523,2014-03-27,2014,,1,Tillman Domotics,Tillman Domotics,Paid,Sales - STEALTH,STEALTH,350.0,1,0
GTUK / Apex Tech Scotland Ltd,INV-2013/458,2014-03-28,2014,,1,Fusion.One International Ltd,Fusion.One International Ltd,Paid,Sales - STEWART,STEWART,6786.0,1,0
GTUK / Apex Tech Scotland Ltd,INV-2013/458,2014-03-28,2014,,1,Fusion.One International Ltd,Fusion.One International Ltd,Paid,Sales - STEWART,STEWART,175.5,1,0
GTUK / Apex Tech Scotland Ltd,INV-2013/461,2014-03-28,2014,,1,Premier Audio Video,Premier Audio Video,Paid,Sales - DATASAT,DATASAT,1500.0,1,0
GTUK / Apex Tech Scotland Ltd,INV-2013/475,2014-03-28,2014,,2,James and Giles,James and Giles,Paid,Sales - LEON,LEON,150.0,1,0
GTUK / Apex Tech Scotland Ltd,INV-2013/510,2014-03-28,2014,,1,Cyberhomes Ltd,Cyberhomes Ltd,Paid,Sales - LUMAGEN,LUMAGEN,1125.0,1,0
GTUK / Apex Tech Scotland Ltd,INV-2013/512,2014-03-28,2014,,1,Genesis Home Technologies SL,Genesis Home Technologies SL,Paid,Sales - DATASAT,DATASAT,2727.39,1,0
GTUK / Apex Tech Scotland Ltd,INV-2013/520,2014-03-28,2014,,1,Smartcomm Ltd,Smartcomm Ltd,Paid,Sales - LEON,LEON,120.0,1,0
GTUK / Apex Tech Scotland Ltd,INV-2013/520,2014-03-28,2014,,1,Smartcomm Ltd,Smartcomm Ltd,Paid,Sales - LEON,LEON,1140.0,1,0
GTUK / Apex Tech Scotland Ltd,INV-2013/512,2014-03-28,2014,,1,Genesis Home Technologies SL,Genesis Home Technologies SL,Paid,Sales - DATASAT,DATASAT,200.0,1,0
GTUK / Apex Tech Scotland Ltd,INV-2013/479,2014-03-28,2014,,60,What You See And Hear Limited,What You See And Hear Limited,Paid,Sales - STEALTH,STEALTH,5400.0,1,0
GTUK / Apex Tech Scotland Ltd,INV-2013/480,2014-03-28,2014,,1,Revolve CI,Revolve CI,Paid,Sales - STEALTH,STEALTH,375.0,1,0
GTUK / Apex Tech Scotland Ltd,INV-2013/480,2014-03-28,2014,,2,Revolve CI,Revolve CI,Paid,Sales - STEALTH,STEALTH,180.0,1,0
GTUK / Apex Tech Scotland Ltd,INV-2013/480,2014-03-28,2014,,2,Revolve CI,Revolve CI,Paid,Sales - STEALTH,STEALTH,180.0,1,0
GTUK / Apex Tech Scotland Ltd,INV-2013/480,2014-03-28,2014,,1,Revolve CI,Revolve CI,Paid,Sales - STEALTH,STEALTH,400.0,1,0
GTUK / Apex Tech Scotland Ltd,INV-2013/480,2014-03-28,2014,,1,Revolve CI,Revolve CI,Paid,Sales - STEALTH,STEALTH,500.0,1,0
GTUK / Apex Tech Scotland Ltd,INV-2013/481,2014-03-28,2014,,1,City heights,City heights,Paid,Sales - DATASAT,DATASAT,1600.0,1,0
GTUK / Apex Tech Scotland Ltd,INV-2013/483,2014-03-28,2014,,1,Unique Home Technologies,Unique Home Technologies,Paid,Sales - LEON,LEON,1140.0,1,0
GTUK / Apex Tech Scotland Ltd,INV-2013/483,2014-03-28,2014,,1,Unique Home Technologies,Unique Home Technologies,Paid,Sales - LEON,LEON,120.0,1,0
GTUK / Apex Tech Scotland Ltd,INV-2013/485,2014-03-28,2014,,4,i-Homes London,i-Homes London,Paid,Sales - STEALTH,STEALTH,360.0,1,0
GTUK / Apex Tech Scotland Ltd,INV-2013/485,2014-03-28,2014,,4,i-Homes London,i-Homes London,Paid,Sales - STEALTH,STEALTH,360.0,1,0
GTUK / Apex Tech Scotland Ltd,INV-2013/487,2014-03-28,2014,,1,WBS Keillot,WBS Keillot,Paid,Sales - HTC,HTC,4324.0,1,0
GTUK / Apex Tech Scotland Ltd,INV-2013/487,2014-03-28,2014,,0,WBS Keillot,WBS Keillot,Paid,,,0.0,1,0
GTUK / Apex Tech Scotland Ltd,INV-2013/488,2014-03-28,2014,,16,AVM Impact,AVM Impact,Paid,Sales - LEON,LEON,960.0,1,0
GTUK / Apex Tech Scotland Ltd,INV-2013/488,2014-03-28,2014,,16,AVM Impact,AVM Impact,Paid,Sales - LEON,LEON,10640.0,1,0
GTUK / Apex Tech Scotland Ltd,INV-2013/489,2014-03-28,2014,,1,Sona Projects Limited,Sona Projects Limited,Paid,Sales - ADA,ADA,1350.0,1,0
GTUK / Apex Tech Scotland Ltd,INV-2013/489,2014-03-28,2014,,1,Sona Projects Limited,Sona Projects Limited,Paid,Sales - ADA,ADA,1870.0,1,0
GTUK / Apex Tech Scotland Ltd,INV-2013/490,2014-03-28,2014,,1,Twisted Pear Consultancy,Twisted Pear Consultancy,Paid,Sales - CINEVERSUM,CINEVERSUM,300.0,1,0
GTUK / Apex Tech Scotland Ltd,INV-2013/492,2014-03-28,2014,,1,Inspired Dwellings,Inspired Dwellings,Paid,Sales - AGATH,AGATH,975.0,1,0
GTUK / Apex Tech Scotland Ltd,INV-2013/494,2014-03-28,2014,,10,Genesis Home Technologies SL,Genesis Home Technologies SL,Paid,Sales - LEAF,LEAF,744.91,1,0
GTUK / Apex Tech Scotland Ltd,INV-2013/494,2014-03-28,2014,,1,Genesis Home Technologies SL,Genesis Home Technologies SL,Paid,Sales - LEAF,LEAF,3247.99,1,0
GTUK / Apex Tech Scotland Ltd,INV-2013/494,2014-03-28,2014,,1,Genesis Home Technologies SL,Genesis Home Technologies SL,Paid,Sales - OTHERS,OTHERS,159.71,1,0
GTUK / Apex Tech Scotland Ltd,INV-2013/500,2014-03-28,2014,,1,Icon Connect Ltd,Icon Connect Ltd,Paid,Sales - LEON,LEON,2050.0,1,0
GTUK / Apex Tech Scotland Ltd,INV-2013/501,2014-03-28,2014,,1,Tillman Domotics,Tillman Domotics,Paid,Sales - AGATH,AGATH,1105.0,1,0
GTUK / Apex Tech Scotland Ltd,INV-2013/502,2014-03-28,2014,,4,Mosaic Audio & Visual Ltd,Mosaic Audio & Visual Ltd,Paid,Sales - STEALTH,STEALTH,360.0,1,0
GTUK / Apex Tech Scotland Ltd,INV-2013/502,2014-03-28,2014,,2,Mosaic Audio & Visual Ltd,Mosaic Audio & Visual Ltd,Paid,Sales - STEALTH,STEALTH,900.0,1,0
GTUK / Apex Tech Scotland Ltd,INV-2013/526,2014-03-31,2014,,1,Verde Construction,Verde Construction,Paid,Sales - SERVICES,SERVICES,30000.0,1,0
GTUK / Apex Tech Scotland Ltd,INV-2013/527,2014-04-01,2014,,1,Automated AV Systems Ltd,Automated AV Systems Ltd,Paid,Sales - STEWART,STEWART,2179.5,1,0
GTUK / Apex Tech Scotland Ltd,INV-2013/528,2014-04-01,2014,,2,Tillman Domotics,Tillman Domotics,Paid,Sales - STEALTH,STEALTH,180.0,1,0
GTUK / Apex Tech Scotland Ltd,INV-2013/528,2014-04-01,2014,,1,Tillman Domotics,Tillman Domotics,Paid,Sales - STEALTH,STEALTH,450.0,1,0
GTUK / Apex Tech Scotland Ltd,INV-2013/497,2014-04-02,2014,,1,HTC,HTC,Paid,Sales - OTHERS,OTHERS,1413.8,1,0
GTUK / Apex Tech Scotland Ltd,INV-2013/538,2014-04-07,2014,,1,Sistem Integrator,Sistem Integrator,Paid,Sales - OTHERS,OTHERS,80833.19,1,0
GTUK / Apex Tech Scotland Ltd,INV-2013/538,2014-04-07,2014,,1,Sistem Integrator,Sistem Integrator,Paid,Sales - OTHERS,OTHERS,-4041.66,1,0
GTUK / Apex Tech Scotland Ltd,INV-2013/538,2014-04-07,2014,,0,Sistem Integrator,Sistem Integrator,Paid,,,0.0,1,0
GTUK / Apex Tech Scotland Ltd,INV-2013/541,2014-04-08,2014,,2,The Big Picture,The Big Picture,Paid,Sales - PRO AUDIO,PRO AUDIO,2420.0,1,0
GTUK / Apex Tech Scotland Ltd,INV-2013/545,2014-04-10,2014,,1,Smartcomm Ltd,Smartcomm Ltd,Paid,Sales - LEON,LEON,90.0,1,0
GTUK / Apex Tech Scotland Ltd,INV-2013/545,2014-04-10,2014,,1,Smartcomm Ltd,Smartcomm Ltd,Paid,Sales - LEON,LEON,1020.0,1,0
GTUK / Apex Tech Scotland Ltd,INV-2013/535,2014-04-11,2014,,1,Genesis Home Technologies SL,Genesis Home Technologies SL,Paid,Sales - LEAF,LEAF,1231.67,1,0
GTUK / Apex Tech Scotland Ltd,INV-2013/505,2014-04-11,2014,,1,Smartcomm Ltd,Smartcomm Ltd,Paid,Sales - LEON,LEON,1140.0,1,0
GTUK / Apex Tech Scotland Ltd,INV-2013/505,2014-04-11,2014,,1,Smartcomm Ltd,Smartcomm Ltd,Paid,Sales - LEON,LEON,120.0,1,0
GTUK / Apex Tech Scotland Ltd,INV-2013/522,2014-04-14,2014,,2,Genesis Home Technologies SL,Genesis Home Technologies SL,Paid,Sales - LEON,LEON,180.85,1,0
GTUK / Apex Tech Scotland Ltd,INV-2013/522,2014-04-14,2014,,2,Genesis Home Technologies SL,Genesis Home Technologies SL,Paid,Sales - LEON,LEON,466.57,1,0
GTUK / Apex Tech Scotland Ltd,INV-2013/522,2014-04-14,2014,,1,Genesis Home Technologies SL,Genesis Home Technologies SL,Paid,Sales - LEON,LEON,733.03,1,0
GTUK / Apex Tech Scotland Ltd,INV-2013/522,2014-04-14,2014,,3,Genesis Home Technologies SL,Genesis Home Technologies SL,Paid,Sales - LEON,LEON,755.93,1,0
GTUK / Apex Tech Scotland Ltd,INV-2013/543,2014-04-22,2014,,56,Sistem Integrator,Sistem Integrator,Paid,Sales - HTC,HTC,12001.63,1,0
GTUK / Apex Tech Scotland Ltd,INV-2013/543,2014-04-22,2014,,56,Sistem Integrator,Sistem Integrator,Paid,Sales - HTC,HTC,3540.89,1,0
GTUK / Apex Tech Scotland Ltd,INV-2013/543,2014-04-22,2014,,56,Sistem Integrator,Sistem Integrator,Paid,Sales - HTC,HTC,270.2,1,0
GTUK / Apex Tech Scotland Ltd,INV-2013/543,2014-04-22,2014,,1,Sistem Integrator,Sistem Integrator,Paid,Sales - HTC,HTC,-1689.41,1,0
GTUK / Apex Tech Scotland Ltd,INV-2013/543,2014-04-22,2014,,0,Sistem Integrator,Sistem Integrator,Paid,,,0.0,1,0
GTUK / Apex Tech Scotland Ltd,INV-2013/543,2014-04-22,2014,,56,Sistem Integrator,Sistem Integrator,Paid,Sales - HTC,HTC,540.72,1,0
GTUK / Apex Tech Scotland Ltd,INV-2013/543,2014-04-22,2014,,56,Sistem Integrator,Sistem Integrator,Paid,Sales - HTC,HTC,540.72,1,0
GTUK / Apex Tech Scotland Ltd,INV-2013/552,2014-04-24,2014,,1,AT&C Audio Technology & Communications Ltd,AT&C Audio Technology & Communications Ltd,Paid,Sales - STEALTH,STEALTH,375.0,1,0
GTUK / Apex Tech Scotland Ltd,INV-2013/552,2014-04-24,2014,,1,AT&C Audio Technology & Communications Ltd,AT&C Audio Technology & Communications Ltd,Paid,Sales - STEALTH,STEALTH,700.0,1,0
GTUK / Apex Tech Scotland Ltd,INV-2013/552,2014-04-24,2014,,1,AT&C Audio Technology & Communications Ltd,AT&C Audio Technology & Communications Ltd,Paid,Sales - STEALTH,STEALTH,400.0,1,0
GTUK / Apex Tech Scotland Ltd,INV-2013/552,2014-04-24,2014,,4,AT&C Audio Technology & Communications Ltd,AT&C Audio Technology & Communications Ltd,Paid,Sales - STEALTH,STEALTH,360.0,1,0
GTUK / Apex Tech Scotland Ltd,INV-2013/552,2014-04-24,2014,,2,AT&C Audio Technology & Communications Ltd,AT&C Audio Technology & Communications Ltd,Paid,Sales - STEALTH,STEALTH,900.0,1,0
GTUK / Apex Tech Scotland Ltd,INV-2013/553,2014-04-24,2014,,1,Twisted Pear Consultancy,Twisted Pear Consultancy,Paid,Sales - CINEVERSUM,CINEVERSUM,750.0,1,0
GTUK / Apex Tech Scotland Ltd,INV-2013/555,2014-04-24,2014,,1,Fusion.One International Ltd,Fusion.One International Ltd,Paid,Sales - LEON,LEON,1500.0,1,0
GTUK / Apex Tech Scotland Ltd,INV-2013/555,2014-04-24,2014,,1,Fusion.One International Ltd,Fusion.One International Ltd,Paid,Sales - LEON,LEON,84.0,1,0
GTUK / Apex Tech Scotland Ltd,INV-2013/556,2014-04-24,2014,,1,Audiophile,Audiophile,Paid,Sales - CINEVERSUM,CINEVERSUM,325.0,1,0
GTUK / Apex Tech Scotland Ltd,INV-2013/558,2014-04-25,2014,,1,Livewire Home Integration Ltd,Livewire Home Integration Ltd,Paid,Sales - ADA,ADA,1920.0,1,0
GTUK / Apex Tech Scotland Ltd,INV-2013/560,2014-04-25,2014,,2,Olive Audio Visual Ltd,Olive Audio Visual Ltd,Paid,Sales - STEALTH,STEALTH,180.0,1,0
GTUK / Apex Tech Scotland Ltd,INV-2013/560,2014-04-25,2014,,2,Olive Audio Visual Ltd,Olive Audio Visual Ltd,Paid,Sales - STEALTH,STEALTH,900.0,1,0
GTUK / Apex Tech Scotland Ltd,INV-2013/560,2014-04-25,2014,,1,Olive Audio Visual Ltd,Olive Audio Visual Ltd,Paid,Sales - LEON,LEON,780.0,1,0
GTUK / Apex Tech Scotland Ltd,INV-2013/531,2014-04-29,2014,,1,Andrew Lucas London,Andrew Lucas London,Paid,Sales - STEALTH,STEALTH,225.0,1,0
GTUK / Apex Tech Scotland Ltd,INV-2013/531,2014-04-29,2014,,1,Andrew Lucas London,Andrew Lucas London,Paid,Sales - STEALTH,STEALTH,250.0,1,0
GTUK / Apex Tech Scotland Ltd,INV-2013/532,2014-04-29,2014,,6,Cyberhomes Ltd,Cyberhomes Ltd,Paid,Sales - STEALTH,STEALTH,540.0,1,0
GTUK / Apex Tech Scotland Ltd,INV-2013/534,2014-04-29,2014,,8,Tectone,Tectone,Paid,Sales - LEAF,LEAF,1032.0,1,0
GTUK / Apex Tech Scotland Ltd,INV-2013/534,2014-04-29,2014,,1,Tectone,Tectone,Paid,Sales - LEAF,LEAF,2550.0,1,0
GTUK / Apex Tech Scotland Ltd,INV-2013/539,2014-04-29,2014,,1,Adept Integrated Systems,Adept Integrated Systems,Paid,Sales - STEALTH,STEALTH,150.0,1,0
GTUK / Apex Tech Scotland Ltd,INV-2013/539,2014-04-29,2014,,4,Adept Integrated Systems,Adept Integrated Systems,Paid,Sales - STEALTH,STEALTH,450.0,1,0
GTUK / Apex Tech Scotland Ltd,INV-2013/539,2014-04-29,2014,,2,Adept Integrated Systems,Adept Integrated Systems,Paid,Sales - STEALTH,STEALTH,180.0,1,0
GTUK / Apex Tech Scotland Ltd,INV-2013/539,2014-04-29,2014,,22,Adept Integrated Systems,Adept Integrated Systems,Paid,Sales - STEALTH,STEALTH,1980.0,1,0
GTUK / Apex Tech Scotland Ltd,INV-2013/540,2014-04-29,2014,,1,Fusion.One International Ltd,Fusion.One International Ltd,Paid,Sales - LEON,LEON,1300.0,1,0
GTUK / Apex Tech Scotland Ltd,INV-2013/540,2014-04-29,2014,,1,Fusion.One International Ltd,Fusion.One International Ltd,Paid,Sales - LEON,LEON,100.0,1,0
GTUK / Apex Tech Scotland Ltd,INV-2013/544,2014-04-29,2014,,10,Genesis Home Technologies SL,Genesis Home Technologies SL,Paid,Sales - LEAF,LEAF,739.94,1,0
GTUK / Apex Tech Scotland Ltd,INV-2013/544,2014-04-29,2014,,1,Genesis Home Technologies SL,Genesis Home Technologies SL,Paid,Sales - LEAF,LEAF,3226.36,1,0
GTUK / Apex Tech Scotland Ltd,INV-2013/544,2014-04-29,2014,,1,Genesis Home Technologies SL,Genesis Home Technologies SL,Paid,Sales - OTHERS,OTHERS,158.65,1,0
GTUK / Apex Tech Scotland Ltd,INV-2013/548,2014-04-29,2014,,1,Icon Connect Ltd,Icon Connect Ltd,Paid,Sales - LEON,LEON,1140.0,1,0
GTUK / Apex Tech Scotland Ltd,INV-2013/548,2014-04-29,2014,,1,Icon Connect Ltd,Icon Connect Ltd,Paid,Sales - LEON,LEON,1140.0,1,0
GTUK / Apex Tech Scotland Ltd,INV-2013/548,2014-04-29,2014,,2,Icon Connect Ltd,Icon Connect Ltd,Paid,Sales - WISDOM,WISDOM,3300.0,1,0
GTUK / Apex Tech Scotland Ltd,INV-2013/548,2014-04-29,2014,,1,Icon Connect Ltd,Icon Connect Ltd,Paid,Sales - ACURUS,ACURUS,1500.0,1,0
GTUK / Apex Tech Scotland Ltd,INV-2013/554,2014-04-29,2014,,4,Cornflake Ltd.,Cornflake Ltd.,Paid,Sales - STEALTH,STEALTH,2000.0,1,0
GTUK / Apex Tech Scotland Ltd,INV-2013/557,2014-04-29,2014,,1,Home Control Solutions,Home Control Solutions,Paid,Sales - LEAF,LEAF,2160.0,1,0
GTUK / Apex Tech Scotland Ltd,INV-2013/561,2014-04-29,2014,,1,MSASA AV,MSASA AV,Paid,Sales - DPI,DPI,700.0,1,0
GTUK / Apex Tech Scotland Ltd,INV-2013/562,2014-04-29,2014,,1,Project Print Management,Project Print Management,Paid,Sales - WISDOM,WISDOM,2016.67,1,0
GTUK / Apex Tech Scotland Ltd,INV-2013/563,2014-04-29,2014,,1,Justin Murray,Justin Murray,Paid,Sales - WISDOM,WISDOM,2016.67,1,0
GTUK / Apex Tech Scotland Ltd,INV-2013/511,2014-04-29,2014,,1,Automated AV Systems Ltd,Automated AV Systems Ltd,Paid,Sales - ADA,ADA,3150.0,1,0
GTUK / Apex Tech Scotland Ltd,INV-2013/511,2014-04-29,2014,,1,Automated AV Systems Ltd,Automated AV Systems Ltd,Paid,Sales - PRO AUDIO,PRO AUDIO,2640.0,1,0
GTUK / Apex Tech Scotland Ltd,INV-2013/511,2014-04-29,2014,,1,Automated AV Systems Ltd,Automated AV Systems Ltd,Paid,Sales - PRO AUDIO,PRO AUDIO,3715.0,1,0
GTUK / Apex Tech Scotland Ltd,INV-2013/511,2014-04-29,2014,,1,Automated AV Systems Ltd,Automated AV Systems Ltd,Paid,Sales - PRO AUDIO,PRO AUDIO,3025.0,1,0
GTUK / Apex Tech Scotland Ltd,INV-2013/515,2014-04-29,2014,,6,i-Homes London,i-Homes London,Paid,Sales - LEON,LEON,3222.0,1,0
GTUK / Apex Tech Scotland Ltd,INV-2013/515,2014-04-29,2014,,6,i-Homes London,i-Homes London,Paid,Sales - LEON,LEON,9720.0,1,0
GTUK / Apex Tech Scotland Ltd,INV-2013/515,2014-04-29,2014,,10,i-Homes London,i-Homes London,Paid,Sales - LEON,LEON,120.0,1,0
GTUK / Apex Tech Scotland Ltd,INV-2013/515,2014-04-29,2014,,10,i-Homes London,i-Homes London,Paid,Sales - LEON,LEON,3000.0,1,0
GTUK / Apex Tech Scotland Ltd,INV-2013/518,2014-04-29,2014,,9,Genesis Home Technologies SL,Genesis Home Technologies SL,Paid,Sales - LEAF,LEAF,665.95,1,0
GTUK / Apex Tech Scotland Ltd,INV-2013/518,2014-04-29,2014,,1,Genesis Home Technologies SL,Genesis Home Technologies SL,Paid,Sales - LEAF,LEAF,3226.36,1,0
GTUK / Apex Tech Scotland Ltd,INV-2013/518,2014-04-29,2014,,1,Genesis Home Technologies SL,Genesis Home Technologies SL,Paid,Sales - OTHERS,OTHERS,158.65,1,0
GTUK / Apex Tech Scotland Ltd,INV-2013/521,2014-04-29,2014,,2,Custom Sight & Sound Ltd,Custom Sight & Sound Ltd,Paid,Sales - LEON,LEON,240.0,1,0
GTUK / Apex Tech Scotland Ltd,INV-2013/521,2014-04-29,2014,,1,Custom Sight & Sound Ltd,Custom Sight & Sound Ltd,Paid,Sales - LEON,LEON,2340.0,1,0
GTUK / Apex Tech Scotland Ltd,INV-2013/521,2014-04-29,2014,,1,Custom Sight & Sound Ltd,Custom Sight & Sound Ltd,Paid,Sales - LEON,LEON,1620.0,1,0
GTUK / Apex Tech Scotland Ltd,INV-2013/498,2014-04-29,2014,,1,V2 International,V2 International,Paid,Sales - LEAF,LEAF,1170.0,1,0
GTUK / Apex Tech Scotland Ltd,INV-2013/498,2014-04-29,2014,,1,V2 International,V2 International,Paid,Sales - OTHERS,OTHERS,-500.0,1,0
GTUK / Apex Tech Scotland Ltd,INV-2013/559,2014-04-30,2014,,1,Automated AV Systems Ltd,Automated AV Systems Ltd,Paid,Sales - CINEVERSUM,CINEVERSUM,3610.0,1,0
GTUK / Apex Tech Scotland Ltd,INV-2013/559,2014-04-30,2014,,1,Automated AV Systems Ltd,Automated AV Systems Ltd,Paid,Sales - CINEVERSUM,CINEVERSUM,200.0,1,0
GTUK / Apex Tech Scotland Ltd,INV-2013/564,2014-04-30,2014,,1,Electronic Zone Ltd,Electronic Zone Ltd,Paid,Sales - LEON,LEON,4900.0,1,0
GTUK / Apex Tech Scotland Ltd,INV-2013/524,2014-04-30,2014,,1,Velocity,Velocity,Paid,Sales - STEALTH,STEALTH,90.0,1,0
GTUK / Apex Tech Scotland Ltd,INV-2013/567,2014-05-01,2014,,1,Dudden Construction,Dudden Construction,Paid,Sales - BARRISOL COUTURE,BARRISOL COUTURE,2357.0,1,0
GTUK / Apex Tech Scotland Ltd,INV-2013/567,2014-05-01,2014,,0,Dudden Construction,Dudden Construction,Paid,,,0.0,1,0
GTUK / Apex Tech Scotland Ltd,INV-2013/568,2014-05-01,2014,,2,AT&C Audio Technology & Communications Ltd,AT&C Audio Technology & Communications Ltd,Paid,Sales - STEALTH,STEALTH,180.0,1,0
GTUK / Apex Tech Scotland Ltd,INV-2013/569,2014-05-01,2014,,2,Olive Audio Visual Ltd,Olive Audio Visual Ltd,Paid,Sales - STEALTH,STEALTH,180.0,1,0
GTUK / Apex Tech Scotland Ltd,INV-2014/570,2014-05-09,2014,ADA-PTM-1645,1,Circle Automation,Circle Automation,Paid,Sales - ADA,ADA,1920.0,1,0
GTUK / Apex Tech Scotland Ltd,INV-2014/571,2014-05-09,2014,,1,James and Giles,James and Giles,Paid,Sales - LEON,LEON,780.0,1,0
GTUK / Apex Tech Scotland Ltd,INV-2014/571,2014-05-09,2014,,1,James and Giles,James and Giles,Paid,Sales - LEON,LEON,120.0,1,0
GTUK / Apex Tech Scotland Ltd,INV-2014/572,2014-05-09,2014,STH-LR8g,2,Aspect Home Cinema,Aspect Home Cinema,Paid,Sales - STEALTH,STEALTH,1000.0,1,0
GTUK / Apex Tech Scotland Ltd,INV-2014/572,2014-05-09,2014,STH-MBC-22,4,Aspect Home Cinema,Aspect Home Cinema,Paid,Sales - STEALTH,STEALTH,360.0,1,0
GTUK / Apex Tech Scotland Ltd,INV-2014/573,2014-05-09,2014,,24,Marquee Installations Ltd,Marquee Installations Ltd,Paid,Sales - STEALTH,STEALTH,2880.0,1,0
GTUK / Apex Tech Scotland Ltd,INV-2014/574,2014-05-09,2014,,1,Ideaworks Limited,Ideaworks Limited,Paid,Sales - LEON,LEON,1020.0,1,0
GTUK / Apex Tech Scotland Ltd,INV-2014/574,2014-05-09,2014,,1,Ideaworks Limited,Ideaworks Limited,Paid,Sales - LEON,LEON,120.0,1,0
GTUK / Apex Tech Scotland Ltd,INV-2014/575,2014-05-09,2014,ADA-PTM-1645,1,i-Homes London,i-Homes London,Paid,Sales - ADA,ADA,1920.0,1,0
GTUK / Apex Tech Scotland Ltd,INV-2014/575,2014-05-09,2014,,6,i-Homes London,i-Homes London,Paid,Sales - STEALTH,STEALTH,4200.0,1,0
GTUK / Apex Tech Scotland Ltd,INV-2014/576,2014-05-09,2014,,1,Tillman Domotics,Tillman Domotics,Paid,Sales - HTC,HTC,30634.0,1,0
GTUK / Apex Tech Scotland Ltd,INV-2014/577,2014-05-09,2014,,1,Pilbrow and Partners,Pilbrow and Partners,Paid,Sales - BARRISOL COUTURE,BARRISOL COUTURE,23785.0,1,0
GTUK / Apex Tech Scotland Ltd,INV-2014/577,2014-05-09,2014,,0,Pilbrow and Partners,Pilbrow and Partners,Paid,,,0.0,1,0
GTUK / Apex Tech Scotland Ltd,INV-2014/578,2014-05-13,2014,STH-LR6,12,Marquee Installations Ltd,Marquee Installations Ltd,Paid,Sales - STEALTH,STEALTH,5400.0,1,0
GTUK / Apex Tech Scotland Ltd,URN580,2014-05-15,2014,,8,Elegant Solutions International Limited,Elegant Solutions International Limited,Paid,Sales - LEON,LEON,-240.0,1,0
GTUK / Apex Tech Scotland Ltd,URN580,2014-05-15,2014,,1,Elegant Solutions International Limited,Elegant Solutions International Limited,Paid,Sales - LEON,LEON,-2047.5,1,0
GTUK / Apex Tech Scotland Ltd,URN580,2014-05-15,2014,,1,Elegant Solutions International Limited,Elegant Solutions International Limited,Paid,Sales - LEON,LEON,-227.5,1,0
GTUK / Apex Tech Scotland Ltd,URN580,2014-05-15,2014,,4,Elegant Solutions International Limited,Elegant Solutions International Limited,Paid,Sales - LEON,LEON,-2356.88,1,0
GTUK / Apex Tech Scotland Ltd,URN580,2014-05-15,2014,,4,Elegant Solutions International Limited,Elegant Solutions International Limited,Paid,Sales - LEON,LEON,-819.0,1,0
GTUK / Apex Tech Scotland Ltd,URN580,2014-05-15,2014,,1,Elegant Solutions International Limited,Elegant Solutions International Limited,Paid,Sales - LEON,LEON,-2520.0,1,0
GTUK / Apex Tech Scotland Ltd,URN580,2014-05-15,2014,,1,Elegant Solutions International Limited,Elegant Solutions International Limited,Paid,Sales - LEON,LEON,-2229.5,1,0
GTUK / Apex Tech Scotland Ltd,URN580,2014-05-15,2014,,1,Elegant Solutions International Limited,Elegant Solutions International Limited,Paid,Sales - LEON,LEON,300.0,1,0
GTUK / Apex Tech Scotland Ltd,INV-2014/581,2014-05-16,2014,LEO-A8-400,1,Inspired Dwellings,Inspired Dwellings,Paid,Sales - LEON,LEON,900.0,1,0
GTUK / Apex Tech Scotland Ltd,INV-2014/581,2014-05-16,2014,LEO-FMB,2,Inspired Dwellings,Inspired Dwellings,Paid,Sales - LEON,LEON,168.0,1,0
GTUK / Apex Tech Scotland Ltd,INV-2014/581,2014-05-16,2014,LEO-Ds113,2,Inspired Dwellings,Inspired Dwellings,Paid,Sales - LEON,LEON,420.0,1,0
GTUK / Apex Tech Scotland Ltd,INV-2014/581,2014-05-16,2014,LEO-HzUT-LCR,1,Inspired Dwellings,Inspired Dwellings,Paid,Sales - LEON,LEON,1140.0,1,0
GTUK / Apex Tech Scotland Ltd,INV-2014/582,2014-05-16,2014,,3,Marquee Installations Ltd,Marquee Installations Ltd,Paid,Sales - STEALTH,STEALTH,1350.0,1,0
GTUK / Apex Tech Scotland Ltd,INV-2014/582,2014-05-16,2014,,6,Marquee Installations Ltd,Marquee Installations Ltd,Paid,Sales - STEALTH,STEALTH,540.0,1,0
GTUK / Apex Tech Scotland Ltd,INV-2014/583,2014-05-16,2014,LEO-Hz-MMB,1,Smartcomm Ltd,Smartcomm Ltd,Paid,,,0.0,1,0
GTUK / Apex Tech Scotland Ltd,INV-2014/584,2014-05-22,2014,STH-B22G,4,Marquee Installations Ltd,Marquee Installations Ltd,Paid,Sales - STEALTH,STEALTH,1600.0,1,0
GTUK / Apex Tech Scotland Ltd,INV-2014/584,2014-05-22,2014,STH-LR8G,6,Marquee Installations Ltd,Marquee Installations Ltd,Paid,Sales - STEALTH,STEALTH,3000.0,1,0
GTUK / Apex Tech Scotland Ltd,INV-2014/584,2014-05-22,2014,STH-MBC-22,20,Marquee Installations Ltd,Marquee Installations Ltd,Paid,Sales - STEALTH,STEALTH,1800.0,1,0
GTUK / Apex Tech Scotland Ltd,INV-2014/585,2014-05-22,2014,LEO-Hz515-LCR-X-A,1,Inspired Dwellings,Inspired Dwellings,Paid,Sales - LEON,LEON,1800.0,1,0
GTUK / Apex Tech Scotland Ltd,INV-2014/585,2014-05-22,2014,LEO-Hz-MMB,1,Inspired Dwellings,Inspired Dwellings,Paid,Sales - LEON,LEON,90.0,1,0
GTUK / Apex Tech Scotland Ltd,INV-2014/586,2014-05-22,2014,,2,Sensory International Ltd,Sensory International Ltd,Paid,Sales - ADA,ADA,3840.0,1,0
GTUK / Apex Tech Scotland Ltd,INV-2014/586,2014-05-22,2014,,2,Sensory International Ltd,Sensory International Ltd,Paid,Sales - ADA,ADA,2880.0,1,0
GTUK / Apex Tech Scotland Ltd,INV-2014/587,2014-05-22,2014,,1,The Next Level,The Next Level,Paid,Sales - LEAF,LEAF,2790.0,1,0
GTUK / Apex Tech Scotland Ltd,INV-2014/587,2014-05-22,2014,,1,The Next Level,The Next Level,Paid,Sales - LEAF,LEAF,102.0,1,0
GTUK / Apex Tech Scotland Ltd,URN588,2014-05-23,2014,,1,Elegant Solutions International Limited,Elegant Solutions International Limited,Paid,Sales - LEON,LEON,-2.24,1,0
GTUK / Apex Tech Scotland Ltd,URN588,2014-05-23,2014,,1,Elegant Solutions International Limited,Elegant Solutions International Limited,Paid,Sales - LEON,LEON,-19.0,1,0
GTUK / Apex Tech Scotland Ltd,URN588,2014-05-23,2014,,1,Elegant Solutions International Limited,Elegant Solutions International Limited,Paid,Sales - LEON,LEON,-2.11,1,0
GTUK / Apex Tech Scotland Ltd,URN588,2014-05-23,2014,,1,Elegant Solutions International Limited,Elegant Solutions International Limited,Paid,Sales - LEON,LEON,-20.69,1,0
GTUK / Apex Tech Scotland Ltd,URN588,2014-05-23,2014,,1,Elegant Solutions International Limited,Elegant Solutions International Limited,Paid,Sales - LEON,LEON,-21.87,1,0
GTUK / Apex Tech Scotland Ltd,URN588,2014-05-23,2014,,1,Elegant Solutions International Limited,Elegant Solutions International Limited,Paid,Sales - LEON,LEON,-7.6,1,0
GTUK / Apex Tech Scotland Ltd,URN588,2014-05-23,2014,,1,Elegant Solutions International Limited,Elegant Solutions International Limited,Paid,Sales - DATASAT,DATASAT,-86.3,1,0
GTUK / Apex Tech Scotland Ltd,URN588,2014-05-23,2014,,1,Elegant Solutions International Limited,Elegant Solutions International Limited,Paid,Sales - DATASAT,DATASAT,-66.81,1,0
GTUK / Apex Tech Scotland Ltd,URN588,2014-05-23,2014,,1,Elegant Solutions International Limited,Elegant Solutions International Limited,Paid,Sales - LEON,LEON,-23.38,1,0
GTUK / Apex Tech Scotland Ltd,INV-2014/592 Orig,2014-05-25,2014,LEO-Hz313-LR-X-A,1,Olive Audio Visual Ltd,Olive Audio Visual Ltd,Paid,Sales - LEON,LEON,900.0,1,0
GTUK / Apex Tech Scotland Ltd,INV-2014/592 Orig,2014-05-25,2014,LEO-Hz-UMB/OMB,1,Olive Audio Visual Ltd,Olive Audio Visual Ltd,Paid,Sales - LEON,LEON,120.0,1,0
GTUK / Apex Tech Scotland Ltd,INV-2014/592 Orig,2014-05-25,2014,,0,Olive Audio Visual Ltd,Olive Audio Visual Ltd,Paid,,,0.0,1,0
GTUK / Apex Tech Scotland Ltd,INV-2014/591,2014-05-27,2014,LEO-HzUltima-LR,1,Fusion.One International Ltd,Fusion.One International Ltd,Paid,Sales - LEON,LEON,2340.0,1,0
GTUK / Apex Tech Scotland Ltd,INV-2014/591,2014-05-27,2014,LEO-THRU,1,Fusion.One International Ltd,Fusion.One International Ltd,Paid,Sales - LEON,LEON,30.0,1,0
GTUK / Apex Tech Scotland Ltd,INV-2014/591,2014-05-27,2014,,0,Fusion.One International Ltd,Fusion.One International Ltd,Paid,,,0.0,1,0
GTUK / Apex Tech Scotland Ltd,INV-2014/592,2014-05-28,2014,LEO-HzUT-LR-X-A,1,Olive Audio Visual Ltd,Olive Audio Visual Ltd,Paid,Sales - LEON,LEON,1380.0,1,0
GTUK / Apex Tech Scotland Ltd,INV-2014/592,2014-05-28,2014,LEO-Hz-UMB/OMB,1,Olive Audio Visual Ltd,Olive Audio Visual Ltd,Paid,Sales - LEON,LEON,120.0,1,0
GTUK / Apex Tech Scotland Ltd,INV-2014/593,2014-05-28,2014,,1,Homeplay Ltd,Homeplay Ltd,Paid,Sales - DPI,DPI,675.0,1,0
GTUK / Apex Tech Scotland Ltd,URN594,2014-05-31,2014,,1,Tillman Domotics,Tillman Domotics,Paid,Sales - HTC,HTC,-30634.0,1,0
GTUK / Apex Tech Scotland Ltd,URN600,2014-05-31,2014,,1,HTC,HTC,Paid,Sales - OTHERS,OTHERS,-1413.8,1,0
GTUK / Apex Tech Scotland Ltd,INV-2013/542,2014-06-01,2014,,1,Keiba Solutions,Keiba Solutions,Paid,Sales - STEWART,STEWART,1811.78,1,0
GTUK / Apex Tech Scotland Ltd,INV-2014/579,2014-06-01,2014,,1,Environ Audio Ltd,Environ Audio Ltd,Paid,Sales - STEWART,STEWART,28911.22,1,0
GTUK / Apex Tech Scotland Ltd,INV-2014/579,2014-06-01,2014,,0,Environ Audio Ltd,Environ Audio Ltd,Paid,,,0.0,1,0
GTUK / Apex Tech Scotland Ltd,INV-2014/589,2014-06-01,2014,STH-LR6G,9,Andrew Lucas London,Andrew Lucas London,Paid,Sales - STEALTH,STEALTH,4050.0,1,0
GTUK / Apex Tech Scotland Ltd,INV-2014/589,2014-06-01,2014,STH-SLR8G,1,Andrew Lucas London,Andrew Lucas London,Paid,Sales - STEALTH,STEALTH,350.0,1,0
GTUK / Apex Tech Scotland Ltd,INV-2013/525,2014-06-01,2014,,1,Philharmonic AV Ltd,Philharmonic AV Ltd,Paid,,,0.0,1,0
GTUK / Apex Tech Scotland Ltd,INV-2013/525,2014-06-01,2014,,1,Philharmonic AV Ltd,Philharmonic AV Ltd,Paid,Sales - AGATH,AGATH,3395.0,1,0
GTUK / Apex Tech Scotland Ltd,URN601,2014-06-03,2014,,1,Fusion.One International Ltd,Fusion.One International Ltd,Paid,Sales - LEON,LEON,-1300.0,1,0
GTUK / Apex Tech Scotland Ltd,URN601,2014-06-03,2014,,1,Fusion.One International Ltd,Fusion.One International Ltd,Paid,Sales - LEON,LEON,-100.0,1,0
GTUK / Apex Tech Scotland Ltd,INV-2014/602,2014-06-03,2014,,1,Fusion.One International Ltd,Fusion.One International Ltd,Paid,Sales - LEON,LEON,780.0,1,0
GTUK / Apex Tech Scotland Ltd,INV-2014/602,2014-06-03,2014,,1,Fusion.One International Ltd,Fusion.One International Ltd,Paid,Sales - LEON,LEON,100.0,1,0
GTUK / Apex Tech Scotland Ltd,URN603,2014-06-03,2014,STH-MBC-12,2,AT&C Audio Technology & Communications Ltd,AT&C Audio Technology & Communications Ltd,Paid,Sales - STEALTH,STEALTH,-180.0,1,0
GTUK / Apex Tech Scotland Ltd,URN603,2014-06-03,2014,STH-MBC-30,2,AT&C Audio Technology & Communications Ltd,AT&C Audio Technology & Communications Ltd,Paid,Sales - STEALTH,STEALTH,-180.0,1,0
GTUK / Apex Tech Scotland Ltd,URN603,2014-06-03,2014,,1,AT&C Audio Technology & Communications Ltd,AT&C Audio Technology & Communications Ltd,Paid,Sales - STEALTH,STEALTH,100.0,1,0
GTUK / Apex Tech Scotland Ltd,INV-2014/604,2014-06-04,2014,,308,Scotwood Interiors Ltd,Scotwood Interiors Ltd,Paid,Sales - BARRISOL COUTURE,BARRISOL COUTURE,16262.4,1,0
GTUK / Apex Tech Scotland Ltd,INV-2014/607,2014-06-04,2014,,1,Electronic Zone Ltd,Electronic Zone Ltd,Paid,Sales - LEON,LEON,4000.0,1,0
GTUK / Apex Tech Scotland Ltd,INV-2013/429,2014-06-06,2014,,1,Environ Audio Ltd,Environ Audio Ltd,Paid,Sales - HTC,HTC,7855.0,1,0
GTUK / Apex Tech Scotland Ltd,INV-2013/429,2014-06-06,2014,,1,Environ Audio Ltd,Environ Audio Ltd,Paid,Sales - HTC,HTC,7855.0,1,0
GTUK / Apex Tech Scotland Ltd,INV-2013/429,2014-06-06,2014,,1,Environ Audio Ltd,Environ Audio Ltd,Paid,Sales - HTC,HTC,13365.0,1,0
GTUK / Apex Tech Scotland Ltd,INV-2014/608,2014-06-06,2014,STH-LR6G,3,Mood Media,Mood Media,Paid,Sales - STEALTH,STEALTH,1350.0,1,0
GTUK / Apex Tech Scotland Ltd,INV-2014/608,2014-06-06,2014,,6,Mood Media,Mood Media,Paid,Sales - STEALTH,STEALTH,450.0,1,0
GTUK / Apex Tech Scotland Ltd,INV-2014/608,2014-06-06,2014,STH-PS-12,1,Mood Media,Mood Media,Paid,Sales - STEALTH,STEALTH,112.5,1,0
GTUK / Apex Tech Scotland Ltd,INV-2014/610,2014-06-06,2014,STH-LR8G,2,Systems AV,Systems AV,Paid,Sales - STEALTH,STEALTH,1000.0,1,0
GTUK / Apex Tech Scotland Ltd,INV-2014/610,2014-06-06,2014,STH-PS-22,1,Systems AV,Systems AV,Paid,Sales - STEALTH,STEALTH,112.5,1,0
GTUK / Apex Tech Scotland Ltd,INV-2014/610,2014-06-06,2014,STH-MBC-22,4,Systems AV,Systems AV,Paid,Sales - STEALTH,STEALTH,360.0,1,0
GTUK / Apex Tech Scotland Ltd,INV-2014/610,2014-06-06,2014,STH-LR6G,1,Systems AV,Systems AV,Paid,Sales - STEALTH,STEALTH,450.0,1,0
GTUK / Apex Tech Scotland Ltd,INV-2014/610,2014-06-06,2014,,1,Systems AV,Systems AV,Paid,Sales - STEALTH,STEALTH,75.0,1,0
GTUK / Apex Tech Scotland Ltd,INV-2014/610,2014-06-06,2014,STH-PS-12,1,Systems AV,Systems AV,Paid,Sales - STEALTH,STEALTH,112.5,1,0
GTUK / Apex Tech Scotland Ltd,INV-2014/611,2014-06-06,2014,STH-LR6GS,1,Velocity,Velocity,Paid,Sales - STEALTH,STEALTH,225.0,1,0
GTUK / Apex Tech Scotland Ltd,URN612,2014-06-09,2014,,1,Icon Connect Ltd,Icon Connect Ltd,Paid,Sales - ADA,ADA,-3150.0,1,0
GTUK / Apex Tech Scotland Ltd,URN612,2014-06-09,2014,,0,Icon Connect Ltd,Icon Connect Ltd,Paid,,,0.0,1,0
GTUK / Apex Tech Scotland Ltd,INV-2014/613,2014-06-12,2014,,24,Marquee Installations Ltd,Marquee Installations Ltd,Paid,Sales - STEALTH,STEALTH,2160.0,1,0
GTUK / Apex Tech Scotland Ltd,URN614,2014-06-12,2014,,1,Marquee Installations Ltd,Marquee Installations Ltd,Paid,Sales - STEALTH,STEALTH,-2880.0,1,0
GTUK / Apex Tech Scotland Ltd,INV-2014/616,2014-06-13,2014,,1,Sistem Integrator,Sistem Integrator,Paid,Sales - SERVICES,SERVICES,1000.0,1,0
GTUK / Apex Tech Scotland Ltd,INV-2014/617,2014-06-13,2014,STH-LR6G,1,Mood Media,Mood Media,Paid,Sales - STEALTH,STEALTH,450.0,1,0
GTUK / Apex Tech Scotland Ltd,INV-2014/617,2014-06-13,2014,,2,Mood Media,Mood Media,Paid,Sales - STEALTH,STEALTH,150.0,1,0
GTUK / Apex Tech Scotland Ltd,INV-2014/617,2014-06-13,2014,STH-PS-12,1,Mood Media,Mood Media,Paid,Sales - STEALTH,STEALTH,112.5,1,0
GTUK / Apex Tech Scotland Ltd,INV-2014/619,2014-06-16,2014,STH-255R,1,Archimedia,Archimedia,Paid,Sales - STEALTH,STEALTH,375.0,1,0
GTUK / Apex Tech Scotland Ltd,URN620,2014-06-16,2014,,1,Revolve CI,Revolve CI,Paid,Sales - STEALTH,STEALTH,-375.0,1,0
GTUK / Apex Tech Scotland Ltd,URN620,2014-06-16,2014,,1,Revolve CI,Revolve CI,Paid,Sales - STEALTH,STEALTH,-180.0,1,0
GTUK / Apex Tech Scotland Ltd,URN620,2014-06-16,2014,,1,Revolve CI,Revolve CI,Paid,Sales - STEALTH,STEALTH,-180.0,1,0
GTUK / Apex Tech Scotland Ltd,URN620,2014-06-16,2014,,1,Revolve CI,Revolve CI,Paid,Sales - STEALTH,STEALTH,-400.0,1,0
GTUK / Apex Tech Scotland Ltd,URN620,2014-06-16,2014,,1,Revolve CI,Revolve CI,Paid,Sales - STEALTH,STEALTH,-500.0,1,0
GTUK / Apex Tech Scotland Ltd,INV-2014/621,2014-06-17,2014,STH-MBC-22,8,The Media Rooms,The Media Rooms,Paid,Sales - STEALTH,STEALTH,720.0,1,0
GTUK / Apex Tech Scotland Ltd,URN622,2014-06-18,2014,,1,Smartcomm Ltd,Smartcomm Ltd,Paid,Sales - LEON,LEON,-120.0,1,0
GTUK / Apex Tech Scotland Ltd,URN622,2014-06-18,2014,,1,Smartcomm Ltd,Smartcomm Ltd,Paid,Sales - LEON,LEON,-1140.0,1,0
GTUK / Apex Tech Scotland Ltd,URN623,2014-06-18,2014,STH-MBC-30,2,Sound Environment,Sound Environment,Paid,Sales - STEALTH,STEALTH,-180.0,1,0
GTUK / Apex Tech Scotland Ltd,URN623,2014-06-18,2014,STH-LR3G,1,Sound Environment,Sound Environment,Paid,Sales - STEALTH,STEALTH,-1000.0,1,0
GTUK / Apex Tech Scotland Ltd,INV-2014/624,2014-06-20,2014,,2,Aspect Home Cinema,Aspect Home Cinema,Paid,Sales - STEALTH,STEALTH,1000.0,1,0
GTUK / Apex Tech Scotland Ltd,INV-2014/624,2014-06-20,2014,,4,Aspect Home Cinema,Aspect Home Cinema,Paid,Sales - STEALTH,STEALTH,360.0,1,0
GTUK / Apex Tech Scotland Ltd,INV-2014/625,2014-06-22,2014,AGA-MD242-N,1,Dawsons AV,Dawsons AV,Paid,Sales - AGATH,AGATH,3770.0,1,0
GTUK / Apex Tech Scotland Ltd,INV-2013/533,2014-06-23,2014,,1,Pixel Projects,Pixel Projects,Paid,Sales - AGATH,AGATH,7275.0,1,0
GTUK / Apex Tech Scotland Ltd,INV-2013/533,2014-06-23,2014,,0,Pixel Projects,Pixel Projects,Paid,,,0.0,1,0
GTUK / Apex Tech Scotland Ltd,INV-2014/626,2014-06-23,2014,,3,Sensory International Ltd,Sensory International Ltd,Paid,Sales - ADA,ADA,5760.0,1,0
GTUK / Apex Tech Scotland Ltd,INV-2013/453,2014-06-23,2014,,1,The Media Rooms,The Media Rooms,Paid,Sales - DATASAT,DATASAT,4000.0,1,0
GTUK / Apex Tech Scotland Ltd,INV-2014/627,2014-06-25,2014,CVS-BW2-13-ACT,1,Olive Audio Visual Ltd,Olive Audio Visual Ltd,Paid,Sales - CINEVERSUM,CINEVERSUM,5135.0,1,0
GTUK / Apex Tech Scotland Ltd,INV-2014/627,2014-06-25,2014,,0,Olive Audio Visual Ltd,Olive Audio Visual Ltd,Paid,,,0.0,1,0
GTUK / Apex Tech Scotland Ltd,INV-2014/627,2014-06-25,2014,,1,Olive Audio Visual Ltd,Olive Audio Visual Ltd,Paid,Sales - STEWART,STEWART,4307.84,1,0
GTUK / Apex Tech Scotland Ltd,INV-2014/627,2014-06-25,2014,,1,Olive Audio Visual Ltd,Olive Audio Visual Ltd,Paid,Sales - STEWART,STEWART,166.86,1,0
GTUK / Apex Tech Scotland Ltd,INV-2014/628,2014-06-26,2014,,1,Imagine this (UK) Ltd,Imagine this (UK) Ltd,Paid,Sales - ADA,ADA,960.0,1,0
GTUK / Apex Tech Scotland Ltd,INV-2014/629,2014-06-30,2014,STH-LR8G,1,The Media Rooms,The Media Rooms,Paid,Sales - STEALTH,STEALTH,500.0,1,0
GTUK / Apex Tech Scotland Ltd,INV-2014/630,2014-07-03,2014,AGA-T119.M,1,Inspired Dwellings,Inspired Dwellings,Paid,Sales - AGATH,AGATH,975.0,1,0
GTUK / Apex Tech Scotland Ltd,INV-2014/631,2014-07-03,2014,LEO-Hz313-LCR,2,Marine Entertainment Systems Ltd,Marine Entertainment Systems Ltd,Paid,Sales - LEON,LEON,1300.0,1,0
GTUK / Apex Tech Scotland Ltd,INV-2014/631,2014-07-03,2014,LEO-Hz-UMB/OMB,1,Marine Entertainment Systems Ltd,Marine Entertainment Systems Ltd,Paid,Sales - LEON,LEON,100.0,1,0
GTUK / Apex Tech Scotland Ltd,INV-2014/631,2014-07-03,2014,,0,Marine Entertainment Systems Ltd,Marine Entertainment Systems Ltd,Paid,,,0.0,1,0
GTUK / Apex Tech Scotland Ltd,INV-2014/631,2014-07-03,2014,,0,Marine Entertainment Systems Ltd,Marine Entertainment Systems Ltd,Paid,,,0.0,1,0
GTUK / Apex Tech Scotland Ltd,INV-2014/632,2014-07-07,2014,PHC-5iw,2,The Big Picture,The Big Picture,Paid,Sales - PRO AUDIO,PRO AUDIO,1485.0,1,0
GTUK / Apex Tech Scotland Ltd,INV-2014/632,2014-07-07,2014,PHC-SCRS-6iw,2,The Big Picture,The Big Picture,Paid,Sales - PRO AUDIO,PRO AUDIO,1980.0,1,0
GTUK / Apex Tech Scotland Ltd,INV-2014/632,2014-07-07,2014,PHC-SCRS-6iw-P,1,The Big Picture,The Big Picture,Paid,Sales - PRO AUDIO,PRO AUDIO,1045.0,1,0
GTUK / Apex Tech Scotland Ltd,INV-2014/632,2014-07-07,2014,,1,The Big Picture,The Big Picture,Paid,Sales - PRO AUDIO,PRO AUDIO,3025.0,1,0
GTUK / Apex Tech Scotland Ltd,INV-2014/632,2014-07-07,2014,,1,The Big Picture,The Big Picture,Paid,Sales - OTHERS,OTHERS,3900.0,1,0
GTUK / Apex Tech Scotland Ltd,INV-2014/633,2014-07-11,2014,,1,MaG AV,MaG AV,Paid,Sales - LEON,LEON,900.0,1,0
GTUK / Apex Tech Scotland Ltd,INV-2014/634,2014-07-11,2014,STH-LR8G,2,AT&C Audio Technology & Communications Ltd,AT&C Audio Technology & Communications Ltd,Paid,Sales - STEALTH,STEALTH,1000.0,1,0
GTUK / Apex Tech Scotland Ltd,INV-2014/634,2014-07-11,2014,STH-MBC-22,12,AT&C Audio Technology & Communications Ltd,AT&C Audio Technology & Communications Ltd,Paid,Sales - STEALTH,STEALTH,1080.0,1,0
GTUK / Apex Tech Scotland Ltd,INV-2014/634,2014-07-11,2014,STH-LR6G,2,AT&C Audio Technology & Communications Ltd,AT&C Audio Technology & Communications Ltd,Paid,Sales - STEALTH,STEALTH,900.0,1,0
GTUK / Apex Tech Scotland Ltd,INV-2014/634,2014-07-11,2014,STH-LR6GS,1,AT&C Audio Technology & Communications Ltd,AT&C Audio Technology & Communications Ltd,Paid,Sales - STEALTH,STEALTH,225.0,1,0
GTUK / Apex Tech Scotland Ltd,INV-2014/634,2014-07-11,2014,STH-MBC-12,5,AT&C Audio Technology & Communications Ltd,AT&C Audio Technology & Communications Ltd,Paid,Sales - STEALTH,STEALTH,300.0,1,0
GTUK / Apex Tech Scotland Ltd,INV-2014/635,2014-07-11,2014,LEO-Hz515-C-X-A,1,The Hub Audio Visual Ltd,The Hub Audio Visual Ltd,Paid,Sales - LEON,LEON,1200.0,1,0
GTUK / Apex Tech Scotland Ltd,INV-2014/635,2014-07-11,2014,LEO-PR505-X-A,1,The Hub Audio Visual Ltd,The Hub Audio Visual Ltd,Paid,Sales - LEON,LEON,1800.0,1,0
GTUK / Apex Tech Scotland Ltd,INV-2014/635,2014-07-11,2014,LEO-Hz-MMB,1,The Hub Audio Visual Ltd,The Hub Audio Visual Ltd,Paid,Sales - LEON,LEON,90.0,1,0
GTUK / Apex Tech Scotland Ltd,INV-2014/635,2014-07-11,2014,LEO-PR-MMB,1,The Hub Audio Visual Ltd,The Hub Audio Visual Ltd,Paid,Sales - LEON,LEON,90.0,1,0
GTUK / Apex Tech Scotland Ltd,INV-2014/635,2014-07-11,2014,,0,The Hub Audio Visual Ltd,The Hub Audio Visual Ltd,Paid,,,0.0,1,0
GTUK / Apex Tech Scotland Ltd,URN637,2014-07-15,2014,,1,Olive Audio Visual Ltd,Olive Audio Visual Ltd,Paid,Sales - STEALTH,STEALTH,-630.0,1,0
GTUK / Apex Tech Scotland Ltd,INV-2014/641,2014-07-21,2014,,1,Genesis Home Technologies SL,Genesis Home Technologies SL,Paid,Sales - DATASAT,DATASAT,8750.0,1,0
GTUK / Apex Tech Scotland Ltd,CN-2015/822,2014-07-24,2014,,1,Core AV,Core AV,Paid,Sales - STORM AUDIO,STORM AUDIO,-5100.0,1,0
GTUK / Apex Tech Scotland Ltd,INV-2014/638,2014-07-24,2014,WIS-L75i,2,Core AV,Core AV,Paid,Sales - WISDOM,WISDOM,7800.0,1,0
GTUK / Apex Tech Scotland Ltd,INV-2014/638,2014-07-24,2014,WIS-C38i,1,Core AV,Core AV,Paid,Sales - WISDOM,WISDOM,2250.0,1,0
GTUK / Apex Tech Scotland Ltd,INV-2014/640,2014-07-24,2014,WIS-SCS,2,Core AV,Core AV,Paid,Sales - WISDOM,WISDOM,4800.0,1,0
GTUK / Apex Tech Scotland Ltd,INV-2014/640,2014-07-24,2014,,0,Core AV,Core AV,Paid,,,0.0,1,0
GTUK / Apex Tech Scotland Ltd,INV-2014/638,2014-07-24,2014,,0,Core AV,Core AV,Paid,,,0.0,1,0
GTUK / Apex Tech Scotland Ltd,INV-2014/638,2014-07-24,2014,,1,Core AV,Core AV,Paid,Sales - STORM AUDIO,STORM AUDIO,5100.0,1,0
GTUK / Apex Tech Scotland Ltd,INV-2014/638,2014-07-24,2014,,1,Core AV,Core AV,Paid,Sales - STORM AUDIO,STORM AUDIO,3000.0,1,0
GTUK / Apex Tech Scotland Ltd,INV-2014/642,2014-07-24,2014,LEO-Ds114-X-A,4,Clever Association,Clever Association,Paid,Sales - LEON,LEON,1668.0,1,0
GTUK / Apex Tech Scotland Ltd,INV-2014/642,2014-07-24,2014,LEO-Hz-TTS,4,Clever Association,Clever Association,Paid,Sales - LEON,LEON,600.0,1,0
GTUK / Apex Tech Scotland Ltd,INV-2014/642,2014-07-24,2014,,1,Clever Association,Clever Association,Paid,Sales - LEON,LEON,600.0,1,0
GTUK / Apex Tech Scotland Ltd,INV-2014/643,2014-07-25,2014,AGA-B218,2,London Media Rooms,London Media Rooms,Paid,Sales - AGATH,AGATH,260.0,1,0
GTUK / Apex Tech Scotland Ltd,INV-2014/644,2014-07-25,2014,,1,Genesis Home Technologies SL,Genesis Home Technologies SL,Paid,Sales - HTC,HTC,537.44,1,0
GTUK / Apex Tech Scotland Ltd,INV-2014/644,2014-07-25,2014,,1,Genesis Home Technologies SL,Genesis Home Technologies SL,Paid,Sales - HTC,HTC,526.92,1,0
GTUK / Apex Tech Scotland Ltd,INV-2014/644,2014-07-25,2014,,1,Genesis Home Technologies SL,Genesis Home Technologies SL,Paid,Sales - HTC,HTC,630.94,1,0
GTUK / Apex Tech Scotland Ltd,INV-2014/644,2014-07-25,2014,,1,Genesis Home Technologies SL,Genesis Home Technologies SL,Paid,Sales - HTC,HTC,685.05,1,0
GTUK / Apex Tech Scotland Ltd,INV-2014/644,2014-07-25,2014,,1,Genesis Home Technologies SL,Genesis Home Technologies SL,Paid,Sales - HTC,HTC,1761.56,1,0
GTUK / Apex Tech Scotland Ltd,INV-2014/644,2014-07-25,2014,,1,Genesis Home Technologies SL,Genesis Home Technologies SL,Paid,Sales - HTC,HTC,1048.13,1,0
GTUK / Apex Tech Scotland Ltd,INV-2014/644,2014-07-25,2014,,1,Genesis Home Technologies SL,Genesis Home Technologies SL,Paid,Sales - HTC,HTC,1122.04,1,0
GTUK / Apex Tech Scotland Ltd,INV-2014/644,2014-07-25,2014,,1,Genesis Home Technologies SL,Genesis Home Technologies SL,Paid,Sales - HTC,HTC,1812.55,1,0
GTUK / Apex Tech Scotland Ltd,INV-2014/645,2014-07-25,2014,,1,Olive Audio Visual Ltd,Olive Audio Visual Ltd,Paid,Sales - STEWART,STEWART,1813.31,1,0
GTUK / Apex Tech Scotland Ltd,INV-2014/645,2014-07-25,2014,,0,Olive Audio Visual Ltd,Olive Audio Visual Ltd,Paid,,,0.0,1,0
GTUK / Apex Tech Scotland Ltd,INV-2014/647,2014-07-28,2014,STH-LR8G,4,Cyberhomes Ltd,Cyberhomes Ltd,Paid,Sales - STEALTH,STEALTH,2000.0,1,0
GTUK / Apex Tech Scotland Ltd,INV-2014/649,2014-07-31,2014,,0,Marine Entertainment Systems Ltd,Marine Entertainment Systems Ltd,Paid,,,0.0,1,0
GTUK / Apex Tech Scotland Ltd,INV-2014/648,2014-07-31,2014,STH-LR6GS,1,Marquee Installations Ltd,Marquee Installations Ltd,Paid,Sales - STEALTH,STEALTH,225.0,1,0
GTUK / Apex Tech Scotland Ltd,INV-2014/648,2014-07-31,2014,STH-MBC-12,1,Marquee Installations Ltd,Marquee Installations Ltd,Paid,Sales - STEALTH,STEALTH,90.0,1,0
GTUK / Apex Tech Scotland Ltd,INV-2014/649,2014-07-31,2014,LEO-Hz313-LCR,1,Marine Entertainment Systems Ltd,Marine Entertainment Systems Ltd,Paid,Sales - LEON,LEON,780.0,1,0
GTUK / Apex Tech Scotland Ltd,INV-2014/650,2014-08-01,2014,LEO-HzUT-LCR,1,Inspired Dwellings,Inspired Dwellings,Paid,Sales - LEON,LEON,1140.0,1,0
GTUK / Apex Tech Scotland Ltd,INV-2014/650,2014-08-01,2014,LEO-Hz-UMB-UT,1,Inspired Dwellings,Inspired Dwellings,Paid,Sales - LEON,LEON,120.0,1,0
GTUK / Apex Tech Scotland Ltd,URN651,2014-08-01,2014,,1,Fusion.One International Ltd,Fusion.One International Ltd,Paid,Sales - LEON,LEON,-1500.0,1,0
GTUK / Apex Tech Scotland Ltd,URN651,2014-08-01,2014,,1,Fusion.One International Ltd,Fusion.One International Ltd,Paid,Sales - LEON,LEON,-84.0,1,0
GTUK / Apex Tech Scotland Ltd,INV-2014/650,2014-08-01,2014,,0,Inspired Dwellings,Inspired Dwellings,Paid,,,0.0,1,0
GTUK / Apex Tech Scotland Ltd,INV-2014/652,2014-08-05,2014,,2,Revolve CI,Revolve CI,Paid,Sales - STEALTH,STEALTH,1500.0,1,0
GTUK / Apex Tech Scotland Ltd,INV-2014/652,2014-08-05,2014,STH-255R,1,Revolve CI,Revolve CI,Paid,Sales - STEALTH,STEALTH,-375.0,1,0
GTUK / Apex Tech Scotland Ltd,INV-2014/653,2014-08-05,2014,,1,I-Klarity,I-Klarity,Paid,Sales - STEWART,STEWART,1353.63,1,0
GTUK / Apex Tech Scotland Ltd,INV-2014/653,2014-08-05,2014,,0,I-Klarity,I-Klarity,Paid,,,0.0,1,0
GTUK / Apex Tech Scotland Ltd,INV-2014/654,2014-08-07,2014,,1,The Little Cinema Company Ltd,The Little Cinema Company Ltd,Paid,Sales - AGATH,AGATH,840.0,1,0
GTUK / Apex Tech Scotland Ltd,INV-2014/655,2014-08-07,2014,LEO-Hz313-LCR-X-A,1,Smartcomm Ltd,Smartcomm Ltd,Paid,Sales - LEON,LEON,1020.0,1,0
GTUK / Apex Tech Scotland Ltd,INV-2014/655,2014-08-07,2014,,0,Smartcomm Ltd,Smartcomm Ltd,Paid,,,0.0,1,0
GTUK / Apex Tech Scotland Ltd,INV-2014/655,2014-08-07,2014,LEO-Hz313-LCR-X-A,1,Smartcomm Ltd,Smartcomm Ltd,Paid,Sales - LEON,LEON,1020.0,1,0
GTUK / Apex Tech Scotland Ltd,INV-2014/655,2014-08-07,2014,,0,Smartcomm Ltd,Smartcomm Ltd,Paid,,,0.0,1,0
GTUK / Apex Tech Scotland Ltd,INV-2014/655,2014-08-07,2014,LEO-Hz-UMB/OMB,2,Smartcomm Ltd,Smartcomm Ltd,Paid,Sales - LEON,LEON,240.0,1,0
GTUK / Apex Tech Scotland Ltd,INV-2014/656,2014-08-07,2014,LEO-PrUT,1,Inspired Dwellings,Inspired Dwellings,Paid,Sales - LEON,LEON,1140.0,1,0
GTUK / Apex Tech Scotland Ltd,INV-2014/656,2014-08-07,2014,LEO-PrUT,1,Inspired Dwellings,Inspired Dwellings,Paid,Sales - LEON,LEON,1140.0,1,0
GTUK / Apex Tech Scotland Ltd,INV-2014/656,2014-08-07,2014,LEO-PrUT,1,Inspired Dwellings,Inspired Dwellings,Paid,Sales - LEON,LEON,1140.0,1,0
GTUK / Apex Tech Scotland Ltd,INV-2014/654,2014-08-07,2014,,1,The Little Cinema Company Ltd,The Little Cinema Company Ltd,Paid,Sales - AGATH,AGATH,447.0,1,0
GTUK / Apex Tech Scotland Ltd,INV-2014/657,2014-08-11,2014,AGA-213-PM,1,Ideaworks Limited,Ideaworks Limited,Paid,Sales - AGATH,AGATH,1560.0,1,0
GTUK / Apex Tech Scotland Ltd,INV-2014/657,2014-08-11,2014,,0,Ideaworks Limited,Ideaworks Limited,Paid,,,0.0,1,0
GTUK / Apex Tech Scotland Ltd,INV-2014/658,2014-08-11,2014,AGA-T242-N,1,Yacht Intelligence Ltd,Yacht Intelligence Ltd,Paid,Sales - AGATH,AGATH,3510.0,1,0
GTUK / Apex Tech Scotland Ltd,INV-2014/658,2014-08-11,2014,,1,Yacht Intelligence Ltd,Yacht Intelligence Ltd,Paid,Sales - AGATH,AGATH,1700.0,1,0
GTUK / Apex Tech Scotland Ltd,INV-2014/660,2014-08-14,2014,,0,Kaizen Furniture,Kaizen Furniture,Paid,,,0.0,1,0
GTUK / Apex Tech Scotland Ltd,INV-2014/660,2014-08-14,2014,,2,Kaizen Furniture,Kaizen Furniture,Paid,Sales - AGATH,AGATH,5377.4,1,0
GTUK / Apex Tech Scotland Ltd,INV-2014/660,2014-08-14,2014,,2,Kaizen Furniture,Kaizen Furniture,Paid,Sales - AGATH,AGATH,484.16,1,0
GTUK / Apex Tech Scotland Ltd,INV-2014/660,2014-08-14,2014,,1,Kaizen Furniture,Kaizen Furniture,Paid,Sales - AGATH,AGATH,202.4,1,0
GTUK / Apex Tech Scotland Ltd,INV-2014/660,2014-08-14,2014,,2,Kaizen Furniture,Kaizen Furniture,Paid,Sales - AGATH,AGATH,365.7,1,0
GTUK / Apex Tech Scotland Ltd,INV-2014/660,2014-08-14,2014,,1,Kaizen Furniture,Kaizen Furniture,Paid,Sales - AGATH,AGATH,1332.28,1,0
GTUK / Apex Tech Scotland Ltd,INV-2014/660,2014-08-14,2014,,2,Kaizen Furniture,Kaizen Furniture,Paid,Sales - AGATH,AGATH,714.16,1,0
GTUK / Apex Tech Scotland Ltd,INV-2014/660,2014-08-14,2014,,1,Kaizen Furniture,Kaizen Furniture,Paid,Sales - AGATH,AGATH,299.0,1,0
GTUK / Apex Tech Scotland Ltd,INV-2014/660,2014-08-14,2014,,1,Kaizen Furniture,Kaizen Furniture,Paid,Sales - AGATH,AGATH,207.0,1,0
GTUK / Apex Tech Scotland Ltd,INV-2014/660,2014-08-14,2014,,1,Kaizen Furniture,Kaizen Furniture,Paid,Sales - AGATH,AGATH,1500.0,1,0
GTUK / Apex Tech Scotland Ltd,INV-2014/661,2014-08-15,2014,LEO-HzUT-LCR,1,Olive Audio Visual Ltd,Olive Audio Visual Ltd,Paid,Sales - LEON,LEON,1140.0,1,0
GTUK / Apex Tech Scotland Ltd,INV-2014/661,2014-08-15,2014,,0,Olive Audio Visual Ltd,Olive Audio Visual Ltd,Paid,,,0.0,1,0
GTUK / Apex Tech Scotland Ltd,INV-2014/663,2014-08-20,2014,WIS-S90,2,Criterion Audio Ltd,Criterion Audio Ltd,Paid,Sales - WISDOM,WISDOM,3850.0,1,0
GTUK / Apex Tech Scotland Ltd,INV-2014/664,2014-08-20,2014,LEO-Hz313-LCR-X-A,2,Marine Entertainment Systems Ltd,Marine Entertainment Systems Ltd,Paid,Sales - LEON,LEON,2040.0,1,0
GTUK / Apex Tech Scotland Ltd,INV-2014/664,2014-08-20,2014,LEO-Hz-UMB/OMB,1,Marine Entertainment Systems Ltd,Marine Entertainment Systems Ltd,Paid,Sales - LEON,LEON,120.0,1,0
GTUK / Apex Tech Scotland Ltd,INV-2014/664,2014-08-20,2014,,0,Marine Entertainment Systems Ltd,Marine Entertainment Systems Ltd,Paid,,,0.0,1,0
GTUK / Apex Tech Scotland Ltd,INV-2014/664,2014-08-20,2014,,0,Marine Entertainment Systems Ltd,Marine Entertainment Systems Ltd,Paid,,,0.0,1,0
GTUK / Apex Tech Scotland Ltd,URN665,2014-08-20,2014,LEO-Hz313-LCR,2,Marine Entertainment Systems Ltd,Marine Entertainment Systems Ltd,Paid,Sales - LEON,LEON,-1300.0,1,0
GTUK / Apex Tech Scotland Ltd,URN665,2014-08-20,2014,LEO-Hz-UMB/OMB,1,Marine Entertainment Systems Ltd,Marine Entertainment Systems Ltd,Paid,Sales - LEON,LEON,-100.0,1,0
GTUK / Apex Tech Scotland Ltd,INV-2014/666,2014-08-26,2014,LEO-PR-SMB,3,Inspired Dwellings,Inspired Dwellings,Paid,Sales - LEON,LEON,360.0,1,0
GTUK / Apex Tech Scotland Ltd,INV-2014/667,2014-08-27,2014,LEO-Hz515-LCR-X-A,1,Perfect Integration,Perfect Integration,Paid,Sales - LEON,LEON,1800.0,1,0
GTUK / Apex Tech Scotland Ltd,INV-2014/667,2014-08-27,2014,LEO-Hz-MMB,1,Perfect Integration,Perfect Integration,Paid,Sales - LEON,LEON,90.0,1,0
GTUK / Apex Tech Scotland Ltd,INV-2014/667,2014-08-27,2014,,0,Perfect Integration,Perfect Integration,Paid,,,0.0,1,0
GTUK / Apex Tech Scotland Ltd,INV-2014/668,2014-08-27,2014,STH-MBC-22,4,Raid Systems Ltd,Raid Systems Ltd,Paid,Sales - STEALTH,STEALTH,360.0,1,0
GTUK / Apex Tech Scotland Ltd,INV-2014/669,2014-08-28,2014,LEO-Hz313-LCR-X-A,1,Smartcomm Ltd,Smartcomm Ltd,Paid,Sales - LEON,LEON,1020.0,1,0
GTUK / Apex Tech Scotland Ltd,INV-2014/669,2014-08-28,2014,LEO-Hz-UMB/OMB,1,Smartcomm Ltd,Smartcomm Ltd,Paid,Sales - LEON,LEON,120.0,1,0
GTUK / Apex Tech Scotland Ltd,INV-2014/670,2014-08-28,2014,STH-LR8G,25,What You See And Hear Limited,What You See And Hear Limited,Paid,Sales - STEALTH,STEALTH,10000.0,1,0
GTUK / Apex Tech Scotland Ltd,INV-2014/670,2014-08-28,2014,STH-SLR8G,12,What You See And Hear Limited,What You See And Hear Limited,Paid,Sales - STEALTH,STEALTH,3360.0,1,0
GTUK / Apex Tech Scotland Ltd,INV-2014/670,2014-08-28,2014,STH-MBC-22,2,What You See And Hear Limited,What You See And Hear Limited,Paid,Sales - STEALTH,STEALTH,96.0,1,0
GTUK / Apex Tech Scotland Ltd,INV-2014/670,2014-08-28,2014,STH-MBC-22,60,What You See And Hear Limited,What You See And Hear Limited,Paid,Sales - STEALTH,STEALTH,-2520.0,1,0
GTUK / Apex Tech Scotland Ltd,URN671,2014-09-01,2014,,1,City heights,City heights,Paid,Sales - DATASAT,DATASAT,-41.33,1,0
GTUK / Apex Tech Scotland Ltd,URN672,2014-09-01,2014,,1,Clarke Infinity Ltd,Clarke Infinity Ltd,Paid,Sales - SERVICES,SERVICES,-350.0,1,0
GTUK / Apex Tech Scotland Ltd,URN673,2014-09-01,2014,,1,DLUK (London) Ltd,DLUK (London) Ltd,Paid,Sales - LEON,LEON,-6.42,1,0
GTUK / Apex Tech Scotland Ltd,URN673,2014-09-01,2014,,1,DLUK (London) Ltd,DLUK (London) Ltd,Paid,Sales - LEON,LEON,-82.14,1,0
GTUK / Apex Tech Scotland Ltd,URN673,2014-09-01,2014,,1,DLUK (London) Ltd,DLUK (London) Ltd,Paid,Sales - LEON,LEON,-9.18,1,0
GTUK / Apex Tech Scotland Ltd,URN673,2014-09-01,2014,,1,DLUK (London) Ltd,DLUK (London) Ltd,Paid,Sales - LEON,LEON,-137.66,1,0
GTUK / Apex Tech Scotland Ltd,URN674,2014-09-01,2014,STH-LR8G,1,Systems AV,Systems AV,Paid,Sales - STEALTH,STEALTH,-1000.0,1,0
GTUK / Apex Tech Scotland Ltd,URN674,2014-09-01,2014,STH-PS-22,1,Systems AV,Systems AV,Paid,Sales - STEALTH,STEALTH,-112.5,1,0
GTUK / Apex Tech Scotland Ltd,URN674,2014-09-01,2014,STH-MBC-22,1,Systems AV,Systems AV,Paid,Sales - STEALTH,STEALTH,-360.0,1,0
GTUK / Apex Tech Scotland Ltd,URN674,2014-09-01,2014,STH-LR6G,1,Systems AV,Systems AV,Paid,Sales - STEALTH,STEALTH,-450.0,1,0
GTUK / Apex Tech Scotland Ltd,URN674,2014-09-01,2014,,1,Systems AV,Systems AV,Paid,Sales - STEALTH,STEALTH,-75.0,1,0
GTUK / Apex Tech Scotland Ltd,URN674,2014-09-01,2014,STH-PS-12,1,Systems AV,Systems AV,Paid,Sales - STEALTH,STEALTH,-112.5,1,0
GTUK / Apex Tech Scotland Ltd,INV-2014/675,2014-09-02,2014,LEO-Hz414-LCR,1,Home Entertainment Solutions,Home Entertainment Solutions,Paid,Sales - LEON,LEON,1140.0,1,0
GTUK / Apex Tech Scotland Ltd,INV-2014/675,2014-09-02,2014,LEO-Hz-UMB/OMB,1,Home Entertainment Solutions,Home Entertainment Solutions,Paid,Sales - LEON,LEON,120.0,1,0
GTUK / Apex Tech Scotland Ltd,INV-2014/675,2014-09-02,2014,,0,Home Entertainment Solutions,Home Entertainment Solutions,Paid,,,0.0,1,0
GTUK / Apex Tech Scotland Ltd,INV-2014/675,2014-09-02,2014,,0,Home Entertainment Solutions,Home Entertainment Solutions,Paid,,,0.0,1,0
GTUK / Apex Tech Scotland Ltd,INV-2014/675,2014-09-02,2014,,0,Home Entertainment Solutions,Home Entertainment Solutions,Paid,,,0.0,1,0
GTUK / Apex Tech Scotland Ltd,INV-2014/676,2014-09-02,2014,,1,Sensory International Ltd,Sensory International Ltd,Paid,Sales - ADA,ADA,1440.0,1,0
GTUK / Apex Tech Scotland Ltd,URN677,2014-09-03,2014,,1,Automated AV Systems Ltd,Automated AV Systems Ltd,Paid,Sales - ADA,ADA,-3150.0,1,0
GTUK / Apex Tech Scotland Ltd,URN678,2014-09-04,2014,,1,Olive Audio Visual Ltd,Olive Audio Visual Ltd,Paid,Sales - STEALTH,STEALTH,-180.0,1,0
GTUK / Apex Tech Scotland Ltd,INV-2014/679,2014-09-04,2014,LEO-A10-UT-1K,1,Ideaworks Limited,Ideaworks Limited,Paid,Sales - LEON,LEON,1740.0,1,0
GTUK / Apex Tech Scotland Ltd,URN686,2014-09-05,2014,,1,Electronic Zone Ltd,Electronic Zone Ltd,Paid,Sales - AGATH,AGATH,-60.0,1,0
GTUK / Apex Tech Scotland Ltd,INV-2014/687,2014-09-05,2014,,1,The Next Level,The Next Level,Paid,Sales - STEWART,STEWART,387.35,1,0
GTUK / Apex Tech Scotland Ltd,INV-2014/688,2014-09-10,2014,STH-LR8G,1,Livewire Home Integration Ltd,Livewire Home Integration Ltd,Paid,Sales - STEALTH,STEALTH,500.0,1,0
GTUK / Apex Tech Scotland Ltd,INV-2014/688,2014-09-10,2014,STH-LR8GS,1,Livewire Home Integration Ltd,Livewire Home Integration Ltd,Paid,Sales - STEALTH,STEALTH,250.0,1,0
GTUK / Apex Tech Scotland Ltd,INV-2014/688,2014-09-10,2014,STH-MBC-22,2,Livewire Home Integration Ltd,Livewire Home Integration Ltd,Paid,Sales - STEALTH,STEALTH,180.0,1,0
GTUK / Apex Tech Scotland Ltd,INV-2014/689,2014-09-10,2014,LEO-HzUT-LCR,1,Clarke Infinity Ltd,Clarke Infinity Ltd,Paid,Sales - LEON,LEON,1045.0,1,0
GTUK / Apex Tech Scotland Ltd,INV-2014/689,2014-09-10,2014,LEO-Hz-UMB/OMB,2,Clarke Infinity Ltd,Clarke Infinity Ltd,Paid,Sales - LEON,LEON,275.0,1,0
GTUK / Apex Tech Scotland Ltd,INV-2014/689,2014-09-10,2014,LEO-Hz414-LR,2,Clarke Infinity Ltd,Clarke Infinity Ltd,Paid,Sales - LEON,LEON,1870.0,1,0
GTUK / Apex Tech Scotland Ltd,INV-2014/689,2014-09-10,2014,LEO-Hz-UMB-UT,1,Clarke Infinity Ltd,Clarke Infinity Ltd,Paid,Sales - LEON,LEON,137.5,1,0
GTUK / Apex Tech Scotland Ltd,INV-2014/689,2014-09-10,2014,LEO-A8-400,1,Clarke Infinity Ltd,Clarke Infinity Ltd,Paid,Sales - LEON,LEON,825.0,1,0
GTUK / Apex Tech Scotland Ltd,INV-2014/689,2014-09-10,2014,LEO-Ds113,2,Clarke Infinity Ltd,Clarke Infinity Ltd,Paid,Sales - LEON,LEON,385.0,1,0
GTUK / Apex Tech Scotland Ltd,INV-2014/689,2014-09-10,2014,LEO-FMB,2,Clarke Infinity Ltd,Clarke Infinity Ltd,Paid,Sales - LEON,LEON,55.0,1,0
GTUK / Apex Tech Scotland Ltd,INV-2014/689,2014-09-10,2014,,1,Clarke Infinity Ltd,Clarke Infinity Ltd,Paid,Sales - STEWART,STEWART,2340.0,1,0
GTUK / Apex Tech Scotland Ltd,INV-2014/689,2014-09-10,2014,LEO-Hz414-LR,1,Clarke Infinity Ltd,Clarke Infinity Ltd,Paid,Sales - LEON,LEON,935.0,1,0
GTUK / Apex Tech Scotland Ltd,INV-2014/690,2014-09-11,2014,LEO-Hz515-LCR-X-A,1,London Media Rooms,London Media Rooms,Paid,Sales - LEON,LEON,1800.0,1,0
GTUK / Apex Tech Scotland Ltd,INV-2014/690,2014-09-11,2014,LEO-Hz-MMB,1,London Media Rooms,London Media Rooms,Paid,Sales - LEON,LEON,120.0,1,0
GTUK / Apex Tech Scotland Ltd,INV-2014/691,2014-09-12,2014,STH-LR8G,2,Raid Systems Ltd,Raid Systems Ltd,Paid,Sales - STEALTH,STEALTH,1000.0,1,0
GTUK / Apex Tech Scotland Ltd,INV-2014/692,2014-09-12,2014,LEO-A10-UT-1K-2X,1,Ideaworks Limited,Ideaworks Limited,Paid,Sales - LEON,LEON,2700.0,1,0
GTUK / Apex Tech Scotland Ltd,INV-2014/693,2014-09-16,2014,STH-MBC-12,12,i-Homes London,i-Homes London,Paid,Sales - STEALTH,STEALTH,720.0,1,0
GTUK / Apex Tech Scotland Ltd,INV-2014/693,2014-09-16,2014,STH-MBC-22,2,i-Homes London,i-Homes London,Paid,Sales - STEALTH,STEALTH,120.0,1,0
GTUK / Apex Tech Scotland Ltd,INV-2014/695,2014-09-17,2014,,1,Menadzer Investicijskih Projekata,Menadzer Investicijskih Projekata,Paid,Sales - HTC,HTC,585.0,1,0
GTUK / Apex Tech Scotland Ltd,INV-2014/695,2014-09-17,2014,,0,Menadzer Investicijskih Projekata,Menadzer Investicijskih Projekata,Paid,,,0.0,1,0
GTUK / Apex Tech Scotland Ltd,INV-2014/695,2014-09-17,2014,,8,Menadzer Investicijskih Projekata,Menadzer Investicijskih Projekata,Paid,Sales - HTC,HTC,3600.0,1,0
GTUK / Apex Tech Scotland Ltd,INV-2014/695,2014-09-17,2014,,0,Menadzer Investicijskih Projekata,Menadzer Investicijskih Projekata,Paid,,,0.0,1,0
GTUK / Apex Tech Scotland Ltd,INV-2014/695,2014-09-17,2014,,2,Menadzer Investicijskih Projekata,Menadzer Investicijskih Projekata,Paid,Sales - OTHERS,OTHERS,900.0,1,0
GTUK / Apex Tech Scotland Ltd,INV-2014/695,2014-09-17,2014,,0,Menadzer Investicijskih Projekata,Menadzer Investicijskih Projekata,Paid,,,0.0,1,0
GTUK / Apex Tech Scotland Ltd,INV-2014/696,2014-09-17,2014,STH-LR8G,1,AT&C Professional Systems Ltd,AT&C Professional Systems Ltd,Paid,Sales - STEALTH,STEALTH,500.0,1,0
GTUK / Apex Tech Scotland Ltd,INV-2014/696,2014-09-17,2014,STH-MBC-22,2,AT&C Professional Systems Ltd,AT&C Professional Systems Ltd,Paid,Sales - STEALTH,STEALTH,180.0,1,0
GTUK / Apex Tech Scotland Ltd,INV-2014/698,2014-09-25,2014,STH-LR6GS,5,AT&C Audio Technology & Communications Ltd,AT&C Audio Technology & Communications Ltd,Paid,Sales - STEALTH,STEALTH,1125.0,1,0
GTUK / Apex Tech Scotland Ltd,INV-2014/698,2014-09-25,2014,STH-MBC-12,5,AT&C Audio Technology & Communications Ltd,AT&C Audio Technology & Communications Ltd,Paid,Sales - STEALTH,STEALTH,450.0,1,0
GTUK / Apex Tech Scotland Ltd,INV-2014/699,2014-09-30,2014,LEO-A8-400,1,Inspired Dwellings,Inspired Dwellings,Paid,Sales - LEON,LEON,900.0,1,0
GTUK / Apex Tech Scotland Ltd,INV-2014/701,2014-10-01,2014,STH-LR3G,1,Livewire Home Integration Ltd,Livewire Home Integration Ltd,Paid,Sales - STEALTH,STEALTH,1000.0,1,0
GTUK / Apex Tech Scotland Ltd,INV-2014/701,2014-10-01,2014,,2,Livewire Home Integration Ltd,Livewire Home Integration Ltd,Paid,Sales - STEALTH,STEALTH,120.0,1,0
GTUK / Apex Tech Scotland Ltd,INV-2014/703,2014-10-01,2014,STH-LR6G,1,PBI Audio Visual,PBI Audio Visual,Paid,Sales - STEALTH,STEALTH,450.0,1,0
GTUK / Apex Tech Scotland Ltd,INV-2014/703,2014-10-01,2014,STH-255R,1,PBI Audio Visual,PBI Audio Visual,Paid,Sales - STEALTH,STEALTH,375.0,1,0
GTUK / Apex Tech Scotland Ltd,INV-2014/702,2014-10-02,2014,,1,The Cinema Company,The Cinema Company,Paid,Sales - LEON,LEON,600.0,1,0
GTUK / Apex Tech Scotland Ltd,INV-2014/702,2014-10-02,2014,,2,The Cinema Company,The Cinema Company,Paid,Sales - LEON,LEON,600.0,1,0
GTUK / Apex Tech Scotland Ltd,INV-2014/702,2014-10-02,2014,,2,The Cinema Company,The Cinema Company,Paid,Sales - LEON,LEON,84.0,1,0
GTUK / Apex Tech Scotland Ltd,INV-2014/704,2014-10-06,2014,STH-LR6GS,1,Marquee Installations Ltd,Marquee Installations Ltd,Paid,Sales - STEALTH,STEALTH,225.0,1,0
GTUK / Apex Tech Scotland Ltd,INV-2014/704,2014-10-06,2014,STH-LR6G,2,Marquee Installations Ltd,Marquee Installations Ltd,Paid,Sales - STEALTH,STEALTH,900.0,1,0
GTUK / Apex Tech Scotland Ltd,INV-2014/704,2014-10-06,2014,STH-MBC-12,6,Marquee Installations Ltd,Marquee Installations Ltd,Paid,Sales - STEALTH,STEALTH,540.0,1,0
GTUK / Apex Tech Scotland Ltd,INV-2014/704,2014-10-06,2014,,0,Marquee Installations Ltd,Marquee Installations Ltd,Paid,,,0.0,1,0
GTUK / Apex Tech Scotland Ltd,INV-2014/705,2014-10-06,2014,STH-LR8G,2,The Media Rooms,The Media Rooms,Paid,Sales - STEALTH,STEALTH,1000.0,1,0
GTUK / Apex Tech Scotland Ltd,INV-2014/705,2014-10-06,2014,STH-SLR8G,2,The Media Rooms,The Media Rooms,Paid,Sales - STEALTH,STEALTH,700.0,1,0
GTUK / Apex Tech Scotland Ltd,INV-2014/705,2014-10-06,2014,,0,The Media Rooms,The Media Rooms,Paid,,,0.0,1,0
GTUK / Apex Tech Scotland Ltd,INV-2014/706,2014-10-06,2014,,1,Ideaworks Limited,Ideaworks Limited,Paid,Sales - LEON,LEON,1800.0,1,0
GTUK / Apex Tech Scotland Ltd,INV-2014/706,2014-10-06,2014,,0,Ideaworks Limited,Ideaworks Limited,Paid,,,0.0,1,0
GTUK / Apex Tech Scotland Ltd,INV-2014/707,2014-10-06,2014,AGA-B232,1,Ideaworks Limited,Ideaworks Limited,Paid,Sales - AGATH,AGATH,350.0,1,0
GTUK / Apex Tech Scotland Ltd,INV-2014/707,2014-10-06,2014,,1,Ideaworks Limited,Ideaworks Limited,Paid,Sales - LEON,LEON,150.0,1,0
GTUK / Apex Tech Scotland Ltd,INV-2014/707,2014-10-06,2014,,1,Ideaworks Limited,Ideaworks Limited,Paid,Sales - LEON,LEON,1950.0,1,0
GTUK / Apex Tech Scotland Ltd,INV-2014/707,2014-10-06,2014,,0,Ideaworks Limited,Ideaworks Limited,Paid,,,0.0,1,0
GTUK / Apex Tech Scotland Ltd,INV-2014/707,2014-10-06,2014,,0,Ideaworks Limited,Ideaworks Limited,Paid,,,0.0,1,0
GTUK / Apex Tech Scotland Ltd,INV-2014/707,2014-10-06,2014,,1,Ideaworks Limited,Ideaworks Limited,Paid,Sales - LEON,LEON,450.0,1,0
GTUK / Apex Tech Scotland Ltd,INV-2014/706,2014-10-06,2014,,0,Ideaworks Limited,Ideaworks Limited,Paid,,,0.0,1,0
GTUK / Apex Tech Scotland Ltd,INV-2014/708,2014-10-07,2014,,1,Fusion.One International Ltd,Fusion.One International Ltd,Paid,Sales - LEON,LEON,1500.0,1,0
GTUK / Apex Tech Scotland Ltd,INV-2014/708,2014-10-07,2014,,1,Fusion.One International Ltd,Fusion.One International Ltd,Paid,Sales - LEON,LEON,120.0,1,0
GTUK / Apex Tech Scotland Ltd,INV-2014/708,2014-10-07,2014,,0,Fusion.One International Ltd,Fusion.One International Ltd,Paid,,,0.0,1,0
GTUK / Apex Tech Scotland Ltd,INV-2014/708,2014-10-07,2014,,0,Fusion.One International Ltd,Fusion.One International Ltd,Paid,,,0.0,1,0
GTUK / Apex Tech Scotland Ltd,INV-2014/709,2014-10-07,2014,,3,Ideaworks Limited,Ideaworks Limited,Paid,Sales - LEON,LEON,2250.0,1,0
GTUK / Apex Tech Scotland Ltd,INV-2014/709,2014-10-07,2014,,3,Ideaworks Limited,Ideaworks Limited,Paid,Sales - LEON,LEON,450.0,1,0
GTUK / Apex Tech Scotland Ltd,INV-2014/709,2014-10-07,2014,,0,Ideaworks Limited,Ideaworks Limited,Paid,,,0.0,1,0
GTUK / Apex Tech Scotland Ltd,INV-2014/709,2014-10-07,2014,,0,Ideaworks Limited,Ideaworks Limited,Paid,,,0.0,1,0
GTUK / Apex Tech Scotland Ltd,URN710,2014-10-08,2014,LEO-Hz313-LR-X-A,1,Olive Audio Visual Ltd,Olive Audio Visual Ltd,Paid,Sales - LEON,LEON,-900.0,1,0
GTUK / Apex Tech Scotland Ltd,URN710,2014-10-08,2014,LEO-Hz-UMB/OMB,1,Olive Audio Visual Ltd,Olive Audio Visual Ltd,Paid,Sales - LEON,LEON,-120.0,1,0
GTUK / Apex Tech Scotland Ltd,URN710,2014-10-08,2014,,0,Olive Audio Visual Ltd,Olive Audio Visual Ltd,Paid,,,0.0,1,0
GTUK / Apex Tech Scotland Ltd,INV-2014/712,2014-10-13,2014,,1,Custom Sight & Sound Ltd,Custom Sight & Sound Ltd,Paid,Sales - LEON,LEON,150.0,1,0
GTUK / Apex Tech Scotland Ltd,INV-2014/712,2014-10-13,2014,,1,Custom Sight & Sound Ltd,Custom Sight & Sound Ltd,Paid,Sales - LEON,LEON,750.0,1,0
GTUK / Apex Tech Scotland Ltd,INV-2014/712,2014-10-13,2014,,0,Custom Sight & Sound Ltd,Custom Sight & Sound Ltd,Paid,,,0.0,1,0
GTUK / Apex Tech Scotland Ltd,INV-2014/713,2014-10-13,2014,,1,Inspired Dwellings,Inspired Dwellings,Paid,Sales - CINEVERSUM,CINEVERSUM,5250.0,1,0
GTUK / Apex Tech Scotland Ltd,INV-2014/714,2014-10-13,2014,,1,Icon Connect Ltd,Icon Connect Ltd,Paid,Sales - STEWART,STEWART,1518.82,1,0
GTUK / Apex Tech Scotland Ltd,INV-2014/714,2014-10-13,2014,,0,Icon Connect Ltd,Icon Connect Ltd,Paid,,,0.0,1,0
GTUK / Apex Tech Scotland Ltd,INV-2014/715,2014-10-13,2014,,2,Olive Audio Visual Ltd,Olive Audio Visual Ltd,Paid,Sales - LEON,LEON,3000.0,1,0
GTUK / Apex Tech Scotland Ltd,INV-2014/715,2014-10-13,2014,,0,Olive Audio Visual Ltd,Olive Audio Visual Ltd,Paid,,,0.0,1,0
GTUK / Apex Tech Scotland Ltd,INV-2014/715,2014-10-13,2014,,0,Olive Audio Visual Ltd,Olive Audio Visual Ltd,Paid,,,0.0,1,0
GTUK / Apex Tech Scotland Ltd,INV-2014/716,2014-10-14,2014,STH-LR4G,2,i-Homes London,i-Homes London,Paid,Sales - STEALTH,STEALTH,2500.0,1,0
GTUK / Apex Tech Scotland Ltd,INV-2014/716,2014-10-14,2014,,0,i-Homes London,i-Homes London,Paid,,,0.0,1,0
GTUK / Apex Tech Scotland Ltd,INV-2014/717,2014-10-14,2014,STH-LR8G,2,Couture Digital Ltd,Couture Digital Ltd,Paid,Sales - STEALTH,STEALTH,1000.0,1,0
GTUK / Apex Tech Scotland Ltd,INV-2014/717,2014-10-14,2014,STH-SLR8G,3,Couture Digital Ltd,Couture Digital Ltd,Paid,Sales - STEALTH,STEALTH,1050.0,1,0
GTUK / Apex Tech Scotland Ltd,INV-2014/717,2014-10-14,2014,STH-MBC-22,7,Couture Digital Ltd,Couture Digital Ltd,Paid,Sales - STEALTH,STEALTH,420.0,1,0
GTUK / Apex Tech Scotland Ltd,INV-2014/717,2014-10-14,2014,,0,Couture Digital Ltd,Couture Digital Ltd,Paid,,,0.0,1,0
GTUK / Apex Tech Scotland Ltd,INV-2014/720,2014-10-15,2014,,2,Inspired Dwellings,Inspired Dwellings,Paid,Sales - LEON,LEON,480.0,1,0
GTUK / Apex Tech Scotland Ltd,INV-2014/720,2014-10-15,2014,,0,Inspired Dwellings,Inspired Dwellings,Paid,,,0.0,1,0
GTUK / Apex Tech Scotland Ltd,INV-2014/721,2014-10-15,2014,,1,The Next Level,The Next Level,Paid,Sales - LEON,LEON,1200.0,1,0
GTUK / Apex Tech Scotland Ltd,INV-2014/721,2014-10-15,2014,,0,The Next Level,The Next Level,Paid,,,0.0,1,0
GTUK / Apex Tech Scotland Ltd,INV-2014/721,2014-10-15,2014,,0,The Next Level,The Next Level,Paid,,,0.0,1,0
GTUK / Apex Tech Scotland Ltd,INV-2014/722,2014-10-16,2014,STH-LR6G,2,D & T Electronics,D & T Electronics,Paid,Sales - STEALTH,STEALTH,900.0,1,0
GTUK / Apex Tech Scotland Ltd,INV-2014/722,2014-10-16,2014,STH-MBC-22,1,D & T Electronics,D & T Electronics,Paid,Sales - STEALTH,STEALTH,60.0,1,0
GTUK / Apex Tech Scotland Ltd,INV-2014/722,2014-10-16,2014,STH-LR8GS,1,D & T Electronics,D & T Electronics,Paid,Sales - STEALTH,STEALTH,250.0,1,0
GTUK / Apex Tech Scotland Ltd,INV-2014/722,2014-10-16,2014,,0,D & T Electronics,D & T Electronics,Paid,,,0.0,1,0
GTUK / Apex Tech Scotland Ltd,INV-2014/723,2014-10-16,2014,STH-LR6GS,1,Marquee Installations Ltd,Marquee Installations Ltd,Paid,Sales - STEALTH,STEALTH,225.0,1,0
GTUK / Apex Tech Scotland Ltd,INV-2014/723,2014-10-16,2014,STH-MBC-12,1,Marquee Installations Ltd,Marquee Installations Ltd,Paid,Sales - STEALTH,STEALTH,60.0,1,0
GTUK / Apex Tech Scotland Ltd,INV-2014/723,2014-10-16,2014,,0,Marquee Installations Ltd,Marquee Installations Ltd,Paid,,,0.0,1,0
GTUK / Apex Tech Scotland Ltd,INV-2014/724,2014-10-16,2014,,1,The Next Level,The Next Level,Paid,Sales - LEON,LEON,120.0,1,0
GTUK / Apex Tech Scotland Ltd,INV-2014/724,2014-10-16,2014,,0,The Next Level,The Next Level,Paid,,,0.0,1,0
GTUK / Apex Tech Scotland Ltd,URN726,2014-10-17,2014,AGA-T242-N,1,Yacht Intelligence Ltd,Yacht Intelligence Ltd,Paid,Sales - AGATH,AGATH,-3510.0,1,0
GTUK / Apex Tech Scotland Ltd,URN726,2014-10-17,2014,,1,Yacht Intelligence Ltd,Yacht Intelligence Ltd,Paid,Sales - AGATH,AGATH,-1700.0,1,0
GTUK / Apex Tech Scotland Ltd,INV-2014/729,2014-10-21,2014,,1,Ideaworks Limited,Ideaworks Limited,Paid,Sales - LEON,LEON,150.0,1,0
GTUK / Apex Tech Scotland Ltd,INV-2014/729,2014-10-21,2014,,0,Ideaworks Limited,Ideaworks Limited,Paid,,,0.0,1,0
GTUK / Apex Tech Scotland Ltd,INV-2014/729,2014-10-21,2014,,1,Ideaworks Limited,Ideaworks Limited,Paid,Sales - LEON,LEON,1200.0,1,0
GTUK / Apex Tech Scotland Ltd,INV-2014/729,2014-10-21,2014,,0,Ideaworks Limited,Ideaworks Limited,Paid,,,0.0,1,0
GTUK / Apex Tech Scotland Ltd,INV-2014/729,2014-10-21,2014,,0,Ideaworks Limited,Ideaworks Limited,Paid,,,0.0,1,0
GTUK / Apex Tech Scotland Ltd,INV-2014/730,2014-10-21,2014,,1,DC Communications,DC Communications,Paid,Sales - CINEVERSUM,CINEVERSUM,280.0,1,0
GTUK / Apex Tech Scotland Ltd,INV-2014/730,2014-10-21,2014,,0,DC Communications,DC Communications,Paid,,,0.0,1,0
GTUK / Apex Tech Scotland Ltd,INV-2014/731,2014-10-22,2014,,2,Electronic Zone Ltd,Electronic Zone Ltd,Paid,Sales - AGATH,AGATH,4550.0,1,0
GTUK / Apex Tech Scotland Ltd,INV-2014/731,2014-10-22,2014,,0,Electronic Zone Ltd,Electronic Zone Ltd,Paid,,,0.0,1,0
GTUK / Apex Tech Scotland Ltd,INV-2014/732,2014-10-24,2014,,1,Smartcomm Ltd,Smartcomm Ltd,Paid,Sales - LEON,LEON,1200.0,1,0
GTUK / Apex Tech Scotland Ltd,INV-2014/732,2014-10-24,2014,,1,Smartcomm Ltd,Smartcomm Ltd,Paid,Sales - LEON,LEON,150.0,1,0
GTUK / Apex Tech Scotland Ltd,INV-2014/732,2014-10-24,2014,,0,Smartcomm Ltd,Smartcomm Ltd,Paid,,,0.0,1,0
GTUK / Apex Tech Scotland Ltd,INV-2014/732,2014-10-24,2014,,0,Smartcomm Ltd,Smartcomm Ltd,Paid,,,0.0,1,0
GTUK / Apex Tech Scotland Ltd,INV-2014/733,2014-10-24,2014,,1,Marquee Home Ltd,Marquee Home Ltd,Paid,Sales - STEALTH,STEALTH,450.0,1,0
GTUK / Apex Tech Scotland Ltd,INV-2014/733,2014-10-24,2014,,1,Marquee Home Ltd,Marquee Home Ltd,Paid,Sales - STEALTH,STEALTH,225.0,1,0
GTUK / Apex Tech Scotland Ltd,INV-2014/733,2014-10-24,2014,,3,Marquee Home Ltd,Marquee Home Ltd,Paid,Sales - STEALTH,STEALTH,180.0,1,0
GTUK / Apex Tech Scotland Ltd,INV-2014/733,2014-10-24,2014,,0,Marquee Home Ltd,Marquee Home Ltd,Paid,,,0.0,1,0
GTUK / Apex Tech Scotland Ltd,INV-2014/734,2014-10-24,2014,,1,Philharmonic AV Ltd,Philharmonic AV Ltd,Paid,Sales - STEALTH,STEALTH,360.0,1,0
GTUK / Apex Tech Scotland Ltd,INV-2014/734,2014-10-24,2014,,1,Philharmonic AV Ltd,Philharmonic AV Ltd,Paid,Sales - STEALTH,STEALTH,320.0,1,0
GTUK / Apex Tech Scotland Ltd,INV-2014/734,2014-10-24,2014,,0,Philharmonic AV Ltd,Philharmonic AV Ltd,Paid,,,0.0,1,0
GTUK / Apex Tech Scotland Ltd,INV-2014/734,2014-10-24,2014,,2,Philharmonic AV Ltd,Philharmonic AV Ltd,Paid,Sales - STEALTH,STEALTH,96.0,1,0
GTUK / Apex Tech Scotland Ltd,INV-2014/734,2014-10-24,2014,,2,Philharmonic AV Ltd,Philharmonic AV Ltd,Paid,Sales - STEALTH,STEALTH,96.0,1,0
GTUK / Apex Tech Scotland Ltd,INV-2014/734,2014-10-24,2014,,1,Philharmonic AV Ltd,Philharmonic AV Ltd,Paid,Sales - STEALTH,STEALTH,300.0,1,0
GTUK / Apex Tech Scotland Ltd,INV-2014/736,2014-10-27,2014,,27,AT&C Audio Technology & Communications Ltd,AT&C Audio Technology & Communications Ltd,Paid,Sales - STEALTH,STEALTH,5400.0,1,0
GTUK / Apex Tech Scotland Ltd,INV-2014/736,2014-10-27,2014,,28,AT&C Audio Technology & Communications Ltd,AT&C Audio Technology & Communications Ltd,Paid,Sales - STEALTH,STEALTH,1344.0,1,0
GTUK / Apex Tech Scotland Ltd,INV-2014/736,2014-10-27,2014,,6,AT&C Audio Technology & Communications Ltd,AT&C Audio Technology & Communications Ltd,Paid,Sales - STEALTH,STEALTH,2400.0,1,0
GTUK / Apex Tech Scotland Ltd,INV-2014/736,2014-10-27,2014,,8,AT&C Audio Technology & Communications Ltd,AT&C Audio Technology & Communications Ltd,Paid,Sales - STEALTH,STEALTH,384.0,1,0
GTUK / Apex Tech Scotland Ltd,INV-2014/736,2014-10-27,2014,,0,AT&C Audio Technology & Communications Ltd,AT&C Audio Technology & Communications Ltd,Paid,,,0.0,1,0
GTUK / Apex Tech Scotland Ltd,INV-2014/739,2014-10-28,2014,,1,Olive Audio Visual Ltd,Olive Audio Visual Ltd,Paid,Sales - LEON,LEON,2100.0,1,0
GTUK / Apex Tech Scotland Ltd,INV-2014/739,2014-10-28,2014,,3,Olive Audio Visual Ltd,Olive Audio Visual Ltd,Paid,Sales - LEON,LEON,450.0,1,0
GTUK / Apex Tech Scotland Ltd,INV-2014/739,2014-10-28,2014,,0,Olive Audio Visual Ltd,Olive Audio Visual Ltd,Paid,,,0.0,1,0
GTUK / Apex Tech Scotland Ltd,INV-2014/739,2014-10-28,2014,,0,Olive Audio Visual Ltd,Olive Audio Visual Ltd,Paid,,,0.0,1,0
GTUK / Apex Tech Scotland Ltd,INV-2014/740,2014-10-30,2014,STH-LR6G,3,Marquee Home Ltd,Marquee Home Ltd,Paid,Sales - STEALTH,STEALTH,1350.0,1,0
GTUK / Apex Tech Scotland Ltd,INV-2014/740,2014-10-30,2014,,0,Marquee Home Ltd,Marquee Home Ltd,Paid,,,0.0,1,0
GTUK / Apex Tech Scotland Ltd,INV-2014/741,2014-11-03,2014,STH-LR6G,2,Homeplay Ltd,Homeplay Ltd,Paid,Sales - STEALTH,STEALTH,900.0,1,0
GTUK / Apex Tech Scotland Ltd,INV-2014/741,2014-11-03,2014,STH-MBC-12,6,Homeplay Ltd,Homeplay Ltd,Paid,Sales - STEALTH,STEALTH,360.0,1,0
GTUK / Apex Tech Scotland Ltd,INV-2014/741,2014-11-03,2014,STH-MBC-22,1,Homeplay Ltd,Homeplay Ltd,Paid,Sales - STEALTH,STEALTH,60.0,1,0
GTUK / Apex Tech Scotland Ltd,INV-2014/741,2014-11-03,2014,STH-LR8GS,1,Homeplay Ltd,Homeplay Ltd,Paid,Sales - STEALTH,STEALTH,250.0,1,0
GTUK / Apex Tech Scotland Ltd,INV-2014/741,2014-11-03,2014,,0,Homeplay Ltd,Homeplay Ltd,Paid,,,0.0,1,0
GTUK / Apex Tech Scotland Ltd,INV-2014/690 ADD,2014-11-05,2014,,1,London Media Rooms,London Media Rooms,Paid,Sales - LEON,LEON,300.0,1,0
GTUK / Apex Tech Scotland Ltd,INV-2014/742,2014-11-06,2014,STH-LR6GS,37,Mood Media,Mood Media,Paid,Sales - STEALTH,STEALTH,8325.0,1,0
GTUK / Apex Tech Scotland Ltd,INV-2014/742,2014-11-06,2014,STH-MBX-12,30,Mood Media,Mood Media,Paid,Sales - STEALTH,STEALTH,1800.0,1,0
GTUK / Apex Tech Scotland Ltd,INV-2014/742,2014-11-06,2014,,0,Mood Media,Mood Media,Paid,,,0.0,1,0
GTUK / Apex Tech Scotland Ltd,INV-2014/742,2014-11-06,2014,STH-MBX-22,7,Mood Media,Mood Media,Paid,Sales - STEALTH,STEALTH,420.0,1,0
GTUK / Apex Tech Scotland Ltd,URN743,2014-11-10,2014,,1,Kaizen Furniture,Kaizen Furniture,Paid,Sales - AGATH,AGATH,-10482.1,1,0
GTUK / Apex Tech Scotland Ltd,INV-2014/744,2014-11-12,2014,,1,MV Installations,MV Installations,Paid,Sales - CINEVERSUM,CINEVERSUM,280.0,1,0
GTUK / Apex Tech Scotland Ltd,INV-2014/744,2014-11-12,2014,,0,MV Installations,MV Installations,Paid,,,0.0,1,0
GTUK / Apex Tech Scotland Ltd,INV-2014/745,2014-11-12,2014,,1,Genesis Technologies AG,Genesis Technologies AG,Paid,Sales - SERVICES,SERVICES,15733.54,1,0
GTUK / Apex Tech Scotland Ltd,INV-2014/749,2014-11-19,2014,,1,Genesis Technologies AG,Genesis Technologies AG,Paid,Sales - SERVICES,SERVICES,15997.44,1,0
GTUK / Apex Tech Scotland Ltd,INV-2014/789,2014-12-01,2014,,1,Verde Construction,Verde Construction,Paid,Sales - SERVICES,SERVICES,33617.27,1,0
GTUK / Apex Tech Scotland Ltd,INV-2014/735,2014-12-01,2014,,1,Dudden Construction,Dudden Construction,Paid,Sales - OTHERS,OTHERS,300.0,1,0
GTUK / Apex Tech Scotland Ltd,INV-2014/746,2014-12-01,2014,STH-MBC-22,2,Revolve CI,Revolve CI,Paid,,,0.0,1,0
GTUK / Apex Tech Scotland Ltd,INV-2014/746,2014-12-01,2014,STH-LR8G,1,Revolve CI,Revolve CI,Paid,Sales - STEALTH,STEALTH,500.0,1,0
GTUK / Apex Tech Scotland Ltd,INV-2014/746,2014-12-01,2014,,0,Revolve CI,Revolve CI,Paid,,,0.0,1,0
GTUK / Apex Tech Scotland Ltd,INV-2014/748,2014-12-01,2014,STH-LR6G,6,Marquee Home Ltd,Marquee Home Ltd,Paid,Sales - STEALTH,STEALTH,2700.0,1,0
GTUK / Apex Tech Scotland Ltd,INV-2014/748,2014-12-01,2014,STH-MBC-12,14,Marquee Home Ltd,Marquee Home Ltd,Paid,Sales - STEALTH,STEALTH,840.0,1,0
GTUK / Apex Tech Scotland Ltd,INV-2014/748,2014-12-01,2014,,0,Marquee Home Ltd,Marquee Home Ltd,Paid,,,0.0,1,0
GTUK / Apex Tech Scotland Ltd,INV-2014/758,2014-12-02,2014,STH-MBC-22,7,i-Homes London,i-Homes London,Paid,Sales - STEALTH,STEALTH,420.0,1,0
GTUK / Apex Tech Scotland Ltd,INV-2014/758,2014-12-02,2014,STH-MBC-12,6,i-Homes London,i-Homes London,Paid,Sales - STEALTH,STEALTH,360.0,1,0
GTUK / Apex Tech Scotland Ltd,INV-2014/758,2014-12-02,2014,STH-MBC-30,6,i-Homes London,i-Homes London,Paid,Sales - STEALTH,STEALTH,360.0,1,0
GTUK / Apex Tech Scotland Ltd,INV-2014/752,2014-12-08,2014,SFS-CIMA-FF-1135H,1,Genesis Home Technologies SL,Genesis Home Technologies SL,Paid,Sales - STEWART,STEWART,1025.12,1,0
GTUK / Apex Tech Scotland Ltd,INV-2014/753,2014-12-08,2014,LUT-QSPS-HD-I-6O,2,Genesis Home Technologies SL,Genesis Home Technologies SL,Paid,Sales - OTHERS,OTHERS,2.0,1,0
GTUK / Apex Tech Scotland Ltd,INV-2014/753,2014-12-08,2014,LUT-HQP6-2,1,Genesis Home Technologies SL,Genesis Home Technologies SL,Paid,Sales - OTHERS,OTHERS,1.0,1,0
GTUK / Apex Tech Scotland Ltd,INV-2014/753,2014-12-08,2014,LUT-HQWIS-NB-NONE,28,Genesis Home Technologies SL,Genesis Home Technologies SL,Paid,Sales - OTHERS,OTHERS,28.0,1,0
GTUK / Apex Tech Scotland Ltd,INV-2014/753,2014-12-08,2014,LUT-LQSE-4A-D,3,Genesis Home Technologies SL,Genesis Home Technologies SL,Paid,Sales - OTHERS,OTHERS,3.0,1,0
GTUK / Apex Tech Scotland Ltd,INV-2014/753,2014-12-08,2014,LUT-LQSE-4S10-D,16,Genesis Home Technologies SL,Genesis Home Technologies SL,Paid,Sales - OTHERS,OTHERS,16.0,1,0
GTUK / Apex Tech Scotland Ltd,INV-2014/753,2014-12-08,2014,LUT-LQSE-4M-D,2,Genesis Home Technologies SL,Genesis Home Technologies SL,Paid,Sales - OTHERS,OTHERS,2.0,1,0
GTUK / Apex Tech Scotland Ltd,INV-2014/753,2014-12-08,2014,LUT-HQK-REP,1,Genesis Home Technologies SL,Genesis Home Technologies SL,Paid,Sales - OTHERS,OTHERS,1.0,1,0
GTUK / Apex Tech Scotland Ltd,INV-2014/753,2014-12-08,2014,LUT-PK-3BRL-MAW-L01,1,Genesis Home Technologies SL,Genesis Home Technologies SL,Paid,Sales - OTHERS,OTHERS,1.0,1,0
GTUK / Apex Tech Scotland Ltd,INV-2014/753,2014-12-08,2014,LUT-L-PED1-AW,1,Genesis Home Technologies SL,Genesis Home Technologies SL,Paid,Sales - OTHERS,OTHERS,1.0,1,0
GTUK / Apex Tech Scotland Ltd,INV-2014/753,2014-12-08,2014,LUT-GRX-CBL-346S-500,2,Genesis Home Technologies SL,Genesis Home Technologies SL,Paid,Sales - OTHERS,OTHERS,2.0,1,0
GTUK / Apex Tech Scotland Ltd,INV-2014/753,2014-12-08,2014,LUT-L-LV21-230,1,Genesis Home Technologies SL,Genesis Home Technologies SL,Paid,Sales - OTHERS,OTHERS,1.0,1,0
GTUK / Apex Tech Scotland Ltd,INV-2014/753,2014-12-08,2014,LUT-LOS-CDT-500R-WH,1,Genesis Home Technologies SL,Genesis Home Technologies SL,Paid,Sales - OTHERS,OTHERS,1.0,1,0
GTUK / Apex Tech Scotland Ltd,INV-2014/753,2014-12-08,2014,LUT-LOS-CDT-1000R,1,Genesis Home Technologies SL,Genesis Home Technologies SL,Paid,Sales - OTHERS,OTHERS,1.0,1,0
GTUK / Apex Tech Scotland Ltd,INV-2014/753,2014-12-08,2014,LUT-HWIS-10BRL-F-AW,11,Genesis Home Technologies SL,Genesis Home Technologies SL,Paid,Sales - OTHERS,OTHERS,11.0,1,0
GTUK / Apex Tech Scotland Ltd,INV-2014/753,2014-12-08,2014,LUT-HWIS-5BRL-F-AW,17,Genesis Home Technologies SL,Genesis Home Technologies SL,Paid,Sales - OTHERS,OTHERS,17.0,1,0
GTUK / Apex Tech Scotland Ltd,INV-2014/753,2014-12-08,2014,LUT-PK-3BRL-MAW-L01,1,Genesis Home Technologies SL,Genesis Home Technologies SL,Paid,Sales - OTHERS,OTHERS,1.0,1,0
GTUK / Apex Tech Scotland Ltd,INV-2014/753,2014-12-08,2014,LUT-PFP-1-B-FAW-CPN5692,1,Genesis Home Technologies SL,Genesis Home Technologies SL,Paid,Sales - OTHERS,OTHERS,1.0,1,0
GTUK / Apex Tech Scotland Ltd,INV-2014/753,2014-12-08,2014,SHIP/HANDLE,1,Genesis Home Technologies SL,Genesis Home Technologies SL,Paid,Sales - OTHERS,OTHERS,11543.52,1,0
GTUK / Apex Tech Scotland Ltd,INV-2014/754,2014-12-11,2014,,1,Pilbrow and Partners,Pilbrow and Partners,Paid,Sales - BARRISOL COUTURE,BARRISOL COUTURE,3156.8,1,0
GTUK / Apex Tech Scotland Ltd,INV-2014/754,2014-12-11,2014,,1,Pilbrow and Partners,Pilbrow and Partners,Paid,Sales - BARRISOL COUTURE,BARRISOL COUTURE,1200.0,1,0
GTUK / Apex Tech Scotland Ltd,INV-2014/754,2014-12-11,2014,,0,Pilbrow and Partners,Pilbrow and Partners,Paid,,,0.0,1,0
GTUK / Apex Tech Scotland Ltd,URN755,2014-12-15,2014,,1,Pilbrow and Partners,Pilbrow and Partners,Paid,Sales - HTC,HTC,-325.0,1,0
GTUK / Apex Tech Scotland Ltd,URN755,2014-12-15,2014,,1,Pilbrow and Partners,Pilbrow and Partners,Paid,Sales - HTC,HTC,-369.0,1,0
GTUK / Apex Tech Scotland Ltd,INV-2014/756,2014-12-15,2014,STH-LR6G,1,Homeplay Ltd,Homeplay Ltd,Paid,Sales - STEALTH,STEALTH,450.0,1,0
GTUK / Apex Tech Scotland Ltd,INV-2014/757,2014-12-16,2014,LEO-A10-UT-1K,1,LiveSmarter Ltd,LiveSmarter Ltd,Paid,Sales - LEON,LEON,1800.0,1,0
GTUK / Apex Tech Scotland Ltd,INV-2014/759,2014-12-16,2014,STH-LR6G,6,i-Homes London,i-Homes London,Paid,Sales - STEALTH,STEALTH,2700.0,1,0
GTUK / Apex Tech Scotland Ltd,INV-2014/759,2014-12-16,2014,STH-LR8G,1,i-Homes London,i-Homes London,Paid,Sales - STEALTH,STEALTH,500.0,1,0
GTUK / Apex Tech Scotland Ltd,INV-2014/759,2014-12-16,2014,STH-B22G,1,i-Homes London,i-Homes London,Paid,Sales - STEALTH,STEALTH,400.0,1,0
GTUK / Apex Tech Scotland Ltd,INV-2014/763,2014-12-16,2014,SFS-CIMA-FF-1123H,1,Experience AV,Experience AV,Paid,Sales - STEWART,STEWART,1120.0,1,0
GTUK / Apex Tech Scotland Ltd,INV-2014/765,2014-12-16,2014,LEO-Hz33,2,Another Planet AV,Another Planet AV,Paid,Sales - LEON,LEON,1800.0,1,0
GTUK / Apex Tech Scotland Ltd,INV-2014/765,2014-12-16,2014,LEO-HzUMB,2,Another Planet AV,Another Planet AV,Paid,Sales - LEON,LEON,300.0,1,0
GTUK / Apex Tech Scotland Ltd,INV-2014/766,2014-12-16,2014,QUE-LT24,5,Premier Audio Video,Premier Audio Video,Paid,Sales - OTHERS,OTHERS,2250.0,1,0
GTUK / Apex Tech Scotland Ltd,INV-2014/766,2014-12-16,2014,QUE-x12,2,Premier Audio Video,Premier Audio Video,Paid,Sales - OTHERS,OTHERS,1800.0,1,0
GTUK / Apex Tech Scotland Ltd,INV-2014/766,2014-12-16,2014,INT-DTR-40.6,1,Premier Audio Video,Premier Audio Video,Paid,Sales - QUESTED,QUESTED,660.0,1,0
GTUK / Apex Tech Scotland Ltd,INV-2014/766,2014-12-16,2014,,1,Premier Audio Video,Premier Audio Video,Paid,Sales - QUESTED,QUESTED,1290.0,1,0
GTUK / Apex Tech Scotland Ltd,INV-2014/767,2014-12-19,2014,STH-LR6G,1,i-Homes London,i-Homes London,Paid,Sales - STEALTH,STEALTH,450.0,1,0
GTUK / Apex Tech Scotland Ltd,INV-2014/767,2014-12-19,2014,STH-LR4G,2,i-Homes London,i-Homes London,Paid,Sales - STEALTH,STEALTH,2500.0,1,0
GTUK / Apex Tech Scotland Ltd,INV-2014/767,2014-12-19,2014,STH-LR3G,1,i-Homes London,i-Homes London,Paid,Sales - STEALTH,STEALTH,1000.0,1,0
GTUK / Apex Tech Scotland Ltd,INV-2014/767,2014-12-19,2014,STH-B30G,2,i-Homes London,i-Homes London,Paid,Sales - STEALTH,STEALTH,1000.0,1,0
GTUK / Apex Tech Scotland Ltd,INV-2014/767,2014-12-19,2014,STH-SLR8G,3,i-Homes London,i-Homes London,Paid,Sales - STEALTH,STEALTH,1050.0,1,0
GTUK / Apex Tech Scotland Ltd,INV-2014/769,2014-12-19,2014,CVS-BW1-14-RF,1,Smartcomm Ltd,Smartcomm Ltd,Paid,Sales - CINEVERSUM,CINEVERSUM,3510.0,1,0
GTUK / Apex Tech Scotland Ltd,URN772,2014-12-31,2014,,1,The Little Cinema Company Ltd,The Little Cinema Company Ltd,Paid,Sales - AGATH,AGATH,-840.0,1,0
GTUK / Apex Tech Scotland Ltd,URN772,2014-12-31,2014,,1,The Little Cinema Company Ltd,The Little Cinema Company Ltd,Paid,Sales - AGATH,AGATH,-447.0,1,0
GTUK / Apex Tech Scotland Ltd,INV-2014/774,2014-12-31,2014,,1,The Little Cinema Company Ltd,The Little Cinema Company Ltd,Paid,Sales - AGATH,AGATH,840.0,1,0
GTUK / Apex Tech Scotland Ltd,INV-2014/774,2014-12-31,2014,,1,The Little Cinema Company Ltd,The Little Cinema Company Ltd,Paid,Sales - AGATH,AGATH,250.0,1,0
GTUK / Apex Tech Scotland Ltd,INV-2014/775,2014-12-31,2014,,1,The Little Cinema Company Ltd,The Little Cinema Company Ltd,Paid,Sales - PHASE TECHNOLOGY,PHASE TECHNOLOGY,447.0,1,0
GTUK / Apex Tech Scotland Ltd,INV-2014/780,2014-12-31,2014,STH-LR6G,11,i-Homes London,i-Homes London,Paid,Sales - STEALTH,STEALTH,4950.0,1,0
GTUK / Apex Tech Scotland Ltd,INV-2014/780,2014-12-31,2014,STH-MBC-12,22,i-Homes London,i-Homes London,Paid,Sales - STEALTH,STEALTH,1320.0,1,0
GTUK / Apex Tech Scotland Ltd,INV-2014/728,2014-12-31,2014,,1,Fusion.One International Ltd,Fusion.One International Ltd,Paid,Sales - STEALTH,STEALTH,225.0,1,0
GTUK / Apex Tech Scotland Ltd,INV-2014/728,2014-12-31,2014,,1,Fusion.One International Ltd,Fusion.One International Ltd,Paid,Sales - STEALTH,STEALTH,625.0,1,0
GTUK / Apex Tech Scotland Ltd,INV-2014/728,2014-12-31,2014,,1,Fusion.One International Ltd,Fusion.One International Ltd,Paid,Sales - STEALTH,STEALTH,60.0,1,0
GTUK / Apex Tech Scotland Ltd,INV-2014/728,2014-12-31,2014,,1,Fusion.One International Ltd,Fusion.One International Ltd,Paid,Sales - STEALTH,STEALTH,60.0,1,0
GTUK / Apex Tech Scotland Ltd,INV-2014/728,2014-12-31,2014,,0,Fusion.One International Ltd,Fusion.One International Ltd,Paid,,,0.0,1,0
GTUK / Apex Tech Scotland Ltd,CN-2015/798,2014-12-31,2014,STH-MBC-12,11,i-Homes London,i-Homes London,Paid,Sales - STEALTH,STEALTH,-660.0,1,0
GTUK / Apex Tech Scotland Ltd,CN-2015/798,2014-12-31,2014,STH-LR6G,5,i-Homes London,i-Homes London,Paid,Sales - STEALTH,STEALTH,-2250.0,1,0
GTUK / Apex Tech Scotland Ltd,CN-2015/803,2014-12-31,2014,,1,Wirito AV Iberica SL,Wirito AV Iberica SL,Paid,Sales - SERVICES,SERVICES,-8583.94,1,0
GTUK / Apex Tech Scotland Ltd,INV-2015/805,2014-12-31,2014,,1,Cyberhomes Ltd,Cyberhomes Ltd,Paid,Sales - STEALTH,STEALTH,60.0,1,0
GTUK / Apex Tech Scotland Ltd,INV-2015/806,2014-12-31,2014,,1,Home Audio Solutions,Home Audio Solutions,Paid,Sales - HTC,HTC,524.63,1,0
GTUK / Apex Tech Scotland Ltd,INV-2015/808,2014-12-31,2014,,1,AT&C Audio Technology & Communications Ltd,AT&C Audio Technology & Communications Ltd,Paid,Sales - STEALTH,STEALTH,135.0,1,0
GTUK / Apex Tech Scotland Ltd,INV-2015/809,2014-12-31,2014,,1,Cinematech,Cinematech,Paid,Sales - OTHERS,OTHERS,812.5,1,0
GTUK / Apex Tech Scotland Ltd,CN-2015/810,2014-12-31,2014,,1,ECSAV,ECSAV,Paid,Sales - OTHERS,OTHERS,-0.01,1,0
GTUK / Apex Tech Scotland Ltd,INV-2015/811,2014-12-31,2014,,1,Kensington Audio Visual,Kensington Audio Visual,Paid,Sales - OTHERS,OTHERS,50.0,1,0
GTUK / Apex Tech Scotland Ltd,INV-2015/812,2014-12-31,2014,,1,Livewire Home Integration Ltd,Livewire Home Integration Ltd,Paid,Sales - OTHERS,OTHERS,375.0,1,0
GTUK / Apex Tech Scotland Ltd,CN-2015/815,2014-12-31,2014,,1,The Big Picture,The Big Picture,Paid,,,0.0,1,0
GTUK / Apex Tech Scotland Ltd,CN-2015/815,2014-12-31,2014,,1,The Big Picture,The Big Picture,Paid,,,0.0,1,0
GTUK / Apex Tech Scotland Ltd,INV-2014/770,2014-12-31,2014,LT24,2,Premier Audio Video,Premier Audio Video,Paid,Sales - OTHERS,OTHERS,900.0,1,0
GTUK / Apex Tech Scotland Ltd,INV-2014/764,2015-01-01,2015,,0,London Media Rooms,London Media Rooms,Paid,,,0.0,1,0
GTUK / Apex Tech Scotland Ltd,INV-2014/760,2015-01-01,2015,LEO-Hz350CL,1,Electric Frog,Electric Frog,Paid,Sales - LEON,LEON,600.0,1,0
GTUK / Apex Tech Scotland Ltd,INV-2014/760,2015-01-01,2015,LEO-HzUMB,1,Electric Frog,Electric Frog,Paid,Sales - LEON,LEON,150.0,1,0
GTUK / Apex Tech Scotland Ltd,INV-2014/760,2015-01-01,2015,LEO-HzUMB,1,Electric Frog,Electric Frog,Paid,,,0.0,1,0
GTUK / Apex Tech Scotland Ltd,INV-2014/761,2015-01-01,2015,SFS-SEL103HFHG4W­16.25­2­5,1,ECSAV,ECSAV,Paid,Sales - STEWART,STEWART,3943.75,1,0
GTUK / Apex Tech Scotland Ltd,INV-2014/761,2015-01-01,2015,,0,ECSAV,ECSAV,Paid,,,0.0,1,0
GTUK / Apex Tech Scotland Ltd,INV-2014/764,2015-01-01,2015,AGA-T218-N,2,London Media Rooms,London Media Rooms,Paid,Sales - AGATH,AGATH,2114.0,1,0
GTUK / Apex Tech Scotland Ltd,INV-2014/764,2015-01-01,2015,,0,London Media Rooms,London Media Rooms,Paid,,,0.0,1,0
GTUK / Apex Tech Scotland Ltd,INV-2014/764,2015-01-01,2015,,0,London Media Rooms,London Media Rooms,Paid,,,0.0,1,0
GTUK / Apex Tech Scotland Ltd,INV-2014/771,2015-01-06,2015,AGA-T355-M,1,The Next Level,The Next Level,Paid,Sales - AGATH,AGATH,7350.0,1,0
GTUK / Apex Tech Scotland Ltd,INV-2014/771,2015-01-06,2015,AGA-CUSTOM,1,The Next Level,The Next Level,Paid,Sales - AGATH,AGATH,1120.0,1,0
GTUK / Apex Tech Scotland Ltd,INV-2014/776,2015-01-07,2015,STH-LR3G,2,Texas Projects Limited,Texas Projects Limited,Paid,Sales - STEALTH,STEALTH,4000.0,1,0
GTUK / Apex Tech Scotland Ltd,INV-2014/776,2015-01-07,2015,STH-SLR8G,2,Texas Projects Limited,Texas Projects Limited,Paid,Sales - STEALTH,STEALTH,1400.0,1,0
GTUK / Apex Tech Scotland Ltd,INV-2014/777,2015-01-08,2015,STH-LR6GS,1,Mood Media,Mood Media,Paid,Sales - STEALTH,STEALTH,225.0,1,0
GTUK / Apex Tech Scotland Ltd,INV-2014/781,2015-01-11,2015,LEO-Hz55LX,1,Donald Carmichael,Donald Carmichael,Paid,Sales - LEON,LEON,1400.0,1,0
GTUK / Apex Tech Scotland Ltd,INV-2014/781,2015-01-11,2015,LEO-Ds55LX,2,Donald Carmichael,Donald Carmichael,Paid,Sales - LEON,LEON,800.0,1,0
GTUK / Apex Tech Scotland Ltd,INV-2014/781,2015-01-11,2015,LEO-vUltima,4,Donald Carmichael,Donald Carmichael,Paid,Sales - LEON,LEON,2800.0,1,0
GTUK / Apex Tech Scotland Ltd,INV-2014/781,2015-01-11,2015,LEO-A10-UT-1K-2X,1,Donald Carmichael,Donald Carmichael,Paid,Sales - LEON,LEON,1800.0,1,0
GTUK / Apex Tech Scotland Ltd,INV-2014/781,2015-01-11,2015,DPI-MVision-260,1,Donald Carmichael,Donald Carmichael,Paid,Sales - DPI,DPI,3200.0,1,0
GTUK / Apex Tech Scotland Ltd,INV-2014/781,2015-01-11,2015,INTEGRA-50.6,1,Donald Carmichael,Donald Carmichael,Paid,Sales - INTEGRA,INTEGRA,980.0,1,0
GTUK / Apex Tech Scotland Ltd,INV-2014/781,2015-01-11,2015,INTEGRA-30.3,1,Donald Carmichael,Donald Carmichael,Paid,Sales - INTEGRA,INTEGRA,420.0,1,0
GTUK / Apex Tech Scotland Ltd,URN782,2015-01-16,2015,STH-MBC-12,11,i-Homes London,i-Homes London,Paid,Sales - STEALTH,STEALTH,-660.0,1,0
GTUK / Apex Tech Scotland Ltd,URN782,2015-01-16,2015,STH-LR6G,5,i-Homes London,i-Homes London,Paid,Sales - STEALTH,STEALTH,-2250.0,1,0
GTUK / Apex Tech Scotland Ltd,INV-2015/799,2015-01-16,2015,STH-MBC-12,11,i-Homes London,i-Homes London,Paid,Sales - STEALTH,STEALTH,660.0,1,0
GTUK / Apex Tech Scotland Ltd,INV-2015/799,2015-01-16,2015,STH-LR6G,5,i-Homes London,i-Homes London,Paid,Sales - STEALTH,STEALTH,2250.0,1,0
GTUK / Apex Tech Scotland Ltd,INV-2014/784,2015-01-20,2015,STH-LR6G,2,Mood Media,Mood Media,Paid,Sales - STEALTH,STEALTH,900.0,1,0
GTUK / Apex Tech Scotland Ltd,INV-2014/784,2015-01-20,2015,STH-LR6GS,1,Mood Media,Mood Media,Paid,Sales - STEALTH,STEALTH,225.0,1,0
GTUK / Apex Tech Scotland Ltd,INV-2014/784,2015-01-20,2015,STH-MBC-12,5,Mood Media,Mood Media,Paid,Sales - STEALTH,STEALTH,450.0,1,0
GTUK / Apex Tech Scotland Ltd,INV-2014/791,2015-02-03,2015,STH-LR8G,6,AT&C Audio Technology & Communications Ltd,AT&C Audio Technology & Communications Ltd,Paid,Sales - STEALTH,STEALTH,2400.0,1,0
GTUK / Apex Tech Scotland Ltd,INV-2014/791,2015-02-03,2015,STH-BX-22,12,AT&C Audio Technology & Communications Ltd,AT&C Audio Technology & Communications Ltd,Paid,Sales - STEALTH,STEALTH,576.0,1,0
GTUK / Apex Tech Scotland Ltd,INV-2014/792,2015-02-03,2015,STH-LR8G,6,AT&C Audio Technology & Communications Ltd,AT&C Audio Technology & Communications Ltd,Paid,Sales - STEALTH,STEALTH,2400.0,1,0
GTUK / Apex Tech Scotland Ltd,INV-2014/792,2015-02-03,2015,STH-MBC-22,12,AT&C Audio Technology & Communications Ltd,AT&C Audio Technology & Communications Ltd,Paid,Sales - STEALTH,STEALTH,576.0,1,0
GTUK / Apex Tech Scotland Ltd,INV-2014/792,2015-02-03,2015,STH-LR3G,1,AT&C Audio Technology & Communications Ltd,AT&C Audio Technology & Communications Ltd,Paid,Sales - STEALTH,STEALTH,800.0,1,0
GTUK / Apex Tech Scotland Ltd,INV-2015/794,2015-02-06,2015,BAR-ORI-CHC-S-B,1,BATH CI,BATH CI,Paid,Sales - BARCO,BARCO,8750.0,1,0
GTUK / Apex Tech Scotland Ltd,INV-2015/794,2015-02-06,2015,BAR-ORI-LENS-EN56,1,BATH CI,BATH CI,Paid,Sales - BARCO,BARCO,1750.1,1,0
GTUK / Apex Tech Scotland Ltd,INV-2015/794,2015-02-06,2015,Stewart VTC150SST13G3WMapX,1,BATH CI,BATH CI,Paid,Sales - STEWART,STEWART,12737.79,1,0
GTUK / Apex Tech Scotland Ltd,INV-2015/795,2015-02-09,2015,CVS-LAMP-2007,1,Fusion.One International Ltd,Fusion.One International Ltd,Paid,Sales - CINEVERSUM,CINEVERSUM,280.0,1,0
GTUK / Apex Tech Scotland Ltd,INV-2015/796,2015-02-09,2015,STH-LR8G,9,Adept Integrated Systems,Adept Integrated Systems,Paid,Sales - STEALTH,STEALTH,4500.0,1,0
GTUK / Apex Tech Scotland Ltd,INV-2015/796,2015-02-09,2015,STH-SLR8G,2,Adept Integrated Systems,Adept Integrated Systems,Paid,Sales - STEALTH,STEALTH,700.0,1,0
GTUK / Apex Tech Scotland Ltd,INV-2015/796,2015-02-09,2015,STH-B30G,1,Adept Integrated Systems,Adept Integrated Systems,Paid,Sales - STEALTH,STEALTH,500.0,1,0
GTUK / Apex Tech Scotland Ltd,INV-2015/797,2015-02-11,2015,STH-LR8GS,4,The Media Rooms,The Media Rooms,Paid,Sales - STEALTH,STEALTH,1000.0,1,0
GTUK / Apex Tech Scotland Ltd,INV-2015/800,2015-02-19,2015,STH-LR6G,3,Marquee Installations Ltd,Marquee Installations Ltd,Paid,Sales - STEALTH,STEALTH,1500.0,1,0
GTUK / Apex Tech Scotland Ltd,INV-2015/800,2015-02-19,2015,STH-LR6GS,4,Marquee Installations Ltd,Marquee Installations Ltd,Paid,Sales - STEALTH,STEALTH,1000.0,1,0
GTUK / Apex Tech Scotland Ltd,INV-2015/800,2015-02-19,2015,STH-MBC-12,10,Marquee Installations Ltd,Marquee Installations Ltd,Paid,Sales - STEALTH,STEALTH,750.0,1,0
GTUK / Apex Tech Scotland Ltd,INV-2015/804,2015-02-23,2015,LEO-HzUTLX,1,AT&C Audio Technology & Communications Ltd,AT&C Audio Technology & Communications Ltd,Paid,Sales - LEON,LEON,1500.0,1,0
GTUK / Apex Tech Scotland Ltd,INV-2015/804,2015-02-23,2015,LEO-HzUMB,1,AT&C Audio Technology & Communications Ltd,AT&C Audio Technology & Communications Ltd,Paid,Sales - LEON,LEON,150.0,1,0
GTUK / Apex Tech Scotland Ltd,INV-2015/807,2015-02-24,2015,STH-LR8G,15,Revolve CI,Revolve CI,Paid,Sales - STEALTH,STEALTH,6000.0,1,0
GTUK / Apex Tech Scotland Ltd,INV-2015/807,2015-02-24,2015,STH-MBC-22,30,Revolve CI,Revolve CI,Paid,Sales - STEALTH,STEALTH,1440.0,1,0
GTUK / Apex Tech Scotland Ltd,INV-2015/807,2015-02-24,2015,STH-B30G,6,Revolve CI,Revolve CI,Paid,Sales - STEALTH,STEALTH,1920.0,1,0
GTUK / Apex Tech Scotland Ltd,INV-2015/807,2015-02-24,2015,STH-MBC-30,12,Revolve CI,Revolve CI,Paid,Sales - STEALTH,STEALTH,576.0,1,0
GTUK / Apex Tech Scotland Ltd,INV-2015/807,2015-02-24,2015,STH-LR6G,1,Revolve CI,Revolve CI,Paid,Sales - STEALTH,STEALTH,360.0,1,0
GTUK / Apex Tech Scotland Ltd,INV-2015/802,2015-02-27,2015,STH-SLR8G,2,Smartcomm Ltd,Smartcomm Ltd,Paid,Sales - STEALTH,STEALTH,1000.0,1,0
GTUK / Apex Tech Scotland Ltd,INV-2015/802,2015-02-27,2015,STH-MBC-22,7,Smartcomm Ltd,Smartcomm Ltd,Paid,Sales - STEALTH,STEALTH,525.0,1,0
GTUK / Apex Tech Scotland Ltd,INV-2015/817,2015-02-28,2015,STH-LR6GS,4,Fusion.One International Ltd,Fusion.One International Ltd,Paid,Sales - STEALTH,STEALTH,900.0,1,0
GTUK / Apex Tech Scotland Ltd,INV-2015/821,2015-02-28,2015,,1,River Island Clothing Co. Ltd,River Island Clothing Co. Ltd,Paid,Sales - OTHERS,OTHERS,9680.59,1,0
GTUK / Apex Tech Scotland Ltd,INV-2015/825,2015-03-01,2015,,1,Ideaworks Limited,Ideaworks Limited,Paid,Sales - LEON,LEON,150.0,1,0
GTUK / Apex Tech Scotland Ltd,CN-2015/827,2015-03-01,2015,,1,Circle Automation,Circle Automation,Paid,Sales - ADA,ADA,-253.33,1,0
GTUK / Apex Tech Scotland Ltd,CN-2015/828,2015-03-01,2015,,1,Icon Connect Ltd,Icon Connect Ltd,Paid,Sales - ADA,ADA,-154.37,1,0
GTUK / Apex Tech Scotland Ltd,CN-2015/828,2015-03-01,2015,,1,Icon Connect Ltd,Icon Connect Ltd,Paid,Sales - ADA,ADA,-170.63,1,0
GTUK / Apex Tech Scotland Ltd,CN-2015/831,2015-03-01,2015,,1,The Little Cinema Company Ltd,The Little Cinema Company Ltd,Paid,Sales - AGATH,AGATH,-447.0,1,0
GTUK / Apex Tech Scotland Ltd,INV-2015/816,2015-03-04,2015,STH-LR6G,2,Emiror Research Limited,Emiror Research Limited,Paid,Sales - STEALTH,STEALTH,900.0,1,0
GTUK / Apex Tech Scotland Ltd,INV-2015/816,2015-03-04,2015,STH-MBC-12,3,Emiror Research Limited,Emiror Research Limited,Paid,Sales - STEALTH,STEALTH,225.0,1,0
GTUK / Apex Tech Scotland Ltd,INV-2015/801,2015-03-05,2015,ACU-SCORPION,1,Pure Home Technology,Pure Home Technology,Paid,Sales - ACURUS,ACURUS,1950.0,1,0
GTUK / Apex Tech Scotland Ltd,INV-2015/818,2015-03-06,2015,CVS-LAMP-2007,1,London AV Setup Ltd,London AV Setup Ltd,Paid,Sales - CINEVERSUM,CINEVERSUM,300.0,1,0
GTUK / Apex Tech Scotland Ltd,INV-2014/793,2015-03-09,2015,,23,AT&C Professional Systems Ltd,AT&C Professional Systems Ltd,Paid,Sales - STEALTH,STEALTH,8280.0,1,0
GTUK / Apex Tech Scotland Ltd,INV-2014/793,2015-03-09,2015,,46,AT&C Professional Systems Ltd,AT&C Professional Systems Ltd,Paid,Sales - STEALTH,STEALTH,2208.0,1,0
GTUK / Apex Tech Scotland Ltd,INV-2015/823,2015-03-13,2015,BAR-HEL-SE-B,1,Cornflake Ltd.,Cornflake Ltd.,Paid,Sales - BARCO,BARCO,18998.0,1,0
GTUK / Apex Tech Scotland Ltd,INV-2015/823,2015-03-13,2015,,1,Cornflake Ltd.,Cornflake Ltd.,Paid,Sales - SERVICES,SERVICES,2.0,1,0
GTUK / Apex Tech Scotland Ltd,INV-2015/824,2015-03-18,2015,STH-SRAY6GBS,1,Adept Integrated Systems,Adept Integrated Systems,Paid,Sales - STEALTH,STEALTH,300.0,1,0
GTUK / Apex Tech Scotland Ltd,INV-2015/830,2015-03-26,2015,BAR-ORI-CMR-S-W,1,Adept Integrated Systems,Adept Integrated Systems,Paid,Sales - BARCO,BARCO,7500.0,1,0
GTUK / Apex Tech Scotland Ltd,INV-2015/830,2015-03-26,2015,BAR-ORI-CHC-LENS-WAZ,1,Adept Integrated Systems,Adept Integrated Systems,Paid,Sales - BARCO,BARCO,1500.0,1,0
GTUK / Apex Tech Scotland Ltd,INV-2015/830,2015-03-26,2015,,1,Adept Integrated Systems,Adept Integrated Systems,Paid,Sales - STEWART,STEWART,3150.0,1,0
GTUK / Apex Tech Scotland Ltd,INV-2015/830,2015-03-26,2015,,1,Adept Integrated Systems,Adept Integrated Systems,Paid,Sales - BARCO,BARCO,-1846.25,1,0
GTUK / Apex Tech Scotland Ltd,CN-2015/843,2015-04-01,2015,,1,Genesis Home Technologies SL,Genesis Home Technologies SL,Paid,Sales - DATASAT,DATASAT,-8750.0,1,0
GTUK / Apex Tech Scotland Ltd,CN-2015/844,2015-04-01,2015,,1,Genesis Home Technologies SL,Genesis Home Technologies SL,Paid,Sales - STEWART,STEWART,-1025.12,1,0
GTUK / Apex Tech Scotland Ltd,CN-2015/833,2015-04-08,2015,STH-MBC-22,7,The Media Rooms,The Media Rooms,Paid,Sales - STEALTH,STEALTH,-630.0,1,0
GTUK / Apex Tech Scotland Ltd,CN-2015/833,2015-04-08,2015,,0,The Media Rooms,The Media Rooms,Paid,,,0.0,1,0
GTUK / Apex Tech Scotland Ltd,INV-2015/834,2015-04-13,2015,,4,The Media Rooms,The Media Rooms,Paid,Sales - STEALTH,STEALTH,2400.0,1,0
GTUK / Apex Tech Scotland Ltd,INV-2015/852,2015-04-13,2015,STH-MBC-12,6,Cyberhomes Ltd,Cyberhomes Ltd,Paid,Sales - STEALTH,STEALTH,450.0,1,0
GTUK / Apex Tech Scotland Ltd,INV-2015/852,2015-04-13,2015,STH-MBC-22,2,Cyberhomes Ltd,Cyberhomes Ltd,Paid,Sales - STEALTH,STEALTH,150.0,1,0
GTUK / Apex Tech Scotland Ltd,INV-2015/837,2015-04-14,2015,STH-LR6G,6,Marquee Installations Ltd,Marquee Installations Ltd,Paid,Sales - STEALTH,STEALTH,3000.0,1,0
GTUK / Apex Tech Scotland Ltd,INV-2015/837,2015-04-14,2015,,12,Marquee Installations Ltd,Marquee Installations Ltd,Paid,Sales - STEALTH,STEALTH,900.0,1,0
GTUK / Apex Tech Scotland Ltd,INV-2015/838,2015-04-14,2015,,1,Verde Construction,Verde Construction,Paid,Sales - OTHERS,OTHERS,25642.88,1,0
GTUK / Apex Tech Scotland Ltd,INV-2015/838,2015-04-14,2015,,1,Verde Construction,Verde Construction,Paid,Sales - OTHERS,OTHERS,15225.52,1,0
GTUK / Apex Tech Scotland Ltd,INV-2015/839,2015-04-20,2015,STH-LR6GS,6,AT&C Professional Systems Ltd,AT&C Professional Systems Ltd,Paid,Sales - STEALTH,STEALTH,1500.0,1,0
GTUK / Apex Tech Scotland Ltd,INV-2015/839,2015-04-20,2015,STH-MBC-12,6,AT&C Professional Systems Ltd,AT&C Professional Systems Ltd,Paid,Sales - STEALTH,STEALTH,450.0,1,0
GTUK / Apex Tech Scotland Ltd,INV-2015/840,2015-04-21,2015,CVS-BW3-15-RF,1,Olive Audio Visual Ltd,Olive Audio Visual Ltd,Paid,Sales - CINEVERSUM,CINEVERSUM,7000.0,1,0
GTUK / Apex Tech Scotland Ltd,INV-2015/840,2015-04-21,2015,CVS-GLASS-RF,1,Olive Audio Visual Ltd,Olive Audio Visual Ltd,Paid,Sales - CINEVERSUM,CINEVERSUM,105.0,1,0
GTUK / Apex Tech Scotland Ltd,CN-2015/842,2015-04-21,2015,,1,Sistem Integrator,Sistem Integrator,Paid,Sales - OTHERS,OTHERS,-4004.67,1,0
GTUK / Apex Tech Scotland Ltd,INV-2015/845,2015-04-27,2015,,1,Genesis Home Technologies SL,Genesis Home Technologies SL,Paid,Sales - DATASAT,DATASAT,5780.35,1,0
GTUK / Apex Tech Scotland Ltd,INV-2015/847,2015-05-01,2015,,1,Verde Construction,Verde Construction,Paid,Sales - BARCO,BARCO,25642.88,1,0
GTUK / Apex Tech Scotland Ltd,INV-2015/848,2015-05-01,2015,,1,Adept Integrated Systems,Adept Integrated Systems,Paid,Sales - STEWART,STEWART,4445.84,1,0
GTUK / Apex Tech Scotland Ltd,INV-2015/848,2015-05-01,2015,,1,Adept Integrated Systems,Adept Integrated Systems,Paid,,,0.0,1,0
GTUK / Apex Tech Scotland Ltd,INV-2015/849,2015-05-01,2015,JUNK-3,3,Adept Integrated Systems,Adept Integrated Systems,Paid,Sales - STEALTH,STEALTH,1800.0,1,0
GTUK / Apex Tech Scotland Ltd,INV-2015/849,2015-05-01,2015,STH-B30G,1,Adept Integrated Systems,Adept Integrated Systems,Paid,Sales - STEALTH,STEALTH,600.0,1,0
GTUK / Apex Tech Scotland Ltd,INV-2015/849,2015-05-01,2015,STH-SA2400,1,Adept Integrated Systems,Adept Integrated Systems,Paid,Sales - STEALTH,STEALTH,600.0,1,0
GTUK / Apex Tech Scotland Ltd,INV-2015/849,2015-05-01,2015,STH-LR8GS,1,Adept Integrated Systems,Adept Integrated Systems,Paid,Sales - STEALTH,STEALTH,300.0,1,0
GTUK / Apex Tech Scotland Ltd,INV-2015/850,2015-05-07,2015,STH-SRAY8GW,2,i-Homes London,i-Homes London,Paid,Sales - STEALTH,STEALTH,1600.0,1,0
GTUK / Apex Tech Scotland Ltd,INV-2015/851,2015-05-07,2015,,1,Cornflake Ltd.,Cornflake Ltd.,Paid,Sales - NEXTGENTECH,NEXTGENTECH,1920.0,1,0
GTUK / Apex Tech Scotland Ltd,INV-2015/851,2015-05-07,2015,,1,Cornflake Ltd.,Cornflake Ltd.,Paid,Sales - SERVICES,SERVICES,500.0,1,0
GTUK / Apex Tech Scotland Ltd,INV-2015/841,2015-05-11,2015,STH-LR6GS,3,Mood Media,Mood Media,Paid,Sales - STEALTH,STEALTH,750.0,1,0
GTUK / Apex Tech Scotland Ltd,INV-2015/841,2015-05-11,2015,STH-MBX-12,3,Mood Media,Mood Media,Paid,Sales - STEALTH,STEALTH,225.0,1,0
GTUK / Apex Tech Scotland Ltd,INV-2015/853,2015-05-12,2015,,1,Genesis Technologies France,Genesis Technologies France,Paid,Sales - OTHERS,OTHERS,9425.48,1,0
GTUK / Apex Tech Scotland Ltd,INV-2015/854,2015-05-15,2015,JUNK-3,1,McAllister AV Ltd,McAllister AV Ltd,Paid,Sales - STEALTH,STEALTH,600.0,1,0
GTUK / Apex Tech Scotland Ltd,INV-2015/854,2015-05-15,2015,STH-SLR8G,1,McAllister AV Ltd,McAllister AV Ltd,Paid,Sales - STEALTH,STEALTH,500.0,1,0
GTUK / Apex Tech Scotland Ltd,INV-2015/854,2015-05-15,2015,STH-MBC-22,1,McAllister AV Ltd,McAllister AV Ltd,Paid,Sales - STEALTH,STEALTH,75.0,1,0
GTUK / Apex Tech Scotland Ltd,INV-2015/855,2015-05-15,2015,JUNK-3,2,The Media Rooms,The Media Rooms,Paid,Sales - STEALTH,STEALTH,1200.0,1,0
GTUK / Apex Tech Scotland Ltd,INV-2015/856,2015-05-15,2015,STH-SLR8G,1,What You See And Hear Limited,What You See And Hear Limited,Paid,,,0.0,1,0
GTUK / Apex Tech Scotland Ltd,INV-2015/856,2015-05-15,2015,STH-SRAY8GW,1,What You See And Hear Limited,What You See And Hear Limited,Paid,Sales - STEALTH,STEALTH,800.0,1,0
GTUK / Apex Tech Scotland Ltd,CN-2015/857,2015-05-18,2015,ACU-SCORPION,1,Pure Home Technology,Pure Home Technology,Paid,Sales - ACURUS,ACURUS,-1950.0,1,0
GTUK / Apex Tech Scotland Ltd,INV-2015/859,2015-05-21,2015,STH-MBC-22,4,Smartcomm Ltd,Smartcomm Ltd,Paid,Sales - STEALTH,STEALTH,300.0,1,0
GTUK / Apex Tech Scotland Ltd,INV-2015/860,2015-05-22,2015,STH-LR6G,9,Marquee Installations Ltd,Marquee Installations Ltd,Paid,Sales - STEALTH,STEALTH,4500.0,1,0
GTUK / Apex Tech Scotland Ltd,INV-2015/860,2015-05-22,2015,STH-MBC-12,14,Marquee Installations Ltd,Marquee Installations Ltd,Paid,Sales - STEALTH,STEALTH,1050.0,1,0
GTUK / Apex Tech Scotland Ltd,INV-2015/862,2015-05-28,2015,STH-LR6G,1,Cyberhomes Ltd,Cyberhomes Ltd,Paid,Sales - STEALTH,STEALTH,400.0,1,0
GTUK / Apex Tech Scotland Ltd,INV-2015/862,2015-05-28,2015,STH-LR6GS,1,Cyberhomes Ltd,Cyberhomes Ltd,Paid,Sales - STEALTH,STEALTH,200.0,1,0
GTUK / Apex Tech Scotland Ltd,INV-2015/862,2015-05-28,2015,,1,Cyberhomes Ltd,Cyberhomes Ltd,Paid,Sales - STEALTH,STEALTH,480.0,1,0
GTUK / Apex Tech Scotland Ltd,INV-2015/858,2015-06-01,2015,,1,Cornflake Ltd.,Cornflake Ltd.,Paid,Sales - STEWART,STEWART,3318.91,1,0
GTUK / Apex Tech Scotland Ltd,INV-2015/858,2015-06-01,2015,,1,Cornflake Ltd.,Cornflake Ltd.,Paid,,,0.0,1,0
GTUK / Apex Tech Scotland Ltd,INV-2015/861,2015-06-04,2015,STH-LR6G,2,Marquee Installations Ltd,Marquee Installations Ltd,Paid,Sales - STEALTH,STEALTH,1000.0,1,0
GTUK / Apex Tech Scotland Ltd,INV-2015/861,2015-06-04,2015,STH-LR6GS,1,Marquee Installations Ltd,Marquee Installations Ltd,Paid,Sales - STEALTH,STEALTH,250.0,1,0
GTUK / Apex Tech Scotland Ltd,INV-2015/861,2015-06-04,2015,STH-MBC-12,9,Marquee Installations Ltd,Marquee Installations Ltd,Paid,Sales - STEALTH,STEALTH,675.0,1,0
GTUK / Apex Tech Scotland Ltd,INV-2015/863,2015-06-04,2015,STH-LR6G,1,Digital Homes,Digital Homes,Paid,Sales - STEALTH,STEALTH,500.0,1,0
GTUK / Apex Tech Scotland Ltd,INV-2015/863,2015-06-04,2015,STH-MBC-12,1,Digital Homes,Digital Homes,Paid,Sales - STEALTH,STEALTH,75.0,1,0
GTUK / Apex Tech Scotland Ltd,INV-2015/864,2015-06-05,2015,STH-B22G,1,Cyberhomes Ltd,Cyberhomes Ltd,Paid,Sales - STEALTH,STEALTH,250.0,1,0
GTUK / Apex Tech Scotland Ltd,INV-2015/864,2015-06-05,2015,STH-LR6GS,1,Cyberhomes Ltd,Cyberhomes Ltd,Paid,Sales - STEALTH,STEALTH,250.0,1,0
GTUK / Apex Tech Scotland Ltd,INV-2015/864,2015-06-05,2015,STH-LR6G,2,Cyberhomes Ltd,Cyberhomes Ltd,Paid,Sales - STEALTH,STEALTH,1000.0,1,0
GTUK / Apex Tech Scotland Ltd,INV-2015/865,2015-06-05,2015,STH-LR6G,13,Fusion.One International Ltd,Fusion.One International Ltd,Paid,Sales - STEALTH,STEALTH,6500.0,1,0
GTUK / Apex Tech Scotland Ltd,INV-2015/866,2015-06-05,2015,STH-255R,1,Cyberhomes Ltd,Cyberhomes Ltd,Paid,Sales - STEALTH,STEALTH,375.0,1,0
GTUK / Apex Tech Scotland Ltd,CN-2015/867,2015-06-14,2015,,2,Aspect Home Cinema,Aspect Home Cinema,Paid,Sales - STEALTH,STEALTH,-1000.0,1,0
GTUK / Apex Tech Scotland Ltd,CN-2015/867,2015-06-14,2015,,4,Aspect Home Cinema,Aspect Home Cinema,Paid,Sales - STEALTH,STEALTH,-360.0,1,0
GTUK / Apex Tech Scotland Ltd,CN-2015/868,2015-06-14,2015,,0,Sistem Integrator,Sistem Integrator,Paid,,,0.0,1,0
GTUK / Apex Tech Scotland Ltd,INV-2015/870,2015-06-16,2015,STH-SA2400,8,Adept Integrated Systems,Adept Integrated Systems,Paid,Sales - STEALTH,STEALTH,2112.0,1,0
GTUK / Apex Tech Scotland Ltd,INV-2015/870,2015-06-16,2015,STH-MBC-30,4,Adept Integrated Systems,Adept Integrated Systems,Paid,Sales - STEALTH,STEALTH,105.6,1,0
GTUK / Apex Tech Scotland Ltd,INV-2015/870,2015-06-16,2015,STH-MBC-22,11,Adept Integrated Systems,Adept Integrated Systems,Paid,Sales - STEALTH,STEALTH,290.4,1,0
GTUK / Apex Tech Scotland Ltd,INV-2015/870,2015-06-16,2015,STH-MBC-12,3,Adept Integrated Systems,Adept Integrated Systems,Paid,Sales - STEALTH,STEALTH,79.2,1,0
GTUK / Apex Tech Scotland Ltd,INV-2015/870,2015-06-16,2015,STH-LR4GS,3,Adept Integrated Systems,Adept Integrated Systems,Paid,Sales - STEALTH,STEALTH,792.0,1,0
GTUK / Apex Tech Scotland Ltd,INV-2015/870,2015-06-16,2015,,4,Adept Integrated Systems,Adept Integrated Systems,Paid,Sales - STEALTH,STEALTH,844.8,1,0
GTUK / Apex Tech Scotland Ltd,INV-2015/870,2015-06-16,2015,STH-B30G,2,Adept Integrated Systems,Adept Integrated Systems,Paid,Sales - STEALTH,STEALTH,276.0,1,0
GTUK / Apex Tech Scotland Ltd,INV-2015/871,2015-06-23,2015,,1,Genesis Technologies AG,Genesis Technologies AG,Paid,Sales - OTHERS,OTHERS,23236.09,1,0
GTUK / Apex Tech Scotland Ltd,INV-2015/872,2015-06-30,2015,STH-LR6G,1,AT&C Professional Systems Ltd,AT&C Professional Systems Ltd,Paid,Sales - STEALTH,STEALTH,500.0,1,0
GTUK / Apex Tech Scotland Ltd,INV-2015/872,2015-06-30,2015,STH-MBC-12,2,AT&C Professional Systems Ltd,AT&C Professional Systems Ltd,Paid,Sales - STEALTH,STEALTH,150.0,1,0
GTUK / Apex Tech Scotland Ltd,INV-2015/873,2015-06-30,2015,STH-LR6G,1,Home Control Solutions,Home Control Solutions,Paid,Sales - STEALTH,STEALTH,500.0,1,0
GTUK / Apex Tech Scotland Ltd,INV-2015/873,2015-06-30,2015,STH-LR6GS,1,Home Control Solutions,Home Control Solutions,Paid,Sales - STEALTH,STEALTH,250.0,1,0
GTUK / Apex Tech Scotland Ltd,INV-2015/873,2015-06-30,2015,STH-MBC-12,3,Home Control Solutions,Home Control Solutions,Paid,Sales - STEALTH,STEALTH,225.0,1,0
GTUK / Apex Tech Scotland Ltd,INV-2015/875,2015-07-04,2015,STH-B30G,1,The Media Rooms,The Media Rooms,Paid,Sales - STEALTH,STEALTH,300.0,1,0
GTUK / Apex Tech Scotland Ltd,INV-2015/875,2015-07-04,2015,STH-LR8GS,2,The Media Rooms,The Media Rooms,Paid,Sales - STEALTH,STEALTH,1200.0,1,0
GTUK / Apex Tech Scotland Ltd,INV-2015/876,2015-07-29,2015,,2,The Big Picture,The Big Picture,Paid,Sales - OTHERS,OTHERS,3250.0,1,0
GTUK / Apex Tech Scotland Ltd,INV-2015/877,2015-07-30,2015,,3,Home Entertainment Solutions,Home Entertainment Solutions,Paid,Sales - CATS,CATS,450.0,1,0
GTUK / Apex Tech Scotland Ltd,INV-2015/879,2015-08-10,2015,STH-MBC-22,2,Revolve CI,Revolve CI,Paid,Sales - STEALTH,STEALTH,150.0,1,0
GTUK / Apex Tech Scotland Ltd,INV-2015/879,2015-08-10,2015,STH-SA2400,4,Revolve CI,Revolve CI,Paid,Sales - STEALTH,STEALTH,3000.0,1,0
GTUK / Apex Tech Scotland Ltd,INV-2015/879,2015-08-10,2015,STH-LR6G,1,Revolve CI,Revolve CI,Paid,Sales - STEALTH,STEALTH,500.0,1,0
GTUK / Apex Tech Scotland Ltd,INV-2015/879,2015-08-10,2015,STH-MBC-12,2,Revolve CI,Revolve CI,Paid,Sales - STEALTH,STEALTH,150.0,1,0
GTUK / Apex Tech Scotland Ltd,INV-2015/879,2015-08-10,2015,STH-B22G,1,Revolve CI,Revolve CI,Paid,Sales - STEALTH,STEALTH,500.0,1,0
GTUK / Apex Tech Scotland Ltd,INV-2015/883,2015-08-18,2015,CATS-DES-S,1,Cornflake Ltd.,Cornflake Ltd.,Paid,Sales - CATS,CATS,2800.0,1,0
GTUK / Apex Tech Scotland Ltd,INV-2015/883,2015-08-18,2015,,0,Cornflake Ltd.,Cornflake Ltd.,Paid,,,0.0,1,0
GTUK / Apex Tech Scotland Ltd,INV-2015/882,2015-09-01,2015,,1,Robert Taussig,Robert Taussig,Paid,Sales - BARCO,BARCO,5000.0,1,0
GTUK / Apex Tech Scotland Ltd,INV-2015/882,2015-09-01,2015,,1,Robert Taussig,Robert Taussig,Paid,Sales - BARCO,BARCO,750.0,1,0
GTUK / Apex Tech Scotland Ltd,INV-2015/882,2015-09-01,2015,,1,Robert Taussig,Robert Taussig,Paid,,,0.0,1,0
GTUK / Apex Tech Scotland Ltd,INV-2015/884,2015-09-01,2015,STH-LR8G,1,Smartcomm Ltd,Smartcomm Ltd,Paid,Sales - STEALTH,STEALTH,600.0,1,0
GTUK / Apex Tech Scotland Ltd,INV-2015/884,2015-09-01,2015,STH-MBC-22,2,Smartcomm Ltd,Smartcomm Ltd,Paid,Sales - STEALTH,STEALTH,150.0,1,0
GTUK / Apex Tech Scotland Ltd,INV-2015/885,2015-09-01,2015,CATS-DES-S,1,Adept Integrated Systems,Adept Integrated Systems,Paid,Sales - CATS,CATS,2800.0,1,0
GTUK / Apex Tech Scotland Ltd,INV-2015/878,2015-09-01,2015,STH-LR8G,10,Mood Media,Mood Media,Paid,Sales - STEALTH,STEALTH,6000.0,1,0
GTUK / Apex Tech Scotland Ltd,INV-2015/878,2015-09-01,2015,STH-LR8GS,1,Mood Media,Mood Media,Paid,Sales - STEALTH,STEALTH,300.0,1,0
GTUK / Apex Tech Scotland Ltd,INV-2015/878,2015-09-01,2015,STH-MBC-22,21,Mood Media,Mood Media,Paid,Sales - STEALTH,STEALTH,1575.0,1,0
GTUK / Apex Tech Scotland Ltd,INV-2015/878,2015-09-01,2015,STH-LR3G,3,Mood Media,Mood Media,Paid,Sales - STEALTH,STEALTH,3000.0,1,0
GTUK / Apex Tech Scotland Ltd,INV-2015/878,2015-09-01,2015,STH-B30G,1,Mood Media,Mood Media,Paid,Sales - STEALTH,STEALTH,600.0,1,0
GTUK / Apex Tech Scotland Ltd,INV-2015/878,2015-09-01,2015,STH-MBC-30,8,Mood Media,Mood Media,Paid,Sales - STEALTH,STEALTH,600.0,1,0
GTUK / Apex Tech Scotland Ltd,INV-2015/887,2015-09-07,2015,STH-LR8G,2,Rodic Davidson Architects,Rodic Davidson Architects,Paid,Sales - STEALTH,STEALTH,1200.0,1,0
GTUK / Apex Tech Scotland Ltd,INV-2015/888,2015-09-07,2015,STH-LR6G,1,AT&C Professional Systems Ltd,AT&C Professional Systems Ltd,Paid,Sales - STEALTH,STEALTH,500.0,1,0
GTUK / Apex Tech Scotland Ltd,INV-2015/888,2015-09-07,2015,STH-MBC-12,2,AT&C Professional Systems Ltd,AT&C Professional Systems Ltd,Paid,Sales - STEALTH,STEALTH,150.0,1,0
GTUK / Apex Tech Scotland Ltd,INV-2015/889,2015-09-08,2015,BAR-ZEUS,1,Andrew Lucas London,Andrew Lucas London,Paid,Sales - BARCO,BARCO,36075.0,1,0
GTUK / Apex Tech Scotland Ltd,INV-2015/890,2015-09-11,2015,BAR-ORI-EX-W,1,Adair Acoustic Design,Adair Acoustic Design,Paid,Sales - BARCO,BARCO,325.0,1,0
GTUK / Apex Tech Scotland Ltd,INV-2015/890,2015-09-11,2015,BAR-ORI-MR-S-W,1,Adair Acoustic Design,Adair Acoustic Design,Paid,Sales - BARCO,BARCO,6500.0,1,0
GTUK / Apex Tech Scotland Ltd,INV-2015/891,2015-09-17,2015,,1,Verde Construction,Verde Construction,Paid,Sales - OTHERS,OTHERS,6562.0,1,0
GTUK / Apex Tech Scotland Ltd,INV-2015/892,2015-09-17,2015,,1,Verde Construction,Verde Construction,Paid,Sales - OTHERS,OTHERS,809.45,1,0
GTUK / Apex Tech Scotland Ltd,INV-2015/893,2015-09-17,2015,STH-SA2400,1,Revolve CI,Revolve CI,Paid,Sales - STEALTH,STEALTH,750.0,1,0
GTUK / Apex Tech Scotland Ltd,INV-2015/894,2015-09-18,2015,STH-LR6G,2,Marquee Installations Ltd,Marquee Installations Ltd,Paid,Sales - STEALTH,STEALTH,1000.0,1,0
GTUK / Apex Tech Scotland Ltd,INV-2015/894,2015-09-18,2015,STH-LR6GS,1,Marquee Installations Ltd,Marquee Installations Ltd,Paid,Sales - STEALTH,STEALTH,250.0,1,0
GTUK / Apex Tech Scotland Ltd,INV-2015/894,2015-09-18,2015,STH-MBC-12,5,Marquee Installations Ltd,Marquee Installations Ltd,Paid,Sales - STEALTH,STEALTH,375.0,1,0
GTUK / Apex Tech Scotland Ltd,INV-2015/895,2015-09-18,2015,,1,Adept Integrated Systems,Adept Integrated Systems,Paid,Sales - BARCO,BARCO,31500.0,1,0
GTUK / Apex Tech Scotland Ltd,INV-2015/895,2015-09-18,2015,,1,Adept Integrated Systems,Adept Integrated Systems,Paid,,,0.0,1,0
GTUK / Apex Tech Scotland Ltd,INV-2015/895,2015-09-18,2015,,1,Adept Integrated Systems,Adept Integrated Systems,Paid,Sales - STEWART,STEWART,-635.12,1,0
GTUK / Apex Tech Scotland Ltd,INV-2015/896,2015-09-23,2015,CVS-LAMP-2007,2,Olive Audio Visual Ltd,Olive Audio Visual Ltd,Paid,Sales - CINEVERSUM,CINEVERSUM,560.0,1,0
GTUK / Apex Tech Scotland Ltd,INV-2015/899,2015-09-23,2015,STH-LR6GS,1,Home Control Solutions,Home Control Solutions,Paid,Sales - STEALTH,STEALTH,250.0,1,0
GTUK / Apex Tech Scotland Ltd,INV-2015/899,2015-09-23,2015,STH-MBC-12,1,Home Control Solutions,Home Control Solutions,Paid,Sales - STEALTH,STEALTH,75.0,1,0
GTUK / Apex Tech Scotland Ltd,CN-2015/900,2015-09-23,2015,,2,Revolve CI,Revolve CI,Paid,,,0.0,1,0
GTUK / Apex Tech Scotland Ltd,CN-2015/900,2015-09-23,2015,,1,Revolve CI,Revolve CI,Paid,Sales - STEALTH,STEALTH,-500.0,1,0
GTUK / Apex Tech Scotland Ltd,CN-2015/900,2015-09-23,2015,,0,Revolve CI,Revolve CI,Paid,,,0.0,1,0
GTUK / Apex Tech Scotland Ltd,INV-2015/902,2015-10-02,2015,CATS-Pack,0,Andrew Lucas London,Andrew Lucas London,Paid,,,0.0,1,0
GTUK / Apex Tech Scotland Ltd,INV-2015/902,2015-10-02,2015,,1,Andrew Lucas London,Andrew Lucas London,Paid,Sales - OTHERS,OTHERS,12930.0,1,0
GTUK / Apex Tech Scotland Ltd,INV-2015/902,2015-10-02,2015,,1,Andrew Lucas London,Andrew Lucas London,Paid,Sales - OTHERS,OTHERS,1450.0,1,0
GTUK / Apex Tech Scotland Ltd,INV-2015/902,2015-10-02,2015,,1,Andrew Lucas London,Andrew Lucas London,Paid,Sales - OTHERS,OTHERS,290.0,1,0
GTUK / Apex Tech Scotland Ltd,INV-2015/902,2015-10-02,2015,,1,Andrew Lucas London,Andrew Lucas London,Paid,Sales - BARCO,BARCO,-2775.0,1,0
GTUK / Apex Tech Scotland Ltd,INV-2015/903,2015-10-06,2015,STH-LR6G,1,Mood Media,Mood Media,Paid,Sales - STEALTH,STEALTH,500.0,1,0
GTUK / Apex Tech Scotland Ltd,INV-2015/903,2015-10-06,2015,STH-MBX-12,2,Mood Media,Mood Media,Paid,Sales - STEALTH,STEALTH,150.0,1,0
GTUK / Apex Tech Scotland Ltd,INV-2015/898,2015-10-08,2015,,0,Adept Integrated Systems,Adept Integrated Systems,Paid,,,0.0,1,0
GTUK / Apex Tech Scotland Ltd,INV-2015/898,2015-10-08,2015,,18,Adept Integrated Systems,Adept Integrated Systems,Paid,Sales - CATS,CATS,3150.0,1,0
GTUK / Apex Tech Scotland Ltd,INV-2015/898,2015-10-08,2015,,18,Adept Integrated Systems,Adept Integrated Systems,Paid,Sales - CATS,CATS,3150.0,1,0
GTUK / Apex Tech Scotland Ltd,INV-2015/898,2015-10-08,2015,,17,Adept Integrated Systems,Adept Integrated Systems,Paid,Sales - CATS,CATS,2975.0,1,0
GTUK / Apex Tech Scotland Ltd,INV-2015/898,2015-10-08,2015,,17,Adept Integrated Systems,Adept Integrated Systems,Paid,Sales - CATS,CATS,2975.0,1,0
GTUK / Apex Tech Scotland Ltd,INV-2015/898,2015-10-08,2015,,31,Adept Integrated Systems,Adept Integrated Systems,Paid,Sales - CATS,CATS,5425.0,1,0
GTUK / Apex Tech Scotland Ltd,INV-2015/898,2015-10-08,2015,,21,Adept Integrated Systems,Adept Integrated Systems,Paid,Sales - CATS,CATS,-3675.0,1,0
GTUK / Apex Tech Scotland Ltd,INV-2015/898,2015-10-08,2015,,0,Adept Integrated Systems,Adept Integrated Systems,Paid,,,0.0,1,0
GTUK / Apex Tech Scotland Ltd,INV-2015/905,2015-10-08,2015,CATS-Pack,4,Quest End Ltd,Quest End Ltd,Paid,Sales - CATS,CATS,960.0,1,0
GTUK / Apex Tech Scotland Ltd,INV-2015/906,2015-10-12,2015,ACU-ACT4,1,Elegant Solutions International Limited,Elegant Solutions International Limited,Paid,Sales - ACURUS,ACURUS,3750.0,1,0
GTUK / Apex Tech Scotland Ltd,INV-2015/906,2015-10-12,2015,ACU-ARM4,1,Elegant Solutions International Limited,Elegant Solutions International Limited,Paid,Sales - ACURUS,ACURUS,0.0,1,0
GTUK / Apex Tech Scotland Ltd,INV-2015/906,2015-10-12,2015,ACU-A2005,2,Elegant Solutions International Limited,Elegant Solutions International Limited,Paid,Sales - ACURUS,ACURUS,3750.0,1,0
GTUK / Apex Tech Scotland Ltd,INV-2015/906,2015-10-12,2015,ACU-ARM2,2,Elegant Solutions International Limited,Elegant Solutions International Limited,Paid,Sales - ACURUS,ACURUS,0.0,1,0
GTUK / Apex Tech Scotland Ltd,INV-2015/906,2015-10-12,2015,,0,Elegant Solutions International Limited,Elegant Solutions International Limited,Paid,,,0.0,1,0
GTUK / Apex Tech Scotland Ltd,CN-2015/907,2015-10-15,2015,CATS-Pack,0,Andrew Lucas London,Andrew Lucas London,Paid,,,0.0,1,0
GTUK / Apex Tech Scotland Ltd,CN-2015/907,2015-10-15,2015,,1,Andrew Lucas London,Andrew Lucas London,Paid,Sales - OTHERS,OTHERS,-12930.0,1,0
GTUK / Apex Tech Scotland Ltd,CN-2015/907,2015-10-15,2015,,1,Andrew Lucas London,Andrew Lucas London,Paid,Sales - OTHERS,OTHERS,-1450.0,1,0
GTUK / Apex Tech Scotland Ltd,CN-2015/907,2015-10-15,2015,,1,Andrew Lucas London,Andrew Lucas London,Paid,Sales - OTHERS,OTHERS,-290.0,1,0
GTUK / Apex Tech Scotland Ltd,CN-2015/907,2015-10-15,2015,,1,Andrew Lucas London,Andrew Lucas London,Paid,Sales - BARCO,BARCO,2775.0,1,0
GTUK / Apex Tech Scotland Ltd,INV-2015/908,2015-10-15,2015,STH-LR8G,3,AT&C Audio Technology & Communications Ltd,AT&C Audio Technology & Communications Ltd,Paid,Sales - STEALTH,STEALTH,1800.0,1,0
GTUK / Apex Tech Scotland Ltd,INV-2015/908,2015-10-15,2015,STH-MBC-22,6,AT&C Audio Technology & Communications Ltd,AT&C Audio Technology & Communications Ltd,Paid,Sales - STEALTH,STEALTH,450.0,1,0
GTUK / Apex Tech Scotland Ltd,INV-2015/908,2015-10-15,2015,STH-LR6G,1,AT&C Audio Technology & Communications Ltd,AT&C Audio Technology & Communications Ltd,Paid,Sales - STEALTH,STEALTH,500.0,1,0
GTUK / Apex Tech Scotland Ltd,INV-2015/908,2015-10-15,2015,STH-MBC-12,2,AT&C Audio Technology & Communications Ltd,AT&C Audio Technology & Communications Ltd,Paid,Sales - STEALTH,STEALTH,150.0,1,0
GTUK / Apex Tech Scotland Ltd,INV-2015/897,2015-10-20,2015,BAR-ORI-MR-S-W,1,KJ West One,KJ West One,Paid,Sales - BARCO,BARCO,7000.0,1,0
GTUK / Apex Tech Scotland Ltd,INV-2015/897,2015-10-20,2015,BAR-ORI-EX-W,1,KJ West One,KJ West One,Paid,Sales - BARCO,BARCO,350.0,1,0
GTUK / Apex Tech Scotland Ltd,INV-2015/912,2015-11-06,2015,STH-LR6G,8,Fusion.One International Ltd,Fusion.One International Ltd,Paid,Sales - STEALTH,STEALTH,4000.0,1,0
GTUK / Apex Tech Scotland Ltd,INV-2015/912,2015-11-06,2015,STH-MBC-12,16,Fusion.One International Ltd,Fusion.One International Ltd,Paid,Sales - STEALTH,STEALTH,1200.0,1,0
GTUK / Apex Tech Scotland Ltd,INV-2015/904,2015-11-07,2015,BAR-ORI-CMR-S-B,1,Adept Integrated Systems,Adept Integrated Systems,Paid,Sales - BARCO,BARCO,7500.0,1,0
GTUK / Apex Tech Scotland Ltd,INV-2015/904,2015-11-07,2015,BAR-ORI-EX-B,1,Adept Integrated Systems,Adept Integrated Systems,Paid,Sales - BARCO,BARCO,300.0,1,0
GTUK / Apex Tech Scotland Ltd,INV-2015/904,2015-11-07,2015,,1,Adept Integrated Systems,Adept Integrated Systems,Paid,Sales - OTHERS,OTHERS,225.0,1,0
GTUK / Apex Tech Scotland Ltd,INV-2015/904,2015-11-07,2015,BAR-ORI-CHT-LENS-WAZ,1,Adept Integrated Systems,Adept Integrated Systems,Paid,Sales - BARCO,BARCO,1500.0,1,0
GTUK / Apex Tech Scotland Ltd,INV-2015/904,2015-11-07,2015,IMG-C2L-140,1,Adept Integrated Systems,Adept Integrated Systems,Paid,Sales - IMAGE,IMAGE,1650.0,1,0
GTUK / Apex Tech Scotland Ltd,INV-2015/914,2015-11-10,2015,STH-MBC-12,2,Complete Integration Company Ltd,Complete Integration Company Ltd,Paid,Sales - STEALTH,STEALTH,150.0,1,0
GTUK / Apex Tech Scotland Ltd,INV-2015/914,2015-11-10,2015,STH-MBC-30,2,Complete Integration Company Ltd,Complete Integration Company Ltd,Paid,Sales - STEALTH,STEALTH,150.0,1,0
GTUK / Apex Tech Scotland Ltd,INV-2015/915,2015-11-13,2015,,1,Verde Construction,Verde Construction,Paid,Sales - OTHERS,OTHERS,7500.0,1,0
GTUK / Apex Tech Scotland Ltd,INV-2015/909,2015-11-23,2015,IMG-IM3-140,1,Adept Integrated Systems,Adept Integrated Systems,Paid,Sales - IMAGE,IMAGE,5200.0,1,0
GTUK / Apex Tech Scotland Ltd,INV-2015/909,2015-11-23,2015,,0,Adept Integrated Systems,Adept Integrated Systems,Paid,,,0.0,1,0
GTUK / Apex Tech Scotland Ltd,INV-2015/909,2015-11-23,2015,IMG-C2L-100,1,Adept Integrated Systems,Adept Integrated Systems,Paid,Sales - IMAGE,IMAGE,900.0,1,0
GTUK / Apex Tech Scotland Ltd,INV-2015/909,2015-11-23,2015,,0,Adept Integrated Systems,Adept Integrated Systems,Paid,,,0.0,1,0
GTUK / Apex Tech Scotland Ltd,INV-2015/917,2015-11-24,2015,STH-MBC-22,2,Complete Integration Company Ltd,Complete Integration Company Ltd,Paid,Sales - STEALTH,STEALTH,150.0,1,0
GTUK / Apex Tech Scotland Ltd,INV-2015/917,2015-11-24,2015,STH-MBC-30,3,Complete Integration Company Ltd,Complete Integration Company Ltd,Paid,Sales - STEALTH,STEALTH,225.0,1,0
GTUK / Apex Tech Scotland Ltd,CN-2015/918,2015-11-24,2015,,1,Robert Taussig,Robert Taussig,Paid,Sales - BARCO,BARCO,-5000.0,1,0
GTUK / Apex Tech Scotland Ltd,CN-2015/918,2015-11-24,2015,,1,Robert Taussig,Robert Taussig,Paid,Sales - BARCO,BARCO,-750.0,1,0
GTUK / Apex Tech Scotland Ltd,CN-2015/918,2015-11-24,2015,,1,Robert Taussig,Robert Taussig,Paid,,,0.0,1,0
GTUK / Apex Tech Scotland Ltd,INV-2015/919,2015-11-24,2015,STH-LR8G,1,AT&C Audio Technology & Communications Ltd,AT&C Audio Technology & Communications Ltd,Paid,Sales - STEALTH,STEALTH,600.0,1,0
GTUK / Apex Tech Scotland Ltd,INV-2015/919,2015-11-24,2015,STH-SLR8G,6,AT&C Audio Technology & Communications Ltd,AT&C Audio Technology & Communications Ltd,Paid,Sales - STEALTH,STEALTH,3000.0,1,0
GTUK / Apex Tech Scotland Ltd,INV-2015/919,2015-11-24,2015,STH-MBC-22,8,AT&C Audio Technology & Communications Ltd,AT&C Audio Technology & Communications Ltd,Paid,Sales - STEALTH,STEALTH,600.0,1,0
GTUK / Apex Tech Scotland Ltd,INV-2015/919,2015-11-24,2015,STH-LR6G,2,AT&C Audio Technology & Communications Ltd,AT&C Audio Technology & Communications Ltd,Paid,Sales - STEALTH,STEALTH,1000.0,1,0
GTUK / Apex Tech Scotland Ltd,INV-2015/919,2015-11-24,2015,STH-LR6GS,1,AT&C Audio Technology & Communications Ltd,AT&C Audio Technology & Communications Ltd,Paid,Sales - STEALTH,STEALTH,250.0,1,0
GTUK / Apex Tech Scotland Ltd,INV-2015/919,2015-11-24,2015,STH-MBC-12,5,AT&C Audio Technology & Communications Ltd,AT&C Audio Technology & Communications Ltd,Paid,Sales - STEALTH,STEALTH,375.0,1,0
GTUK / Apex Tech Scotland Ltd,INV-2015/920,2015-12-01,2015,,1,Environ Audio Ltd,Environ Audio Ltd,Paid,Sales - STEALTH,STEALTH,500.0,1,0
GTUK / Apex Tech Scotland Ltd,INV-2015/921,2015-12-01,2015,BAR-ORI-HT-S-W,1,Avio Limited,Avio Limited,Paid,Sales - BARCO,BARCO,5103.99,1,0
GTUK / Apex Tech Scotland Ltd,INV-2015/921,2015-12-01,2015,,0,Avio Limited,Avio Limited,Paid,,,0.0,1,0
GTUK / Apex Tech Scotland Ltd,INV-2015/921,2015-12-01,2015,,0,Avio Limited,Avio Limited,Paid,,,0.0,1,0
GTUK / Apex Tech Scotland Ltd,INV-2015/924,2015-12-01,2015,BAR-ORI-CHT-S-B,1,Quest End Ltd,Quest End Ltd,Paid,Sales - BARCO,BARCO,5000.0,1,0
GTUK / Apex Tech Scotland Ltd,INV-2015/924,2015-12-01,2015,BAR-ORI-CHT-LENS-WAZ,1,Quest End Ltd,Quest End Ltd,Paid,Sales - BARCO,BARCO,1000.0,1,0
GTUK / Apex Tech Scotland Ltd,INV-2015/924,2015-12-01,2015,,2,Quest End Ltd,Quest End Ltd,Paid,Sales - OTHERS,OTHERS,400.0,1,0
GTUK / Apex Tech Scotland Ltd,INV-2015/924,2015-12-01,2015,ACU-A2002,1,Quest End Ltd,Quest End Ltd,Paid,Sales - ACURUS,ACURUS,1250.0,1,0
GTUK / Apex Tech Scotland Ltd,INV-2015/924,2015-12-01,2015,ACU-ARM1,1,Quest End Ltd,Quest End Ltd,Paid,Sales - ACURUS,ACURUS,100.0,1,0
GTUK / Apex Tech Scotland Ltd,INV-2015/924,2015-12-01,2015,ACU-A2007,1,Quest End Ltd,Quest End Ltd,Paid,Sales - ACURUS,ACURUS,2125.0,1,0
GTUK / Apex Tech Scotland Ltd,INV-2015/924,2015-12-01,2015,ACU-ARM2,1,Quest End Ltd,Quest End Ltd,Paid,Sales - ACURUS,ACURUS,125.0,1,0
GTUK / Apex Tech Scotland Ltd,INV-2015/924,2015-12-01,2015,ACU-ACT4,1,Quest End Ltd,Quest End Ltd,Paid,Sales - ACURUS,ACURUS,3750.0,1,0
GTUK / Apex Tech Scotland Ltd,INV-2015/924,2015-12-01,2015,ACU-ARM4,1,Quest End Ltd,Quest End Ltd,Paid,Sales - ACURUS,ACURUS,125.0,1,0
GTUK / Apex Tech Scotland Ltd,INV-2015/925,2015-12-01,2015,STH-BX-12,1,Smart AVS Ltd,Smart AVS Ltd,Paid,Sales - STEALTH,STEALTH,75.0,1,0
GTUK / Apex Tech Scotland Ltd,INV-2015/925,2015-12-01,2015,STH-LR6G,2,Smart AVS Ltd,Smart AVS Ltd,Paid,Sales - STEALTH,STEALTH,1000.0,1,0
GTUK / Apex Tech Scotland Ltd,INV-2015/925,2015-12-01,2015,STH-B22G,1,Smart AVS Ltd,Smart AVS Ltd,Paid,Sales - STEALTH,STEALTH,500.0,1,0
GTUK / Apex Tech Scotland Ltd,INV-2015/937,2015-12-01,2015,BAR-ORI-CHT-B,1,Sinemas Ltd,Sinemas Ltd,Paid,Sales - BARCO,BARCO,4375.0,1,0
GTUK / Apex Tech Scotland Ltd,INV-2015/937,2015-12-01,2015,BAR-ORI-LENS-CWAZ,1,Sinemas Ltd,Sinemas Ltd,Paid,Sales - BARCO,BARCO,875.0,1,0
GTUK / Apex Tech Scotland Ltd,INV-2015/937,2015-12-01,2015,BAR-ORI-EX-B,1,Sinemas Ltd,Sinemas Ltd,Paid,,,0.0,1,0
GTUK / Apex Tech Scotland Ltd,INV-2015/926,2015-12-02,2015,STH-MBC-12,8,Sound Environment,Sound Environment,Paid,Sales - STEALTH,STEALTH,600.0,1,0
GTUK / Apex Tech Scotland Ltd,INV-2015/926,2015-12-02,2015,STH-MBC-22,2,Sound Environment,Sound Environment,Paid,Sales - STEALTH,STEALTH,150.0,1,0
GTUK / Apex Tech Scotland Ltd,INV-2015/927,2015-12-02,2015,,4,Sound Environment,Sound Environment,Paid,Sales - STEALTH,STEALTH,2000.0,1,0
GTUK / Apex Tech Scotland Ltd,INV-2015/927,2015-12-02,2015,,1,Sound Environment,Sound Environment,Paid,Sales - STEALTH,STEALTH,600.0,1,0
GTUK / Apex Tech Scotland Ltd,INV-2015/928,2015-12-04,2015,STH-LR6G,2,Audio Logic Ltd,Audio Logic Ltd,Paid,Sales - STEALTH,STEALTH,1000.0,1,0
GTUK / Apex Tech Scotland Ltd,INV-2015/922,2015-12-07,2015,STH-LR8G,2,AT&C Professional Systems Ltd,AT&C Professional Systems Ltd,Paid,Sales - STEALTH,STEALTH,1200.0,1,0
GTUK / Apex Tech Scotland Ltd,INV-2015/923,2015-12-07,2015,STH-LR8G,2,AT&C Professional Systems Ltd,AT&C Professional Systems Ltd,Paid,Sales - STEALTH,STEALTH,1200.0,1,0
GTUK / Apex Tech Scotland Ltd,INV-2015/923,2015-12-07,2015,STH-SLR8G,1,AT&C Professional Systems Ltd,AT&C Professional Systems Ltd,Paid,Sales - STEALTH,STEALTH,500.0,1,0
GTUK / Apex Tech Scotland Ltd,INV-2015/923,2015-12-07,2015,STH-MBC-22,5,AT&C Professional Systems Ltd,AT&C Professional Systems Ltd,Paid,Sales - STEALTH,STEALTH,375.0,1,0
GTUK / Apex Tech Scotland Ltd,INV-2015/931,2015-12-07,2015,STH-MBC-22,5,What You See And Hear Limited,What You See And Hear Limited,Paid,Sales - STEALTH,STEALTH,375.0,1,0
GTUK / Apex Tech Scotland Ltd,INV-2015/932,2015-12-07,2015,STH-MBC-30,7,Cornflake Ltd.,Cornflake Ltd.,Paid,Sales - STEALTH,STEALTH,525.0,1,0
GTUK / Apex Tech Scotland Ltd,INV-2015/930,2015-12-08,2015,CATS-Pack,1,HiFi Cinema Ltd,HiFi Cinema Ltd,Paid,Sales - CATS,CATS,240.0,1,0
GTUK / Apex Tech Scotland Ltd,INV-2015/933,2015-12-08,2015,STH-PS-22,3,What You See And Hear Limited,What You See And Hear Limited,Paid,Sales - STEALTH,STEALTH,225.0,1,0
GTUK / Apex Tech Scotland Ltd,INV-2015/935,2015-12-11,2015,CVS-LAMP-2013,1,Smartcomm Ltd,Smartcomm Ltd,Paid,Sales - CINEVERSUM,CINEVERSUM,280.0,1,0
GTUK / Apex Tech Scotland Ltd,INV-2016/938,2016-01-06,2016,,1,Fulford Farm,Fulford Farm,Paid,Sales - SERVICES,SERVICES,4500.0,1,0
GTUK / Apex Tech Scotland Ltd,INV-2016/939,2016-01-06,2016,,1,Fulford Farm,Fulford Farm,Paid,Sales - DPI,DPI,1500.0,1,0
GTUK / Apex Tech Scotland Ltd,INV-2016/940,2016-01-12,2016,STH-LR8G,7,What You See And Hear Limited,What You See And Hear Limited,Paid,Sales - STEALTH,STEALTH,4200.0,1,0
GTUK / Apex Tech Scotland Ltd,INV-2016/940,2016-01-12,2016,STH-SLR8G,3,What You See And Hear Limited,What You See And Hear Limited,Paid,Sales - STEALTH,STEALTH,1500.0,1,0
GTUK / Apex Tech Scotland Ltd,INV-2016/941,2016-01-21,2016,STH-LR3G,2,Complete Integration Company Ltd,Complete Integration Company Ltd,Paid,Sales - STEALTH,STEALTH,2000.0,1,0
GTUK / Apex Tech Scotland Ltd,INV-2016/941,2016-01-21,2016,STH-LR3GS,1,Complete Integration Company Ltd,Complete Integration Company Ltd,Paid,Sales - STEALTH,STEALTH,500.0,1,0
GTUK / Apex Tech Scotland Ltd,INV-2016/941,2016-01-21,2016,STH-LR6G,1,Complete Integration Company Ltd,Complete Integration Company Ltd,Paid,Sales - STEALTH,STEALTH,500.0,1,0
GTUK / Apex Tech Scotland Ltd,INV-2016/941,2016-01-21,2016,STH-B22G,1,Complete Integration Company Ltd,Complete Integration Company Ltd,Paid,Sales - STEALTH,STEALTH,500.0,1,0
GTUK / Apex Tech Scotland Ltd,INV-2016/945,2016-01-31,2016,STH-LR6G,2,AW James Ltd,AW James Ltd,Paid,Sales - STEALTH,STEALTH,1000.0,1,0
GTUK / Apex Tech Scotland Ltd,INV-2016/945,2016-01-31,2016,STH-LR6GS,1,AW James Ltd,AW James Ltd,Paid,Sales - STEALTH,STEALTH,250.0,1,0
GTUK / Apex Tech Scotland Ltd,INV-2016/947,2016-02-16,2016,STH-LR6GS,63,proAV Ltd,proAV Ltd,Paid,Sales - STEALTH,STEALTH,15750.0,1,0
GTUK / Apex Tech Scotland Ltd,INV-2016/947,2016-02-16,2016,STH-BX-12,63,proAV Ltd,proAV Ltd,Paid,Sales - STEALTH,STEALTH,4725.0,1,0
GTUK / Apex Tech Scotland Ltd,INV-2016/947,2016-02-16,2016,STH-PS-12,11,proAV Ltd,proAV Ltd,Paid,Sales - STEALTH,STEALTH,825.0,1,0
GTUK / Apex Tech Scotland Ltd,INV-2016/947,2016-02-16,2016,STH-LR3GS,4,proAV Ltd,proAV Ltd,Paid,Sales - STEALTH,STEALTH,2000.0,1,0
GTUK / Apex Tech Scotland Ltd,INV-2016/947,2016-02-16,2016,STH-BX-30,4,proAV Ltd,proAV Ltd,Paid,Sales - STEALTH,STEALTH,300.0,1,0
GTUK / Apex Tech Scotland Ltd,INV-2016/947,2016-02-16,2016,STH-PS-30,1,proAV Ltd,proAV Ltd,Paid,Sales - STEALTH,STEALTH,75.0,1,0
GTUK / Apex Tech Scotland Ltd,INV-2016/947,2016-02-16,2016,,1,proAV Ltd,proAV Ltd,Paid,Sales - STEALTH,STEALTH,-11837.5,1,0
GTUK / Apex Tech Scotland Ltd,INV-2016/946,2016-02-17,2016,STH-LR8G,1,AT&C Audio Technology & Communications Ltd,AT&C Audio Technology & Communications Ltd,Paid,Sales - STEALTH,STEALTH,600.0,1,0
GTUK / Apex Tech Scotland Ltd,INV-2016/946,2016-02-17,2016,STH-MBC-22,2,AT&C Audio Technology & Communications Ltd,AT&C Audio Technology & Communications Ltd,Paid,Sales - STEALTH,STEALTH,150.0,1,0
GTUK / Apex Tech Scotland Ltd,INV-2016/949,2016-02-18,2016,STH-LR4G,1,What You See And Hear Limited,What You See And Hear Limited,Paid,Sales - STEALTH,STEALTH,0.0,1,0
GTUK / Apex Tech Scotland Ltd,INV-2016/949,2016-02-18,2016,STH-MBC-12,2,What You See And Hear Limited,What You See And Hear Limited,Paid,Sales - STEALTH,STEALTH,150.0,1,0
GTUK / Apex Tech Scotland Ltd,INV-2016/949,2016-02-18,2016,STH-MBC-22,2,What You See And Hear Limited,What You See And Hear Limited,Paid,Sales - STEALTH,STEALTH,150.0,1,0
GTUK / Apex Tech Scotland Ltd,INV-2016/951,2016-03-02,2016,CATS-FAB-INST,70,Cornflake Ltd.,Cornflake Ltd.,Paid,Sales - CATS,CATS,2450.0,1,0
GTUK / Apex Tech Scotland Ltd,INV-2016/951,2016-03-02,2016,CATS-COM-S,70,Cornflake Ltd.,Cornflake Ltd.,Paid,Sales - CATS,CATS,12250.0,1,0
GTUK / Apex Tech Scotland Ltd,INV-2016/951,2016-03-02,2016,CATS-COM-INST,70,Cornflake Ltd.,Cornflake Ltd.,Paid,Sales - CATS,CATS,2450.0,1,0
GTUK / Apex Tech Scotland Ltd,INV-2016/952,2016-03-03,2016,STH-LR6G,3,Emiror Research Limited,Emiror Research Limited,Paid,Sales - STEALTH,STEALTH,1500.0,1,0
GTUK / Apex Tech Scotland Ltd,INV-2016/953,2016-03-03,2016,STH-LR6GS,63,proAV Ltd,proAV Ltd,Paid,Sales - STEALTH,STEALTH,15750.0,1,0
GTUK / Apex Tech Scotland Ltd,INV-2016/953,2016-03-03,2016,STH-BX-12,63,proAV Ltd,proAV Ltd,Paid,Sales - STEALTH,STEALTH,4725.0,1,0
GTUK / Apex Tech Scotland Ltd,INV-2016/953,2016-03-03,2016,STH-PS-12,11,proAV Ltd,proAV Ltd,Paid,Sales - STEALTH,STEALTH,825.0,1,0
GTUK / Apex Tech Scotland Ltd,INV-2016/953,2016-03-03,2016,STH-LR3GS,4,proAV Ltd,proAV Ltd,Paid,Sales - STEALTH,STEALTH,2000.0,1,0
GTUK / Apex Tech Scotland Ltd,INV-2016/953,2016-03-03,2016,STH-BX-30,4,proAV Ltd,proAV Ltd,Paid,Sales - STEALTH,STEALTH,300.0,1,0
GTUK / Apex Tech Scotland Ltd,INV-2016/953,2016-03-03,2016,STH-PS-30,1,proAV Ltd,proAV Ltd,Paid,Sales - STEALTH,STEALTH,75.0,1,0
GTUK / Apex Tech Scotland Ltd,INV-2016/953,2016-03-03,2016,,1,proAV Ltd,proAV Ltd,Paid,Sales - STEALTH,STEALTH,-11837.5,1,0
GTUK / Apex Tech Scotland Ltd,INV-2016/954,2016-03-03,2016,STH-LR6GS,1,proAV Ltd,proAV Ltd,Paid,Sales - STEALTH,STEALTH,250.0,1,0
GTUK / Apex Tech Scotland Ltd,INV-2016/954,2016-03-03,2016,STH-BX-12,1,proAV Ltd,proAV Ltd,Paid,Sales - STEALTH,STEALTH,75.0,1,0
GTUK / Apex Tech Scotland Ltd,INV-2016/955,2016-03-03,2016,STH-SRAY8B,1,Ashleigh Signs Ltd,Ashleigh Signs Ltd,Paid,Sales - STEALTH,STEALTH,800.0,1,0
GTUK / Apex Tech Scotland Ltd,INV-2016/955,2016-03-03,2016,STH-SA2400,1,Ashleigh Signs Ltd,Ashleigh Signs Ltd,Paid,Sales - STEALTH,STEALTH,750.0,1,0
GTUK / Apex Tech Scotland Ltd,INV-2016/952,2016-03-03,2016,STH-LR6GS,2,Emiror Research Limited,Emiror Research Limited,Paid,Sales - STEALTH,STEALTH,500.0,1,0
GTUK / Apex Tech Scotland Ltd,INV-2016/948,2016-03-03,2016,BAR-OPT-LAMP,2,Smartcomm Ltd,Smartcomm Ltd,Paid,Sales - BARCO,BARCO,650.0,1,0
GTUK / Apex Tech Scotland Ltd,INV-2016/956,2016-03-04,2016,,1,Environ Audio Ltd,Environ Audio Ltd,Paid,Sales - OTHERS,OTHERS,14621.25,1,0
GTUK / Apex Tech Scotland Ltd,INV-2016/959,2016-03-08,2016,STH-SLR8G,3,What You See And Hear Limited,What You See And Hear Limited,Paid,Sales - STEALTH,STEALTH,1500.0,1,0
GTUK / Apex Tech Scotland Ltd,INV-2016/959,2016-03-08,2016,STH-LR8G,1,What You See And Hear Limited,What You See And Hear Limited,Paid,Sales - STEALTH,STEALTH,600.0,1,0
GTUK / Apex Tech Scotland Ltd,INV-2016/960,2016-03-14,2016,STH-SA2400,2,Adept Integrated Systems,Adept Integrated Systems,Paid,Sales - STEALTH,STEALTH,1200.0,1,0
GTUK / Apex Tech Scotland Ltd,INV-2016/962,2016-04-01,2016,BAR-OPT-CHT-B,1,Perception AV Ltd,Perception AV Ltd,Paid,Sales - BARCO,BARCO,13000.0,1,0
GTUK / Apex Tech Scotland Ltd,INV-2016/962,2016-04-01,2016,BAR-OPT-LENS-CUWAZ,1,Perception AV Ltd,Perception AV Ltd,Paid,Sales - BARCO,BARCO,2925.0,1,0
GTUK / Apex Tech Scotland Ltd,INV-2016/962,2016-04-01,2016,IMG-IM3-450,1,Perception AV Ltd,Perception AV Ltd,Paid,Sales - IMAGE,IMAGE,9487.5,1,0
GTUK / Apex Tech Scotland Ltd,INV-2016/962,2016-04-01,2016,IMG-IM3-450-CUR,1,Perception AV Ltd,Perception AV Ltd,Paid,Sales - IMAGE,IMAGE,2300.0,1,0
GTUK / Apex Tech Scotland Ltd,INV-2016/962,2016-04-01,2016,,1,Perception AV Ltd,Perception AV Ltd,Paid,,,0.0,1,0
GTUK / Apex Tech Scotland Ltd,INV-2016/963,2016-04-01,2016,STH-LR6G,1,The Smarter Home,The Smarter Home,Paid,Sales - STEALTH,STEALTH,500.0,1,0
GTUK / Apex Tech Scotland Ltd,INV-2016/963,2016-04-01,2016,STH-B22G,1,The Smarter Home,The Smarter Home,Paid,Sales - STEALTH,STEALTH,500.0,1,0
GTUK / Apex Tech Scotland Ltd,INV-2016/964,2016-04-05,2016,STH-LR8G,1,Sound Environment,Sound Environment,Paid,Sales - STEALTH,STEALTH,600.0,1,0
GTUK / Apex Tech Scotland Ltd,INV-2016/964,2016-04-05,2016,STH-MBC-22,1,Sound Environment,Sound Environment,Paid,Sales - STEALTH,STEALTH,75.0,1,0
GTUK / Apex Tech Scotland Ltd,INV-2016/961,2016-04-06,2016,BAR-OPT-LAMP,6,Smartcomm Ltd,Smartcomm Ltd,Paid,Sales - BARCO,BARCO,1950.0,1,0
GTUK / Apex Tech Scotland Ltd,INV-2016/965,2016-04-07,2016,,1,Adept Integrated Systems,Adept Integrated Systems,Paid,Sales - DT SCREENS,DT SCREENS,2640.0,1,0
GTUK / Apex Tech Scotland Ltd,INV-2016/966,2016-04-07,2016,,1,Adept Integrated Systems,Adept Integrated Systems,Paid,Sales - DT SCREENS,DT SCREENS,2160.0,1,0
GTUK / Apex Tech Scotland Ltd,INV-2016/967,2016-04-11,2016,STH-LR6G,14,Marquee Installations Ltd,Marquee Installations Ltd,Paid,Sales - STEALTH,STEALTH,7000.0,1,0
GTUK / Apex Tech Scotland Ltd,INV-2016/967,2016-04-11,2016,STH-LR6GS,1,Marquee Installations Ltd,Marquee Installations Ltd,Paid,Sales - STEALTH,STEALTH,250.0,1,0
GTUK / Apex Tech Scotland Ltd,INV-2016/967,2016-04-11,2016,STH-MBC-12,30,Marquee Installations Ltd,Marquee Installations Ltd,Paid,Sales - STEALTH,STEALTH,2250.0,1,0
GTUK / Apex Tech Scotland Ltd,INV-2016/968,2016-04-18,2016,,1,Adept Integrated Systems,Adept Integrated Systems,Paid,Sales - DT SCREENS,DT SCREENS,1296.0,1,0
GTUK / Apex Tech Scotland Ltd,INV-2016/969,2016-04-18,2016,STH-LR6G,4,Marquee Installations Ltd,Marquee Installations Ltd,Paid,Sales - STEALTH,STEALTH,2000.0,1,0
GTUK / Apex Tech Scotland Ltd,INV-2016/969,2016-04-18,2016,STH-LR6GS,1,Marquee Installations Ltd,Marquee Installations Ltd,Paid,Sales - STEALTH,STEALTH,250.0,1,0
GTUK / Apex Tech Scotland Ltd,INV-2016/969,2016-04-18,2016,STH-MBC-12,9,Marquee Installations Ltd,Marquee Installations Ltd,Paid,Sales - STEALTH,STEALTH,675.0,1,0
GTUK / Apex Tech Scotland Ltd,INV-2016/970,2016-04-21,2016,STH-LR8G,1,London Media Rooms,London Media Rooms,Paid,Sales - STEALTH,STEALTH,600.0,1,0
GTUK / Apex Tech Scotland Ltd,INV-2016/970,2016-04-21,2016,STH-MBC-22,2,London Media Rooms,London Media Rooms,Paid,Sales - STEALTH,STEALTH,150.0,1,0
GTUK / Apex Tech Scotland Ltd,INV-2016/971,2016-04-21,2016,,1,Cornflake Ltd.,Cornflake Ltd.,Paid,Sales - CATS,CATS,1200.0,1,0
GTUK / Apex Tech Scotland Ltd,INV-2016/972,2016-04-21,2016,,1,Adept Integrated Systems,Adept Integrated Systems,Paid,Sales - DT SCREENS,DT SCREENS,840.0,1,0
GTUK / Apex Tech Scotland Ltd,INV-2016/973,2016-04-21,2016,,1,Perception AV Ltd,Perception AV Ltd,Paid,Sales - OTHERS,OTHERS,350.0,1,0
GTUK / Apex Tech Scotland Ltd,INV-2016/976,2016-04-28,2016,,1,Perception AV Ltd,Perception AV Ltd,Paid,Sales - IMAGE,IMAGE,1178.75,1,0
GTUK / Apex Tech Scotland Ltd,INV-2016/978,2016-05-05,2016,BAR-OPT-LAMP,2,Smartcomm Ltd,Smartcomm Ltd,Paid,Sales - BARCO,BARCO,650.0,1,0
GTUK / Apex Tech Scotland Ltd,INV-2016/979,2016-05-05,2016,STH-255,1,Complete Integration Company Ltd,Complete Integration Company Ltd,Paid,Sales - STEALTH,STEALTH,375.0,1,0
GTUK / Apex Tech Scotland Ltd,INV-2016/982,2016-05-09,2016,BAR-HEL-LAMP-1,1,Chancerygate (Romford) Ltd,Chancerygate (Romford) Ltd,Paid,Sales - BARCO,BARCO,600.0,1,0
GTUK / Apex Tech Scotland Ltd,INV-2016/982,2016-05-09,2016,BAR-HEL-LAMP-2,1,Chancerygate (Romford) Ltd,Chancerygate (Romford) Ltd,Paid,Sales - BARCO,BARCO,600.0,1,0
GTUK / Apex Tech Scotland Ltd,INV-2016/980,2016-05-09,2016,STH-LR6G,6,Fusion.One International Ltd,Fusion.One International Ltd,Paid,Sales - STEALTH,STEALTH,3000.0,1,0
GTUK / Apex Tech Scotland Ltd,INV-2016/981,2016-05-09,2016,US-VMASK-330,1,Adept Integrated Systems,Adept Integrated Systems,Paid,Sales - DT SCREENS,DT SCREENS,4600.0,1,0
GTUK / Apex Tech Scotland Ltd,INV-2016/981,2016-05-09,2016,,0,Adept Integrated Systems,Adept Integrated Systems,Paid,,,0.0,1,0
GTUK / Apex Tech Scotland Ltd,INV-2016/983,2016-05-10,2016,BAR-ORI-MR-W,1,Elegant Solutions International Limited,Elegant Solutions International Limited,Paid,Sales - BARCO,BARCO,6500.0,1,0
GTUK / Apex Tech Scotland Ltd,INV-2016/983,2016-05-10,2016,BAR-ORI-LENS-S,1,Elegant Solutions International Limited,Elegant Solutions International Limited,Paid,,,0.0,1,0
GTUK / Apex Tech Scotland Ltd,INV-2016/983,2016-05-10,2016,BAR-ORI-EX-W,1,Elegant Solutions International Limited,Elegant Solutions International Limited,Paid,Sales - BARCO,BARCO,325.0,1,0
GTUK / Apex Tech Scotland Ltd,INV-2016/983,2016-05-10,2016,BAR-ORI-UDK,1,Elegant Solutions International Limited,Elegant Solutions International Limited,Paid,Sales - BARCO,BARCO,78.0,1,0
GTUK / Apex Tech Scotland Ltd,INV-2016/986,2016-05-12,2016,STH-LR8G,4,AT&C Professional Systems Ltd,AT&C Professional Systems Ltd,Paid,Sales - STEALTH,STEALTH,2400.0,1,0
GTUK / Apex Tech Scotland Ltd,INV-2016/986,2016-05-12,2016,STH-LR8GS,1,AT&C Professional Systems Ltd,AT&C Professional Systems Ltd,Paid,Sales - STEALTH,STEALTH,300.0,1,0
GTUK / Apex Tech Scotland Ltd,INV-2016/986,2016-05-12,2016,STH-MBX-22,9,AT&C Professional Systems Ltd,AT&C Professional Systems Ltd,Paid,Sales - STEALTH,STEALTH,675.0,1,0
GTUK / Apex Tech Scotland Ltd,INV-2016/987,2016-05-13,2016,STH-LR6G,6,Fusion.One International Ltd,Fusion.One International Ltd,Paid,Sales - STEALTH,STEALTH,3000.0,1,0
GTUK / Apex Tech Scotland Ltd,CN-2016/989,2016-05-18,2016,IMG-IM3-450,1,Perception AV Ltd,Perception AV Ltd,Paid,Sales - IMAGE,IMAGE,-9487.5,1,0
GTUK / Apex Tech Scotland Ltd,CN-2016/989,2016-05-18,2016,IMG-IM3-450-CUR,1,Perception AV Ltd,Perception AV Ltd,Paid,Sales - IMAGE,IMAGE,-2300.0,1,0
GTUK / Apex Tech Scotland Ltd,CN-2016/989,2016-05-18,2016,,1,Perception AV Ltd,Perception AV Ltd,Paid,Sales - IMAGE,IMAGE,3536.25,1,0
GTUK / Apex Tech Scotland Ltd,INV-2016/991,2016-06-01,2016,BAR-ORI-CMR-W,1,Adept Integrated Systems,Adept Integrated Systems,Paid,Sales - BARCO,BARCO,5000.0,1,0
GTUK / Apex Tech Scotland Ltd,INV-2016/991,2016-06-01,2016,BAR-ORI-LENS-CWAZ,1,Adept Integrated Systems,Adept Integrated Systems,Paid,Sales - BARCO,BARCO,1000.0,1,0
GTUK / Apex Tech Scotland Ltd,INV-2016/992,2016-06-17,2016,STH-MBC-12,14,Hendry Electrical Contractors Ltd,Hendry Electrical Contractors Ltd,Paid,Sales - STEALTH,STEALTH,1050.0,1,0
GTUK / Apex Tech Scotland Ltd,INV-2016/993,2016-06-23,2016,STH-LR6G,7,Hendry Electrical Contractors Ltd,Hendry Electrical Contractors Ltd,Paid,Sales - STEALTH,STEALTH,3500.0,1,0
GTUK / Apex Tech Scotland Ltd,INV-2016/993,2016-06-23,2016,STH-CVXMR15,14,Hendry Electrical Contractors Ltd,Hendry Electrical Contractors Ltd,Paid,Sales - STEALTH,STEALTH,700.0,1,0
GTUK / Apex Tech Scotland Ltd,INV-2016/994,2016-06-29,2016,STH-LR6G,9,Smart AVS Ltd,Smart AVS Ltd,Paid,Sales - STEALTH,STEALTH,4500.0,1,0
GTUK / Apex Tech Scotland Ltd,INV-2016/996,2016-07-06,2016,BAR-ORI-MR-W,1,Imagine this (UK) Ltd,Imagine this (UK) Ltd,Paid,Sales - BARCO,BARCO,6500.0,1,0
GTUK / Apex Tech Scotland Ltd,INV-2016/996,2016-07-06,2016,BAR-ORI-LENS-S,1,Imagine this (UK) Ltd,Imagine this (UK) Ltd,Paid,,,0.0,1,0
GTUK / Apex Tech Scotland Ltd,INV-2016/996,2016-07-06,2016,,1,Imagine this (UK) Ltd,Imagine this (UK) Ltd,Paid,Sales - BARCO,BARCO,-667.0,1,0
GTUK / Apex Tech Scotland Ltd,INV-2016/997,2016-07-10,2016,,1,Alexander Cargill Ltd,Alexander Cargill Ltd,Paid,Sales - CINEVERSUM,CINEVERSUM,5200.0,1,0
GTUK / Apex Tech Scotland Ltd,INV-2016/997,2016-07-10,2016,,1,Alexander Cargill Ltd,Alexander Cargill Ltd,Paid,,,0.0,1,0
GTUK / Apex Tech Scotland Ltd,INV-2016/998,2016-07-12,2016,,1,Adept Integrated Systems,Adept Integrated Systems,Paid,Sales - DT SCREENS,DT SCREENS,1680.0,1,0
GTUK / Apex Tech Scotland Ltd,INV-2016/998,2016-07-12,2016,,0,Adept Integrated Systems,Adept Integrated Systems,Paid,,,0.0,1,0
GTUK / Apex Tech Scotland Ltd,INV-2016/999,2016-07-13,2016,SD-SD1-BR-16,5,Pericom PLC,Pericom PLC,Paid,Sales - SOLID DRIVE,SOLID DRIVE,105.0,1,0
GTUK / Apex Tech Scotland Ltd,INV-2016/999,2016-07-13,2016,SD-SD1-TI,5,Pericom PLC,Pericom PLC,Paid,Sales - SOLID DRIVE,SOLID DRIVE,2100.0,1,0
GTUK / Apex Tech Scotland Ltd,INV-2016/1000,2016-07-18,2016,STH-LR6G,8,Audio Logic Ltd,Audio Logic Ltd,Paid,Sales - STEALTH,STEALTH,4000.0,1,0
GTUK / Apex Tech Scotland Ltd,INV-2016/1000,2016-07-18,2016,STH-LR8G,1,Audio Logic Ltd,Audio Logic Ltd,Paid,Sales - STEALTH,STEALTH,600.0,1,0
GTUK / Apex Tech Scotland Ltd,INV-2016/1001,2016-07-20,2016,BAR-QUA-HT-B-S,1,Affinitive Ltd,Affinitive Ltd,Paid,Sales - BARCO,BARCO,3575.0,1,0
GTUK / Apex Tech Scotland Ltd,INV-2016/1002,2016-07-20,2016,STH-LR8G,1,Rodic Davidson Architects,Rodic Davidson Architects,Paid,Sales - STEALTH,STEALTH,600.0,1,0
GTUK / Apex Tech Scotland Ltd,INV-2016/1003,2016-07-22,2016,BAR-ORI-CMR-W,1,Twisted Pear Consultancy,Twisted Pear Consultancy,Paid,Sales - BARCO,BARCO,8125.0,1,0
GTUK / Apex Tech Scotland Ltd,INV-2016/1003,2016-07-22,2016,BAR-ORI-LENS-CS,1,Twisted Pear Consultancy,Twisted Pear Consultancy,Paid,,,0.0,1,0
GTUK / Apex Tech Scotland Ltd,INV-2016/977,2016-07-26,2016,BAR-ORI-MR-B,1,Environ Audio Ltd,Environ Audio Ltd,Paid,Sales - BARCO,BARCO,6500.0,1,0
GTUK / Apex Tech Scotland Ltd,INV-2016/977,2016-07-26,2016,BAR-ORI-LENS-WAZ,1,Environ Audio Ltd,Environ Audio Ltd,Paid,Sales - BARCO,BARCO,1625.0,1,0
GTUK / Apex Tech Scotland Ltd,INV-2016/1004,2016-07-27,2016,STH-LR8G,2,Hendry Electrical Contractors Ltd,Hendry Electrical Contractors Ltd,Paid,Sales - STEALTH,STEALTH,1200.0,1,0
GTUK / Apex Tech Scotland Ltd,INV-2016/1004,2016-07-27,2016,STH-MBC-22,4,Hendry Electrical Contractors Ltd,Hendry Electrical Contractors Ltd,Paid,Sales - STEALTH,STEALTH,300.0,1,0
GTUK / Apex Tech Scotland Ltd,INV-2016/1004,2016-07-27,2016,STH-CVXMR30,4,Hendry Electrical Contractors Ltd,Hendry Electrical Contractors Ltd,Paid,Sales - STEALTH,STEALTH,200.0,1,0
GTUK / Apex Tech Scotland Ltd,INV-2016/988,2016-07-28,2016,,3,Revolve CI,Revolve CI,Paid,Sales - STEALTH,STEALTH,1425.0,1,0
GTUK / Apex Tech Scotland Ltd,INV-2016/988,2016-07-28,2016,,1,Revolve CI,Revolve CI,Paid,Sales - STEALTH,STEALTH,237.5,1,0
GTUK / Apex Tech Scotland Ltd,INV-2016/1005,2016-07-29,2016,,1,H&H Audio Visual,H&H Audio Visual,Paid,Sales - BARCO,BARCO,7500.0,1,0
GTUK / Apex Tech Scotland Ltd,INV-2016/1005,2016-07-29,2016,,1,H&H Audio Visual,H&H Audio Visual,Paid,Sales - BARCO,BARCO,1500.0,1,0
GTUK / Apex Tech Scotland Ltd,INV-2016/1005,2016-07-29,2016,,1,H&H Audio Visual,H&H Audio Visual,Paid,Sales - STEWART,STEWART,5438.45,1,0
GTUK / Apex Tech Scotland Ltd,INV-2016/1005,2016-07-29,2016,,1,H&H Audio Visual,H&H Audio Visual,Paid,Sales - STEWART,STEWART,195.33,1,0
GTUK / Apex Tech Scotland Ltd,INV-2016/1006,2016-08-04,2016,CATS-DES-S,1,Cornflake Ltd.,Cornflake Ltd.,Paid,Sales - CATS,CATS,2800.0,1,0
GTUK / Apex Tech Scotland Ltd,INV-2016/1007,2016-08-04,2016,STH-LR6G,15,Vision Works AV,Vision Works AV,Paid,Sales - STEALTH,STEALTH,7500.0,1,0
GTUK / Apex Tech Scotland Ltd,INV-2016/1007,2016-08-04,2016,STH-LR6GS,1,Vision Works AV,Vision Works AV,Paid,Sales - STEALTH,STEALTH,250.0,1,0
GTUK / Apex Tech Scotland Ltd,INV-2016/1007,2016-08-04,2016,STH-MBC-12,31,Vision Works AV,Vision Works AV,Paid,Sales - STEALTH,STEALTH,2325.0,1,0
GTUK / Apex Tech Scotland Ltd,INV-2016/1007,2016-08-04,2016,STH-CVXMR15,31,Vision Works AV,Vision Works AV,Paid,Sales - STEALTH,STEALTH,1550.0,1,0
GTUK / Apex Tech Scotland Ltd,INV-2016/1007,2016-08-04,2016,,0,Vision Works AV,Vision Works AV,Paid,,,0.0,1,0
GTUK / Apex Tech Scotland Ltd,CN-2016/1008,2016-08-12,2016,,0,Olive Audio Visual Ltd,Olive Audio Visual Ltd,Paid,,,0.0,1,0
GTUK / Apex Tech Scotland Ltd,INV-2016/1009,2016-08-15,2016,BAR-OPT-CMR-W,1,Sinemas Ltd,Sinemas Ltd,Paid,Sales - BARCO,BARCO,13000.0,1,0
GTUK / Apex Tech Scotland Ltd,INV-2016/1009,2016-08-15,2016,BAR-OPT-LENS-CUWAZ,1,Sinemas Ltd,Sinemas Ltd,Paid,Sales - BARCO,BARCO,2925.0,1,0
GTUK / Apex Tech Scotland Ltd,INV-2016/1009,2016-08-15,2016,BAR-OPT-EX-W,1,Sinemas Ltd,Sinemas Ltd,Paid,Sales - BARCO,BARCO,97.5,1,0
GTUK / Apex Tech Scotland Ltd,INV-2016/1011,2016-08-22,2016,,16,Son-Tech Limited,Son-Tech Limited,Paid,Sales - PHASE TECHNOLOGY,PHASE TECHNOLOGY,276.32,1,0
GTUK / Apex Tech Scotland Ltd,INV-2016/1010,2016-08-26,2016,SD-SD1-TI,5,Pericom PLC,Pericom PLC,Paid,Sales - SOLID DRIVE,SOLID DRIVE,2100.0,1,0
GTUK / Apex Tech Scotland Ltd,INV-2016/1010,2016-08-26,2016,SD-SD1-BR-16,5,Pericom PLC,Pericom PLC,Paid,Sales - SOLID DRIVE,SOLID DRIVE,120.0,1,0
GTUK / Apex Tech Scotland Ltd,CN-2016/1013,2016-08-27,2016,,1,Environ Audio Ltd,Environ Audio Ltd,Paid,Sales - STEALTH,STEALTH,-500.0,1,0
GTUK / Apex Tech Scotland Ltd,INV-2016/1014,2016-09-05,2016,CATS-COM-S,145,Cornflake Ltd.,Cornflake Ltd.,Paid,Sales - CATS,CATS,25375.0,1,0
GTUK / Apex Tech Scotland Ltd,INV-2016/1015,2016-09-12,2016,DT-CNTP-390,1,Sinemas Ltd,Sinemas Ltd,Paid,Sales - DT SCREENS,DT SCREENS,2040.0,1,0
GTUK / Apex Tech Scotland Ltd,INV-2016/1016,2016-09-14,2016,BAR-KRO-HT-B,1,Toliva,Toliva,Paid,Sales - BARCO,BARCO,11700.0,1,0
GTUK / Apex Tech Scotland Ltd,INV-2016/1016,2016-09-14,2016,ACU-ACT4,1,Toliva,Toliva,Paid,Sales - ACURUS,ACURUS,5100.0,1,0
GTUK / Apex Tech Scotland Ltd,INV-2016/1016,2016-09-14,2016,PT-535-CB-724,1,Toliva,Toliva,Paid,Sales - PHASE TECHNOLOGY,PHASE TECHNOLOGY,16500.0,1,0
GTUK / Apex Tech Scotland Ltd,INV-2016/1017,2016-09-15,2016,ACU-A2005,1,KJ West One,KJ West One,Paid,Sales - ACURUS,ACURUS,2400.0,1,0
GTUK / Apex Tech Scotland Ltd,INV-2016/1019,2016-09-20,2016,STH-LR6G,3,Smart Sense,Smart Sense,Paid,Sales - STEALTH,STEALTH,1650.0,1,0
GTUK / Apex Tech Scotland Ltd,INV-2016/1019,2016-09-20,2016,STH-MBC-12,6,Smart Sense,Smart Sense,Paid,Sales - STEALTH,STEALTH,450.0,1,0
GTUK / Apex Tech Scotland Ltd,INV-2016/1020,2016-09-21,2016,STH-LR6GS,1,Velocity,Velocity,Paid,Sales - STEALTH,STEALTH,250.0,1,0
GTUK / Apex Tech Scotland Ltd,INV-2016/1020,2016-09-21,2016,STH-MBC-12,1,Velocity,Velocity,Paid,Sales - STEALTH,STEALTH,75.0,1,0
GTUK / Apex Tech Scotland Ltd,INV-2016/1020,2016-09-21,2016,STH-CVXMR15,1,Velocity,Velocity,Paid,Sales - STEALTH,STEALTH,50.0,1,0
GTUK / Apex Tech Scotland Ltd,INV-2016/1018,2016-09-22,2016,SD-SD1-TI,5,Pericom PLC,Pericom PLC,Paid,Sales - SOLID DRIVE,SOLID DRIVE,2100.0,1,0
GTUK / Apex Tech Scotland Ltd,INV-2016/1018,2016-09-22,2016,SD-SD1-BR-16,5,Pericom PLC,Pericom PLC,Paid,Sales - SOLID DRIVE,SOLID DRIVE,120.0,1,0
GTUK / Apex Tech Scotland Ltd,INV-2016/1023,2016-09-27,2016,STH-LR6GS,1,Vision Works AV,Vision Works AV,Paid,Sales - STEALTH,STEALTH,250.0,1,0
GTUK / Apex Tech Scotland Ltd,INV-2016/1023,2016-09-27,2016,STH-CVXMR15,1,Vision Works AV,Vision Works AV,Paid,Sales - STEALTH,STEALTH,50.0,1,0
GTUK / Apex Tech Scotland Ltd,INV-2016/1022,2016-10-01,2016,BAR-LOK-HT-B,1,Adept Integrated Systems,Adept Integrated Systems,Paid,Sales - BARCO,BARCO,28800.0,1,0
GTUK / Apex Tech Scotland Ltd,INV-2016/1022,2016-10-01,2016,BAR-LOK-LENS-S,1,Adept Integrated Systems,Adept Integrated Systems,Paid,,,0.0,1,0
GTUK / Apex Tech Scotland Ltd,INV-2016/1022,2016-10-01,2016,BAR-ORI-CMR-B,1,Adept Integrated Systems,Adept Integrated Systems,Paid,,,0.0,1,0
GTUK / Apex Tech Scotland Ltd,INV-2016/1022,2016-10-01,2016,BAR-ORI-LENS-CS,1,Adept Integrated Systems,Adept Integrated Systems,Paid,,,0.0,1,0
GTUK / Apex Tech Scotland Ltd,INV-2016/1022,2016-10-01,2016,BAR-ORI-LENS-CWAZ,1,Adept Integrated Systems,Adept Integrated Systems,Paid,,,0.0,1,0
GTUK / Apex Tech Scotland Ltd,INV-2016/1022,2016-10-01,2016,,0,Adept Integrated Systems,Adept Integrated Systems,Paid,,,0.0,1,0
GTUK / Apex Tech Scotland Ltd,INV-2016/1022,2016-10-01,2016,,0,Adept Integrated Systems,Adept Integrated Systems,Paid,,,0.0,1,0
GTUK / Apex Tech Scotland Ltd,INV-2016/1022,2016-10-01,2016,,0,Adept Integrated Systems,Adept Integrated Systems,Paid,,,0.0,1,0
GTUK / Apex Tech Scotland Ltd,INV-2016/1022,2016-10-01,2016,,0,Adept Integrated Systems,Adept Integrated Systems,Paid,,,0.0,1,0
GTUK / Apex Tech Scotland Ltd,INV-2016/1024,2016-10-03,2016,SD-SD1-TI,3,Pericom PLC,Pericom PLC,Paid,Sales - SOLID DRIVE,SOLID DRIVE,1260.0,1,0
GTUK / Apex Tech Scotland Ltd,INV-2016/1024,2016-10-03,2016,SD-SD1-BR-16,3,Pericom PLC,Pericom PLC,Paid,Sales - SOLID DRIVE,SOLID DRIVE,72.0,1,0
GTUK / Apex Tech Scotland Ltd,INV-2016/1025,2016-10-06,2016,STH-LR3G,1,Meridian Audio Limited,Meridian Audio Limited,Paid,Sales - STEALTH,STEALTH,880.0,1,0
GTUK / Apex Tech Scotland Ltd,INV-2016/1025,2016-10-06,2016,STH-B30G,1,Meridian Audio Limited,Meridian Audio Limited,Paid,Sales - STEALTH,STEALTH,520.0,1,0
GTUK / Apex Tech Scotland Ltd,INV-2016/1025,2016-10-06,2016,STH-MBC-22,1,Meridian Audio Limited,Meridian Audio Limited,Paid,Sales - STEALTH,STEALTH,60.0,1,0
GTUK / Apex Tech Scotland Ltd,INV-2016/1025,2016-10-06,2016,STH-MBC-30,1,Meridian Audio Limited,Meridian Audio Limited,Paid,Sales - STEALTH,STEALTH,60.0,1,0
GTUK / Apex Tech Scotland Ltd,INV-2016/1026,2016-10-07,2016,STH-MBC-12,2,i-Homes London,i-Homes London,Paid,Sales - STEALTH,STEALTH,150.0,1,0
GTUK / Apex Tech Scotland Ltd,INV-2016/1026,2016-10-07,2016,STH-LR6G,1,i-Homes London,i-Homes London,Paid,Sales - STEALTH,STEALTH,500.0,1,0
GTUK / Apex Tech Scotland Ltd,INV-2016/1027,2016-10-07,2016,STH-MBC-12,2,i-Homes London,i-Homes London,Paid,Sales - STEALTH,STEALTH,120.0,1,0
GTUK / Apex Tech Scotland Ltd,INV-2016/1027,2016-10-07,2016,STH-LR6G,1,i-Homes London,i-Homes London,Paid,Sales - STEALTH,STEALTH,400.0,1,0
GTUK / Apex Tech Scotland Ltd,INV-2016/1031,2016-10-25,2016,STH-LR6G,5,Mood Media,Mood Media,Paid,Sales - STEALTH,STEALTH,2750.0,1,0
GTUK / Apex Tech Scotland Ltd,INV-2016/1031,2016-10-25,2016,STH-SK-1,1,Mood Media,Mood Media,Paid,Sales - STEALTH,STEALTH,50.0,1,0
GTUK / Apex Tech Scotland Ltd,INV-2016/1032,2016-10-26,2016,DT-FRNT-330,1,Audio 7 Ltd,Audio 7 Ltd,Paid,Sales - DT SCREENS,DT SCREENS,1680.0,1,0
GTUK / Apex Tech Scotland Ltd,INV-2016/1032,2016-10-26,2016,,6,Audio 7 Ltd,Audio 7 Ltd,Paid,Sales - DT SCREENS,DT SCREENS,120.0,1,0
GTUK / Apex Tech Scotland Ltd,INV-2016/1032,2016-10-26,2016,,0,Audio 7 Ltd,Audio 7 Ltd,Paid,,,0.0,1,0
GTUK / Apex Tech Scotland Ltd,INV-2016/1033,2016-10-26,2016,STH-LR6G,3,Adept Integrated Systems,Adept Integrated Systems,Paid,Sales - STEALTH,STEALTH,1650.0,1,0
GTUK / Apex Tech Scotland Ltd,INV-2016/1033,2016-10-26,2016,STH-MBC-12,6,Adept Integrated Systems,Adept Integrated Systems,Paid,Sales - STEALTH,STEALTH,450.0,1,0
GTUK / Apex Tech Scotland Ltd,INV-2016/1029,2016-10-28,2016,SD-SD1-TI,8,Pericom PLC,Pericom PLC,Paid,Sales - SOLID DRIVE,SOLID DRIVE,3360.0,1,0
GTUK / Apex Tech Scotland Ltd,INV-2016/1029,2016-10-28,2016,SD-SD1-BR-16,8,Pericom PLC,Pericom PLC,Paid,Sales - SOLID DRIVE,SOLID DRIVE,192.0,1,0
GTUK / Apex Tech Scotland Ltd,INV-2016/1035,2016-10-31,2016,SD-SD1-TI,6,Pericom PLC,Pericom PLC,Paid,Sales - SOLID DRIVE,SOLID DRIVE,2520.0,1,0
GTUK / Apex Tech Scotland Ltd,INV-2016/1034,2016-11-07,2016,PT-CI-130,3,Pure Home Technology,Pure Home Technology,Paid,Sales - PHASE TECHNOLOGY,PHASE TECHNOLOGY,1980.0,1,0
GTUK / Apex Tech Scotland Ltd,INV-2016/1034,2016-11-07,2016,PT-CI-120,4,Pure Home Technology,Pure Home Technology,Paid,Sales - PHASE TECHNOLOGY,PHASE TECHNOLOGY,2400.0,1,0
GTUK / Apex Tech Scotland Ltd,INV-2016/1034,2016-11-07,2016,PT-CI-7.3X,2,Pure Home Technology,Pure Home Technology,Paid,Sales - PHASE TECHNOLOGY,PHASE TECHNOLOGY,450.0,1,0
GTUK / Apex Tech Scotland Ltd,INV-2016/1034,2016-11-07,2016,PT-CI-IW200,1,Pure Home Technology,Pure Home Technology,Paid,Sales - PHASE TECHNOLOGY,PHASE TECHNOLOGY,600.0,1,0
GTUK / Apex Tech Scotland Ltd,INV-2016/1034,2016-11-07,2016,PT-P-1-350,1,Pure Home Technology,Pure Home Technology,Paid,Sales - PHASE TECHNOLOGY,PHASE TECHNOLOGY,480.0,1,0
GTUK / Apex Tech Scotland Ltd,INV-2016/1037,2016-11-08,2016,STH-MBX-12,10,Mood Media,Mood Media,Paid,Sales - STEALTH,STEALTH,750.0,1,0
GTUK / Apex Tech Scotland Ltd,INV-2016/1038,2016-11-08,2016,STH-MBC-12,16,What You See And Hear Limited,What You See And Hear Limited,Paid,Sales - STEALTH,STEALTH,1200.0,1,0
GTUK / Apex Tech Scotland Ltd,INV-2016/1039,2016-11-09,2016,STH-LR6G,2,Hendry Electrical Contractors Ltd,Hendry Electrical Contractors Ltd,Paid,Sales - STEALTH,STEALTH,1100.0,1,0
GTUK / Apex Tech Scotland Ltd,INV-2016/1039,2016-11-09,2016,STH-MBC-12,4,Hendry Electrical Contractors Ltd,Hendry Electrical Contractors Ltd,Paid,Sales - STEALTH,STEALTH,300.0,1,0
GTUK / Apex Tech Scotland Ltd,INV-2016/1039,2016-11-09,2016,STH-CVXMR15,4,Hendry Electrical Contractors Ltd,Hendry Electrical Contractors Ltd,Paid,Sales - STEALTH,STEALTH,200.0,1,0
GTUK / Apex Tech Scotland Ltd,INV-2016/1040,2016-11-14,2016,STH-MBC-30,3,Meridian Audio Limited,Meridian Audio Limited,Paid,Sales - STEALTH,STEALTH,180.0,1,0
GTUK / Apex Tech Scotland Ltd,INV-2016/1041,2016-11-15,2016,PT-535-CB-52,1,i-Homes London,i-Homes London,Paid,Sales - PHASE TECHNOLOGY,PHASE TECHNOLOGY,7200.0,1,0
GTUK / Apex Tech Scotland Ltd,INV-2016/1041,2016-11-15,2016,STH-LR4G,1,i-Homes London,i-Homes London,Paid,Sales - STEALTH,STEALTH,1200.0,1,0
GTUK / Apex Tech Scotland Ltd,INV-2016/1041,2016-11-15,2016,STH-MBC-12,2,i-Homes London,i-Homes London,Paid,Sales - STEALTH,STEALTH,120.0,1,0
GTUK / Apex Tech Scotland Ltd,INV-2016/1041,2016-11-15,2016,STH-MBC-22,2,i-Homes London,i-Homes London,Paid,Sales - STEALTH,STEALTH,120.0,1,0
GTUK / Apex Tech Scotland Ltd,INV-2016/1042,2016-11-15,2016,STH-B30G,1,SMC,SMC,Paid,Sales - STEALTH,STEALTH,650.0,1,0
GTUK / Apex Tech Scotland Ltd,INV-2016/1042,2016-11-15,2016,STH-MBC-30,2,SMC,SMC,Paid,Sales - STEALTH,STEALTH,150.0,1,0
GTUK / Apex Tech Scotland Ltd,INV-2016/1043,2016-11-17,2016,STH-LR8G,1,i-Homes London,i-Homes London,Paid,Sales - STEALTH,STEALTH,600.0,1,0
GTUK / Apex Tech Scotland Ltd,INV-2016/1043,2016-11-17,2016,STH-SLR8G,1,i-Homes London,i-Homes London,Paid,Sales - STEALTH,STEALTH,500.0,1,0
GTUK / Apex Tech Scotland Ltd,INV-2016/1043,2016-11-17,2016,STH-MBC-22,3,i-Homes London,i-Homes London,Paid,Sales - STEALTH,STEALTH,225.0,1,0
GTUK / Apex Tech Scotland Ltd,INV-2016/1044,2016-11-17,2016,STH-MBC-30,3,Meridian Audio Limited,Meridian Audio Limited,Paid,Sales - STEALTH,STEALTH,180.0,1,0
GTUK / Apex Tech Scotland Ltd,INV-2016/1045,2016-11-18,2016,STH-LR8G,16,Koho Kiva Ltd,Koho Kiva Ltd,Paid,Sales - STEALTH,STEALTH,10400.0,1,0
GTUK / Apex Tech Scotland Ltd,INV-2016/1045,2016-11-18,2016,STH-MBC-22,32,Koho Kiva Ltd,Koho Kiva Ltd,Paid,Sales - STEALTH,STEALTH,2400.0,1,0
GTUK / Apex Tech Scotland Ltd,INV-2016/1045,2016-11-18,2016,STH-LR3G,4,Koho Kiva Ltd,Koho Kiva Ltd,Paid,Sales - STEALTH,STEALTH,3520.0,1,0
GTUK / Apex Tech Scotland Ltd,INV-2016/1045,2016-11-18,2016,STH-MBC-30,8,Koho Kiva Ltd,Koho Kiva Ltd,Paid,Sales - STEALTH,STEALTH,600.0,1,0
GTUK / Apex Tech Scotland Ltd,INV-2016/1047,2016-12-01,2016,BAR-LOK-CHT-B,1,Cornflake Ltd.,Cornflake Ltd.,Paid,Sales - BARCO,BARCO,31200.0,1,0
GTUK / Apex Tech Scotland Ltd,INV-2016/1047,2016-12-01,2016,BAR-LOK-LENS-CS,1,Cornflake Ltd.,Cornflake Ltd.,Paid,,,0.0,1,0
GTUK / Apex Tech Scotland Ltd,INV-2016/1047,2016-12-01,2016,BAR-ORI-CMR-W,1,Cornflake Ltd.,Cornflake Ltd.,Paid,Sales - BARCO,BARCO,8775.0,1,0
GTUK / Apex Tech Scotland Ltd,INV-2016/1047,2016-12-01,2016,BAR-ORI-LENS-CS,1,Cornflake Ltd.,Cornflake Ltd.,Paid,,,0.0,1,0
GTUK / Apex Tech Scotland Ltd,INV-2016/1047,2016-12-01,2016,,1,Cornflake Ltd.,Cornflake Ltd.,Paid,Sales - BARCO,BARCO,-8775.0,1,0
GTUK / Apex Tech Scotland Ltd,INV-2016/1048,2016-12-01,2016,BAR-LOK-MR-B,1,Beyond Habitat Ltd,Beyond Habitat Ltd,Paid,Sales - BARCO,BARCO,31200.0,1,0
GTUK / Apex Tech Scotland Ltd,INV-2016/1048,2016-12-01,2016,BAR-LOK-LENS-CWAZ,1,Beyond Habitat Ltd,Beyond Habitat Ltd,Paid,Sales - BARCO,BARCO,1625.0,1,0
GTUK / Apex Tech Scotland Ltd,INV-2016/1048,2016-12-01,2016,,1,Beyond Habitat Ltd,Beyond Habitat Ltd,Paid,Sales - BARCO,BARCO,-3825.0,1,0
GTUK / Apex Tech Scotland Ltd,INV-2016/1046,2016-12-04,2016,,1,Music Matters Ltd,Music Matters Ltd,Paid,Sales - STEWART,STEWART,15841.84,1,0
GTUK / Apex Tech Scotland Ltd,INV-2016/1046,2016-12-04,2016,,1,Music Matters Ltd,Music Matters Ltd,Paid,,,0.0,1,0
GTUK / Apex Tech Scotland Ltd,INV-2016/1046,2016-12-04,2016,,1,Music Matters Ltd,Music Matters Ltd,Paid,,,0.0,1,0
GTUK / Apex Tech Scotland Ltd,INV-2016/1049,2016-12-06,2016,STH-LR8G,1,AT&C Professional Systems Ltd,AT&C Professional Systems Ltd,Paid,Sales - STEALTH,STEALTH,650.0,1,0
GTUK / Apex Tech Scotland Ltd,INV-2016/1049,2016-12-06,2016,STH-MBC-22,2,AT&C Professional Systems Ltd,AT&C Professional Systems Ltd,Paid,Sales - STEALTH,STEALTH,150.0,1,0
GTUK / Apex Tech Scotland Ltd,INV-2016/1050,2016-12-08,2016,STH-LR3G,1,Meridian Audio Limited,Meridian Audio Limited,Paid,Sales - STEALTH,STEALTH,880.0,1,0
GTUK / Apex Tech Scotland Ltd,INV-2016/1051,2016-12-13,2016,STH-LR6G,1,Rapid Electrical (Watford) Ltd,Rapid Electrical (Watford) Ltd,Paid,Sales - STEALTH,STEALTH,825.0,1,0
GTUK / Apex Tech Scotland Ltd,INV-2016/1051,2016-12-13,2016,STH-LR6GS,1,Rapid Electrical (Watford) Ltd,Rapid Electrical (Watford) Ltd,Paid,Sales - STEALTH,STEALTH,412.5,1,0
GTUK / Apex Tech Scotland Ltd,INV-2016/1052,2016-12-14,2016,STH-LR6G,40,Velocity,Velocity,Paid,Sales - STEALTH,STEALTH,18700.0,1,0
GTUK / Apex Tech Scotland Ltd,INV-2016/1052,2016-12-14,2016,STH-CVXMR30,80,Velocity,Velocity,Paid,Sales - STEALTH,STEALTH,3400.0,1,0
GTUK / Apex Tech Scotland Ltd,INV-2016/1052,2016-12-14,2016,STH-MBC-12,80,Velocity,Velocity,Paid,Sales - STEALTH,STEALTH,5100.0,1,0
GTUK / Apex Tech Scotland Ltd,INV-2016/1055,2016-12-21,2016,STH-LR6G,3,Smart Sense,Smart Sense,Paid,Sales - STEALTH,STEALTH,1650.0,1,0
GTUK / Apex Tech Scotland Ltd,INV-2016/1055,2016-12-21,2016,STH-MBC-12,6,Smart Sense,Smart Sense,Paid,Sales - STEALTH,STEALTH,450.0,1,0
GTUK / Apex Tech Scotland Ltd,INV-2016/1056,2017-01-04,2017,STH-SA2400,1,Meridian Audio Limited,Meridian Audio Limited,Paid,Sales - STEALTH,STEALTH,720.0,1,0
GTUK / Apex Tech Scotland Ltd,INV-2016/1057,2017-01-04,2017,STH-SRAY8W,9,Definteco,Definteco,Paid,Sales - STEALTH,STEALTH,8100.0,1,0
GTUK / Apex Tech Scotland Ltd,INV-2016/1057,2017-01-04,2017,STH-SRAY6W,4,Definteco,Definteco,Paid,Sales - STEALTH,STEALTH,2800.0,1,0
GTUK / Apex Tech Scotland Ltd,INV-2016/1057,2017-01-04,2017,STH-SRAY8WS,15,Definteco,Definteco,Paid,Sales - STEALTH,STEALTH,6750.0,1,0
GTUK / Apex Tech Scotland Ltd,INV-2016/1057,2017-01-04,2017,,0,Definteco,Definteco,Paid,,,0.0,1,0
GTUK / Apex Tech Scotland Ltd,INV-2016/1053,2017-01-06,2017,,1,Cornflake Ltd.,Cornflake Ltd.,Paid,Sales - DT SCREENS,DT SCREENS,2000.0,1,0
GTUK / Apex Tech Scotland Ltd,INV-2016/1053,2017-01-06,2017,,1,Cornflake Ltd.,Cornflake Ltd.,Paid,Sales - DT SCREENS,DT SCREENS,500.0,1,0
GTUK / Apex Tech Scotland Ltd,INV-2016/1058,2017-01-06,2017,DT-DYN-2TB-360,1,Cornflake Ltd.,Cornflake Ltd.,Paid,Sales - DT SCREENS,DT SCREENS,3600.0,1,0
GTUK / Apex Tech Scotland Ltd,INV-2016/1058,2017-01-06,2017,CATS-Pack,10,Cornflake Ltd.,Cornflake Ltd.,Paid,Sales - CATS,CATS,2400.0,1,0
GTUK / Apex Tech Scotland Ltd,INV-2017/1059,2017-01-11,2017,STH-LR6G,8,What You See And Hear Limited,What You See And Hear Limited,Paid,Sales - STEALTH,STEALTH,4400.0,1,0
GTUK / Apex Tech Scotland Ltd,INV-2017/1059,2017-01-11,2017,STH-LR6GS,1,What You See And Hear Limited,What You See And Hear Limited,Paid,Sales - STEALTH,STEALTH,275.0,1,0
GTUK / Apex Tech Scotland Ltd,INV-2017/1059,2017-01-11,2017,STH-MBC-12,2,What You See And Hear Limited,What You See And Hear Limited,Paid,Sales - STEALTH,STEALTH,150.0,1,0
GTUK / Apex Tech Scotland Ltd,INV-2017/1060,2017-01-17,2017,STH-LR8G,6,Fusion.One International Ltd,Fusion.One International Ltd,Paid,Sales - STEALTH,STEALTH,3900.0,1,0
GTUK / Apex Tech Scotland Ltd,INV-2017/1060,2017-01-17,2017,STH-MBC-22,12,Fusion.One International Ltd,Fusion.One International Ltd,Paid,Sales - STEALTH,STEALTH,900.0,1,0
GTUK / Apex Tech Scotland Ltd,INV-2017/1061,2017-01-27,2017,STH-LR8G,2,What You See And Hear Limited,What You See And Hear Limited,Paid,Sales - STEALTH,STEALTH,1300.0,1,0
GTUK / Apex Tech Scotland Ltd,INV-2017/1061,2017-01-27,2017,STH-MBC-22,4,What You See And Hear Limited,What You See And Hear Limited,Paid,Sales - STEALTH,STEALTH,300.0,1,0
GTUK / Apex Tech Scotland Ltd,INV-2017/1061,2017-01-27,2017,STH-LR4G,1,What You See And Hear Limited,What You See And Hear Limited,Paid,Sales - STEALTH,STEALTH,1700.0,1,0
GTUK / Apex Tech Scotland Ltd,INV-2017/1061,2017-01-27,2017,STH-MBC-12,2,What You See And Hear Limited,What You See And Hear Limited,Paid,Sales - STEALTH,STEALTH,150.0,1,0
GTUK / Apex Tech Scotland Ltd,INV-2017/1061,2017-01-27,2017,STH-MBC-22,2,What You See And Hear Limited,What You See And Hear Limited,Paid,Sales - STEALTH,STEALTH,150.0,1,0
GTUK / Apex Tech Scotland Ltd,INV-2017/1063,2017-02-01,2017,STH-LR8GS,1,Fusion.One International Ltd,Fusion.One International Ltd,Paid,Sales - STEALTH,STEALTH,325.0,1,0
GTUK / Apex Tech Scotland Ltd,INV-2017/1063,2017-02-01,2017,STH-MBC-22,1,Fusion.One International Ltd,Fusion.One International Ltd,Paid,Sales - STEALTH,STEALTH,75.0,1,0
GTUK / Apex Tech Scotland Ltd,INV-2017/1064,2017-02-17,2017,STH-B22G,1,Smartcomm Ltd,Smartcomm Ltd,Paid,Sales - STEALTH,STEALTH,550.0,1,0
GTUK / Apex Tech Scotland Ltd,CN-2017/1066,2017-02-21,2017,STH-MBC-30,1,SMC,SMC,Paid,Sales - STEALTH,STEALTH,-150.0,1,0
GTUK / Apex Tech Scotland Ltd,CN-2017/1066,2017-02-21,2017,,1,SMC,SMC,Paid,Sales - STEALTH,STEALTH,30.0,1,0
GTUK / Apex Tech Scotland Ltd,INV-2017/1068,2017-02-21,2017,ACU-SCORPION,1,Pure Home Technology,Pure Home Technology,Paid,Sales - ACURUS,ACURUS,1000.0,1,0
GTUK / Apex Tech Scotland Ltd,INV-2017/1069,2017-02-21,2017,,1,AV Fuse,AV Fuse,Paid,Sales - STEWART,STEWART,420.0,1,0
GTUK / Apex Tech Scotland Ltd,INV-2017/1070,2017-02-24,2017,,1,Elegant Solutions International Limited,Elegant Solutions International Limited,Paid,Sales - DT SCREENS,DT SCREENS,1500.0,1,0
GTUK / Apex Tech Scotland Ltd,INV-2017/1065,2017-03-02,2017,ARA-8008-B,1,Premier Audio Video,Premier Audio Video,Paid,Sales - ARAGON,ARAGON,835.0,1,0
GTUK / Apex Tech Scotland Ltd,INV-2017/1071,2017-03-02,2017,STH-LR6G,7,Meridian Audio Limited,Meridian Audio Limited,Paid,Sales - STEALTH,STEALTH,3080.0,1,0
GTUK / Apex Tech Scotland Ltd,INV-2017/1071,2017-03-02,2017,STH-SLR8G,3,Meridian Audio Limited,Meridian Audio Limited,Paid,Sales - STEALTH,STEALTH,1320.0,1,0
GTUK / Apex Tech Scotland Ltd,INV-2017/1071,2017-03-02,2017,STH-MBC-12,14,Meridian Audio Limited,Meridian Audio Limited,Paid,Sales - STEALTH,STEALTH,840.0,1,0
GTUK / Apex Tech Scotland Ltd,INV-2017/1071,2017-03-02,2017,STH-MBC-22,3,Meridian Audio Limited,Meridian Audio Limited,Paid,Sales - STEALTH,STEALTH,180.0,1,0
GTUK / Apex Tech Scotland Ltd,INV-2017/1072,2017-03-03,2017,STH-LR8G,3,Build Team (Holdings) Ltd.,Build Team (Holdings) Ltd.,Paid,Sales - STEALTH,STEALTH,1950.0,1,0
GTUK / Apex Tech Scotland Ltd,INV-2017/1072,2017-03-03,2017,STH-B30G,1,Build Team (Holdings) Ltd.,Build Team (Holdings) Ltd.,Paid,Sales - STEALTH,STEALTH,650.0,1,0
GTUK / Apex Tech Scotland Ltd,INV-2017/1072,2017-03-03,2017,STH-LR6G,1,Build Team (Holdings) Ltd.,Build Team (Holdings) Ltd.,Paid,Sales - STEALTH,STEALTH,550.0,1,0
GTUK / Apex Tech Scotland Ltd,INV-2017/1062,2017-03-10,2017,BAR-PROM1,1,Emiror Research Limited,Emiror Research Limited,Paid,Sales - BARCO,BARCO,69000.0,1,0
GTUK / Apex Tech Scotland Ltd,INV-2017/1062,2017-03-10,2017,BAR-PROM1-LAMP,1,Emiror Research Limited,Emiror Research Limited,Paid,Sales - BARCO,BARCO,900.0,1,0
GTUK / Apex Tech Scotland Ltd,INV-2017/1062,2017-03-10,2017,,0,Emiror Research Limited,Emiror Research Limited,Paid,,,0.0,1,0
GTUK / Apex Tech Scotland Ltd,INV-2017/1062,2017-03-10,2017,ACU-ACT4,1,Emiror Research Limited,Emiror Research Limited,Paid,Sales - ACURUS,ACURUS,5700.0,1,0
GTUK / Apex Tech Scotland Ltd,INV-2017/1062,2017-03-10,2017,DT-FRNT-510,1,Emiror Research Limited,Emiror Research Limited,Paid,Sales - DT SCREENS,DT SCREENS,3480.0,1,0
GTUK / Apex Tech Scotland Ltd,INV-2017/1073,2017-03-14,2017,STH-SA2400,1,Adept Integrated Systems,Adept Integrated Systems,Paid,Sales - STEALTH,STEALTH,750.06,1,0
GTUK / Apex Tech Scotland Ltd,INV-2017/1074,2017-03-14,2017,STH-MBC-12,12,What You See And Hear Limited,What You See And Hear Limited,Paid,Sales - STEALTH,STEALTH,900.0,1,0
GTUK / Apex Tech Scotland Ltd,INV-2017/1074,2017-03-14,2017,STH-MBC-22,3,What You See And Hear Limited,What You See And Hear Limited,Paid,Sales - STEALTH,STEALTH,225.0,1,0
GTUK / Apex Tech Scotland Ltd,INV-2017/1075,2017-03-17,2017,STH-MBC-30,4,Music Matters Ltd,Music Matters Ltd,Paid,Sales - STEALTH,STEALTH,300.0,1,0
GTUK / Apex Tech Scotland Ltd,INV-2017/1076,2017-03-20,2017,BAR-HEL-LAMP-1,1,Chancerygate (Romford) Ltd,Chancerygate (Romford) Ltd,Paid,Sales - BARCO,BARCO,750.0,1,0
GTUK / Apex Tech Scotland Ltd,INV-2017/1076,2017-03-20,2017,BAR-HEL-LAMP-2,1,Chancerygate (Romford) Ltd,Chancerygate (Romford) Ltd,Paid,Sales - BARCO,BARCO,750.0,1,0
GTUK / Apex Tech Scotland Ltd,INV-2017/1077,2017-03-22,2017,,1,Avio Limited,Avio Limited,Paid,Sales - BARCO,BARCO,15750.0,1,0
GTUK / Apex Tech Scotland Ltd,INV-2017/1077,2017-03-22,2017,,1,Avio Limited,Avio Limited,Paid,Sales - BARCO,BARCO,1312.5,1,0
GTUK / Apex Tech Scotland Ltd,INV-2017/1079,2017-04-04,2017,STH-LR6G,4,McAllister AV Ltd,McAllister AV Ltd,Paid,Sales - STEALTH,STEALTH,2200.0,1,0
GTUK / Apex Tech Scotland Ltd,INV-2017/1079,2017-04-04,2017,STH-MBC-12,8,McAllister AV Ltd,McAllister AV Ltd,Paid,Sales - STEALTH,STEALTH,600.0,1,0
GTUK / Apex Tech Scotland Ltd,INV-2017/1080,2017-04-06,2017,BAR-OPT-LAMP,2,Smartcomm Ltd,Smartcomm Ltd,Paid,Sales - BARCO,BARCO,780.0,1,0
GTUK / Apex Tech Scotland Ltd,INV-2017/1081,2017-04-13,2017,STH-LR8G,1,Fusion.One International Ltd,Fusion.One International Ltd,Paid,Sales - STEALTH,STEALTH,650.0,1,0
GTUK / Apex Tech Scotland Ltd,INV-2017/1081,2017-04-13,2017,STH-MBC-22,2,Fusion.One International Ltd,Fusion.One International Ltd,Paid,Sales - STEALTH,STEALTH,150.0,1,0
GTUK / Apex Tech Scotland Ltd,CN-2017/1082,2017-04-13,2017,STH-MBC-12,14,Meridian Audio Limited,Meridian Audio Limited,Paid,Sales - STEALTH,STEALTH,-840.0,1,0
GTUK / Apex Tech Scotland Ltd,CN-2017/1082,2017-04-13,2017,STH-MBC-22,3,Meridian Audio Limited,Meridian Audio Limited,Paid,Sales - STEALTH,STEALTH,-180.0,1,0
GTUK / Apex Tech Scotland Ltd,INV-2017/1083,2017-04-18,2017,STH-LR6G,1,What You See And Hear Limited,What You See And Hear Limited,Paid,Sales - STEALTH,STEALTH,550.0,1,0
GTUK / Apex Tech Scotland Ltd,INV-2017/1083,2017-04-18,2017,STH-SLR8G,1,What You See And Hear Limited,What You See And Hear Limited,Paid,Sales - STEALTH,STEALTH,550.0,1,0
GTUK / Apex Tech Scotland Ltd,INV-2017/1084,2017-04-21,2017,STH-LR3G,2,Music Matters Ltd,Music Matters Ltd,Paid,Sales - STEALTH,STEALTH,2200.0,1,0
GTUK / Apex Tech Scotland Ltd,INV-2017/1085,2017-04-26,2017,BAR-ORI-CMR-W,1,Smartcomm Ltd,Smartcomm Ltd,Paid,Sales - BARCO,BARCO,8775.0,1,0
GTUK / Apex Tech Scotland Ltd,INV-2017/1085,2017-04-26,2017,BAR-ORI-LENS-CWAZ,1,Smartcomm Ltd,Smartcomm Ltd,Paid,Sales - BARCO,BARCO,1950.0,1,0
GTUK / Apex Tech Scotland Ltd,INV-2017/1086,2017-05-05,2017,STH-LR6G,6,What You See And Hear Limited,What You See And Hear Limited,Paid,Sales - STEALTH,STEALTH,3300.0,1,0
GTUK / Apex Tech Scotland Ltd,INV-2017/1086,2017-05-05,2017,STH-LR8G,1,What You See And Hear Limited,What You See And Hear Limited,Paid,Sales - STEALTH,STEALTH,650.0,1,0
GTUK / Apex Tech Scotland Ltd,INV-2017/1086,2017-05-05,2017,STH-SLR8G,1,What You See And Hear Limited,What You See And Hear Limited,Paid,Sales - STEALTH,STEALTH,550.0,1,0
GTUK / Apex Tech Scotland Ltd,INV-2017/1088,2017-05-16,2017,,1,Music Matters Ltd,Music Matters Ltd,Paid,Sales - OTHERS,OTHERS,156.0,1,0
GTUK / Apex Tech Scotland Ltd,INV-2017/1098,2017-05-31,2017,,1,Toliva,Toliva,Paid,Sales - OTHERS,OTHERS,40.0,1,0
GTUK / Apex Tech Scotland Ltd,INV-2017/1091,2017-06-01,2017,PT-535-IW-SUR,2,i-Homes London,i-Homes London,Paid,Sales - PHASE TECHNOLOGY,PHASE TECHNOLOGY,1620.0,1,0
GTUK / Apex Tech Scotland Ltd,INV-2017/1091,2017-06-01,2017,PT-CI-IW200,2,i-Homes London,i-Homes London,Paid,Sales - PHASE TECHNOLOGY,PHASE TECHNOLOGY,1320.0,1,0
GTUK / Apex Tech Scotland Ltd,INV-2017/1091,2017-06-01,2017,PT-P-1-350,2,i-Homes London,i-Homes London,Paid,Sales - PHASE TECHNOLOGY,PHASE TECHNOLOGY,960.0,1,0
GTUK / Apex Tech Scotland Ltd,INV-2017/1091,2017-06-01,2017,,1,i-Homes London,i-Homes London,Paid,Sales - SERVICES,SERVICES,750.0,1,0
GTUK / Apex Tech Scotland Ltd,INV-2017/1093,2017-06-01,2017,,1,Invisible Wires Ltd,Invisible Wires Ltd,Paid,Sales - BARCO,BARCO,20800.0,1,0
GTUK / Apex Tech Scotland Ltd,INV-2017/1093,2017-06-01,2017,,1,Invisible Wires Ltd,Invisible Wires Ltd,Paid,,,0.0,1,0
GTUK / Apex Tech Scotland Ltd,INV-2017/1093,2017-06-01,2017,DT-FRNT-240,1,Invisible Wires Ltd,Invisible Wires Ltd,Paid,,,0.0,1,0
GTUK / Apex Tech Scotland Ltd,INV-2017/1093,2017-06-01,2017,ACU-ACT4,1,Invisible Wires Ltd,Invisible Wires Ltd,Paid,Sales - ACURUS,ACURUS,5700.0,1,0
GTUK / Apex Tech Scotland Ltd,INV-2017/1093,2017-06-01,2017,PT-660-IW-72,1,Invisible Wires Ltd,Invisible Wires Ltd,Paid,Sales - PHASE TECHNOLOGY,PHASE TECHNOLOGY,19500.0,1,0
GTUK / Apex Tech Scotland Ltd,INV-2017/1093,2017-06-01,2017,CATS-DES-S,1,Invisible Wires Ltd,Invisible Wires Ltd,Paid,,,0.0,1,0
GTUK / Apex Tech Scotland Ltd,INV-2017/1093,2017-06-01,2017,CATS-Pack,8,Invisible Wires Ltd,Invisible Wires Ltd,Paid,Sales - CATS,CATS,2880.0,1,0
GTUK / Apex Tech Scotland Ltd,INV-2017/1093,2017-06-01,2017,CATS-COM-INST,17,Invisible Wires Ltd,Invisible Wires Ltd,Paid,Sales - CATS,CATS,510.0,1,0
GTUK / Apex Tech Scotland Ltd,INV-2017/1093,2017-06-01,2017,CATS-FAB-S,90,Invisible Wires Ltd,Invisible Wires Ltd,Paid,Sales - CATS,CATS,2700.0,1,0
GTUK / Apex Tech Scotland Ltd,INV-2017/1093,2017-06-01,2017,CATS-FAB-INST,90,Invisible Wires Ltd,Invisible Wires Ltd,Paid,Sales - CATS,CATS,5400.0,1,0
GTUK / Apex Tech Scotland Ltd,INV-2017/1095,2017-06-02,2017,STH-LR6G,3,Invisible Wires Ltd,Invisible Wires Ltd,Paid,Sales - STEALTH,STEALTH,1650.0,1,0
GTUK / Apex Tech Scotland Ltd,INV-2017/1095,2017-06-02,2017,STH-BX-12,6,Invisible Wires Ltd,Invisible Wires Ltd,Paid,Sales - STEALTH,STEALTH,450.0,1,0
GTUK / Apex Tech Scotland Ltd,INV-2017/1096,2017-06-05,2017,ACU-ACT4,1,Adair Acoustic Design,Adair Acoustic Design,Paid,Sales - ACURUS,ACURUS,6150.0,1,0
GTUK / Apex Tech Scotland Ltd,INV-2017/1096,2017-06-05,2017,ACU-ARM4,1,Adair Acoustic Design,Adair Acoustic Design,Paid,Sales - ACURUS,ACURUS,210.0,1,0
GTUK / Apex Tech Scotland Ltd,INV-2017/1096,2017-06-05,2017,,0,Adair Acoustic Design,Adair Acoustic Design,Paid,,,0.0,1,0
GTUK / Apex Tech Scotland Ltd,INV-2017/1097,2017-06-07,2017,STH-LR8G,7,What You See And Hear Limited,What You See And Hear Limited,Paid,Sales - STEALTH,STEALTH,4550.0,1,0
GTUK / Apex Tech Scotland Ltd,INV-2017/1097,2017-06-07,2017,STH-MBC-22,14,What You See And Hear Limited,What You See And Hear Limited,Paid,Sales - STEALTH,STEALTH,1050.0,1,0
GTUK / Apex Tech Scotland Ltd,INV-2017/1100,2017-06-13,2017,STH-SA2400,1,Revolve CI,Revolve CI,Paid,Sales - STEALTH,STEALTH,900.0,1,0
GTUK / Apex Tech Scotland Ltd,INV-2017/1101,2017-06-13,2017,,2,i-Homes London,i-Homes London,Paid,Sales - DT SCREENS,DT SCREENS,150.0,1,0
GTUK / Apex Tech Scotland Ltd,INV-2017/1099,2017-06-14,2017,STH-LR8G,7,Fusion.One International Ltd,Fusion.One International Ltd,Paid,Sales - STEALTH,STEALTH,4550.0,1,0
GTUK / Apex Tech Scotland Ltd,INV-2017/1099,2017-06-14,2017,STH-LR8GS,1,Fusion.One International Ltd,Fusion.One International Ltd,Paid,Sales - STEALTH,STEALTH,325.0,1,0
GTUK / Apex Tech Scotland Ltd,INV-2017/1099,2017-06-14,2017,STH-MBC-22,15,Fusion.One International Ltd,Fusion.One International Ltd,Paid,Sales - STEALTH,STEALTH,1125.0,1,0
GTUK / Apex Tech Scotland Ltd,INV-2017/1103,2017-06-15,2017,STH-SA2400,1,Music Matters Ltd,Music Matters Ltd,Paid,Sales - STEALTH,STEALTH,900.0,1,0
GTUK / Apex Tech Scotland Ltd,INV-2017/1104,2017-06-20,2017,STH-LR8G,1,AT&C Professional Systems Ltd,AT&C Professional Systems Ltd,Paid,Sales - STEALTH,STEALTH,650.0,1,0
GTUK / Apex Tech Scotland Ltd,INV-2017/1104,2017-06-20,2017,STH-MBC-22,2,AT&C Professional Systems Ltd,AT&C Professional Systems Ltd,Paid,Sales - STEALTH,STEALTH,150.0,1,0
GTUK / Apex Tech Scotland Ltd,INV-2017/1104,2017-06-20,2017,STH-LR8G,2,AT&C Professional Systems Ltd,AT&C Professional Systems Ltd,Paid,Sales - STEALTH,STEALTH,1300.0,1,0
GTUK / Apex Tech Scotland Ltd,INV-2017/1104,2017-06-20,2017,STH-SLR8G,1,AT&C Professional Systems Ltd,AT&C Professional Systems Ltd,Paid,Sales - STEALTH,STEALTH,550.0,1,0
GTUK / Apex Tech Scotland Ltd,INV-2017/1106,2017-06-29,2017,BAR-OPT-LAMP,2,Sinemas Ltd,Sinemas Ltd,Paid,Sales - BARCO,BARCO,780.0,1,0
GTUK / Apex Tech Scotland Ltd,INV-2017/1105,2017-07-02,2017,BAR-LOK-CHT-B,1,Clic2Control Ltd,Clic2Control Ltd,Paid,Sales - BARCO,BARCO,20800.0,1,0
GTUK / Apex Tech Scotland Ltd,INV-2017/1105,2017-07-02,2017,BAR-LOK-LENS-CS,1,Clic2Control Ltd,Clic2Control Ltd,Paid,,,0.0,1,0
GTUK / Apex Tech Scotland Ltd,INV-2017/1107,2017-07-04,2017,PT-CI-IW-724,1,McAllister AV Ltd,McAllister AV Ltd,Paid,Sales - PHASE TECHNOLOGY,PHASE TECHNOLOGY,6300.0,1,0
GTUK / Apex Tech Scotland Ltd,INV-2017/1107,2017-07-04,2017,DT-DYN-4-360,1,McAllister AV Ltd,McAllister AV Ltd,Paid,Sales - DT SCREENS,DT SCREENS,10200.0,1,0
GTUK / Apex Tech Scotland Ltd,INV-2017/1107,2017-07-04,2017,,1,McAllister AV Ltd,McAllister AV Ltd,Paid,Sales - DT SCREENS,DT SCREENS,2550.0,1,0
GTUK / Apex Tech Scotland Ltd,INV-2017/1108,2017-07-07,2017,BAR-LOK-HT-B,1,Marquee Installations Ltd,Marquee Installations Ltd,Paid,Sales - BARCO,BARCO,28800.0,1,0
GTUK / Apex Tech Scotland Ltd,INV-2017/1108,2017-07-07,2017,BAR-LOK-LENS-LTZ,1,Marquee Installations Ltd,Marquee Installations Ltd,Paid,Sales - BARCO,BARCO,1500.0,1,0
GTUK / Apex Tech Scotland Ltd,INV-2017/1109,2017-07-07,2017,SD-SD1-TI,5,Pericom PLC,Pericom PLC,Paid,Sales - SOLID DRIVE,SOLID DRIVE,2100.0,1,0
GTUK / Apex Tech Scotland Ltd,INV-2017/1109,2017-07-07,2017,SD-SD1-BR-16,5,Pericom PLC,Pericom PLC,Paid,Sales - SOLID DRIVE,SOLID DRIVE,120.0,1,0
GTUK / Apex Tech Scotland Ltd,INV-2017/1110,2017-07-07,2017,STH-255,1,Smartcomm Ltd,Smartcomm Ltd,Paid,Sales - STEALTH,STEALTH,450.0,1,0
GTUK / Apex Tech Scotland Ltd,INV-2017/1113,2017-07-10,2017,BAR-BAL-HT-B,1,McAllister AV Ltd,McAllister AV Ltd,Paid,Sales - BARCO,BARCO,19500.0,1,0
GTUK / Apex Tech Scotland Ltd,INV-2017/1113,2017-07-10,2017,BAR-BAL-LENS-S,1,McAllister AV Ltd,McAllister AV Ltd,Paid,,,0.0,1,0
GTUK / Apex Tech Scotland Ltd,INV-2017/1114,2017-07-11,2017,STH-SRAY6B,1,Meridian Audio Limited,Meridian Audio Limited,Paid,Sales - STEALTH,STEALTH,490.0,1,0
GTUK / Apex Tech Scotland Ltd,INV-2017/1090,2017-07-11,2017,STH-PS-22,3,What You See And Hear Limited,What You See And Hear Limited,Paid,Sales - STEALTH,STEALTH,262.5,1,0
GTUK / Apex Tech Scotland Ltd,INV-2017/1115,2017-07-12,2017,STH-LR8G,2,What You See And Hear Limited,What You See And Hear Limited,Paid,Sales - STEALTH,STEALTH,910.0,1,0
GTUK / Apex Tech Scotland Ltd,INV-2017/1115,2017-07-12,2017,STH-MBC-22,2,What You See And Hear Limited,What You See And Hear Limited,Paid,Sales - STEALTH,STEALTH,105.0,1,0
GTUK / Apex Tech Scotland Ltd,INV-2017/1117,2017-07-13,2017,STH-MBC-22,8,Sound Environment,Sound Environment,Paid,Sales - STEALTH,STEALTH,600.0,1,0
GTUK / Apex Tech Scotland Ltd,INV-2017/1118,2017-07-13,2017,STH-MBC-22,3,Revolve CI,Revolve CI,Paid,Sales - STEALTH,STEALTH,225.0,1,0
GTUK / Apex Tech Scotland Ltd,INV-2017/1119,2017-07-13,2017,,1,Pyramid Productions Services Limited,Pyramid Productions Services Limited,Paid,Sales - DT SCREENS,DT SCREENS,1500.0,1,0
GTUK / Apex Tech Scotland Ltd,INV-2017/1120,2017-07-17,2017,SD-SD1-TI,5,Pericom PLC,Pericom PLC,Paid,Sales - SOLID DRIVE,SOLID DRIVE,2100.0,1,0
GTUK / Apex Tech Scotland Ltd,INV-2017/1122,2017-07-25,2017,DT-FRNT-360,1,iCubed Home Cinema,iCubed Home Cinema,Paid,Sales - DT SCREENS,DT SCREENS,1920.0,1,0
GTUK / Apex Tech Scotland Ltd,INV-2017/1126,2017-07-27,2017,SD-SD1-TI,5,Pericom PLC,Pericom PLC,Paid,Sales - SOLID DRIVE,SOLID DRIVE,2100.0,1,0
GTUK / Apex Tech Scotland Ltd,CN-2017/1127,2017-07-30,2017,STH-LR8G,1,AT&C Professional Systems Ltd,AT&C Professional Systems Ltd,Paid,Sales - STEALTH,STEALTH,-12.25,1,0
GTUK / Apex Tech Scotland Ltd,CN-2017/1127,2017-07-30,2017,STH-MBC-22,2,AT&C Professional Systems Ltd,AT&C Professional Systems Ltd,Paid,Sales - STEALTH,STEALTH,-2.83,1,0
GTUK / Apex Tech Scotland Ltd,CN-2017/1127,2017-07-30,2017,STH-LR8G,2,AT&C Professional Systems Ltd,AT&C Professional Systems Ltd,Paid,Sales - STEALTH,STEALTH,-24.53,1,0
GTUK / Apex Tech Scotland Ltd,CN-2017/1127,2017-07-30,2017,STH-SLR8G,1,AT&C Professional Systems Ltd,AT&C Professional Systems Ltd,Paid,Sales - STEALTH,STEALTH,-10.38,1,0
GTUK / Apex Tech Scotland Ltd,INV-2017/1129,2017-08-03,2017,SD-SD1-TI,3,Pericom PLC,Pericom PLC,Paid,Sales - SOLID DRIVE,SOLID DRIVE,1260.0,1,0
GTUK / Apex Tech Scotland Ltd,INV-2017/1131,2017-08-07,2017,SD-SD1-TI,1,Pericom PLC,Pericom PLC,Paid,Sales - SOLID DRIVE,SOLID DRIVE,420.0,1,0
GTUK / Apex Tech Scotland Ltd,INV-2017/1132,2017-08-10,2017,SD-SD1-TI,1,Pericom PLC,Pericom PLC,Paid,Sales - SOLID DRIVE,SOLID DRIVE,420.0,1,0
GTUK / Apex Tech Scotland Ltd,INV-2017/1133,2017-08-10,2017,STH-LR6G,2,Velocity,Velocity,Paid,Sales - STEALTH,STEALTH,935.0,1,0
GTUK / Apex Tech Scotland Ltd,INV-2017/1133,2017-08-10,2017,STH-MBC-12,4,Velocity,Velocity,Paid,Sales - STEALTH,STEALTH,255.0,1,0
GTUK / Apex Tech Scotland Ltd,INV-2017/1133,2017-08-10,2017,STH-CVXMR30,4,Velocity,Velocity,Paid,Sales - STEALTH,STEALTH,170.0,1,0
GTUK / Apex Tech Scotland Ltd,CN-2017/1134,2017-08-10,2017,SD-SD1-BR-16,5,Pericom PLC,Pericom PLC,Paid,Sales - SOLID DRIVE,SOLID DRIVE,-120.0,1,0
GTUK / Apex Tech Scotland Ltd,INV-2017/1135,2017-08-15,2017,DT-PHG-1,1,i-Homes London,i-Homes London,Paid,Sales - DT SCREENS,DT SCREENS,1500.0,1,0
GTUK / Apex Tech Scotland Ltd,CN-2017/1173,2017-08-15,2017,DT-PHG-1,1,i-Homes London,i-Homes London,Paid,Sales - DT SCREENS,DT SCREENS,-1500.0,1,0
GTUK / Apex Tech Scotland Ltd,INV-2017/1136,2017-08-18,2017,STH-MBC-12,16,Revolve CI,Revolve CI,Paid,Sales - STEALTH,STEALTH,1200.0,1,0
GTUK / Apex Tech Scotland Ltd,INV-2017/1137,2017-08-18,2017,DT-DYN-2S-360,1,Sona Projects Ltd,Sona Projects Ltd,Paid,Sales - DT SCREENS,DT SCREENS,7200.0,1,0
GTUK / Apex Tech Scotland Ltd,INV-2017/1137,2017-08-18,2017,,0,Sona Projects Ltd,Sona Projects Ltd,Paid,,,0.0,1,0
GTUK / Apex Tech Scotland Ltd,INV-2017/1137,2017-08-18,2017,,0,Sona Projects Ltd,Sona Projects Ltd,Paid,,,0.0,1,0
GTUK / Apex Tech Scotland Ltd,INV-2017/1138,2017-08-18,2017,STH-LR6G,3,Kensington Home Technology Ltd,Kensington Home Technology Ltd,Paid,Sales - STEALTH,STEALTH,1650.0,1,0
GTUK / Apex Tech Scotland Ltd,INV-2017/1139,2017-08-22,2017,BAR-ORI-MR-B,3,Flux London,Flux London,Paid,Sales - BARCO,BARCO,20700.0,1,0
GTUK / Apex Tech Scotland Ltd,INV-2017/1139,2017-08-22,2017,BAR-ORI-LENS-LTZ,3,Flux London,Flux London,Paid,Sales - BARCO,BARCO,1620.0,1,0
GTUK / Apex Tech Scotland Ltd,INV-2017/1139,2017-08-22,2017,BAR-ORI-LAMP,2,Flux London,Flux London,Paid,Sales - BARCO,BARCO,720.0,1,0
GTUK / Apex Tech Scotland Ltd,CN-2017/1146,2017-08-31,2017,CATS-FAB-S,90,Invisible Wires Ltd,Invisible Wires Ltd,Paid,Sales - CATS,CATS,-2700.0,1,0
GTUK / Apex Tech Scotland Ltd,CN-2017/1146,2017-08-31,2017,CATS-FAB-INST,90,Invisible Wires Ltd,Invisible Wires Ltd,Paid,Sales - CATS,CATS,-5400.0,1,0
GTUK / Apex Tech Scotland Ltd,INV-2017/1171,2017-08-31,2017,CATS-FAB-S,90,Invisible Wires Ltd,Invisible Wires Ltd,Paid,Sales - CATS,CATS,2700.0,1,0
GTUK / Apex Tech Scotland Ltd,INV-2017/1171,2017-08-31,2017,CATS-FAB-INST,90,Invisible Wires Ltd,Invisible Wires Ltd,Paid,Sales - CATS,CATS,5400.0,1,0
GTUK / Apex Tech Scotland Ltd,INV-2017/1128,2017-09-01,2017,,1,Invisible Wires Ltd,Invisible Wires Ltd,Paid,Sales - SEATING,SEATING,17400.0,1,0
GTUK / Apex Tech Scotland Ltd,INV-2017/1140,2017-09-01,2017,STH-LR8G,4,Sound Environment,Sound Environment,Paid,Sales - STEALTH,STEALTH,2600.0,1,0
GTUK / Apex Tech Scotland Ltd,INV-2017/1140,2017-09-01,2017,STH-MBC-22,4,Sound Environment,Sound Environment,Paid,Sales - STEALTH,STEALTH,-300.0,1,0
GTUK / Apex Tech Scotland Ltd,INV-2017/1141,2017-09-11,2017,STH-LR6G,8,Revolve CI,Revolve CI,Paid,Sales - STEALTH,STEALTH,4400.0,1,0
GTUK / Apex Tech Scotland Ltd,INV-2017/1142,2017-09-12,2017,,25,KJ West One,KJ West One,Paid,Sales - OTHERS,OTHERS,375.0,1,0
GTUK / Apex Tech Scotland Ltd,INV-2017/1142,2017-09-12,2017,,25,KJ West One,KJ West One,Paid,Sales - OTHERS,OTHERS,687.5,1,0
GTUK / Apex Tech Scotland Ltd,INV-2017/1142,2017-09-12,2017,,3,KJ West One,KJ West One,Paid,Sales - OTHERS,OTHERS,22.5,1,0
GTUK / Apex Tech Scotland Ltd,INV-2017/1143,2017-09-13,2017,,1,Kensington Home Technology Ltd,Kensington Home Technology Ltd,Approved,Sales - SERVICES,SERVICES,350.0,1,0
GTUK / Apex Tech Scotland Ltd,INV-2017/1144,2017-09-14,2017,DT-FRNT-330,1,Audio 7 Ltd,Audio 7 Ltd,Paid,Sales - DT SCREENS,DT SCREENS,1680.0,1,0
GTUK / Apex Tech Scotland Ltd,INV-2017/1145,2017-09-15,2017,DT-CNTP-270,1,Pyramid Productions Services Limited,Pyramid Productions Services Limited,Paid,Sales - DT SCREENS,DT SCREENS,760.0,1,0
GTUK / Apex Tech Scotland Ltd,INV-2017/1145,2017-09-15,2017,,1,Pyramid Productions Services Limited,Pyramid Productions Services Limited,Paid,Sales - SEATING,SEATING,1192.5,1,0
GTUK / Apex Tech Scotland Ltd,INV-2017/1145,2017-09-15,2017,,1,Pyramid Productions Services Limited,Pyramid Productions Services Limited,Paid,Sales - SEATING,SEATING,1365.0,1,0
GTUK / Apex Tech Scotland Ltd,INV-2017/1147,2017-09-28,2017,STH-LR6G,2,Kensington Home Technology Ltd,Kensington Home Technology Ltd,Paid,Sales - STEALTH,STEALTH,1100.0,1,0
GTUK / Apex Tech Scotland Ltd,INV-2017/1148,2017-09-28,2017,DT-FRNT-300,1,The Integrated Home Ltd,The Integrated Home Ltd,Paid,Sales - DT SCREENS,DT SCREENS,1200.0,1,0
GTUK / Apex Tech Scotland Ltd,INV-2017/1148,2017-09-28,2017,,0,The Integrated Home Ltd,The Integrated Home Ltd,Paid,,,0.0,1,0
GTUK / Apex Tech Scotland Ltd,CN-2017/1170,2017-10-01,2017,CATS-FAB-S,90,Invisible Wires Ltd,Invisible Wires Ltd,Paid,Sales - CATS,CATS,-2700.0,1,0
GTUK / Apex Tech Scotland Ltd,CN-2017/1170,2017-10-01,2017,CATS-FAB-INST,90,Invisible Wires Ltd,Invisible Wires Ltd,Paid,Sales - CATS,CATS,-5400.0,1,0
GTUK / Apex Tech Scotland Ltd,INV-2017/1172,2017-10-01,2017,DT-PHG-1,1,i-Homes London,i-Homes London,Paid,Sales - DT SCREENS,DT SCREENS,1500.0,1,0
GTUK / Apex Tech Scotland Ltd,INV-2017/1149,2017-10-02,2017,SD-SD1-TI,11,Pericom PLC,Pericom PLC,Paid,Sales - SOLID DRIVE,SOLID DRIVE,4620.0,1,0
GTUK / Apex Tech Scotland Ltd,INV-2017/1150,2017-10-02,2017,SD-SD1-TI,5,Pericom PLC,Pericom PLC,Paid,Sales - SOLID DRIVE,SOLID DRIVE,2100.0,1,0
GTUK / Apex Tech Scotland Ltd,INV-2017/1151,2017-10-03,2017,BAR-ORI-LAMP,1,Avio Limited,Avio Limited,Paid,Sales - BARCO,BARCO,390.0,1,0
GTUK / Apex Tech Scotland Ltd,CN-2017/1152,2017-10-04,2017,STH-LR8G,2,Sound Environment,Sound Environment,Paid,Sales - STEALTH,STEALTH,-1500.0,1,0
GTUK / Apex Tech Scotland Ltd,INV-2017/1153,2017-10-06,2017,,1,Pyramid Productions Services Limited,Pyramid Productions Services Limited,Paid,Sales - DT SCREENS,DT SCREENS,168.0,1,0
GTUK / Apex Tech Scotland Ltd,INV-2017/1154,2017-10-10,2017,DT-DYN-2S-360,1,Clarke Infinity Ltd,Clarke Infinity Ltd,Paid,Sales - DT SCREENS,DT SCREENS,6600.0,1,0
GTUK / Apex Tech Scotland Ltd,INV-2017/1156,2017-10-16,2017,BAR-BAL-MR-B,1,Audio 7 Ltd,Audio 7 Ltd,Paid,Sales - BARCO,BARCO,19500.0,1,0
GTUK / Apex Tech Scotland Ltd,INV-2017/1156,2017-10-16,2017,BAR-BAL-LENS-S,1,Audio 7 Ltd,Audio 7 Ltd,Paid,,,0.0,1,0
GTUK / Apex Tech Scotland Ltd,INV-2017/1156,2017-10-16,2017,,0,Audio 7 Ltd,Audio 7 Ltd,Paid,,,0.0,1,0
GTUK / Apex Tech Scotland Ltd,INV-2017/1116,2017-10-17,2017,STH-LR8G,5,What You See And Hear Limited,What You See And Hear Limited,Paid,Sales - STEALTH,STEALTH,2925.0,1,0
GTUK / Apex Tech Scotland Ltd,INV-2017/1116,2017-10-17,2017,STH-SLR8G,4,What You See And Hear Limited,What You See And Hear Limited,Paid,Sales - STEALTH,STEALTH,1980.0,1,0
GTUK / Apex Tech Scotland Ltd,INV-2017/1158,2017-10-17,2017,STH-LR8GS,10,James and Giles,James and Giles,Paid,Sales - STEALTH,STEALTH,3250.0,1,0
GTUK / Apex Tech Scotland Ltd,INV-2017/1158,2017-10-17,2017,STH-MBX-22,2,James and Giles,James and Giles,Paid,Sales - STEALTH,STEALTH,150.0,1,0
GTUK / Apex Tech Scotland Ltd,INV-2017/1159,2017-10-18,2017,STH-MBC-12,4,Kensington Home Technology Ltd,Kensington Home Technology Ltd,Paid,Sales - STEALTH,STEALTH,300.0,1,0
GTUK / Apex Tech Scotland Ltd,INV-2017/1159,2017-10-18,2017,,0,Kensington Home Technology Ltd,Kensington Home Technology Ltd,Paid,,,0.0,1,0
GTUK / Apex Tech Scotland Ltd,INV-2017/1160,2017-10-19,2017,STH-LR8G,2,Home Control Solutions,Home Control Solutions,Paid,Sales - STEALTH,STEALTH,1300.0,1,0
GTUK / Apex Tech Scotland Ltd,INV-2017/1160,2017-10-19,2017,STH-LR8GS,1,Home Control Solutions,Home Control Solutions,Paid,Sales - STEALTH,STEALTH,325.0,1,0
GTUK / Apex Tech Scotland Ltd,INV-2017/1160,2017-10-19,2017,STH-B30G,1,Home Control Solutions,Home Control Solutions,Paid,Sales - STEALTH,STEALTH,650.0,1,0
GTUK / Apex Tech Scotland Ltd,INV-2017/1160,2017-10-19,2017,STH-255,1,Home Control Solutions,Home Control Solutions,Paid,Sales - STEALTH,STEALTH,450.0,1,0
GTUK / Apex Tech Scotland Ltd,INV-2017/1161,2017-10-19,2017,SD-SD1-TI,5,Pericom PLC,Pericom PLC,Paid,Sales - SOLID DRIVE,SOLID DRIVE,2100.0,1,0
GTUK / Apex Tech Scotland Ltd,INV-2017/1160,2017-10-19,2017,,1,Home Control Solutions,Home Control Solutions,Paid,Sales - STEALTH,STEALTH,-162.5,1,0
GTUK / Apex Tech Scotland Ltd,INV-2017/1162,2017-10-20,2017,BAR-BAL-CMR-B,1,Andrew Lucas London,Andrew Lucas London,Paid,Sales - BARCO,BARCO,19200.0,1,0
GTUK / Apex Tech Scotland Ltd,INV-2017/1162,2017-10-20,2017,BAR-BAL-LENS-CS,1,Andrew Lucas London,Andrew Lucas London,Paid,,,0.0,1,0
GTUK / Apex Tech Scotland Ltd,INV-2017/1125,2017-10-26,2017,DT-DYN-2S-420,1,KJ West One,KJ West One,Paid,Sales - DT SCREENS,DT SCREENS,8400.0,1,0
GTUK / Apex Tech Scotland Ltd,INV-2017/1125,2017-10-26,2017,,1,KJ West One,KJ West One,Paid,Sales - DT SCREENS,DT SCREENS,1500.0,1,0
GTUK / Apex Tech Scotland Ltd,INV-2017/1125,2017-10-26,2017,,1,KJ West One,KJ West One,Paid,Sales - DT SCREENS,DT SCREENS,1500.0,1,0
GTUK / Apex Tech Scotland Ltd,INV-2017/1125,2017-10-26,2017,,1,KJ West One,KJ West One,Paid,Sales - DT SCREENS,DT SCREENS,1500.0,1,0
GTUK / Apex Tech Scotland Ltd,INV-2017/1163,2017-11-01,2017,DT-FRNT-300,1,Pyramid Productions Services Limited,Pyramid Productions Services Limited,Paid,Sales - DT SCREENS,DT SCREENS,1440.0,1,0
GTUK / Apex Tech Scotland Ltd,INV-2017/1164,2017-11-01,2017,DT-FRNT-330,1,LUMIERE SOLUTIONS LTD,LUMIERE SOLUTIONS LTD,Paid,Sales - DT SCREENS,DT SCREENS,1680.0,1,0
GTUK / Apex Tech Scotland Ltd,INV-2017/1166,2017-11-03,2017,STH-MBC-22,30,AT&C Professional Systems Ltd,AT&C Professional Systems Ltd,Paid,Sales - STEALTH,STEALTH,2250.0,1,0
GTUK / Apex Tech Scotland Ltd,INV-2017/1168,2017-11-15,2017,STH-LR6G,1,Meridian Audio Limited,Meridian Audio Limited,Paid,Sales - STEALTH,STEALTH,440.0,1,0
GTUK / Apex Tech Scotland Ltd,INV-2017/1168,2017-11-15,2017,STH-BX-12,2,Meridian Audio Limited,Meridian Audio Limited,Paid,Sales - STEALTH,STEALTH,120.0,1,0
GTUK / Apex Tech Scotland Ltd,INV-2017/1169,2017-11-15,2017,STH-LR6G,2,Marquee Installations Ltd,Marquee Installations Ltd,Paid,Sales - STEALTH,STEALTH,1100.0,1,0
GTUK / Apex Tech Scotland Ltd,INV-2017/1169,2017-11-15,2017,STH-LR6GS,1,Marquee Installations Ltd,Marquee Installations Ltd,Paid,Sales - STEALTH,STEALTH,275.0,1,0
GTUK / Apex Tech Scotland Ltd,INV-2017/1169,2017-11-15,2017,STH-MBC-12,5,Marquee Installations Ltd,Marquee Installations Ltd,Paid,Sales - STEALTH,STEALTH,375.0,1,0
GTUK / Apex Tech Scotland Ltd,INV-2017/1169,2017-11-15,2017,STH-CVXMR15,6,Marquee Installations Ltd,Marquee Installations Ltd,Paid,Sales - STEALTH,STEALTH,300.0,1,0
GTUK / Apex Tech Scotland Ltd,INV-2017/1174,2017-11-17,2017,STH-LR6G,11,Velocity,Velocity,Paid,Sales - STEALTH,STEALTH,6050.0,1,0
GTUK / Apex Tech Scotland Ltd,INV-2017/1174,2017-11-17,2017,STH-MBC-12,22,Velocity,Velocity,Paid,Sales - STEALTH,STEALTH,1650.0,1,0
GTUK / Apex Tech Scotland Ltd,INV-2017/1174,2017-11-17,2017,STH-CVXMR30,22,Velocity,Velocity,Paid,Sales - STEALTH,STEALTH,1100.0,1,0
GTUK / Apex Tech Scotland Ltd,INV-2017/1176,2017-11-23,2017,BAR-LOK-LENS-CWAZ,1,Cornflake Ltd.,Cornflake Ltd.,Paid,Sales - BARCO,BARCO,1625.0,1,0
GTUK / Apex Tech Scotland Ltd,INV-2017/1177,2017-11-27,2017,STH-LR6G,3,Kensington Home Technology Ltd,Kensington Home Technology Ltd,Approved,Sales - STEALTH,STEALTH,1650.0,1,0
GTUK / Apex Tech Scotland Ltd,INV-2017/1178,2017-11-27,2017,DT-FRNT-300,1,Rayleigh HiFi Southend,Rayleigh HiFi Southend,Paid,Sales - DT SCREENS,DT SCREENS,1440.0,1,0
GTUK / Apex Tech Scotland Ltd,INV-2017/1179,2017-11-27,2017,,1,Advanced Integration Ltd,Advanced Integration Ltd,Paid,Sales - BARCO,BARCO,350.0,1,0
GTUK / Apex Tech Scotland Ltd,INV-2017/1179,2017-11-27,2017,,1,Advanced Integration Ltd,Advanced Integration Ltd,Paid,,,0.0,1,0
GTUK / Apex Tech Scotland Ltd,CN-2017/1188,2017-11-27,2017,BAR-LOK-CHT-B,1,Clic2Control Ltd,Clic2Control Ltd,Paid,Sales - BARCO,BARCO,-20800.0,1,0
GTUK / Apex Tech Scotland Ltd,CN-2017/1188,2017-11-27,2017,BAR-LOK-LENS-CS,1,Clic2Control Ltd,Clic2Control Ltd,Paid,,,0.0,1,0
GTUK / Apex Tech Scotland Ltd,INV-2017/1219,2017-11-27,2017,BAR-LOK-CHT-B,1,Clic2Control Ltd,Clic2Control Ltd,Paid,Sales - BARCO,BARCO,20800.0,1,0
GTUK / Apex Tech Scotland Ltd,INV-2017/1219,2017-11-27,2017,BAR-LOK-LENS-CS,1,Clic2Control Ltd,Clic2Control Ltd,Paid,,,0.0,1,0
GTUK / Apex Tech Scotland Ltd,INV-2017/1121,2017-12-01,2017,BAR-BAL-MR-B,1,Williams Pollard Limited T/A Future Audio,Williams Pollard Limited T/A Future Audio,Paid,Sales - BARCO,BARCO,19500.0,1,0
GTUK / Apex Tech Scotland Ltd,INV-2017/1121,2017-12-01,2017,BAR-BAL-LENS-CWAZ,1,Williams Pollard Limited T/A Future Audio,Williams Pollard Limited T/A Future Audio,Paid,Sales - BARCO,BARCO,1625.0,1,0
GTUK / Apex Tech Scotland Ltd,INV-2017/1155,2017-12-01,2017,BAR-ORI-CMR-B,1,Smartcomm Ltd,Smartcomm Ltd,Paid,Sales - BARCO,BARCO,8775.0,1,0
GTUK / Apex Tech Scotland Ltd,INV-2017/1155,2017-12-01,2017,BAR-ORI-LENS-CUWF,1,Smartcomm Ltd,Smartcomm Ltd,Paid,Sales - BARCO,BARCO,1950.0,1,0
GTUK / Apex Tech Scotland Ltd,INV-2017/1167,2017-12-01,2017,,3,Williams Pollard Limited T/A Future Audio,Williams Pollard Limited T/A Future Audio,Paid,Sales - SEATING,SEATING,5370.0,1,0
GTUK / Apex Tech Scotland Ltd,INV-2017/1167,2017-12-01,2017,,1,Williams Pollard Limited T/A Future Audio,Williams Pollard Limited T/A Future Audio,Paid,Sales - SEATING,SEATING,2060.0,1,0
GTUK / Apex Tech Scotland Ltd,INV-2017/1167,2017-12-01,2017,,0,Williams Pollard Limited T/A Future Audio,Williams Pollard Limited T/A Future Audio,Paid,,,0.0,1,0
GTUK / Apex Tech Scotland Ltd,INV-2017/1167,2017-12-01,2017,,0,Williams Pollard Limited T/A Future Audio,Williams Pollard Limited T/A Future Audio,Paid,,,0.0,1,0
GTUK / Apex Tech Scotland Ltd,INV-2017/1167,2017-12-01,2017,,0,Williams Pollard Limited T/A Future Audio,Williams Pollard Limited T/A Future Audio,Paid,,,0.0,1,0
GTUK / Apex Tech Scotland Ltd,INV-2017/1121,2017-12-01,2017,DT-DYN-2TB-360,1,Williams Pollard Limited T/A Future Audio,Williams Pollard Limited T/A Future Audio,Paid,Sales - DT SCREENS,DT SCREENS,7200.0,1,0
GTUK / Apex Tech Scotland Ltd,INV-2017/1189,2017-12-02,2017,BAR-LOK-CHT-B,1,Clic2Control Ltd,Clic2Control Ltd,Paid,Sales - BARCO,BARCO,20800.0,1,0
GTUK / Apex Tech Scotland Ltd,INV-2017/1189,2017-12-02,2017,BAR-LOK-LENS-CS,1,Clic2Control Ltd,Clic2Control Ltd,Paid,,,0.0,1,0
GTUK / Apex Tech Scotland Ltd,CN-2017/1220,2017-12-02,2017,BAR-LOK-CHT-B,1,Clic2Control Ltd,Clic2Control Ltd,Paid,Sales - BARCO,BARCO,-20800.0,1,0
GTUK / Apex Tech Scotland Ltd,CN-2017/1220,2017-12-02,2017,BAR-LOK-LENS-CS,1,Clic2Control Ltd,Clic2Control Ltd,Paid,,,0.0,1,0
GTUK / Apex Tech Scotland Ltd,INV-2017/1180,2017-12-04,2017,STH-SRAY8B,1,i-Homes London,i-Homes London,Paid,Sales - STEALTH,STEALTH,900.0,1,0
GTUK / Apex Tech Scotland Ltd,INV-2017/1181,2017-12-11,2017,STH-SLR8G,1,i-Homes London,i-Homes London,Paid,Sales - STEALTH,STEALTH,550.0,1,0
GTUK / Apex Tech Scotland Ltd,INV-2017/1181,2017-12-11,2017,STH-BX-22,1,i-Homes London,i-Homes London,Paid,Sales - STEALTH,STEALTH,75.0,1,0
GTUK / Apex Tech Scotland Ltd,INV-2017/1182,2017-12-11,2017,,1,Avio Limited,Avio Limited,Paid,Sales - DT SCREENS,DT SCREENS,1050.0,1,0
GTUK / Apex Tech Scotland Ltd,CN-2017/1183,2017-12-11,2017,STH-MBC-22,1,What You See And Hear Limited,What You See And Hear Limited,Paid,Sales - STEALTH,STEALTH,-52.5,1,0
GTUK / Apex Tech Scotland Ltd,INV-2017/1184,2017-12-11,2017,BAR-3D-EMIT-RF,1,McAllister AV Ltd,McAllister AV Ltd,Paid,Sales - BARCO,BARCO,260.0,1,0
GTUK / Apex Tech Scotland Ltd,INV-2017/1184,2017-12-11,2017,BAR-3D-GLASS-RF,6,McAllister AV Ltd,McAllister AV Ltd,Paid,Sales - BARCO,BARCO,390.0,1,0
GTUK / Apex Tech Scotland Ltd,INV-2017/1185,2017-12-11,2017,BAR-PROM1-LAMP,1,Emiror Research Limited,Emiror Research Limited,Paid,Sales - BARCO,BARCO,975.0,1,0
GTUK / Apex Tech Scotland Ltd,INV-2017/1185,2017-12-11,2017,,1,Emiror Research Limited,Emiror Research Limited,Paid,Sales - BARCO,BARCO,2668.58,1,0
GTUK / Apex Tech Scotland Ltd,CN-2017/1186,2017-12-21,2017,BAR-LOK-CHT-B,1,Clic2Control Ltd,Clic2Control Ltd,Paid,Sales - BARCO,BARCO,-20800.0,1,0
GTUK / Apex Tech Scotland Ltd,CN-2017/1186,2017-12-21,2017,BAR-LOK-LENS-CS,1,Clic2Control Ltd,Clic2Control Ltd,Paid,,,0.0,1,0
GTUK / Apex Tech Scotland Ltd,INV-2017/1165,2018-01-10,2018,STH-LR8G,14,AT&C Professional Systems Ltd,AT&C Professional Systems Ltd,Paid,Sales - STEALTH,STEALTH,9100.0,1,0
GTUK / Apex Tech Scotland Ltd,INV-2017/1165,2018-01-10,2018,STH-SLR8G,1,AT&C Professional Systems Ltd,AT&C Professional Systems Ltd,Paid,Sales - STEALTH,STEALTH,550.0,1,0
GTUK / Apex Tech Scotland Ltd,INV-2017/1165,2018-01-10,2018,STH-LR8GS,1,AT&C Professional Systems Ltd,AT&C Professional Systems Ltd,Paid,Sales - STEALTH,STEALTH,325.0,1,0
GTUK / Apex Tech Scotland Ltd,INV-2017/1190,2018-01-10,2018,STH-LR6G,2,Meridian Audio Limited,Meridian Audio Limited,Paid,Sales - STEALTH,STEALTH,880.0,1,0
GTUK / Apex Tech Scotland Ltd,INV-2017/1190,2018-01-10,2018,STH-BX-12,4,Meridian Audio Limited,Meridian Audio Limited,Paid,Sales - STEALTH,STEALTH,240.0,1,0
GTUK / Apex Tech Scotland Ltd,INV-2017/1192,2018-01-12,2018,STH-LR8G,4,AT&C Professional Systems Ltd,AT&C Professional Systems Ltd,Paid,Sales - STEALTH,STEALTH,2600.0,1,0
GTUK / Apex Tech Scotland Ltd,INV-2017/1192,2018-01-12,2018,STH-SLR8G,4,AT&C Professional Systems Ltd,AT&C Professional Systems Ltd,Paid,Sales - STEALTH,STEALTH,2200.0,1,0
GTUK / Apex Tech Scotland Ltd,INV-2017/1192,2018-01-12,2018,STH-MBC-22,12,AT&C Professional Systems Ltd,AT&C Professional Systems Ltd,Paid,Sales - STEALTH,STEALTH,900.0,1,0
GTUK / Apex Tech Scotland Ltd,INV-2017/1193,2018-01-17,2018,STH-LR6G,4,Vivid Digital Retail,Vivid Digital Retail,Paid,Sales - STEALTH,STEALTH,2200.0,1,0
GTUK / Apex Tech Scotland Ltd,INV-2017/1193,2018-01-17,2018,STH-CVXMR30,8,Vivid Digital Retail,Vivid Digital Retail,Paid,Sales - STEALTH,STEALTH,400.0,1,0
GTUK / Apex Tech Scotland Ltd,INV-2017/1193,2018-01-17,2018,STH-MBC-12,8,Vivid Digital Retail,Vivid Digital Retail,Paid,Sales - STEALTH,STEALTH,600.0,1,0
GTUK / Apex Tech Scotland Ltd,INV-2017/1194,2018-01-22,2018,,1,Williams Pollard Limited T/A Future Audio,Williams Pollard Limited T/A Future Audio,Paid,Sales - DT SCREENS,DT SCREENS,1020.0,1,0
GTUK / Apex Tech Scotland Ltd,INV-2017/1194,2018-01-22,2018,,0,Williams Pollard Limited T/A Future Audio,Williams Pollard Limited T/A Future Audio,Paid,,,0.0,1,0
GTUK / Apex Tech Scotland Ltd,INV-2017/1196,2018-01-23,2018,STH-LR4G,1,Piquant Design Ltd,Piquant Design Ltd,Paid,Sales - STEALTH,STEALTH,1700.0,1,0
GTUK / Apex Tech Scotland Ltd,INV-2017/1196,2018-01-23,2018,STH-MBC-12,2,Piquant Design Ltd,Piquant Design Ltd,Paid,Sales - STEALTH,STEALTH,150.0,1,0
GTUK / Apex Tech Scotland Ltd,INV-2017/1196,2018-01-23,2018,STH-MBC-22,2,Piquant Design Ltd,Piquant Design Ltd,Paid,Sales - STEALTH,STEALTH,150.0,1,0
GTUK / Apex Tech Scotland Ltd,INV-2017/1124,2018-01-25,2018,BAR-LOK-CHT-B,1,KJ West One,KJ West One,Paid,Sales - BARCO,BARCO,31200.0,1,0
GTUK / Apex Tech Scotland Ltd,INV-2017/1124,2018-01-25,2018,BAR-LOK-LENS-CS,1,KJ West One,KJ West One,Paid,,,0.0,1,0
GTUK / Apex Tech Scotland Ltd,INV-2017/1197,2018-01-25,2018,DT-FRNT-450,1,Homeplay Ltd,Homeplay Ltd,Paid,Sales - DT SCREENS,DT SCREENS,2640.0,1,0
GTUK / Apex Tech Scotland Ltd,INV-2017/1198,2018-01-26,2018,STH-LR6G,2,Velocity,Velocity,Paid,Sales - STEALTH,STEALTH,1100.0,1,0
GTUK / Apex Tech Scotland Ltd,INV-2017/1198,2018-01-26,2018,STH-CVXMR30,4,Velocity,Velocity,Paid,Sales - STEALTH,STEALTH,200.0,1,0
GTUK / Apex Tech Scotland Ltd,INV-2017/1198,2018-01-26,2018,STH-MBC-12,4,Velocity,Velocity,Paid,Sales - STEALTH,STEALTH,300.0,1,0
GTUK / Apex Tech Scotland Ltd,INV-2017/1200,2018-02-01,2018,STH-LR6G,8,Meridian Audio Limited,Meridian Audio Limited,Paid,Sales - STEALTH,STEALTH,3520.0,1,0
GTUK / Apex Tech Scotland Ltd,INV-2017/1200,2018-02-01,2018,STH-BX-12,16,Meridian Audio Limited,Meridian Audio Limited,Paid,Sales - STEALTH,STEALTH,960.0,1,0
GTUK / Apex Tech Scotland Ltd,INV-2017/1201,2018-02-06,2018,STH-LRX83,8,AT&C Professional Systems Ltd,AT&C Professional Systems Ltd,Paid,Sales - STEALTH,STEALTH,7200.0,1,0
GTUK / Apex Tech Scotland Ltd,INV-2017/1201,2018-02-06,2018,STH-MBC-22,4,AT&C Professional Systems Ltd,AT&C Professional Systems Ltd,Paid,Sales - STEALTH,STEALTH,300.0,1,0
GTUK / Apex Tech Scotland Ltd,INV-2017/1201,2018-02-06,2018,STH-CVXMR30,16,AT&C Professional Systems Ltd,AT&C Professional Systems Ltd,Paid,Sales - STEALTH,STEALTH,800.0,1,0
GTUK / Apex Tech Scotland Ltd,INV-2017/1199,2018-02-13,2018,STH-LR8G,4,Fusion.One International Ltd,Fusion.One International Ltd,Paid,Sales - STEALTH,STEALTH,2600.0,1,0
GTUK / Apex Tech Scotland Ltd,INV-2017/1199,2018-02-13,2018,STH-B22G,1,Fusion.One International Ltd,Fusion.One International Ltd,Paid,Sales - STEALTH,STEALTH,550.0,1,0
GTUK / Apex Tech Scotland Ltd,INV-2017/1199,2018-02-13,2018,STH-MBC-22,10,Fusion.One International Ltd,Fusion.One International Ltd,Paid,Sales - STEALTH,STEALTH,750.0,1,0
GTUK / Apex Tech Scotland Ltd,INV-2017/1205,2018-02-14,2018,BAR-MED-MR-B,1,Fusion Domotique SARL,Fusion Domotique SARL,Paid,Sales - BARCO,BARCO,13200.0,1,0
GTUK / Apex Tech Scotland Ltd,INV-2017/1205,2018-02-14,2018,BAR-MED-LENS-S,1,Fusion Domotique SARL,Fusion Domotique SARL,Paid,,,0.0,1,0
GTUK / Apex Tech Scotland Ltd,INV-2017/1206,2018-02-14,2018,STH-LRX83,3,Fusion.One International Ltd,Fusion.One International Ltd,Paid,Sales - STEALTH,STEALTH,1350.0,1,0
GTUK / Apex Tech Scotland Ltd,INV-2017/1206,2018-02-14,2018,STH-MBC-22,6,Fusion.One International Ltd,Fusion.One International Ltd,Paid,Sales - STEALTH,STEALTH,324.0,1,0
GTUK / Apex Tech Scotland Ltd,INV-2017/1208,2018-02-15,2018,STH-LR8G,14,Emiror Research Limited,Emiror Research Limited,Paid,Sales - STEALTH,STEALTH,9100.0,1,0
GTUK / Apex Tech Scotland Ltd,INV-2017/1208,2018-02-15,2018,STH-MBC-22,28,Emiror Research Limited,Emiror Research Limited,Paid,Sales - STEALTH,STEALTH,2100.0,1,0
GTUK / Apex Tech Scotland Ltd,INV-2017/1210,2018-02-20,2018,DT-FRNT-480,1,Elegant Solutions International Limited,Elegant Solutions International Limited,Paid,Sales - DT SCREENS,DT SCREENS,2880.0,1,0
GTUK / Apex Tech Scotland Ltd,INV-2017/1212,2018-02-21,2018,BAR-BAL-CHT-B,1,Perfect Integration,Perfect Integration,Paid,Sales - BARCO,BARCO,20800.0,1,0
GTUK / Apex Tech Scotland Ltd,INV-2017/1212,2018-02-21,2018,BAR-BAL-LENS-CWAZ,1,Perfect Integration,Perfect Integration,Paid,Sales - BARCO,BARCO,1625.0,1,0
GTUK / Apex Tech Scotland Ltd,INV-2017/1212,2018-02-21,2018,DT-MMD,1,Perfect Integration,Perfect Integration,Paid,Sales - DT SCREENS,DT SCREENS,3720.0,1,0
GTUK / Apex Tech Scotland Ltd,INV-2017/1213,2018-02-21,2018,CATS-Pack,5,Cornflake Ltd.,Cornflake Ltd.,Paid,Sales - CATS,CATS,1950.0,1,0
GTUK / Apex Tech Scotland Ltd,INV-2017/1214,2018-02-22,2018,SD-SD1-TI,5,Pericom PLC,Pericom PLC,Paid,Sales - SOLID DRIVE,SOLID DRIVE,2100.0,1,0
GTUK / Apex Tech Scotland Ltd,INV-2017/1215,2018-02-23,2018,BAR-MED-LENS-S,1,Fusion.One International Ltd,Fusion.One International Ltd,Paid,,,0.0,1,0
GTUK / Apex Tech Scotland Ltd,INV-2017/1215,2018-02-23,2018,BAR-MED-MR-B,1,Fusion.One International Ltd,Fusion.One International Ltd,Paid,Sales - BARCO,BARCO,13200.0,1,0
GTUK / Apex Tech Scotland Ltd,CN-2018/1238,2018-02-28,2018,,1,Adept Integrated Systems,Adept Integrated Systems,Paid,Sales - DT SCREENS,DT SCREENS,-2300.0,1,0
GTUK / Apex Tech Scotland Ltd,CN-2018/1239,2018-02-28,2018,,1,i-Homes London,i-Homes London,Paid,Sales - SERVICES,SERVICES,-750.0,1,0
GTUK / Apex Tech Scotland Ltd,CN-2017/1222,2018-02-28,2018,STH-LR8G,4,AT&C Professional Systems Ltd,AT&C Professional Systems Ltd,Paid,Sales - STEALTH,STEALTH,-2600.0,1,0
GTUK / Apex Tech Scotland Ltd,CN-2017/1222,2018-02-28,2018,STH-SLR8G,4,AT&C Professional Systems Ltd,AT&C Professional Systems Ltd,Paid,Sales - STEALTH,STEALTH,-2200.0,1,0
GTUK / Apex Tech Scotland Ltd,CN-2017/1222,2018-02-28,2018,STH-MBC-22,12,AT&C Professional Systems Ltd,AT&C Professional Systems Ltd,Paid,Sales - STEALTH,STEALTH,-900.0,1,0
GTUK / Apex Tech Scotland Ltd,INV-2017/1211,2018-03-01,2018,DT-MMD,1,Homeplay Ltd,Homeplay Ltd,Paid,Sales - DT SCREENS,DT SCREENS,3100.0,1,0
GTUK / Apex Tech Scotland Ltd,INV-2017/1216,2018-03-01,2018,STH-LR8G,1,Hendry Electrical Contractors Ltd,Hendry Electrical Contractors Ltd,Paid,Sales - STEALTH,STEALTH,650.0,1,0
GTUK / Apex Tech Scotland Ltd,INV-2017/1216,2018-03-01,2018,STH-MBC-22,2,Hendry Electrical Contractors Ltd,Hendry Electrical Contractors Ltd,Paid,Sales - STEALTH,STEALTH,150.0,1,0
GTUK / Apex Tech Scotland Ltd,INV-2017/1223,2018-03-01,2018,STH-MBC-22,12,AT&C Professional Systems Ltd,AT&C Professional Systems Ltd,Paid,Sales - STEALTH,STEALTH,900.0,1,0
GTUK / Apex Tech Scotland Ltd,INV-2017/1209,2018-03-02,2018,DT-FRNT-300,1,Pyramid Productions Services Limited,Pyramid Productions Services Limited,Paid,Sales - DT SCREENS,DT SCREENS,1440.0,1,0
GTUK / Apex Tech Scotland Ltd,INV-2017/1209,2018-03-02,2018,,0,Pyramid Productions Services Limited,Pyramid Productions Services Limited,Paid,,,0.0,1,0
GTUK / Apex Tech Scotland Ltd,INV-2017/1195,2018-03-03,2018,STH-LR6G,2,What You See And Hear Limited,What You See And Hear Limited,Paid,Sales - STEALTH,STEALTH,880.0,1,0
GTUK / Apex Tech Scotland Ltd,INV-2017/1195,2018-03-03,2018,STH-MBC-12,4,What You See And Hear Limited,What You See And Hear Limited,Paid,Sales - STEALTH,STEALTH,240.0,1,0
GTUK / Apex Tech Scotland Ltd,INV-2017/1195,2018-03-03,2018,STH-LR8G,1,What You See And Hear Limited,What You See And Hear Limited,Paid,Sales - STEALTH,STEALTH,520.0,1,0
GTUK / Apex Tech Scotland Ltd,INV-2017/1195,2018-03-03,2018,STH-MBC-22,2,What You See And Hear Limited,What You See And Hear Limited,Paid,Sales - STEALTH,STEALTH,120.0,1,0
GTUK / Apex Tech Scotland Ltd,INV-2017/1225,2018-03-03,2018,STH-LR6G,4,Cornflake Ltd.,Cornflake Ltd.,Paid,Sales - STEALTH,STEALTH,2200.0,1,0
GTUK / Apex Tech Scotland Ltd,INV-2017/1225,2018-03-03,2018,STH-LR6GS,1,Cornflake Ltd.,Cornflake Ltd.,Paid,Sales - STEALTH,STEALTH,275.0,1,0
GTUK / Apex Tech Scotland Ltd,INV-2017/1225,2018-03-03,2018,STH-MBX-12,9,Cornflake Ltd.,Cornflake Ltd.,Paid,Sales - STEALTH,STEALTH,675.0,1,0
GTUK / Apex Tech Scotland Ltd,INV-2017/1226,2018-03-06,2018,DT-FRNT-390,1,Rayleigh Hi Fi Chelmsford,Rayleigh Hi Fi Chelmsford,Paid,Sales - DT SCREENS,DT SCREENS,2160.0,1,0
GTUK / Apex Tech Scotland Ltd,INV-2017/1226,2018-03-06,2018,,0,Rayleigh Hi Fi Chelmsford,Rayleigh Hi Fi Chelmsford,Paid,,,0.0,1,0
GTUK / Apex Tech Scotland Ltd,INV-2018/1227,2018-03-09,2018,STH-LR8G,2,Velocity V1 - UK,Velocity V1 - UK,Paid,Sales - STEALTH,STEALTH,1300.0,1,0
GTUK / Apex Tech Scotland Ltd,INV-2018/1227,2018-03-09,2018,STH-LR8GS,1,Velocity V1 - UK,Velocity V1 - UK,Paid,Sales - STEALTH,STEALTH,325.0,1,0
GTUK / Apex Tech Scotland Ltd,INV-2018/1227,2018-03-09,2018,STH-MBX-22,5,Velocity V1 - UK,Velocity V1 - UK,Paid,Sales - STEALTH,STEALTH,375.0,1,0
GTUK / Apex Tech Scotland Ltd,INV-2018/1227,2018-03-09,2018,STH-B22G,1,Velocity V1 - UK,Velocity V1 - UK,Paid,Sales - STEALTH,STEALTH,550.0,1,0
GTUK / Apex Tech Scotland Ltd,INV-2018/1227,2018-03-09,2018,STH-MBX-22,2,Velocity V1 - UK,Velocity V1 - UK,Paid,Sales - STEALTH,STEALTH,150.0,1,0
GTUK / Apex Tech Scotland Ltd,INV-2018/1227,2018-03-09,2018,STH-255,1,Velocity V1 - UK,Velocity V1 - UK,Paid,Sales - STEALTH,STEALTH,450.0,1,0
GTUK / Apex Tech Scotland Ltd,INV-2018/1228,2018-03-09,2018,STH-LR8G,2,What You See And Hear Limited,What You See And Hear Limited,Paid,Sales - STEALTH,STEALTH,1300.0,1,0
GTUK / Apex Tech Scotland Ltd,INV-2017/1217,2018-03-10,2018,STH-LRX83,1,AT&C Professional Systems Ltd,AT&C Professional Systems Ltd,Paid,Sales - STEALTH,STEALTH,900.0,1,0
GTUK / Apex Tech Scotland Ltd,INV-2017/1217,2018-03-10,2018,STH-CVXMR30,2,AT&C Professional Systems Ltd,AT&C Professional Systems Ltd,Paid,Sales - STEALTH,STEALTH,100.0,1,0
GTUK / Apex Tech Scotland Ltd,INV-2017/1217,2018-03-10,2018,STH-MBC-22,2,AT&C Professional Systems Ltd,AT&C Professional Systems Ltd,Paid,Sales - STEALTH,STEALTH,150.0,1,0
GTUK / Apex Tech Scotland Ltd,INV-2017/1218,2018-03-10,2018,STH-LRX83,4,AT&C Professional Systems Ltd,AT&C Professional Systems Ltd,Paid,Sales - STEALTH,STEALTH,3600.0,1,0
GTUK / Apex Tech Scotland Ltd,INV-2017/1218,2018-03-10,2018,STH-CVXMR30,8,AT&C Professional Systems Ltd,AT&C Professional Systems Ltd,Paid,Sales - STEALTH,STEALTH,400.0,1,0
GTUK / Apex Tech Scotland Ltd,INV-2018/1229,2018-03-12,2018,STH-MBC-22,8,AT&C Professional Systems Ltd,AT&C Professional Systems Ltd,Paid,Sales - STEALTH,STEALTH,600.0,1,0
GTUK / Apex Tech Scotland Ltd,INV-2018/1229,2018-03-12,2018,,0,AT&C Professional Systems Ltd,AT&C Professional Systems Ltd,Paid,,,0.0,1,0
GTUK / Apex Tech Scotland Ltd,INV-2018/1229,2018-03-12,2018,,0,AT&C Professional Systems Ltd,AT&C Professional Systems Ltd,Paid,,,0.0,1,0
GTUK / Apex Tech Scotland Ltd,INV-2018/1230,2018-03-14,2018,CATS-Pack,2,Home Automatons UK,Home Automatons UK,Paid,Sales - CATS,CATS,840.0,1,0
GTUK / Apex Tech Scotland Ltd,INV-2018/1230,2018-03-14,2018,,0,Home Automatons UK,Home Automatons UK,Paid,,,0.0,1,0
GTUK / Apex Tech Scotland Ltd,INV-2018/1230,2018-03-14,2018,,0,Home Automatons UK,Home Automatons UK,Paid,,,0.0,1,0
GTUK / Apex Tech Scotland Ltd,INV-2018/1231,2018-03-15,2018,BAR-OPT-LAMP,1,Azro Limited,Azro Limited,Paid,Sales - BARCO,BARCO,390.0,1,0
GTUK / Apex Tech Scotland Ltd,INV-2018/1231,2018-03-15,2018,,0,Azro Limited,Azro Limited,Paid,,,0.0,1,0
GTUK / Apex Tech Scotland Ltd,INV-2018/1231,2018-03-15,2018,,0,Azro Limited,Azro Limited,Paid,,,0.0,1,0
GTUK / Apex Tech Scotland Ltd,INV-2017/1207,2018-03-19,2018,DT-DYN-4-420,1,Fusion Domotique SARL,Fusion Domotique SARL,Paid,Sales - DT SCREENS,DT SCREENS,9500.0,1,0
GTUK / Apex Tech Scotland Ltd,INV-2017/1207,2018-03-19,2018,DT-VMM-UP,1,Fusion Domotique SARL,Fusion Domotique SARL,Paid,Sales - DT SCREENS,DT SCREENS,1250.0,1,0
GTUK / Apex Tech Scotland Ltd,INV-2017/1207,2018-03-19,2018,DT-PHG-2,1,Fusion Domotique SARL,Fusion Domotique SARL,Paid,Sales - DT SCREENS,DT SCREENS,1500.0,1,0
GTUK / Apex Tech Scotland Ltd,INV-2018/1232,2018-03-20,2018,STH-SPT-P3-155,1,Glo Audio Visual Ltd.,Glo Audio Visual Ltd.,Paid,Sales - STEALTH,STEALTH,117000.0,1,0
GTUK / Apex Tech Scotland Ltd,INV-2018/1234,2018-03-22,2018,,0,Tillman Domotics,Tillman Domotics,Paid,,,0.0,1,0
GTUK / Apex Tech Scotland Ltd,INV-2018/1234,2018-03-22,2018,,0,Tillman Domotics,Tillman Domotics,Paid,,,0.0,1,0
GTUK / Apex Tech Scotland Ltd,INV-2018/1234,2018-03-22,2018,DT-PHG-1,1,Tillman Domotics,Tillman Domotics,Paid,Sales - DT SCREENS,DT SCREENS,1500.0,1,0
GTUK / Apex Tech Scotland Ltd,INV-2018/1235,2018-03-23,2018,STH-LR3G,1,Technovations Limited,Technovations Limited,Paid,Sales - STEALTH,STEALTH,1100.0,1,0
GTUK / Apex Tech Scotland Ltd,INV-2018/1235,2018-03-23,2018,STH-MBC-30,2,Technovations Limited,Technovations Limited,Paid,Sales - STEALTH,STEALTH,150.0,1,0
GTUK / Apex Tech Scotland Ltd,INV-2018/1235,2018-03-23,2018,,0,Technovations Limited,Technovations Limited,Paid,,,0.0,1,0
GTUK / Apex Tech Scotland Ltd,INV-2017/1221,2018-03-23,2018,DT-FRNT-270,1,Clever Association,Clever Association,Paid,Sales - DT SCREENS,DT SCREENS,1260.0,1,0
GTUK / Apex Tech Scotland Ltd,INV-2018/1237,2018-04-01,2018,DT-FRNT-360,1,Novatone Ltd,Novatone Ltd,Paid,Sales - DT SCREENS,DT SCREENS,1920.0,1,0
GTUK / Apex Tech Scotland Ltd,INV-2018/1240,2018-04-07,2018,STH-LR6G,1,What You See And Hear Limited,What You See And Hear Limited,Paid,Sales - STEALTH,STEALTH,550.0,1,0
GTUK / Apex Tech Scotland Ltd,INV-2018/1240,2018-04-07,2018,STH-MBC-12,2,What You See And Hear Limited,What You See And Hear Limited,Paid,Sales - STEALTH,STEALTH,150.0,1,0
GTUK / Apex Tech Scotland Ltd,INV-2018/1241,2018-04-16,2018,STH-LR6G,1,AT&C Professional Systems Ltd,AT&C Professional Systems Ltd,Paid,Sales - STEALTH,STEALTH,550.0,1,0
GTUK / Apex Tech Scotland Ltd,INV-2018/1241,2018-04-16,2018,STH-MBC-12,2,AT&C Professional Systems Ltd,AT&C Professional Systems Ltd,Paid,Sales - STEALTH,STEALTH,150.0,1,0
GTUK / Apex Tech Scotland Ltd,INV-2018/1241,2018-04-16,2018,STH-SLR8G,1,AT&C Professional Systems Ltd,AT&C Professional Systems Ltd,Paid,Sales - STEALTH,STEALTH,550.0,1,0
GTUK / Apex Tech Scotland Ltd,INV-2018/1241,2018-04-16,2018,STH-MBC-22,1,AT&C Professional Systems Ltd,AT&C Professional Systems Ltd,Paid,Sales - STEALTH,STEALTH,75.0,1,0
GTUK / Apex Tech Scotland Ltd,INV-2018/1242,2018-04-16,2018,STH-BX-30,4,Stone Audio UK Ltd,Stone Audio UK Ltd,Paid,Sales - STEALTH,STEALTH,300.0,1,0
GTUK / Apex Tech Scotland Ltd,INV-2018/1243,2018-04-16,2018,ACU-ACT4,1,Clever Association,Clever Association,Paid,Sales - ACURUS,ACURUS,5637.5,1,0
GTUK / Apex Tech Scotland Ltd,INV-2018/1243,2018-04-16,2018,ACU-ARM4,1,Clever Association,Clever Association,Paid,,,0.0,1,0
GTUK / Apex Tech Scotland Ltd,INV-2018/1243,2018-04-16,2018,ACU-A2005,1,Clever Association,Clever Association,Paid,Sales - ACURUS,ACURUS,2750.0,1,0
GTUK / Apex Tech Scotland Ltd,INV-2018/1243,2018-04-16,2018,ACU-A2007,1,Clever Association,Clever Association,Paid,Sales - ACURUS,ACURUS,3025.0,1,0
GTUK / Apex Tech Scotland Ltd,INV-2018/1243,2018-04-16,2018,ACU-ARM2,2,Clever Association,Clever Association,Paid,,,0.0,1,0
GTUK / Apex Tech Scotland Ltd,INV-2018/1244,2018-04-17,2018,STH-LR8G,4,AT&C Professional Systems Ltd,AT&C Professional Systems Ltd,Paid,Sales - STEALTH,STEALTH,2600.0,1,0
GTUK / Apex Tech Scotland Ltd,INV-2018/1244,2018-04-17,2018,STH-MBC-22,12,AT&C Professional Systems Ltd,AT&C Professional Systems Ltd,Paid,Sales - STEALTH,STEALTH,900.0,1,0
GTUK / Apex Tech Scotland Ltd,INV-2018/1244,2018-04-17,2018,STH-SLR8G,4,AT&C Professional Systems Ltd,AT&C Professional Systems Ltd,Paid,Sales - STEALTH,STEALTH,2200.0,1,0
GTUK / Apex Tech Scotland Ltd,INV-2018/1245,2018-04-18,2018,DT-MMD,1,Perfect Integration,Perfect Integration,Paid,Sales - DT SCREENS,DT SCREENS,3720.0,1,0
GTUK / Apex Tech Scotland Ltd,INV-2018/1247,2018-04-20,2018,BAR-BAL-MR-B,1,LiveSmarter Ltd,LiveSmarter Ltd,Paid,Sales - BARCO,BARCO,6000.0,1,0
GTUK / Apex Tech Scotland Ltd,INV-2018/1247,2018-04-20,2018,BAR-BAL-LENS-WAZ,1,LiveSmarter Ltd,LiveSmarter Ltd,Paid,Sales - BARCO,BARCO,500.0,1,0
GTUK / Apex Tech Scotland Ltd,INV-2018/1247,2018-04-20,2018,DT-VMM-UP,1,LiveSmarter Ltd,LiveSmarter Ltd,Paid,Sales - DT SCREENS,DT SCREENS,1250.0,1,0
GTUK / Apex Tech Scotland Ltd,INV-2018/1247,2018-04-20,2018,,1,LiveSmarter Ltd,LiveSmarter Ltd,Paid,Sales - DT SCREENS,DT SCREENS,450.0,1,0
GTUK / Apex Tech Scotland Ltd,INV-2018/1247,2018-04-20,2018,STH-LR8G,2,LiveSmarter Ltd,LiveSmarter Ltd,Paid,,,0.0,1,0
GTUK / Apex Tech Scotland Ltd,INV-2018/1247,2018-04-20,2018,STH-LR8GS,1,LiveSmarter Ltd,LiveSmarter Ltd,Paid,,,0.0,1,0
GTUK / Apex Tech Scotland Ltd,INV-2018/1247,2018-04-20,2018,STH-MBC-22,5,LiveSmarter Ltd,LiveSmarter Ltd,Paid,,,0.0,1,0
GTUK / Apex Tech Scotland Ltd,INV-2018/1247,2018-04-20,2018,STH-B30G,1,LiveSmarter Ltd,LiveSmarter Ltd,Paid,,,0.0,1,0
GTUK / Apex Tech Scotland Ltd,INV-2018/1247,2018-04-20,2018,STH-MBC-30,1,LiveSmarter Ltd,LiveSmarter Ltd,Paid,,,0.0,1,0
GTUK / Apex Tech Scotland Ltd,INV-2018/1248,2018-04-27,2018,STH-LR6GS,1,Meridian Audio Limited,Meridian Audio Limited,Paid,Sales - STEALTH,STEALTH,220.0,1,0
GTUK / Apex Tech Scotland Ltd,INV-2018/1248,2018-04-27,2018,STH-BX-12,1,Meridian Audio Limited,Meridian Audio Limited,Paid,Sales - STEALTH,STEALTH,60.0,1,0
GTUK / Apex Tech Scotland Ltd,INV-2017/1203,2018-05-01,2018,DT-ACM,1,Piquant Design Ltd,Piquant Design Ltd,Paid,Sales - DT SCREENS,DT SCREENS,900.0,1,0
GTUK / Apex Tech Scotland Ltd,INV-2017/1175,2018-05-04,2018,DT-PHG-2,1,Williams Pollard Limited T/A Future Audio,Williams Pollard Limited T/A Future Audio,Paid,Sales - DT SCREENS,DT SCREENS,1800.0,1,0
GTUK / Apex Tech Scotland Ltd,INV-2017/1175,2018-05-04,2018,DT-VMM-UP,1,Williams Pollard Limited T/A Future Audio,Williams Pollard Limited T/A Future Audio,Paid,Sales - DT SCREENS,DT SCREENS,1500.0,1,0
GTUK / Apex Tech Scotland Ltd,INV-2018/1252,2018-05-09,2018,STH-BX-22,6,Stone Audio UK Ltd,Stone Audio UK Ltd,Paid,Sales - STEALTH,STEALTH,450.0,1,0
GTUK / Apex Tech Scotland Ltd,INV-2018/1252,2018-05-09,2018,,1,Stone Audio UK Ltd,Stone Audio UK Ltd,Paid,Sales - STEALTH,STEALTH,-135.0,1,0
GTUK / Apex Tech Scotland Ltd,INV-2018/1253,2018-05-11,2018,STH-LR6G,3,Forward Vision Solutions,Forward Vision Solutions,Paid,Sales - STEALTH,STEALTH,1650.0,1,0
GTUK / Apex Tech Scotland Ltd,INV-2018/1253,2018-05-11,2018,STH-BX-12,6,Forward Vision Solutions,Forward Vision Solutions,Paid,Sales - STEALTH,STEALTH,450.0,1,0
GTUK / Apex Tech Scotland Ltd,INV-2018/1254,2018-05-15,2018,STH-LR6G,3,What You See And Hear Limited,What You See And Hear Limited,Paid,Sales - STEALTH,STEALTH,1650.0,1,0
GTUK / Apex Tech Scotland Ltd,INV-2018/1254,2018-05-15,2018,STH-MBC-12,6,What You See And Hear Limited,What You See And Hear Limited,Paid,Sales - STEALTH,STEALTH,450.0,1,0
GTUK / Apex Tech Scotland Ltd,INV-2018/1249,2018-05-17,2018,DT-FRNT-300,1,Clever Association,Clever Association,Paid,Sales - DT SCREENS,DT SCREENS,1440.0,1,0
GTUK / Apex Tech Scotland Ltd,INV-2018/1255,2018-05-17,2018,DT-FRNT-300,1,Clever Association,Clever Association,Paid,Sales - DT SCREENS,DT SCREENS,1440.0,1,0
GTUK / Apex Tech Scotland Ltd,INV-2018/1255,2018-05-17,2018,CATS-Pack,3,Clever Association,Clever Association,Paid,Sales - CATS,CATS,1260.0,1,0
GTUK / Apex Tech Scotland Ltd,INV-2017/1204,2018-05-20,2018,DT-DYN-2S-360,1,Piquant Design Ltd,Piquant Design Ltd,Paid,Sales - DT SCREENS,DT SCREENS,7200.0,1,0
GTUK / Apex Tech Scotland Ltd,INV-2017/1204,2018-05-20,2018,DT-DYN-AMO-360,1,Piquant Design Ltd,Piquant Design Ltd,Paid,Sales - DT SCREENS,DT SCREENS,3600.0,1,0
GTUK / Apex Tech Scotland Ltd,INV-2018/1246,2018-05-22,2018,BAR-MED-MR-B,1,Clever Association,Clever Association,Paid,Sales - BARCO,BARCO,13200.0,1,0
GTUK / Apex Tech Scotland Ltd,INV-2018/1246,2018-05-22,2018,BAR-MED-LENS-S,1,Clever Association,Clever Association,Paid,,,0.0,1,0
GTUK / Apex Tech Scotland Ltd,INV-2018/1257,2018-05-25,2018,STH-LR8G,3,Forward Vision Solutions,Forward Vision Solutions,Paid,Sales - STEALTH,STEALTH,1950.0,1,0
GTUK / Apex Tech Scotland Ltd,INV-2018/1257,2018-05-25,2018,,0,Forward Vision Solutions,Forward Vision Solutions,Paid,,,0.0,1,0
GTUK / Apex Tech Scotland Ltd,INV-2018/1257,2018-05-25,2018,,0,Forward Vision Solutions,Forward Vision Solutions,Paid,,,0.0,1,0
GTUK / Apex Tech Scotland Ltd,INV-2018/1256,2018-06-01,2018,STH-LR8GS,1,Emiror Research Limited,Emiror Research Limited,Paid,Sales - STEALTH,STEALTH,325.0,1,0
GTUK / Apex Tech Scotland Ltd,INV-2018/1259,2018-06-04,2018,SD-SD1-TI,6,Pericom PLC,Pericom PLC,Paid,Sales - SOLID DRIVE,SOLID DRIVE,2520.0,1,0
GTUK / Apex Tech Scotland Ltd,INV-2018/1259,2018-06-04,2018,,0,Pericom PLC,Pericom PLC,Paid,,,0.0,1,0
GTUK / Apex Tech Scotland Ltd,INV-2018/1251,2018-06-05,2018,,3,Gibson Integration Ltd,Gibson Integration Ltd,Paid,Sales - SEATING,SEATING,2904.0,1,0
GTUK / Apex Tech Scotland Ltd,INV-2018/1251,2018-06-05,2018,,3,Gibson Integration Ltd,Gibson Integration Ltd,Paid,Sales - SEATING,SEATING,2763.0,1,0
GTUK / Apex Tech Scotland Ltd,INV-2018/1251,2018-06-05,2018,,3,Gibson Integration Ltd,Gibson Integration Ltd,Paid,Sales - SEATING,SEATING,2904.0,1,0
GTUK / Apex Tech Scotland Ltd,INV-2018/1251,2018-06-05,2018,,5,Gibson Integration Ltd,Gibson Integration Ltd,Paid,Sales - SEATING,SEATING,1902.5,1,0
GTUK / Apex Tech Scotland Ltd,INV-2018/1251,2018-06-05,2018,,2,Gibson Integration Ltd,Gibson Integration Ltd,Paid,Sales - SEATING,SEATING,2698.0,1,0
GTUK / Apex Tech Scotland Ltd,INV-2018/1251,2018-06-05,2018,,2,Gibson Integration Ltd,Gibson Integration Ltd,Paid,Sales - SEATING,SEATING,180.0,1,0
GTUK / Apex Tech Scotland Ltd,INV-2018/1251,2018-06-05,2018,,2,Gibson Integration Ltd,Gibson Integration Ltd,Paid,Sales - SEATING,SEATING,100.0,1,0
GTUK / Apex Tech Scotland Ltd,INV-2018/1251,2018-06-05,2018,,1,Gibson Integration Ltd,Gibson Integration Ltd,Paid,Sales - SEATING,SEATING,75.0,1,0
GTUK / Apex Tech Scotland Ltd,INV-2018/1251,2018-06-05,2018,,1,Gibson Integration Ltd,Gibson Integration Ltd,Paid,Sales - SEATING,SEATING,202.0,1,0
GTUK / Apex Tech Scotland Ltd,INV-2018/1251,2018-06-05,2018,,15,Gibson Integration Ltd,Gibson Integration Ltd,Paid,Sales - SEATING,SEATING,75.0,1,0
GTUK / Apex Tech Scotland Ltd,INV-2018/1251,2018-06-05,2018,,1,Gibson Integration Ltd,Gibson Integration Ltd,Paid,Sales - SEATING,SEATING,2070.0,1,0
GTUK / Apex Tech Scotland Ltd,INV-2018/1251,2018-06-05,2018,,0,Gibson Integration Ltd,Gibson Integration Ltd,Paid,,,0.0,1,0
GTUK / Apex Tech Scotland Ltd,INV-2018/1251,2018-06-05,2018,,0,Gibson Integration Ltd,Gibson Integration Ltd,Paid,,,0.0,1,0
GTUK / Apex Tech Scotland Ltd,INV-2018/1251,2018-06-05,2018,,0,Gibson Integration Ltd,Gibson Integration Ltd,Paid,,,0.0,1,0
GTUK / Apex Tech Scotland Ltd,INV-2018/1251,2018-06-05,2018,,2,Gibson Integration Ltd,Gibson Integration Ltd,Paid,,,0.0,1,0
GTUK / Apex Tech Scotland Ltd,INV-2018/1258,2018-06-05,2018,DT-DYN-2S-300,1,Custom Sound and Vision Limited,Custom Sound and Vision Limited,Paid,Sales - DT SCREENS,DT SCREENS,5000.0,1,0
GTUK / Apex Tech Scotland Ltd,INV-2018/1258,2018-06-05,2018,,0,Custom Sound and Vision Limited,Custom Sound and Vision Limited,Paid,,,0.0,1,0
GTUK / Apex Tech Scotland Ltd,INV-2018/1258,2018-06-05,2018,,0,Custom Sound and Vision Limited,Custom Sound and Vision Limited,Paid,,,0.0,1,0
GTUK / Apex Tech Scotland Ltd,INV-2018/1258,2018-06-05,2018,CATS-Pack,2,Custom Sound and Vision Limited,Custom Sound and Vision Limited,Paid,,,0.0,1,0
GTUK / Apex Tech Scotland Ltd,INV-2018/1261,2018-06-05,2018,STH-LR8GS,1,GBPL Ltd t/a Smart Space Group,GBPL Ltd t/a Smart Space Group,Paid,Sales - STEALTH,STEALTH,325.0,1,0
GTUK / Apex Tech Scotland Ltd,INV-2018/1262,2018-06-05,2018,,3,Gibson Integration Ltd,Gibson Integration Ltd,Paid,Sales - SEATING,SEATING,2904.0,1,0
GTUK / Apex Tech Scotland Ltd,INV-2018/1262,2018-06-05,2018,,3,Gibson Integration Ltd,Gibson Integration Ltd,Paid,Sales - SEATING,SEATING,2763.0,1,0
GTUK / Apex Tech Scotland Ltd,INV-2018/1262,2018-06-05,2018,,3,Gibson Integration Ltd,Gibson Integration Ltd,Paid,Sales - SEATING,SEATING,2904.0,1,0
GTUK / Apex Tech Scotland Ltd,INV-2018/1262,2018-06-05,2018,,5,Gibson Integration Ltd,Gibson Integration Ltd,Paid,Sales - SEATING,SEATING,1902.5,1,0
GTUK / Apex Tech Scotland Ltd,INV-2018/1262,2018-06-05,2018,,2,Gibson Integration Ltd,Gibson Integration Ltd,Paid,Sales - SEATING,SEATING,2698.0,1,0
GTUK / Apex Tech Scotland Ltd,INV-2018/1262,2018-06-05,2018,,2,Gibson Integration Ltd,Gibson Integration Ltd,Paid,,,0.0,1,0
GTUK / Apex Tech Scotland Ltd,INV-2018/1262,2018-06-05,2018,,2,Gibson Integration Ltd,Gibson Integration Ltd,Paid,Sales - SEATING,SEATING,180.0,1,0
GTUK / Apex Tech Scotland Ltd,INV-2018/1262,2018-06-05,2018,,2,Gibson Integration Ltd,Gibson Integration Ltd,Paid,Sales - SEATING,SEATING,100.0,1,0
GTUK / Apex Tech Scotland Ltd,INV-2018/1262,2018-06-05,2018,,1,Gibson Integration Ltd,Gibson Integration Ltd,Paid,Sales - SEATING,SEATING,75.0,1,0
GTUK / Apex Tech Scotland Ltd,INV-2018/1262,2018-06-05,2018,,1,Gibson Integration Ltd,Gibson Integration Ltd,Paid,Sales - SEATING,SEATING,202.0,1,0
GTUK / Apex Tech Scotland Ltd,INV-2018/1262,2018-06-05,2018,,15,Gibson Integration Ltd,Gibson Integration Ltd,Paid,Sales - SEATING,SEATING,75.0,1,0
GTUK / Apex Tech Scotland Ltd,INV-2018/1262,2018-06-05,2018,,1,Gibson Integration Ltd,Gibson Integration Ltd,Paid,Sales - SEATING,SEATING,2070.0,1,0
GTUK / Apex Tech Scotland Ltd,INV-2018/1262,2018-06-05,2018,,0,Gibson Integration Ltd,Gibson Integration Ltd,Paid,,,0.0,1,0
GTUK / Apex Tech Scotland Ltd,INV-2018/1262,2018-06-05,2018,,0,Gibson Integration Ltd,Gibson Integration Ltd,Paid,,,0.0,1,0
GTUK / Apex Tech Scotland Ltd,INV-2018/1262,2018-06-05,2018,,0,Gibson Integration Ltd,Gibson Integration Ltd,Paid,,,0.0,1,0
GTUK / Apex Tech Scotland Ltd,INV-2018/1263,2018-06-06,2018,STH-MBX-12,20,Cornflake Ltd.,Cornflake Ltd.,Paid,Sales - STEALTH,STEALTH,1500.0,1,0
GTUK / Apex Tech Scotland Ltd,INV-2018/1263,2018-06-06,2018,STH-MBX-22,1,Cornflake Ltd.,Cornflake Ltd.,Paid,Sales - STEALTH,STEALTH,75.0,1,0
GTUK / Apex Tech Scotland Ltd,INV-2018/1260,2018-06-07,2018,SD-SD1-TI,4,Pericom PLC,Pericom PLC,Paid,Sales - SOLID DRIVE,SOLID DRIVE,1680.0,1,0
GTUK / Apex Tech Scotland Ltd,INV-2018/1260,2018-06-07,2018,,0,Pericom PLC,Pericom PLC,Paid,,,0.0,1,0
GTUK / Apex Tech Scotland Ltd,INV-2018/1265,2018-06-11,2018,STH-LR6G,20,Marquee Installations Ltd,Marquee Installations Ltd,Paid,Sales - STEALTH,STEALTH,11000.0,1,0
GTUK / Apex Tech Scotland Ltd,INV-2018/1265,2018-06-11,2018,STH-MBC-12,40,Marquee Installations Ltd,Marquee Installations Ltd,Paid,Sales - STEALTH,STEALTH,3000.0,1,0
GTUK / Apex Tech Scotland Ltd,INV-2018/1266,2018-06-12,2018,STH-MBC-22,3,Fusion.One International Ltd,Fusion.One International Ltd,Paid,Sales - STEALTH,STEALTH,225.0,1,0
GTUK / Apex Tech Scotland Ltd,INV-2018/1267,2018-06-12,2018,STH-MBC-12,4,Smart Sense,Smart Sense,Paid,Sales - STEALTH,STEALTH,300.0,1,0
GTUK / Apex Tech Scotland Ltd,INV-2018/1267,2018-06-12,2018,,0,Smart Sense,Smart Sense,Paid,,,0.0,1,0
GTUK / Apex Tech Scotland Ltd,INV-2018/1267,2018-06-12,2018,,0,Smart Sense,Smart Sense,Paid,,,0.0,1,0
GTUK / Apex Tech Scotland Ltd,INV-2018/1269,2018-06-13,2018,STH-LR6G,2,HD VisionUK LTD,HD VisionUK LTD,Paid,Sales - STEALTH,STEALTH,1100.0,1,0
GTUK / Apex Tech Scotland Ltd,INV-2018/1269,2018-06-13,2018,STH-MBX-12,4,HD VisionUK LTD,HD VisionUK LTD,Paid,Sales - STEALTH,STEALTH,300.0,1,0
GTUK / Apex Tech Scotland Ltd,INV-2018/1269,2018-06-13,2018,STH-CVXMR15,4,HD VisionUK LTD,HD VisionUK LTD,Paid,Sales - STEALTH,STEALTH,200.0,1,0
GTUK / Apex Tech Scotland Ltd,INV-2018/1270,2018-06-15,2018,DT-MMD,1,Home Control Solutions,Home Control Solutions,Paid,Sales - DT SCREENS,DT SCREENS,3720.0,1,0
GTUK / Apex Tech Scotland Ltd,INV-2018/1271,2018-06-15,2018,BAR-ORI-MR-B,1,Audio 7 Ltd,Audio 7 Ltd,Paid,Sales - BARCO,BARCO,7475.0,1,0
GTUK / Apex Tech Scotland Ltd,INV-2018/1271,2018-06-15,2018,BAR-ORI-LENS-WAZ,1,Audio 7 Ltd,Audio 7 Ltd,Paid,Sales - BARCO,BARCO,1950.0,1,0
GTUK / Apex Tech Scotland Ltd,INV-2018/1272,2018-06-18,2018,STH-LR6G,10,Cornflake Ltd.,Cornflake Ltd.,Paid,Sales - STEALTH,STEALTH,5500.0,1,0
GTUK / Apex Tech Scotland Ltd,INV-2018/1272,2018-06-18,2018,STH-B22G,1,Cornflake Ltd.,Cornflake Ltd.,Paid,Sales - STEALTH,STEALTH,550.0,1,0
GTUK / Apex Tech Scotland Ltd,INV-2018/1273,2018-06-26,2018,DT-VMM-UP,1,SMC,SMC,Paid,Sales - DT SCREENS,DT SCREENS,1500.0,1,0
GTUK / Apex Tech Scotland Ltd,INV-2018/1273,2018-06-26,2018,BAR-BAL-MR-B,1,SMC,SMC,Paid,Sales - BARCO,BARCO,19500.0,1,0
GTUK / Apex Tech Scotland Ltd,INV-2018/1273,2018-06-26,2018,BAR-BAL-LENS-LTZ,1,SMC,SMC,Paid,Sales - BARCO,BARCO,1625.0,1,0
GTUK / Apex Tech Scotland Ltd,INV-2018/1274,2018-06-27,2018,,2,Invisible Wires Ltd,Invisible Wires Ltd,Paid,Sales - SEATING,SEATING,4740.0,1,0
GTUK / Apex Tech Scotland Ltd,INV-2018/1274,2018-06-27,2018,,2,Invisible Wires Ltd,Invisible Wires Ltd,Paid,Sales - SEATING,SEATING,3920.0,1,0
GTUK / Apex Tech Scotland Ltd,INV-2018/1274,2018-06-27,2018,,4,Invisible Wires Ltd,Invisible Wires Ltd,Paid,Sales - SEATING,SEATING,1200.0,1,0
GTUK / Apex Tech Scotland Ltd,INV-2018/1274,2018-06-27,2018,,2,Invisible Wires Ltd,Invisible Wires Ltd,Paid,Sales - SEATING,SEATING,120.0,1,0
GTUK / Apex Tech Scotland Ltd,INV-2018/1274,2018-06-27,2018,,4,Invisible Wires Ltd,Invisible Wires Ltd,Paid,Sales - SEATING,SEATING,1200.0,1,0
GTUK / Apex Tech Scotland Ltd,INV-2018/1274,2018-06-27,2018,,4,Invisible Wires Ltd,Invisible Wires Ltd,Paid,Sales - SEATING,SEATING,720.0,1,0
GTUK / Apex Tech Scotland Ltd,INV-2018/1274,2018-06-27,2018,,6,Invisible Wires Ltd,Invisible Wires Ltd,Paid,Sales - SEATING,SEATING,360.0,1,0
GTUK / Apex Tech Scotland Ltd,INV-2018/1274,2018-06-27,2018,,1,Invisible Wires Ltd,Invisible Wires Ltd,Paid,Sales - SEATING,SEATING,100.0,1,0
GTUK / Apex Tech Scotland Ltd,INV-2018/1274,2018-06-27,2018,,1,Invisible Wires Ltd,Invisible Wires Ltd,Paid,Sales - SEATING,SEATING,2100.0,1,0
GTUK / Apex Tech Scotland Ltd,INV-2018/1274,2018-06-27,2018,,2,Invisible Wires Ltd,Invisible Wires Ltd,Paid,Sales - SEATING,SEATING,5400.0,1,0
GTUK / Apex Tech Scotland Ltd,INV-2018/1274,2018-06-27,2018,,0,Invisible Wires Ltd,Invisible Wires Ltd,Paid,,,0.0,1,0
GTUK / Apex Tech Scotland Ltd,INV-2018/1275,2018-06-27,2018,BAR-BAL-CHT-B,1,Andrew Lucas London,Andrew Lucas London,Paid,Sales - BARCO,BARCO,20800.0,1,0
GTUK / Apex Tech Scotland Ltd,INV-2018/1275,2018-06-27,2018,BAR-BAL-LENS-CLTZ,1,Andrew Lucas London,Andrew Lucas London,Paid,Sales - BARCO,BARCO,1625.0,1,0
GTUK / Apex Tech Scotland Ltd,INV-2018/1275,2018-06-27,2018,DT-DYN-2S-360,1,Andrew Lucas London,Andrew Lucas London,Paid,Sales - DT SCREENS,DT SCREENS,7200.0,1,0
GTUK / Apex Tech Scotland Ltd,INV-2018/1275,2018-06-27,2018,,1,Andrew Lucas London,Andrew Lucas London,Paid,Sales - DT SCREENS,DT SCREENS,-500.0,1,0
GTUK / Apex Tech Scotland Ltd,INV-2018/1277,2018-06-28,2018,,1,Williams Pollard Limited T/A Future Audio,Williams Pollard Limited T/A Future Audio,Paid,Sales - DT SCREENS,DT SCREENS,100.0,1,0
GTUK / Apex Tech Scotland Ltd,INV-2018/1268,2018-07-02,2018,STH-LR6G,2,Smart Sense,Smart Sense,Paid,Sales - STEALTH,STEALTH,1100.0,1,0
GTUK / Apex Tech Scotland Ltd,INV-2018/1268,2018-07-02,2018,,0,Smart Sense,Smart Sense,Paid,,,0.0,1,0
GTUK / Apex Tech Scotland Ltd,INV-2018/1268,2018-07-02,2018,,0,Smart Sense,Smart Sense,Paid,,,0.0,1,0
GTUK / Apex Tech Scotland Ltd,INV-2018/1278,2018-07-02,2018,STH-LR8G,2,i-Homes London,i-Homes London,Paid,Sales - STEALTH,STEALTH,1300.0,1,0
GTUK / Apex Tech Scotland Ltd,INV-2018/1278,2018-07-02,2018,STH-LR8GS,1,i-Homes London,i-Homes London,Paid,Sales - STEALTH,STEALTH,325.0,1,0
GTUK / Apex Tech Scotland Ltd,INV-2018/1278,2018-07-02,2018,STH-MBC-22,2,i-Homes London,i-Homes London,Paid,Sales - STEALTH,STEALTH,150.0,1,0
GTUK / Apex Tech Scotland Ltd,INV-2018/1278,2018-07-02,2018,STH-B30G,1,i-Homes London,i-Homes London,Paid,Sales - STEALTH,STEALTH,650.0,1,0
GTUK / Apex Tech Scotland Ltd,INV-2018/1278,2018-07-02,2018,STH-MBC-30,2,i-Homes London,i-Homes London,Paid,Sales - STEALTH,STEALTH,150.0,1,0
GTUK / Apex Tech Scotland Ltd,INV-2018/1233,2018-07-09,2018,,1,James and Giles,James and Giles,Paid,Sales - DT SCREENS,DT SCREENS,3600.0,1,0
GTUK / Apex Tech Scotland Ltd,INV-2018/1233,2018-07-09,2018,BAR-BAL-CMR-B,1,James and Giles,James and Giles,Paid,Sales - BARCO,BARCO,20800.0,1,0
GTUK / Apex Tech Scotland Ltd,INV-2018/1233,2018-07-09,2018,BAR-BAL-LENS-CWAZ,1,James and Giles,James and Giles,Paid,Sales - BARCO,BARCO,1625.0,1,0
GTUK / Apex Tech Scotland Ltd,INV-2018/1233,2018-07-09,2018,DT-MMD,1,James and Giles,James and Giles,Paid,Sales - DT SCREENS,DT SCREENS,3720.0,1,0
GTUK / Apex Tech Scotland Ltd,INV-2018/1233,2018-07-09,2018,DT-DYN-2S-330,1,James and Giles,James and Giles,Paid,Sales - DT SCREENS,DT SCREENS,6600.0,1,0
GTUK / Apex Tech Scotland Ltd,INV-2018/1279,2018-07-10,2018,SD-SD1-TI,5,Pericom PLC,Pericom PLC,Paid,Sales - SOLID DRIVE,SOLID DRIVE,2100.0,1,0
GTUK / Apex Tech Scotland Ltd,INV-2018/1280,2018-07-12,2018,DT-FRNT-300,1,Rayleigh HiFi Southend,Rayleigh HiFi Southend,Paid,Sales - DT SCREENS,DT SCREENS,1440.0,1,0
GTUK / Apex Tech Scotland Ltd,INV-2018/1281,2018-07-12,2018,,1,SeriouslyCinema Limited,SeriouslyCinema Limited,Paid,Sales - PHASE TECHNOLOGY,PHASE TECHNOLOGY,8000.0,1,0
GTUK / Apex Tech Scotland Ltd,INV-2018/1280,2018-07-12,2018,,0,Rayleigh HiFi Southend,Rayleigh HiFi Southend,Paid,,,0.0,1,0
GTUK / Apex Tech Scotland Ltd,INV-2018/1280,2018-07-12,2018,,0,Rayleigh HiFi Southend,Rayleigh HiFi Southend,Paid,,,0.0,1,0
GTUK / Apex Tech Scotland Ltd,INV-2018/1282,2018-07-13,2018,STH-LR6G,1,Belgravia Home Tecnology,Belgravia Home Tecnology,Paid,Sales - STEALTH,STEALTH,550.0,1,0
GTUK / Apex Tech Scotland Ltd,INV-2018/1283,2018-07-17,2018,STH-LR6GS,1,Cornflake Ltd.,Cornflake Ltd.,Paid,Sales - STEALTH,STEALTH,275.0,1,0
GTUK / Apex Tech Scotland Ltd,INV-2018/1283,2018-07-17,2018,STH-MBX-12,1,Cornflake Ltd.,Cornflake Ltd.,Paid,Sales - STEALTH,STEALTH,75.0,1,0
GTUK / Apex Tech Scotland Ltd,INV-2018/1284,2018-07-19,2018,DT-CNTP-270,1,AV Deluxe,AV Deluxe,Paid,Sales - DT SCREENS,DT SCREENS,1140.0,1,0
GTUK / Apex Tech Scotland Ltd,INV-2018/1285,2018-07-25,2018,STH-MBX-12,1,Cornflake Ltd.,Cornflake Ltd.,Paid,Sales - STEALTH,STEALTH,75.0,1,0
GTUK / Apex Tech Scotland Ltd,INV-2018/1286,2018-07-31,2018,,1,Avio Limited,Avio Limited,Paid,Sales - BARCO,BARCO,350.0,1,0
GTUK / Apex Tech Scotland Ltd,INV-2018/1286,2018-07-31,2018,,1,Avio Limited,Avio Limited,Paid,Sales - BARCO,BARCO,-350.0,1,0
GTUK / Apex Tech Scotland Ltd,INV-2018/1288,2018-08-09,2018,DT-DYN-2TB-300,1,Homeplay Ltd,Homeplay Ltd,Paid,Sales - DT SCREENS,DT SCREENS,5000.0,1,0
GTUK / Apex Tech Scotland Ltd,INV-2018/1288,2018-08-09,2018,DT-DYN-AMO-300,1,Homeplay Ltd,Homeplay Ltd,Paid,Sales - DT SCREENS,DT SCREENS,2500.0,1,0
GTUK / Apex Tech Scotland Ltd,INV-2018/1288,2018-08-09,2018,,1,Homeplay Ltd,Homeplay Ltd,Paid,Sales - DT SCREENS,DT SCREENS,-400.0,1,0
GTUK / Apex Tech Scotland Ltd,INV-2018/1288,2018-08-09,2018,,1,Homeplay Ltd,Homeplay Ltd,Paid,Sales - DT SCREENS,DT SCREENS,-600.0,1,0
GTUK / Apex Tech Scotland Ltd,INV-2018/1289,2018-08-09,2018,,121,Homeplay Ltd,Homeplay Ltd,Paid,Sales - OTHERS,OTHERS,484.0,1,0
GTUK / Apex Tech Scotland Ltd,INV-2018/1289,2018-08-09,2018,CATS-Pack,4,Homeplay Ltd,Homeplay Ltd,Paid,Sales - CATS,CATS,960.0,1,0
GTUK / Apex Tech Scotland Ltd,INV-2018/1292,2018-08-15,2018,STH-LR8G,1,Fusion.One International Ltd,Fusion.One International Ltd,Paid,Sales - STEALTH,STEALTH,650.0,1,0
GTUK / Apex Tech Scotland Ltd,INV-2018/1292,2018-08-15,2018,STH-MBC-22,1,Fusion.One International Ltd,Fusion.One International Ltd,Paid,Sales - STEALTH,STEALTH,75.0,1,0
GTUK / Apex Tech Scotland Ltd,INV-2018/1293,2018-08-17,2018,STH-BX-12,2,Belgravia Home Tecnology,Belgravia Home Tecnology,Paid,Sales - STEALTH,STEALTH,150.0,1,0
GTUK / Apex Tech Scotland Ltd,INV-2018/1293,2018-08-17,2018,,0,Belgravia Home Tecnology,Belgravia Home Tecnology,Paid,,,0.0,1,0
GTUK / Apex Tech Scotland Ltd,INV-2018/1276,2018-08-21,2018,,0,Andrew Lucas London,Andrew Lucas London,Paid,,,0.0,1,0
GTUK / Apex Tech Scotland Ltd,INV-2018/1276,2018-08-21,2018,,6,Andrew Lucas London,Andrew Lucas London,Paid,Sales - SEATING,SEATING,12600.0,1,0
GTUK / Apex Tech Scotland Ltd,INV-2018/1276,2018-08-21,2018,,2,Andrew Lucas London,Andrew Lucas London,Paid,Sales - SEATING,SEATING,4860.0,1,0
GTUK / Apex Tech Scotland Ltd,INV-2018/1276,2018-08-21,2018,,1,Andrew Lucas London,Andrew Lucas London,Paid,Sales - SEATING,SEATING,2100.0,1,0
GTUK / Apex Tech Scotland Ltd,INV-2018/1276,2018-08-21,2018,,1,Andrew Lucas London,Andrew Lucas London,Paid,Sales - SEATING,SEATING,3260.0,1,0
GTUK / Apex Tech Scotland Ltd,INV-2018/1276,2018-08-21,2018,,0,Andrew Lucas London,Andrew Lucas London,Paid,,,0.0,1,0
GTUK / Apex Tech Scotland Ltd,INV-2018/1276,2018-08-21,2018,,0,Andrew Lucas London,Andrew Lucas London,Paid,,,0.0,1,0
GTUK / Apex Tech Scotland Ltd,INV-2018/1276,2018-08-21,2018,,0,Andrew Lucas London,Andrew Lucas London,Paid,,,0.0,1,0
GTUK / Apex Tech Scotland Ltd,INV-2018/1276,2018-08-21,2018,,0,Andrew Lucas London,Andrew Lucas London,Paid,,,0.0,1,0
GTUK / Apex Tech Scotland Ltd,INV-2018/1276,2018-08-21,2018,,0,Andrew Lucas London,Andrew Lucas London,Paid,,,0.0,1,0
GTUK / Apex Tech Scotland Ltd,INV-2018/1276,2018-08-21,2018,,0,Andrew Lucas London,Andrew Lucas London,Paid,,,0.0,1,0
GTUK / Apex Tech Scotland Ltd,INV-2018/1276,2018-08-21,2018,,0,Andrew Lucas London,Andrew Lucas London,Paid,,,0.0,1,0
GTUK / Apex Tech Scotland Ltd,INV-2018/1276,2018-08-21,2018,,0,Andrew Lucas London,Andrew Lucas London,Paid,,,0.0,1,0
GTUK / Apex Tech Scotland Ltd,INV-2018/1295,2018-08-29,2018,SD-SD1-TI,7,Pericom PLC,Pericom PLC,Paid,Sales - SOLID DRIVE,SOLID DRIVE,2940.0,1,0
GTUK / Apex Tech Scotland Ltd,INV-2018/1296,2018-08-30,2018,STH-LR8G,1,Fusion.One International Ltd,Fusion.One International Ltd,Paid,Sales - STEALTH,STEALTH,650.0,1,0
GTUK / Apex Tech Scotland Ltd,INV-2018/1287,2018-09-02,2018,STH-LR6G,21,Vivid Digital Retail,Vivid Digital Retail,Paid,Sales - STEALTH,STEALTH,10395.0,1,0
GTUK / Apex Tech Scotland Ltd,INV-2018/1287,2018-09-02,2018,STH-MBC-12,42,Vivid Digital Retail,Vivid Digital Retail,Paid,Sales - STEALTH,STEALTH,2835.0,1,0
GTUK / Apex Tech Scotland Ltd,INV-2018/1287,2018-09-02,2018,STH-CVXMR30,42,Vivid Digital Retail,Vivid Digital Retail,Paid,Sales - STEALTH,STEALTH,1890.0,1,0
GTUK / Apex Tech Scotland Ltd,INV-2018/1294,2018-09-06,2018,STH-SRAY8W,2,Meridian Audio Limited,Meridian Audio Limited,Paid,Sales - STEALTH,STEALTH,1440.0,1,0
GTUK / Apex Tech Scotland Ltd,INV-2018/1294,2018-09-06,2018,STH-SRAY430W,1,Meridian Audio Limited,Meridian Audio Limited,Paid,Sales - STEALTH,STEALTH,1400.0,1,0
GTUK / Apex Tech Scotland Ltd,INV-2018/1294,2018-09-06,2018,STH-SRAYM33,4,Meridian Audio Limited,Meridian Audio Limited,Paid,Sales - STEALTH,STEALTH,120.0,1,0
GTUK / Apex Tech Scotland Ltd,INV-2018/1294,2018-09-06,2018,,1,Meridian Audio Limited,Meridian Audio Limited,Paid,Sales - STEALTH,STEALTH,852.0,1,0
GTUK / Apex Tech Scotland Ltd,INV-2018/1299,2018-09-07,2018,,1,Pyramid Productions Services Limited,Pyramid Productions Services Limited,Paid,Sales - DT SCREENS,DT SCREENS,252.0,1,0
GTUK / Apex Tech Scotland Ltd,INV-2018/1300,2018-09-10,2018,BAR-HEL-LAMP-1,1,Cornflake Ltd.,Cornflake Ltd.,Paid,Sales - BARCO,BARCO,552.5,1,0
GTUK / Apex Tech Scotland Ltd,INV-2018/1300,2018-09-10,2018,BAR-HEL-LAMP-2,1,Cornflake Ltd.,Cornflake Ltd.,Paid,Sales - BARCO,BARCO,552.5,1,0
GTUK / Apex Tech Scotland Ltd,INV-2018/1298,2018-09-13,2018,SD-SD1-TI,10,Pericom PLC,Pericom PLC,Paid,Sales - SOLID DRIVE,SOLID DRIVE,4200.0,1,0
GTUK / Apex Tech Scotland Ltd,INV-2018/1302,2018-09-15,2018,DT-CNTP-300,1,The Cinema Company,The Cinema Company,Paid,Sales - DT SCREENS,DT SCREENS,1320.0,1,0
GTUK / Apex Tech Scotland Ltd,INV-2018/1303,2018-09-17,2018,DT-FRNT-270,1,Concept Clarity AV Limited,Concept Clarity AV Limited,Paid,Sales - DT SCREENS,DT SCREENS,1260.0,1,0
GTUK / Apex Tech Scotland Ltd,INV-2018/1305,2018-09-20,2018,SD-SD1-TI,5,Pericom PLC,Pericom PLC,Paid,Sales - SOLID DRIVE,SOLID DRIVE,2100.0,1,0
GTUK / Apex Tech Scotland Ltd,INV-2018/1307,2018-09-24,2018,STH-LR6G,1,Meridian Audio Limited,Meridian Audio Limited,Paid,Sales - STEALTH,STEALTH,440.0,1,0
GTUK / Apex Tech Scotland Ltd,INV-2018/1307,2018-09-24,2018,STH-BX-12,1,Meridian Audio Limited,Meridian Audio Limited,Paid,Sales - STEALTH,STEALTH,60.0,1,0
GTUK / Apex Tech Scotland Ltd,INV-2018/1308,2018-09-24,2018,CATS-DES-S,1,Clear AV Ltd t/a OKTO,Clear AV Ltd t/a OKTO,Paid,Sales - CATS,CATS,1500.0,1,0
GTUK / Apex Tech Scotland Ltd,INV-2018/1309,2018-09-27,2018,SD-SD1-TI,5,Pericom PLC,Pericom PLC,Paid,Sales - SOLID DRIVE,SOLID DRIVE,2100.0,1,0
GTUK / Apex Tech Scotland Ltd,INV-2018/1310,2018-09-27,2018,STH-LR6G,1,Vivid Digital Retail,Vivid Digital Retail,Paid,Sales - STEALTH,STEALTH,550.0,1,0
GTUK / Apex Tech Scotland Ltd,INV-2018/1310,2018-09-27,2018,STH-LR6GS,1,Vivid Digital Retail,Vivid Digital Retail,Paid,Sales - STEALTH,STEALTH,275.0,1,0
GTUK / Apex Tech Scotland Ltd,INV-2018/1310,2018-09-27,2018,STH-CVXMR30,3,Vivid Digital Retail,Vivid Digital Retail,Paid,Sales - STEALTH,STEALTH,150.0,1,0
GTUK / Apex Tech Scotland Ltd,INV-2018/1310,2018-09-27,2018,STH-MBC-12,3,Vivid Digital Retail,Vivid Digital Retail,Paid,Sales - STEALTH,STEALTH,225.0,1,0
GTUK / Apex Tech Scotland Ltd,INV-2018/1311,2018-10-01,2018,STH-LR8G,1,Emiror Research Limited,Emiror Research Limited,Paid,Sales - STEALTH,STEALTH,650.0,1,0
GTUK / Apex Tech Scotland Ltd,INV-2018/1312,2018-10-01,2018,STH-LR8G,1,i-Homes London,i-Homes London,Paid,Sales - STEALTH,STEALTH,650.0,1,0
GTUK / Apex Tech Scotland Ltd,INV-2018/1312,2018-10-01,2018,STH-MBC-22,2,i-Homes London,i-Homes London,Paid,Sales - STEALTH,STEALTH,150.0,1,0
GTUK / Apex Tech Scotland Ltd,INV-2018/1313,2018-10-04,2018,CATS-Pack,2,Adept Integrated Systems,Adept Integrated Systems,Paid,Sales - CATS,CATS,840.0,1,0
GTUK / Apex Tech Scotland Ltd,INV-2018/1313,2018-10-04,2018,,0,Adept Integrated Systems,Adept Integrated Systems,Paid,,,0.0,1,0
GTUK / Apex Tech Scotland Ltd,INV-2018/1314,2018-10-04,2018,DT-CNTP-240,1,New Wave AV Limited,New Wave AV Limited,Paid,Sales - DT SCREENS,DT SCREENS,1020.0,1,0
GTUK / Apex Tech Scotland Ltd,INV-2018/1314,2018-10-04,2018,,0,New Wave AV Limited,New Wave AV Limited,Paid,,,0.0,1,0
GTUK / Apex Tech Scotland Ltd,INV-2018/1315,2018-10-05,2018,SD-SD1-TI,5,Pericom PLC,Pericom PLC,Paid,Sales - SOLID DRIVE,SOLID DRIVE,2100.0,1,0
GTUK / Apex Tech Scotland Ltd,INV-2018/1304,2018-10-08,2018,DT-FRNT-390,1,Smartcomm Ltd,Smartcomm Ltd,Paid,Sales - DT SCREENS,DT SCREENS,2160.0,1,0
GTUK / Apex Tech Scotland Ltd,INV-2018/1304,2018-10-08,2018,,0,Smartcomm Ltd,Smartcomm Ltd,Paid,,,0.0,1,0
GTUK / Apex Tech Scotland Ltd,INV-2018/1316,2018-10-11,2018,,1,Automated Smart Homes,Automated Smart Homes,Paid,Sales - STEALTH,STEALTH,2550.0,1,0
GTUK / Apex Tech Scotland Ltd,INV-2018/1316,2018-10-11,2018,,1,Automated Smart Homes,Automated Smart Homes,Paid,Sales - STEALTH,STEALTH,1275.0,1,0
GTUK / Apex Tech Scotland Ltd,INV-2018/1316,2018-10-11,2018,STH-MBC-30,3,Automated Smart Homes,Automated Smart Homes,Paid,Sales - STEALTH,STEALTH,225.0,1,0
GTUK / Apex Tech Scotland Ltd,INV-2018/1316,2018-10-11,2018,STH-MBC-12,3,Automated Smart Homes,Automated Smart Homes,Paid,Sales - STEALTH,STEALTH,225.0,1,0
GTUK / Apex Tech Scotland Ltd,INV-2018/1317,2018-10-11,2018,STH-LR6G,1,Vivid Digital Retail,Vivid Digital Retail,Paid,Sales - STEALTH,STEALTH,550.0,1,0
GTUK / Apex Tech Scotland Ltd,INV-2018/1317,2018-10-11,2018,STH-LR6GS,1,Vivid Digital Retail,Vivid Digital Retail,Paid,Sales - STEALTH,STEALTH,275.0,1,0
GTUK / Apex Tech Scotland Ltd,INV-2018/1317,2018-10-11,2018,STH-CVXMR30,3,Vivid Digital Retail,Vivid Digital Retail,Paid,Sales - STEALTH,STEALTH,150.0,1,0
GTUK / Apex Tech Scotland Ltd,INV-2018/1317,2018-10-11,2018,STH-MBC-12,3,Vivid Digital Retail,Vivid Digital Retail,Paid,Sales - STEALTH,STEALTH,225.0,1,0
GTUK / Apex Tech Scotland Ltd,INV-2018/1318,2018-10-12,2018,STH-LRX83,1,Richard Rickwood,Richard Rickwood,Paid,Sales - STEALTH,STEALTH,900.0,1,0
GTUK / Apex Tech Scotland Ltd,INV-2018/1318,2018-10-12,2018,STH-MBC-22,5,Richard Rickwood,Richard Rickwood,Paid,Sales - STEALTH,STEALTH,375.0,1,0
GTUK / Apex Tech Scotland Ltd,INV-2018/1318,2018-10-12,2018,STH-LRX83,1,Richard Rickwood,Richard Rickwood,Paid,Sales - STEALTH,STEALTH,450.0,1,0
GTUK / Apex Tech Scotland Ltd,INV-2018/1318,2018-10-12,2018,STH-LR8G,1,Richard Rickwood,Richard Rickwood,Paid,Sales - STEALTH,STEALTH,650.0,1,0
GTUK / Apex Tech Scotland Ltd,INV-2018/1301,2018-10-15,2018,STH-LR6G,2,Hendry Electrical Contractors Ltd,Hendry Electrical Contractors Ltd,Paid,Sales - STEALTH,STEALTH,1100.0,1,0
GTUK / Apex Tech Scotland Ltd,INV-2018/1301,2018-10-15,2018,STH-LR6GS,1,Hendry Electrical Contractors Ltd,Hendry Electrical Contractors Ltd,Paid,Sales - STEALTH,STEALTH,275.0,1,0
GTUK / Apex Tech Scotland Ltd,INV-2018/1301,2018-10-15,2018,STH-MBC-12,5,Hendry Electrical Contractors Ltd,Hendry Electrical Contractors Ltd,Paid,Sales - STEALTH,STEALTH,375.0,1,0
GTUK / Apex Tech Scotland Ltd,INV-2018/1301,2018-10-15,2018,STH-CVXMR15,5,Hendry Electrical Contractors Ltd,Hendry Electrical Contractors Ltd,Paid,Sales - STEALTH,STEALTH,250.0,1,0
GTUK / Apex Tech Scotland Ltd,INV-2018/1319,2018-10-19,2018,,4,Pyramid Productions Services Limited,Pyramid Productions Services Limited,Paid,Sales - SEATING,SEATING,2120.0,1,0
GTUK / Apex Tech Scotland Ltd,INV-2018/1319,2018-10-19,2018,,7,Pyramid Productions Services Limited,Pyramid Productions Services Limited,Paid,Sales - SEATING,SEATING,11970.0,1,0
GTUK / Apex Tech Scotland Ltd,INV-2018/1319,2018-10-19,2018,,4,Pyramid Productions Services Limited,Pyramid Productions Services Limited,Paid,Sales - SEATING,SEATING,2120.0,1,0
GTUK / Apex Tech Scotland Ltd,INV-2018/1319,2018-10-19,2018,,7,Pyramid Productions Services Limited,Pyramid Productions Services Limited,Paid,Sales - SEATING,SEATING,1400.0,1,0
GTUK / Apex Tech Scotland Ltd,INV-2018/1319,2018-10-19,2018,,1,Pyramid Productions Services Limited,Pyramid Productions Services Limited,Paid,Sales - OTHERS,OTHERS,2200.0,1,0
GTUK / Apex Tech Scotland Ltd,INV-2018/1319,2018-10-19,2018,,0,Pyramid Productions Services Limited,Pyramid Productions Services Limited,Paid,,,0.0,1,0
GTUK / Apex Tech Scotland Ltd,INV-2018/1320,2018-10-23,2018,CATS-Pack,5,Clever Association,Clever Association,Paid,Sales - CATS,CATS,2100.0,1,0
GTUK / Apex Tech Scotland Ltd,INV-2018/1264,2018-10-25,2018,BAR-BAL-CMR-B,1,Piquant Design Ltd,Piquant Design Ltd,Paid,Sales - BARCO,BARCO,20800.0,1,0
GTUK / Apex Tech Scotland Ltd,INV-2018/1264,2018-10-25,2018,BAR-BAL-LENS-CWAZ,1,Piquant Design Ltd,Piquant Design Ltd,Paid,Sales - BARCO,BARCO,1625.0,1,0
GTUK / Apex Tech Scotland Ltd,INV-2018/1321,2018-10-30,2018,STH-MBX-22,2,i-Homes London,i-Homes London,Paid,Sales - STEALTH,STEALTH,150.0,1,0
GTUK / Apex Tech Scotland Ltd,INV-2018/1321,2018-10-30,2018,,1,i-Homes London,i-Homes London,Paid,Sales - DT SCREENS,DT SCREENS,50.0,1,0
GTUK / Apex Tech Scotland Ltd,INV-2018/1321,2018-10-30,2018,STH-LR6GS,1,i-Homes London,i-Homes London,Paid,Sales - STEALTH,STEALTH,275.0,1,0
GTUK / Apex Tech Scotland Ltd,INV-2018/1291,2018-11-05,2018,ACU-A2007,2,KJ West One,KJ West One,Paid,Sales - ACURUS,ACURUS,6600.0,1,0
GTUK / Apex Tech Scotland Ltd,INV-2018/1291,2018-11-05,2018,ACU-ARM2,2,KJ West One,KJ West One,Paid,Sales - ACURUS,ACURUS,420.0,1,0
GTUK / Apex Tech Scotland Ltd,INV-2018/1297,2018-11-05,2018,DT-FRNT-240,1,Cornflake Ltd.,Cornflake Ltd.,Paid,Sales - DT SCREENS,DT SCREENS,1140.0,1,0
GTUK / Apex Tech Scotland Ltd,INV-2018/1297,2018-11-05,2018,,0,Cornflake Ltd.,Cornflake Ltd.,Paid,,,0.0,1,0
GTUK / Apex Tech Scotland Ltd,INV-2018/1323,2018-11-07,2018,ACU-ACT4,1,R.M.C. London Ltd,R.M.C. London Ltd,Paid,Sales - ACURUS,ACURUS,3075.0,1,0
GTUK / Apex Tech Scotland Ltd,INV-2018/1323,2018-11-07,2018,ACU-SCORPION,1,R.M.C. London Ltd,R.M.C. London Ltd,Paid,Sales - ACURUS,ACURUS,1260.0,1,0
GTUK / Apex Tech Scotland Ltd,INV-2018/1323,2018-11-07,2018,,1,R.M.C. London Ltd,R.M.C. London Ltd,Paid,,,0.0,1,0
GTUK / Apex Tech Scotland Ltd,INV-2018/1325,2018-11-14,2018,DT-FRNT-330,1,Just Add Popcorn Limited,Just Add Popcorn Limited,Paid,Sales - DT SCREENS,DT SCREENS,1680.0,1,0
GTUK / Apex Tech Scotland Ltd,INV-2018/1325,2018-11-14,2018,,0,Just Add Popcorn Limited,Just Add Popcorn Limited,Paid,,,0.0,1,0
GTUK / Apex Tech Scotland Ltd,INV-2018/1322,2018-11-21,2018,SD-SD1-TI,5,Pericom PLC,Pericom PLC,Paid,Sales - SOLID DRIVE,SOLID DRIVE,2100.0,1,0
GTUK / Apex Tech Scotland Ltd,INV-2018/1328,2018-11-22,2018,DT-FRNT-330,1,Green Bean,Green Bean,Paid,Sales - DT SCREENS,DT SCREENS,1680.0,1,0
GTUK / Apex Tech Scotland Ltd,INV-2018/1327,2018-12-03,2018,DT-FRNT-300,1,Clever Association,Clever Association,Paid,Sales - DT SCREENS,DT SCREENS,1440.0,1,0
GTUK / Apex Tech Scotland Ltd,INV-2018/1334,2018-12-10,2018,,1,KJ West One,KJ West One,Paid,Sales - CATS,CATS,1200.0,1,0
GTUK / Apex Tech Scotland Ltd,INV-2018/1334,2018-12-10,2018,,1.5,KJ West One,KJ West One,Paid,Sales - CATS,CATS,585.0,1,0
GTUK / Apex Tech Scotland Ltd,INV-2018/1335,2018-12-11,2018,STH-LR6G,2,Fusion.One International Ltd,Fusion.One International Ltd,Paid,Sales - STEALTH,STEALTH,1100.0,1,0
GTUK / Apex Tech Scotland Ltd,INV-2018/1335,2018-12-11,2018,STH-MBC-12,4,Fusion.One International Ltd,Fusion.One International Ltd,Paid,Sales - STEALTH,STEALTH,300.0,1,0
GTUK / Apex Tech Scotland Ltd,INV-2018/1329,2018-12-14,2018,DT-CNTP-330,1,Pyramid Productions Services Limited,Pyramid Productions Services Limited,Paid,Sales - DT SCREENS,DT SCREENS,1560.0,1,0
GTUK / Apex Tech Scotland Ltd,INV-2018/1329,2018-12-14,2018,,0,Pyramid Productions Services Limited,Pyramid Productions Services Limited,Paid,,,0.0,1,0
GTUK / Apex Tech Scotland Ltd,INV-2018/1338,2018-12-18,2018,STH-255,1,i-Homes London,i-Homes London,Paid,Sales - STEALTH,STEALTH,450.0,1,0
GTUK / Apex Tech Scotland Ltd,INV-2018/1339,2018-12-19,2018,STH-MBC-12,4,Fusion.One International Ltd,Fusion.One International Ltd,Paid,Sales - STEALTH,STEALTH,300.0,1,0
GTUK / Apex Tech Scotland Ltd,INV-2018/1340,2018-12-19,2018,STH-LR6G,2,Fusion.One International Ltd,Fusion.One International Ltd,Paid,Sales - STEALTH,STEALTH,1100.0,1,0
GTUK / Apex Tech Scotland Ltd,CN-2018/1356,2018-12-19,2018,STH-LR6G,2,Fusion.One International Ltd,Fusion.One International Ltd,Paid,Sales - STEALTH,STEALTH,-1100.0,1,0
GTUK / Apex Tech Scotland Ltd,CN-2018/1357,2018-12-19,2018,STH-MBC-12,4,Fusion.One International Ltd,Fusion.One International Ltd,Paid,Sales - STEALTH,STEALTH,-300.0,1,0
GTUK / Apex Tech Scotland Ltd,INV-2018/1333,2018-12-20,2018,STH-LR8G,5,Smartcomm Ltd,Smartcomm Ltd,Paid,Sales - STEALTH,STEALTH,3250.0,1,0
GTUK / Apex Tech Scotland Ltd,INV-2018/1333,2018-12-20,2018,STH-LR8GS,1,Smartcomm Ltd,Smartcomm Ltd,Paid,Sales - STEALTH,STEALTH,325.0,1,0
GTUK / Apex Tech Scotland Ltd,INV-2018/1333,2018-12-20,2018,STH-MBX-22,11,Smartcomm Ltd,Smartcomm Ltd,Paid,Sales - STEALTH,STEALTH,825.0,1,0
GTUK / Apex Tech Scotland Ltd,INV-2018/1333,2018-12-20,2018,STH-B30G,6,Smartcomm Ltd,Smartcomm Ltd,Paid,Sales - STEALTH,STEALTH,3900.0,1,0
GTUK / Apex Tech Scotland Ltd,INV-2018/1333,2018-12-20,2018,STH-MBX-30,11,Smartcomm Ltd,Smartcomm Ltd,Paid,Sales - STEALTH,STEALTH,825.0,1,0
GTUK / Apex Tech Scotland Ltd,INV-2018/1333,2018-12-20,2018,STH-CVXMR30,22,Smartcomm Ltd,Smartcomm Ltd,Paid,Sales - STEALTH,STEALTH,1100.0,1,0
GTUK / Apex Tech Scotland Ltd,INV-2018/1341,2018-12-20,2018,BAR-OPT-LAMP,1,Azro Limited,Azro Limited,Paid,Sales - BARCO,BARCO,390.0,1,0
GTUK / Apex Tech Scotland Ltd,INV-2018/1343,2019-01-03,2019,DT-FRNT-270,1,Rayleigh HiFi Southend,Rayleigh HiFi Southend,Paid,Sales - DT SCREENS,DT SCREENS,1260.0,1,0
GTUK / Apex Tech Scotland Ltd,INV-2018/1344,2019-01-03,2019,SD-SD1-TI,5,Pericom PLC,Pericom PLC,Paid,Sales - SOLID DRIVE,SOLID DRIVE,2100.0,1,0
GTUK / Apex Tech Scotland Ltd,INV-2018/1337,2019-01-04,2019,STH-LR6G,10,Hendry Electrical Contractors Ltd,Hendry Electrical Contractors Ltd,Paid,Sales - STEALTH,STEALTH,5500.0,1,0
GTUK / Apex Tech Scotland Ltd,INV-2018/1337,2019-01-04,2019,STH-MBC-12,20,Hendry Electrical Contractors Ltd,Hendry Electrical Contractors Ltd,Paid,Sales - STEALTH,STEALTH,1500.0,1,0
GTUK / Apex Tech Scotland Ltd,INV-2018/1337,2019-01-04,2019,STH-CVXMR30,20,Hendry Electrical Contractors Ltd,Hendry Electrical Contractors Ltd,Paid,Sales - STEALTH,STEALTH,1000.0,1,0
GTUK / Apex Tech Scotland Ltd,INV-2018/1342,2019-01-04,2019,STH-LR6G,6,Vivid Digital Retail,Vivid Digital Retail,Paid,Sales - STEALTH,STEALTH,3300.0,1,0
GTUK / Apex Tech Scotland Ltd,INV-2018/1342,2019-01-04,2019,STH-CVXMR30,12,Vivid Digital Retail,Vivid Digital Retail,Paid,Sales - STEALTH,STEALTH,600.0,1,0
GTUK / Apex Tech Scotland Ltd,INV-2018/1342,2019-01-04,2019,STH-MBC-12,12,Vivid Digital Retail,Vivid Digital Retail,Paid,Sales - STEALTH,STEALTH,900.0,1,0
GTUK / Apex Tech Scotland Ltd,INV-2018/1345,2019-01-09,2019,DT-FRNT-240,1,Ashway Smart Homes,Ashway Smart Homes,Paid,Sales - DT SCREENS,DT SCREENS,855.0,1,0
GTUK / Apex Tech Scotland Ltd,INV-2018/1346,2019-01-14,2019,DT-FRNT-330,1,LUMIERE SOLUTIONS LTD,LUMIERE SOLUTIONS LTD,Paid,Sales - DT SCREENS,DT SCREENS,1680.0,1,0
GTUK / Apex Tech Scotland Ltd,INV-2018/1347,2019-01-15,2019,STH-LR6G,1,Meridian Audio Limited,Meridian Audio Limited,Paid,Sales - STEALTH,STEALTH,440.0,1,0
GTUK / Apex Tech Scotland Ltd,INV-2018/1347,2019-01-15,2019,STH-BX-12,2,Meridian Audio Limited,Meridian Audio Limited,Paid,Sales - STEALTH,STEALTH,120.0,1,0
GTUK / Apex Tech Scotland Ltd,INV-2018/1348,2019-01-16,2019,BAR-LOK-HT-B,1,Tillman Domotics,Tillman Domotics,Paid,Sales - BARCO,BARCO,31200.0,1,0
GTUK / Apex Tech Scotland Ltd,INV-2018/1348,2019-01-16,2019,BAR-LOK-LENS-S,1,Tillman Domotics,Tillman Domotics,Paid,,,0.0,1,0
GTUK / Apex Tech Scotland Ltd,INV-2018/1348,2019-01-16,2019,BAR-BAL-CMR-B,1,Tillman Domotics,Tillman Domotics,Paid,Sales - BARCO,BARCO,20800.0,1,0
GTUK / Apex Tech Scotland Ltd,INV-2018/1348,2019-01-16,2019,BAR-BAL-LENS-LTZ,1,Tillman Domotics,Tillman Domotics,Paid,Sales - BARCO,BARCO,1625.0,1,0
GTUK / Apex Tech Scotland Ltd,INV-2018/1348,2019-01-16,2019,,1,Tillman Domotics,Tillman Domotics,Paid,,,0.0,1,0
GTUK / Apex Tech Scotland Ltd,INV-2018/1348,2019-01-16,2019,DT-PHG-2,1,Tillman Domotics,Tillman Domotics,Paid,Sales - DT SCREENS,DT SCREENS,-1800.0,1,0
GTUK / Apex Tech Scotland Ltd,INV-2018/1350,2019-01-17,2019,,0,Andrew Lucas London,Andrew Lucas London,Approved,,,0.0,1,0
GTUK / Apex Tech Scotland Ltd,INV-2018/1351,2019-01-17,2019,,0,Andrew Lucas London,Andrew Lucas London,Approved,,,0.0,1,0
GTUK / Apex Tech Scotland Ltd,INV-2018/1352,2019-01-18,2019,BAR-PROM1-LAMP,1,Audio Alpha Ltd,Audio Alpha Ltd,Paid,Sales - BARCO,BARCO,975.0,1,0
GTUK / Apex Tech Scotland Ltd,INV-2018/1353,2019-01-18,2019,BAR-MED-MR-B,1,LiveSmarter Ltd,LiveSmarter Ltd,Paid,Sales - BARCO,BARCO,12100.0,1,0
GTUK / Apex Tech Scotland Ltd,INV-2018/1353,2019-01-18,2019,BAR-MED-LENS-S,1,LiveSmarter Ltd,LiveSmarter Ltd,Paid,,,0.0,1,0
GTUK / Apex Tech Scotland Ltd,CN-2018/1358,2019-02-11,2019,STH-LR6G,6,Vivid Digital Retail,Vivid Digital Retail,Paid,Sales - STEALTH,STEALTH,-330.0,1,0
GTUK / Apex Tech Scotland Ltd,CN-2018/1358,2019-02-11,2019,STH-CVXMR30,12,Vivid Digital Retail,Vivid Digital Retail,Paid,Sales - STEALTH,STEALTH,-60.0,1,0
GTUK / Apex Tech Scotland Ltd,CN-2018/1358,2019-02-11,2019,STH-MBC-12,12,Vivid Digital Retail,Vivid Digital Retail,Paid,Sales - STEALTH,STEALTH,-90.0,1,0
GTUK / Apex Tech Scotland Ltd,INV-2018/1359,2019-02-14,2019,BAR-LOK-CHT-B,1,Perfect Integration,Perfect Integration,Paid,Sales - BARCO,BARCO,32110.0,1,0
GTUK / Apex Tech Scotland Ltd,INV-2018/1359,2019-02-14,2019,,0,Perfect Integration,Perfect Integration,Paid,,,0.0,1,0
GTUK / Apex Tech Scotland Ltd,INV-2018/1359,2019-02-14,2019,BAR-LOK-LENS-CS,1,Perfect Integration,Perfect Integration,Paid,,,0.0,1,0
GTUK / Apex Tech Scotland Ltd,INV-2018/1359,2019-02-14,2019,DT-VMM-UP,1,Perfect Integration,Perfect Integration,Paid,Sales - DT SCREENS,DT SCREENS,1500.0,1,0
GTUK / Apex Tech Scotland Ltd,INV-2018/1360,2019-02-18,2019,DT-CNTP-300,1,New Wave AV Limited,New Wave AV Limited,Paid,Sales - DT SCREENS,DT SCREENS,1320.0,1,0
GTUK / Apex Tech Scotland Ltd,INV-2018/1360,2019-02-18,2019,,0,New Wave AV Limited,New Wave AV Limited,Paid,,,0.0,1,0
GTUK / Apex Tech Scotland Ltd,INV-2018/1360,2019-02-18,2019,,0,New Wave AV Limited,New Wave AV Limited,Paid,,,0.0,1,0
GTUK / Apex Tech Scotland Ltd,INV-2018/1361,2019-02-19,2019,BAR-LOK-MR-B,1,LiveSmarter Ltd,LiveSmarter Ltd,Paid,Sales - BARCO,BARCO,31200.0,1,0
GTUK / Apex Tech Scotland Ltd,INV-2018/1361,2019-02-19,2019,BAR-LOK-LENS-WAZ,1,LiveSmarter Ltd,LiveSmarter Ltd,Paid,Sales - BARCO,BARCO,1625.0,1,0
GTUK / Apex Tech Scotland Ltd,INV-2018/1361,2019-02-19,2019,DT-FRNT-420,1,LiveSmarter Ltd,LiveSmarter Ltd,Paid,Sales - DT SCREENS,DT SCREENS,2400.0,1,0
GTUK / Apex Tech Scotland Ltd,INV-2018/1361,2019-02-19,2019,DT-ACM,1,LiveSmarter Ltd,LiveSmarter Ltd,Paid,Sales - DT SCREENS,DT SCREENS,900.0,1,0
GTUK / Apex Tech Scotland Ltd,INV-2018/1362,2019-02-20,2019,DT-DYN-2TB-300,1,Liongate Electronics Ltd,Liongate Electronics Ltd,Paid,Sales - DT SCREENS,DT SCREENS,6000.0,1,0
GTUK / Apex Tech Scotland Ltd,INV-2018/1362,2019-02-20,2019,,0,Liongate Electronics Ltd,Liongate Electronics Ltd,Paid,,,0.0,1,0
GTUK / Apex Tech Scotland Ltd,INV-2018/1362,2019-02-20,2019,,0,Liongate Electronics Ltd,Liongate Electronics Ltd,Paid,,,0.0,1,0
GTUK / Apex Tech Scotland Ltd,INV-2018/1363,2019-02-21,2019,STH-LRX83,2,Meridian Audio Limited,Meridian Audio Limited,Paid,Sales - STEALTH,STEALTH,1440.0,1,0
GTUK / Apex Tech Scotland Ltd,INV-2018/1363,2019-02-21,2019,STH-BX-22,4,Meridian Audio Limited,Meridian Audio Limited,Paid,Sales - STEALTH,STEALTH,240.0,1,0
GTUK / Apex Tech Scotland Ltd,INV-2018/1364,2019-02-28,2019,,1,AT&C Professional Systems Ltd,AT&C Professional Systems Ltd,Paid,Sales - STEALTH,STEALTH,150.0,1,0
GTUK / Apex Tech Scotland Ltd,INV-2018/1365,2019-02-28,2019,,2,Fusion.One International Ltd,Fusion.One International Ltd,Paid,Sales - NEXTGENTECH,NEXTGENTECH,3640.0,1,0
GTUK / Apex Tech Scotland Ltd,INV-2018/1365,2019-02-28,2019,,2,Fusion.One International Ltd,Fusion.One International Ltd,Paid,Sales - NEXTGENTECH,NEXTGENTECH,2014.0,1,0
GTUK / Apex Tech Scotland Ltd,INV-2018/1365,2019-02-28,2019,,2,Fusion.One International Ltd,Fusion.One International Ltd,Paid,,,0.0,1,0
GTUK / Apex Tech Scotland Ltd,INV-2018/1365,2019-02-28,2019,,2,Fusion.One International Ltd,Fusion.One International Ltd,Paid,,,0.0,1,0
GTUK / Apex Tech Scotland Ltd,INV-2018/1365,2019-02-28,2019,,1,Fusion.One International Ltd,Fusion.One International Ltd,Paid,Sales - NEXTGENTECH,NEXTGENTECH,124.0,1,0
GTUK / Apex Tech Scotland Ltd,INV-2018/1365,2019-02-28,2019,,1,Fusion.One International Ltd,Fusion.One International Ltd,Paid,Sales - NEXTGENTECH,NEXTGENTECH,124.0,1,0
GTUK / Apex Tech Scotland Ltd,INV-2018/1365,2019-02-28,2019,,3,Fusion.One International Ltd,Fusion.One International Ltd,Paid,Sales - NEXTGENTECH,NEXTGENTECH,3900.0,1,0
GTUK / Apex Tech Scotland Ltd,INV-2018/1365,2019-02-28,2019,,3,Fusion.One International Ltd,Fusion.One International Ltd,Paid,Sales - NEXTGENTECH,NEXTGENTECH,126.75,1,0
GTUK / Apex Tech Scotland Ltd,INV-2018/1365,2019-02-28,2019,,13,Fusion.One International Ltd,Fusion.One International Ltd,Paid,Sales - NEXTGENTECH,NEXTGENTECH,20702.5,1,0
GTUK / Apex Tech Scotland Ltd,INV-2018/1365,2019-02-28,2019,,1,Fusion.One International Ltd,Fusion.One International Ltd,Paid,Sales - NEXTGENTECH,NEXTGENTECH,810.0,1,0
GTUK / Apex Tech Scotland Ltd,INV-2018/1365,2019-02-28,2019,,0,Fusion.One International Ltd,Fusion.One International Ltd,Paid,,,0.0,1,0
GTUK / Apex Tech Scotland Ltd,INV-2018/1366,2019-03-04,2019,DT-ACM,1,LiveSmarter Ltd,LiveSmarter Ltd,Paid,Sales - DT SCREENS,DT SCREENS,900.0,1,0
GTUK / Apex Tech Scotland Ltd,INV-2018/1366,2019-03-04,2019,,0,LiveSmarter Ltd,LiveSmarter Ltd,Paid,,,0.0,1,0
GTUK / Apex Tech Scotland Ltd,INV-2018/1366,2019-03-04,2019,,1,LiveSmarter Ltd,LiveSmarter Ltd,Paid,Sales - DT SCREENS,DT SCREENS,375.0,1,0
GTUK / Apex Tech Scotland Ltd,INV-2018/1366,2019-03-04,2019,,0,LiveSmarter Ltd,LiveSmarter Ltd,Paid,,,0.0,1,0
GTUK / Apex Tech Scotland Ltd,INV-2018/1369,2019-03-05,2019,STH-LR3G,1,Total Solutions,Total Solutions,Paid,Sales - STEALTH,STEALTH,1100.0,1,0
GTUK / Apex Tech Scotland Ltd,INV-2018/1369,2019-03-05,2019,STH-MBC-30,4,Total Solutions,Total Solutions,Paid,Sales - STEALTH,STEALTH,300.0,1,0
GTUK / Apex Tech Scotland Ltd,INV-2018/1369,2019-03-05,2019,STH-MBC-12,2,Total Solutions,Total Solutions,Paid,Sales - STEALTH,STEALTH,150.0,1,0
GTUK / Apex Tech Scotland Ltd,INV-2018/1369,2019-03-05,2019,,1,Total Solutions,Total Solutions,Paid,Sales - STEALTH,STEALTH,2550.0,1,0
GTUK / Apex Tech Scotland Ltd,INV-2018/1369,2019-03-05,2019,,1,Total Solutions,Total Solutions,Paid,Sales - STEALTH,STEALTH,-850.0,1,0
GTUK / Apex Tech Scotland Ltd,INV-2018/1370,2019-03-11,2019,DT-FRNT-300,1,Paragon Technology Solutions LTD,Paragon Technology Solutions LTD,Paid,Sales - DT SCREENS,DT SCREENS,1440.0,1,0
GTUK / Apex Tech Scotland Ltd,INV-2018/1370,2019-03-11,2019,,0,Paragon Technology Solutions LTD,Paragon Technology Solutions LTD,Paid,,,0.0,1,0
GTUK / Apex Tech Scotland Ltd,INV-2018/1370,2019-03-11,2019,,0,Paragon Technology Solutions LTD,Paragon Technology Solutions LTD,Paid,,,0.0,1,0
GTUK / Apex Tech Scotland Ltd,INV-2018/1336,2019-03-14,2019,BAR-MED-MR-B,1,Home Control Solutions,Home Control Solutions,Paid,Sales - BARCO,BARCO,14300.0,1,0
GTUK / Apex Tech Scotland Ltd,INV-2018/1336,2019-03-14,2019,BAR-MED-LENS-S,1,Home Control Solutions,Home Control Solutions,Paid,,,0.0,1,0
GTUK / Apex Tech Scotland Ltd,INV-2018/1336,2019-03-14,2019,,1,Home Control Solutions,Home Control Solutions,Paid,Sales - ACURUS,ACURUS,6750.0,1,0
GTUK / Apex Tech Scotland Ltd,INV-2018/1336,2019-03-14,2019,ACU-A2007,1,Home Control Solutions,Home Control Solutions,Paid,Sales - ACURUS,ACURUS,3300.0,1,0
GTUK / Apex Tech Scotland Ltd,INV-2018/1336,2019-03-14,2019,ACU-A2007,1,Home Control Solutions,Home Control Solutions,Paid,Sales - ACURUS,ACURUS,2750.0,1,0
GTUK / Apex Tech Scotland Ltd,INV-2018/1336,2019-03-14,2019,ACU-ARM2,2,Home Control Solutions,Home Control Solutions,Paid,Sales - ACURUS,ACURUS,420.0,1,0
GTUK / Apex Tech Scotland Ltd,INV-2018/1336,2019-03-14,2019,DT-FRNT-330,1,Home Control Solutions,Home Control Solutions,Paid,Sales - DT SCREENS,DT SCREENS,1680.0,1,0
GTUK / Apex Tech Scotland Ltd,INV-2018/1336,2019-03-14,2019,,1,Home Control Solutions,Home Control Solutions,Paid,Sales - DT SCREENS,DT SCREENS,300.0,1,0
GTUK / Apex Tech Scotland Ltd,INV-2018/1336,2019-03-14,2019,DT-MMD,1,Home Control Solutions,Home Control Solutions,Paid,Sales - DT SCREENS,DT SCREENS,-3720.0,1,0
GTUK / Apex Tech Scotland Ltd,INV-2018/1371,2019-03-17,2019,DT-PHG-1,1,SMC,SMC,Approved,Sales - DT SCREENS,DT SCREENS,1500.0,1,0
GTUK / Apex Tech Scotland Ltd,INV-2018/1371,2019-03-17,2019,,0,SMC,SMC,Approved,,,0.0,1,0
GTUK / Apex Tech Scotland Ltd,INV-2018/1372,2019-03-19,2019,,1,Arrow AV,Arrow AV,Paid,Sales - DT SCREENS,DT SCREENS,15120.0,1,0
GTUK / Apex Tech Scotland Ltd,INV-2018/1372,2019-03-19,2019,,0,Arrow AV,Arrow AV,Paid,,,0.0,1,0
GTUK / Apex Tech Scotland Ltd,INV-2018/1355,2019-03-19,2019,STH-LR8G,55,What You See And Hear Limited,What You See And Hear Limited,Approved,Sales - STEALTH,STEALTH,28600.0,1,0
GTUK / Apex Tech Scotland Ltd,INV-2018/1355,2019-03-19,2019,STH-MBC-22,110,What You See And Hear Limited,What You See And Hear Limited,Approved,Sales - STEALTH,STEALTH,6600.0,1,0
GTUK / Apex Tech Scotland Ltd,INV-2018/1355,2019-03-19,2019,STH-LR6G,4,What You See And Hear Limited,What You See And Hear Limited,Approved,Sales - STEALTH,STEALTH,1760.0,1,0
GTUK / Apex Tech Scotland Ltd,INV-2018/1355,2019-03-19,2019,STH-MBC-12,8,What You See And Hear Limited,What You See And Hear Limited,Approved,Sales - STEALTH,STEALTH,480.0,1,0
GTUK / Apex Tech Scotland Ltd,INV-2018/1355,2019-03-19,2019,STH-SLR8G,2,What You See And Hear Limited,What You See And Hear Limited,Approved,Sales - STEALTH,STEALTH,880.0,1,0
GTUK / Apex Tech Scotland Ltd,INV-2018/1355,2019-03-19,2019,STH-MBC-22,2,What You See And Hear Limited,What You See And Hear Limited,Approved,Sales - STEALTH,STEALTH,120.0,1,0
GTUK / Apex Tech Scotland Ltd,INV-2018/1373,2019-03-21,2019,STH-LR6G,3,Audio Alpha Ltd,Audio Alpha Ltd,Approved,Sales - STEALTH,STEALTH,1650.0,1,0
GTUK / Apex Tech Scotland Ltd,INV-2018/1374,2019-03-21,2019,STH-LR8GS,1,AT&C Professional Systems Ltd,AT&C Professional Systems Ltd,Paid,Sales - STEALTH,STEALTH,325.0,1,0
GTUK / Apex Tech Scotland Ltd,INV-2018/1374,2019-03-21,2019,STH-BX-22,7,AT&C Professional Systems Ltd,AT&C Professional Systems Ltd,Paid,Sales - STEALTH,STEALTH,525.0,1,0
GTUK / Apex Tech Scotland Ltd,INV-2018/1374,2019-03-21,2019,,0,AT&C Professional Systems Ltd,AT&C Professional Systems Ltd,Paid,,,0.0,1,0
GTUK / Apex Tech Scotland Ltd,INV-2018/1375,2019-03-21,2019,DT-DYN-2S-330,1,Dataflow AV Ltd.,Dataflow AV Ltd.,Paid,Sales - DT SCREENS,DT SCREENS,6600.0,1,0
GTUK / Apex Tech Scotland Ltd,INV-2018/1375,2019-03-21,2019,,0,Dataflow AV Ltd.,Dataflow AV Ltd.,Paid,,,0.0,1,0
GTUK / Apex Tech Scotland Ltd,INV-2018/1376,2019-03-21,2019,STH-LR6G,6,SI Electrical,SI Electrical,Paid,Sales - STEALTH,STEALTH,4950.0,1,0
GTUK / Apex Tech Scotland Ltd,INV-2018/1375,2019-03-21,2019,,0,Dataflow AV Ltd.,Dataflow AV Ltd.,Paid,,,0.0,1,0
GTUK / Apex Tech Scotland Ltd,INV-2018/1330,2019-03-25,2019,BAR-BAL-MR-B,1,Smartcomm Ltd,Smartcomm Ltd,Approved,Sales - BARCO,BARCO,19500.0,1,0
GTUK / Apex Tech Scotland Ltd,INV-2018/1330,2019-03-25,2019,DT-DYN-4-450,1,Smartcomm Ltd,Smartcomm Ltd,Approved,Sales - DT SCREENS,DT SCREENS,13800.0,1,0
GTUK / Apex Tech Scotland Ltd,INV-2018/1330,2019-03-25,2019,BAR-BAL-LENS-LTZ,1,Smartcomm Ltd,Smartcomm Ltd,Approved,Sales - BARCO,BARCO,1625.0,1,0
GTUK / Apex Tech Scotland Ltd,INV-2018/1330,2019-03-25,2019,,0,Smartcomm Ltd,Smartcomm Ltd,Approved,,,0.0,1,0
GTUK / Apex Tech Scotland Ltd,INV-2018/1377,2019-03-26,2019,STH-LR8GS,1,AT&C Professional Systems Ltd,AT&C Professional Systems Ltd,Paid,Sales - STEALTH,STEALTH,325.0,1,0
GTUK / Apex Tech Scotland Ltd,INV-2018/1377,2019-03-26,2019,STH-MBC-22,7,AT&C Professional Systems Ltd,AT&C Professional Systems Ltd,Paid,Sales - STEALTH,STEALTH,525.0,1,0
GTUK / Apex Tech Scotland Ltd,INV-2018/1377,2019-03-26,2019,,0,AT&C Professional Systems Ltd,AT&C Professional Systems Ltd,Paid,,,0.0,1,0
GTUK / Apex Tech Scotland Ltd,INV-2018/1378,2019-03-27,2019,SD-SD1-TI,7,Pericom PLC,Pericom PLC,Approved,Sales - SOLID DRIVE,SOLID DRIVE,2940.0,1,0
GTUK / Apex Tech Scotland Ltd,INV-2018/1379,2019-03-27,2019,STH-B30G,1,Smartcomm Ltd,Smartcomm Ltd,Approved,Sales - STEALTH,STEALTH,650.0,1,0
GTUK / Apex Tech Scotland Ltd,INV-2018/1380,2019-03-28,2019,,2,SMC,SMC,Approved,Sales - DT SCREENS,DT SCREENS,1920.0,1,0
GTUK / Apex Tech Scotland Ltd,INV-2018/1380,2019-03-28,2019,,0,SMC,SMC,Approved,,,0.0,1,0
GTUK / Apex Tech Scotland Ltd,INV-2018/1380,2019-03-28,2019,,1,SMC,SMC,Approved,Sales - DT SCREENS,DT SCREENS,570.0,1,0
GTUK / Apex Tech Scotland Ltd,INV-2018/1381,2019-03-28,2019,STH-LR6G,2,Fusion.One International Ltd,Fusion.One International Ltd,Approved,Sales - STEALTH,STEALTH,1100.0,1,0
GTUK / Apex Tech Scotland Ltd,INV-2018/1381,2019-03-28,2019,STH-LR8G,2,Fusion.One International Ltd,Fusion.One International Ltd,Approved,Sales - STEALTH,STEALTH,1300.0,1,0
GTUK / Apex Tech Scotland Ltd,INV-2018/1381,2019-03-28,2019,STH-MBC-12,4,Fusion.One International Ltd,Fusion.One International Ltd,Approved,Sales - STEALTH,STEALTH,300.0,1,0
GTUK / Apex Tech Scotland Ltd,INV-2018/1381,2019-03-28,2019,STH-MBC-22,4,Fusion.One International Ltd,Fusion.One International Ltd,Approved,Sales - STEALTH,STEALTH,300.0,1,0
GTUK / Apex Tech Scotland Ltd,INV-2018/1382,2019-04-05,2019,SD-SD1-TI,5,Pericom PLC,Pericom PLC,Approved,Sales - SOLID DRIVE,SOLID DRIVE,2100.0,1,0
GTUK / Apex Tech Scotland Ltd,INV-2018/1383,2019-04-05,2019,STH-BX-22,22,Meridian Audio Limited,Meridian Audio Limited,Paid,Sales - STEALTH,STEALTH,1320.0,1,0
GTUK / Apex Tech Scotland Ltd,INV-2018/1383,2019-04-05,2019,STH-LRX83,11,Meridian Audio Limited,Meridian Audio Limited,Paid,Sales - STEALTH,STEALTH,7920.0,1,0
GTUK / Apex Tech Scotland Ltd,INV-2018/1383,2019-04-05,2019,,12,Meridian Audio Limited,Meridian Audio Limited,Paid,Sales - STEALTH,STEALTH,720.0,1,0
GTUK / Apex Tech Scotland Ltd,INV-2018/1383,2019-04-05,2019,STH-SLR8G,12,Meridian Audio Limited,Meridian Audio Limited,Paid,Sales - STEALTH,STEALTH,5280.0,1,0
GTUK / Apex Tech Scotland Ltd,INV-2018/1384,2019-04-08,2019,DT-FRNT-360,1,The Integrated Home Ltd,The Integrated Home Ltd,Paid,Sales - DT SCREENS,DT SCREENS,1920.0,1,0
GTUK / Apex Tech Scotland Ltd,INV-2018/1385,2019-04-11,2019,STH-LR6G,2,Audio Alpha Ltd,Audio Alpha Ltd,Approved,Sales - STEALTH,STEALTH,1100.0,1,0
GTUK / Apex Tech Scotland Ltd,CN-2018/1386,2019-04-11,2019,STH-LR8GS,1,AT&C Professional Systems Ltd,AT&C Professional Systems Ltd,Paid,Sales - STEALTH,STEALTH,-325.0,1,0
GTUK / Apex Tech Scotland Ltd,CN-2018/1386,2019-04-11,2019,STH-BX-22,7,AT&C Professional Systems Ltd,AT&C Professional Systems Ltd,Paid,Sales - STEALTH,STEALTH,-525.0,1,0
GTUK / Apex Tech Scotland Ltd,CN-2018/1386,2019-04-11,2019,,0,AT&C Professional Systems Ltd,AT&C Professional Systems Ltd,Paid,,,0.0,1,0
GTUK / Apex Tech Scotland Ltd,INV-2018/1387,2019-04-11,2019,,2,Fusion.One International Ltd,Fusion.One International Ltd,Approved,Sales - NEXTGENTECH,NEXTGENTECH,3640.0,1,0
GTUK / Apex Tech Scotland Ltd,INV-2018/1387,2019-04-11,2019,,2,Fusion.One International Ltd,Fusion.One International Ltd,Approved,Sales - NEXTGENTECH,NEXTGENTECH,2014.0,1,0
GTUK / Apex Tech Scotland Ltd,INV-2018/1387,2019-04-11,2019,,2,Fusion.One International Ltd,Fusion.One International Ltd,Approved,,,0.0,1,0
GTUK / Apex Tech Scotland Ltd,INV-2018/1387,2019-04-11,2019,,2,Fusion.One International Ltd,Fusion.One International Ltd,Approved,,,0.0,1,0
GTUK / Apex Tech Scotland Ltd,INV-2018/1387,2019-04-11,2019,,1,Fusion.One International Ltd,Fusion.One International Ltd,Approved,Sales - NEXTGENTECH,NEXTGENTECH,124.0,1,0
GTUK / Apex Tech Scotland Ltd,INV-2018/1387,2019-04-11,2019,,1,Fusion.One International Ltd,Fusion.One International Ltd,Approved,Sales - NEXTGENTECH,NEXTGENTECH,124.0,1,0
GTUK / Apex Tech Scotland Ltd,INV-2018/1387,2019-04-11,2019,,2,Fusion.One International Ltd,Fusion.One International Ltd,Approved,Sales - NEXTGENTECH,NEXTGENTECH,12740.0,1,0
GTUK / Apex Tech Scotland Ltd,INV-2018/1387,2019-04-11,2019,,2,Fusion.One International Ltd,Fusion.One International Ltd,Approved,Sales - NEXTGENTECH,NEXTGENTECH,2600.0,1,0
GTUK / Apex Tech Scotland Ltd,INV-2018/1387,2019-04-11,2019,,3,Fusion.One International Ltd,Fusion.One International Ltd,Approved,Sales - NEXTGENTECH,NEXTGENTECH,126.75,1,0
GTUK / Apex Tech Scotland Ltd,INV-2018/1387,2019-04-11,2019,,4,Fusion.One International Ltd,Fusion.One International Ltd,Approved,Sales - NEXTGENTECH,NEXTGENTECH,6370.0,1,0
GTUK / Apex Tech Scotland Ltd,INV-2018/1387,2019-04-11,2019,,1,Fusion.One International Ltd,Fusion.One International Ltd,Approved,Sales - NEXTGENTECH,NEXTGENTECH,810.0,1,0
GTUK / Apex Tech Scotland Ltd,CN-2018/1388,2019-04-11,2019,,2,Fusion.One International Ltd,Fusion.One International Ltd,Paid,Sales - NEXTGENTECH,NEXTGENTECH,-3640.0,1,0
GTUK / Apex Tech Scotland Ltd,CN-2018/1388,2019-04-11,2019,,2,Fusion.One International Ltd,Fusion.One International Ltd,Paid,Sales - NEXTGENTECH,NEXTGENTECH,-2014.0,1,0
GTUK / Apex Tech Scotland Ltd,CN-2018/1388,2019-04-11,2019,,2,Fusion.One International Ltd,Fusion.One International Ltd,Paid,,,0.0,1,0
GTUK / Apex Tech Scotland Ltd,CN-2018/1388,2019-04-11,2019,,2,Fusion.One International Ltd,Fusion.One International Ltd,Paid,,,0.0,1,0
GTUK / Apex Tech Scotland Ltd,CN-2018/1388,2019-04-11,2019,,1,Fusion.One International Ltd,Fusion.One International Ltd,Paid,Sales - NEXTGENTECH,NEXTGENTECH,-124.0,1,0
GTUK / Apex Tech Scotland Ltd,CN-2018/1388,2019-04-11,2019,,1,Fusion.One International Ltd,Fusion.One International Ltd,Paid,Sales - NEXTGENTECH,NEXTGENTECH,-124.0,1,0
GTUK / Apex Tech Scotland Ltd,CN-2018/1388,2019-04-11,2019,,3,Fusion.One International Ltd,Fusion.One International Ltd,Paid,Sales - NEXTGENTECH,NEXTGENTECH,-3900.0,1,0
GTUK / Apex Tech Scotland Ltd,CN-2018/1388,2019-04-11,2019,,3,Fusion.One International Ltd,Fusion.One International Ltd,Paid,Sales - NEXTGENTECH,NEXTGENTECH,-126.75,1,0
GTUK / Apex Tech Scotland Ltd,CN-2018/1388,2019-04-11,2019,,13,Fusion.One International Ltd,Fusion.One International Ltd,Paid,Sales - NEXTGENTECH,NEXTGENTECH,-20702.5,1,0
GTUK / Apex Tech Scotland Ltd,CN-2018/1388,2019-04-11,2019,,1,Fusion.One International Ltd,Fusion.One International Ltd,Paid,Sales - NEXTGENTECH,NEXTGENTECH,-810.0,1,0
GTUK / Apex Tech Scotland Ltd,CN-2018/1388,2019-04-11,2019,,0,Fusion.One International Ltd,Fusion.One International Ltd,Paid,,,0.0,1,0
GTUK / Apex Tech Scotland Ltd,INV-2018/1390,2019-04-17,2019,STH-LRX83,2,Cornflake Ltd.,Cornflake Ltd.,Paid,Sales - STEALTH,STEALTH,1800.0,1,0
GTUK / Apex Tech Scotland Ltd,INV-2018/1390,2019-04-17,2019,STH-SA2400,2,Cornflake Ltd.,Cornflake Ltd.,Paid,Sales - STEALTH,STEALTH,1800.0,1,0
GTUK / Apex Tech Scotland Ltd,INV-2018/1389,2019-04-23,2019,DT-DYN-2S-420,1,Perfect Integration,Perfect Integration,Paid,Sales - DT SCREENS,DT SCREENS,8400.0,1,0
GTUK / Apex Tech Scotland Ltd,INV-2018/1392,2019-05-07,2019,BAR-ORI-LAMP,1,BATH CI,BATH CI,Paid,Sales - BARCO,BARCO,390.0,1,0
GTUK / Apex Tech Scotland Ltd,INV-2018/1393,2019-05-07,2019,DT-FRNT-300,1,SeriouslyCinema Limited,SeriouslyCinema Limited,Paid,Sales - DT SCREENS,DT SCREENS,1200.0,1,0
GTUK / Apex Tech Scotland Ltd,INV-2018/1393,2019-05-07,2019,,0,SeriouslyCinema Limited,SeriouslyCinema Limited,Paid,,,0.0,1,0
GTUK / Apex Tech Scotland Ltd,INV-2018/1394,2019-05-08,2019,STH-LR6G,19,Hendry Electrical Contractors Ltd,Hendry Electrical Contractors Ltd,Paid,Sales - STEALTH,STEALTH,10450.0,1,0
GTUK / Apex Tech Scotland Ltd,INV-2018/1394,2019-05-08,2019,STH-MBC-12,38,Hendry Electrical Contractors Ltd,Hendry Electrical Contractors Ltd,Paid,Sales - STEALTH,STEALTH,2850.0,1,0
GTUK / Apex Tech Scotland Ltd,INV-2018/1394,2019-05-08,2019,STH-CVXMR30,38,Hendry Electrical Contractors Ltd,Hendry Electrical Contractors Ltd,Paid,Sales - STEALTH,STEALTH,1900.0,1,0
GTUK / Apex Tech Scotland Ltd,INV-2018/1396,2019-05-14,2019,DT-FRNT-270,1,Rayleigh Hi Fi Chelmsford,Rayleigh Hi Fi Chelmsford,Paid,Sales - DT SCREENS,DT SCREENS,1260.0,1,0
GTUK / Apex Tech Scotland Ltd,INV-2018/1396,2019-05-14,2019,,0,Rayleigh Hi Fi Chelmsford,Rayleigh Hi Fi Chelmsford,Paid,,,0.0,1,0
GTUK / Apex Tech Scotland Ltd,INV-2018/1396,2019-05-14,2019,,0,Rayleigh Hi Fi Chelmsford,Rayleigh Hi Fi Chelmsford,Paid,,,0.0,1,0
GTUK / Apex Tech Scotland Ltd,INV-2018/1398,2019-05-23,2019,NGTC-1280EX,2,SmartHome Technology Limited,SmartHome Technology Limited,Approved,Sales - NEXTGENTECH,NEXTGENTECH,3640.0,1,0
GTUK / Apex Tech Scotland Ltd,INV-2018/1398,2019-05-23,2019,NGTC-MCP4K,1,SmartHome Technology Limited,SmartHome Technology Limited,Approved,Sales - NEXTGENTECH,NEXTGENTECH,1430.0,1,0
GTUK / Apex Tech Scotland Ltd,INV-2018/1398,2019-05-23,2019,NGTC-CRBIBOB,7,SmartHome Technology Limited,SmartHome Technology Limited,Approved,Sales - NEXTGENTECH,NEXTGENTECH,2502.5,1,0
GTUK / Apex Tech Scotland Ltd,INV-2018/1398,2019-05-23,2019,NGTC-BTI,4,SmartHome Technology Limited,SmartHome Technology Limited,Approved,Sales - NEXTGENTECH,NEXTGENTECH,754.0,1,0
GTUK / Apex Tech Scotland Ltd,INV-2018/1398,2019-05-23,2019,NGTC-DAO-AU-0X2,2,SmartHome Technology Limited,SmartHome Technology Limited,Approved,Sales - NEXTGENTECH,NEXTGENTECH,248.0,1,0
GTUK / Apex Tech Scotland Ltd,INV-2018/1398,2019-05-23,2019,,9,SmartHome Technology Limited,SmartHome Technology Limited,Approved,Sales - NEXTGENTECH,NEXTGENTECH,409.5,1,0
GTUK / Apex Tech Scotland Ltd,INV-2018/1398,2019-05-23,2019,NGTC-FLX80-4-LZ-D,1,SmartHome Technology Limited,SmartHome Technology Limited,Approved,Sales - NEXTGENTECH,NEXTGENTECH,1300.0,1,0
GTUK / Apex Tech Scotland Ltd,INV-2018/1398,2019-05-23,2019,NGTC-MC850-LZ-D,7,SmartHome Technology Limited,SmartHome Technology Limited,Approved,Sales - NEXTGENTECH,NEXTGENTECH,11147.5,1,0
GTUK / Apex Tech Scotland Ltd,INV-2018/1398,2019-05-23,2019,NGTC-DSP-FP,2,SmartHome Technology Limited,SmartHome Technology Limited,Approved,Sales - NEXTGENTECH,NEXTGENTECH,2460.0,1,0
GTUK / Apex Tech Scotland Ltd,INV-2018/1399,2019-05-27,2019,DT-FRNT-330,1,R.M.C. London Ltd,R.M.C. London Ltd,Paid,Sales - DT SCREENS,DT SCREENS,1260.0,1,0
GTUK / Apex Tech Scotland Ltd,INV-2018/1399,2019-05-27,2019,,0,R.M.C. London Ltd,R.M.C. London Ltd,Paid,,,0.0,1,0
GTUK / Apex Tech Scotland Ltd,INV-2018/1400,2019-05-29,2019,DT-VMM-UP,1,KJ West One,KJ West One,Paid,Sales - DT SCREENS,DT SCREENS,1500.0,1,0
GTUK / Apex Tech Scotland Ltd,INV-2018/1400,2019-05-29,2019,DT-PHG-1,1,KJ West One,KJ West One,Paid,Sales - DT SCREENS,DT SCREENS,1500.0,1,0
GTUK / Apex Tech Scotland Ltd,CN-2018/1401,2019-06-03,2019,,2,SMC,SMC,Paid,Sales - DT SCREENS,DT SCREENS,-1920.0,1,0
GTUK / Apex Tech Scotland Ltd,CN-2018/1401,2019-06-03,2019,,1,SMC,SMC,Paid,Sales - DT SCREENS,DT SCREENS,-570.0,1,0
GTUK / Apex Tech Scotland Ltd,CN-2018/1401,2019-06-03,2019,,0,SMC,SMC,Paid,,,0.0,1,0
GTUK / Apex Tech Scotland Ltd,INV-2018/1402,2019-06-04,2019,SD-SD1-TI,5,Pericom PLC,Pericom PLC,Approved,Sales - SOLID DRIVE,SOLID DRIVE,2100.0,1,0
GTUK / Apex Tech Scotland Ltd,INV-2018/1404,2019-06-13,2019,STH-MBC-22,5,Easylife Automation,Easylife Automation,Paid,Sales - STEALTH,STEALTH,375.0,1,0
GTUK / Apex Tech Scotland Ltd,INV-2018/1404,2019-06-13,2019,STH-MBC-30,2,Easylife Automation,Easylife Automation,Paid,Sales - STEALTH,STEALTH,150.0,1,0
GTUK / Apex Tech Scotland Ltd,INV-2018/1406,2019-06-14,2019,STH-LR6G,1,CloudCasting Corporation (London),CloudCasting Corporation (London),Paid,Sales - STEALTH,STEALTH,825.0,1,0
GTUK / Apex Tech Scotland Ltd,INV-2018/1385,2019-06-18,2019,,2,Audio Alpha Ltd,Audio Alpha Ltd,Paid,Sales - STEALTH,STEALTH,1100.0,1,0
GTUK / Apex Tech Scotland Ltd,INV-2018/1373,2019-06-18,2019,,3,Audio Alpha Ltd,Audio Alpha Ltd,Paid,Sales - STEALTH,STEALTH,1650.0,1,0
GTUK / Apex Tech Scotland Ltd,INV-2018/1407,2019-06-20,2019,SD-SD1-TI,5,Pericom PLC,Pericom PLC,Approved,Sales - SOLID DRIVE,SOLID DRIVE,2100.0,1,0
GTUK / Apex Tech Scotland Ltd,INV-2018/1408,2019-06-24,2019,STH-LR8G,1,Fusion.One International Ltd,Fusion.One International Ltd,Paid,Sales - STEALTH,STEALTH,650.0,1,0
GTUK / Apex Tech Scotland Ltd,INV-2018/1408,2019-06-24,2019,STH-MBC-22,2,Fusion.One International Ltd,Fusion.One International Ltd,Paid,Sales - STEALTH,STEALTH,150.0,1,0
GTUK / Apex Tech Scotland Ltd,INV-2018/1409,2019-07-03,2019,STH-LR6G,2,Audio Alpha Ltd,Audio Alpha Ltd,Paid,Sales - STEALTH,STEALTH,1100.0,1,0
GTUK / Apex Tech Scotland Ltd,INV-2018/1412,2019-07-04,2019,STH-LR8G,7,Fusion.One International Ltd,Fusion.One International Ltd,Paid,Sales - STEALTH,STEALTH,4550.0,1,0
GTUK / Apex Tech Scotland Ltd,INV-2018/1412,2019-07-04,2019,STH-BX-22,14,Fusion.One International Ltd,Fusion.One International Ltd,Paid,Sales - STEALTH,STEALTH,1050.0,1,0
GTUK / Apex Tech Scotland Ltd,INV-2018/1413,2019-07-08,2019,STH-MBC-30,2,ZACHRISSON | SMITH,ZACHRISSON | SMITH,Paid,Sales - STEALTH,STEALTH,150.0,1,0
GTUK / Apex Tech Scotland Ltd,INV-2018/1413,2019-07-08,2019,STH-MBC-12,2,ZACHRISSON | SMITH,ZACHRISSON | SMITH,Paid,Sales - STEALTH,STEALTH,150.0,1,0
GTUK / Apex Tech Scotland Ltd,INV-2018/1414,2019-07-10,2019,DT-FRNT-510,1,Tillman Domotics,Tillman Domotics,Paid,Sales - DT SCREENS,DT SCREENS,3480.0,1,0
GTUK / Apex Tech Scotland Ltd,INV-2018/1414,2019-07-10,2019,,0,Tillman Domotics,Tillman Domotics,Paid,,,0.0,1,0
GTUK / Apex Tech Scotland Ltd,INV-2018/1416,2019-07-25,2019,BAR-ORI-LAMP,1,Adair Acoustic Design,Adair Acoustic Design,Paid,Sales - BARCO,BARCO,390.0,1,0
GTUK / Apex Tech Scotland Ltd,INV-2018/1416,2019-07-25,2019,,0,Adair Acoustic Design,Adair Acoustic Design,Paid,,,0.0,1,0
GTUK / Apex Tech Scotland Ltd,INV-2018/1417,2019-07-25,2019,BAR-ORI-LAMP,1,Adept Integrated Systems,Adept Integrated Systems,Paid,Sales - BARCO,BARCO,390.0,1,0
GTUK / Apex Tech Scotland Ltd,INV-2018/1418,2019-07-29,2019,DT-DYN-2S-AM-240,1,Williams Pollard Limited T/A Future Audio,Williams Pollard Limited T/A Future Audio,Paid,Sales - DT SCREENS,DT SCREENS,6000.0,1,0
GTUK / Apex Tech Scotland Ltd,INV-2018/1418,2019-07-29,2019,ACU-M8,1,Williams Pollard Limited T/A Future Audio,Williams Pollard Limited T/A Future Audio,Paid,Sales - ACURUS,ACURUS,2550.0,1,0
GTUK / Apex Tech Scotland Ltd,INV-2018/1418,2019-07-29,2019,,1,Williams Pollard Limited T/A Future Audio,Williams Pollard Limited T/A Future Audio,Paid,Sales - OTHERS,OTHERS,2550.0,1,0
GTUK / Apex Tech Scotland Ltd,INV-2018/1418,2019-07-29,2019,,3,Williams Pollard Limited T/A Future Audio,Williams Pollard Limited T/A Future Audio,Paid,Sales - OTHERS,OTHERS,3000.0,1,0
GTUK / Apex Tech Scotland Ltd,INV-2018/1418,2019-07-29,2019,,4,Williams Pollard Limited T/A Future Audio,Williams Pollard Limited T/A Future Audio,Paid,Sales - OTHERS,OTHERS,3000.0,1,0
GTUK / Apex Tech Scotland Ltd,INV-2018/1418,2019-07-29,2019,,4,Williams Pollard Limited T/A Future Audio,Williams Pollard Limited T/A Future Audio,Paid,Sales - OTHERS,OTHERS,2400.0,1,0
GTUK / Apex Tech Scotland Ltd,INV-2018/1418,2019-07-29,2019,,2,Williams Pollard Limited T/A Future Audio,Williams Pollard Limited T/A Future Audio,Paid,Sales - OTHERS,OTHERS,1600.0,1,0
GTUK / Apex Tech Scotland Ltd,INV-2018/1418,2019-07-29,2019,,4,Williams Pollard Limited T/A Future Audio,Williams Pollard Limited T/A Future Audio,Paid,Sales - CATS,CATS,1440.0,1,0
GTUK / Apex Tech Scotland Ltd,INV-2018/1419,2019-07-29,2019,STH-CVXMR30,5,Smartcomm Ltd,Smartcomm Ltd,Paid,Sales - STEALTH,STEALTH,225.0,1,0
GTUK / Apex Tech Scotland Ltd,INV-2018/1419,2019-07-29,2019,STH-LR6G,7,Smartcomm Ltd,Smartcomm Ltd,Paid,Sales - STEALTH,STEALTH,3465.0,1,0
GTUK / Apex Tech Scotland Ltd,INV-2018/1419,2019-07-29,2019,STH-LR8G,3,Smartcomm Ltd,Smartcomm Ltd,Paid,Sales - STEALTH,STEALTH,1755.0,1,0
GTUK / Apex Tech Scotland Ltd,INV-2018/1419,2019-07-29,2019,STH-SLR8G,6,Smartcomm Ltd,Smartcomm Ltd,Paid,Sales - STEALTH,STEALTH,2970.0,1,0
GTUK / Apex Tech Scotland Ltd,INV-2018/1419,2019-07-29,2019,STH-MBC-22,30,Smartcomm Ltd,Smartcomm Ltd,Paid,Sales - STEALTH,STEALTH,2025.0,1,0
GTUK / Apex Tech Scotland Ltd,INV-2018/1419,2019-07-29,2019,STH-MBC-12,30,Smartcomm Ltd,Smartcomm Ltd,Paid,Sales - STEALTH,STEALTH,2025.0,1,0
GTUK / Apex Tech Scotland Ltd,INV-2018/1410,2019-08-02,2019,BAR-MED-MR-B,1,McAllister AV Ltd,McAllister AV Ltd,Paid,Sales - BARCO,BARCO,14625.0,1,0
GTUK / Apex Tech Scotland Ltd,INV-2018/1410,2019-08-02,2019,BAR-MED-LENS-UWAZ,1,McAllister AV Ltd,McAllister AV Ltd,Paid,Sales - BARCO,BARCO,1625.0,1,0
GTUK / Apex Tech Scotland Ltd,INV-2018/1410,2019-08-02,2019,DT-FRNT-450,1,McAllister AV Ltd,McAllister AV Ltd,Paid,Sales - DT SCREENS,DT SCREENS,2640.0,1,0
GTUK / Apex Tech Scotland Ltd,INV-2018/1421,2019-08-04,2019,,1,Stone Audio UK Ltd,Stone Audio UK Ltd,Paid,Sales - STEALTH,STEALTH,150.0,1,0
GTUK / Apex Tech Scotland Ltd,INV-2018/1420,2019-08-04,2019,,1,Cornflake Ltd.,Cornflake Ltd.,Paid,Sales - BARCO,BARCO,775.0,1,0
GTUK / Apex Tech Scotland Ltd,INV-2018/1422,2019-08-06,2019,DT-FRNT-270,1,Cornflake Ltd.,Cornflake Ltd.,Paid,Sales - DT SCREENS,DT SCREENS,1260.0,1,0
GTUK / Apex Tech Scotland Ltd,INV-2018/1428,2019-08-21,2019,STH-LR6G,6,Smartcomm Ltd,Smartcomm Ltd,Paid,Sales - STEALTH,STEALTH,2970.0,1,0
GTUK / Apex Tech Scotland Ltd,INV-2018/1428,2019-08-21,2019,STH-SLR8G,3,Smartcomm Ltd,Smartcomm Ltd,Paid,Sales - STEALTH,STEALTH,1485.0,1,0
GTUK / Apex Tech Scotland Ltd,INV-2018/1415,2019-08-21,2019,STH-LR3G,1,Belgravia Home Tecnology,Belgravia Home Tecnology,Paid,Sales - STEALTH,STEALTH,1100.0,1,0
GTUK / Apex Tech Scotland Ltd,INV-2018/1415,2019-08-21,2019,STH-MBC-30,2,Belgravia Home Tecnology,Belgravia Home Tecnology,Paid,Sales - STEALTH,STEALTH,150.0,1,0
GTUK / Apex Tech Scotland Ltd,INV-2018/1424,2019-08-23,2019,STH-SLR8G,9,AT&C Professional Systems Ltd,AT&C Professional Systems Ltd,Paid,Sales - STEALTH,STEALTH,4950.0,1,0
GTUK / Apex Tech Scotland Ltd,INV-2018/1424,2019-08-23,2019,STH-MBC-22,9,AT&C Professional Systems Ltd,AT&C Professional Systems Ltd,Paid,Sales - STEALTH,STEALTH,675.0,1,0
GTUK / Apex Tech Scotland Ltd,INV-2018/1429,2019-09-01,2019,STH-CVXMR30,14,Smartcomm Ltd,Smartcomm Ltd,Paid,Sales - STEALTH,STEALTH,630.0,1,0
GTUK / Apex Tech Scotland Ltd,INV-2018/1429,2019-09-01,2019,STH-LR6G,4,Smartcomm Ltd,Smartcomm Ltd,Paid,Sales - STEALTH,STEALTH,1980.0,1,0
GTUK / Apex Tech Scotland Ltd,INV-2018/1429,2019-09-01,2019,STH-LR8G,6,Smartcomm Ltd,Smartcomm Ltd,Paid,Sales - STEALTH,STEALTH,3510.0,1,0
GTUK / Apex Tech Scotland Ltd,INV-2018/1429,2019-09-01,2019,STH-SLR8G,6,Smartcomm Ltd,Smartcomm Ltd,Paid,Sales - STEALTH,STEALTH,2970.0,1,0
GTUK / Apex Tech Scotland Ltd,INV-2018/1423,2019-09-02,2019,NGTC-1280EX,4,Fusion.One International Ltd,Fusion.One International Ltd,Paid,Sales - NEXTGENTECH,NEXTGENTECH,7280.0,1,0
GTUK / Apex Tech Scotland Ltd,INV-2018/1423,2019-09-02,2019,NGTC-0000,6,Fusion.One International Ltd,Fusion.One International Ltd,Paid,Sales - NEXTGENTECH,NEXTGENTECH,6435.0,1,0
GTUK / Apex Tech Scotland Ltd,INV-2018/1423,2019-09-02,2019,NGTC-MCP4K,17,Fusion.One International Ltd,Fusion.One International Ltd,Paid,Sales - NEXTGENTECH,NEXTGENTECH,24310.0,1,0
GTUK / Apex Tech Scotland Ltd,INV-2018/1423,2019-09-02,2019,NGTC-1URT,9,Fusion.One International Ltd,Fusion.One International Ltd,Paid,Sales - NEXTGENTECH,NEXTGENTECH,380.25,1,0
GTUK / Apex Tech Scotland Ltd,INV-2018/1423,2019-09-02,2019,NGTC-DAO-AU-0X2,5,Fusion.One International Ltd,Fusion.One International Ltd,Paid,Sales - NEXTGENTECH,NEXTGENTECH,620.0,1,0
GTUK / Apex Tech Scotland Ltd,INV-2018/1423,2019-09-02,2019,NGTC-32140PWR,3,Fusion.One International Ltd,Fusion.One International Ltd,Paid,Sales - NEXTGENTECH,NEXTGENTECH,20475.0,1,0
GTUK / Apex Tech Scotland Ltd,INV-2018/1423,2019-09-02,2019,NGTC-FLX160-2-LZ-D,3,Fusion.One International Ltd,Fusion.One International Ltd,Paid,Sales - NEXTGENTECH,NEXTGENTECH,4290.0,1,0
GTUK / Apex Tech Scotland Ltd,INV-2018/1423,2019-09-02,2019,NGTC-MC850-LZ-D,14,Fusion.One International Ltd,Fusion.One International Ltd,Paid,Sales - NEXTGENTECH,NEXTGENTECH,22295.0,1,0
GTUK / Apex Tech Scotland Ltd,INV-2018/1423,2019-09-02,2019,NGTC-DSP-FP,1,Fusion.One International Ltd,Fusion.One International Ltd,Paid,Sales - NEXTGENTECH,NEXTGENTECH,6300.0,1,0
GTUK / Apex Tech Scotland Ltd,INV-2018/1423,2019-09-02,2019,,1,Fusion.One International Ltd,Fusion.One International Ltd,Paid,Sales - NEXTGENTECH,NEXTGENTECH,2300.0,1,0
GTUK / Apex Tech Scotland Ltd,INV-2018/1423,2019-09-02,2019,,1,Fusion.One International Ltd,Fusion.One International Ltd,Paid,Sales - NEXTGENTECH,NEXTGENTECH,-6886.82,1,0
GTUK / Apex Tech Scotland Ltd,INV-2018/1423,2019-09-02,2019,,0,Fusion.One International Ltd,Fusion.One International Ltd,Paid,,,0.0,1,0
GTUK / Apex Tech Scotland Ltd,INV-2018/1431,2019-09-02,2019,,6,Marquee Home Ltd,Marquee Home Ltd,Paid,Sales - CATS,CATS,2520.0,1,0
GTUK / Apex Tech Scotland Ltd,INV-2018/1431,2019-09-02,2019,,0,Marquee Home Ltd,Marquee Home Ltd,Paid,,,0.0,1,0
GTUK / Apex Tech Scotland Ltd,INV-2018/1427,2019-09-02,2019,BAR-BRA-CHT-B,1,KJ West One,KJ West One,Paid,Sales - BARCO,BARCO,17550.0,1,0
GTUK / Apex Tech Scotland Ltd,INV-2018/1427,2019-09-02,2019,BAR-BRA-LENS-CLTZ,1,KJ West One,KJ West One,Paid,Sales - BARCO,BARCO,1625.0,1,0
GTUK / Apex Tech Scotland Ltd,INV-2018/1427,2019-09-02,2019,,0,KJ West One,KJ West One,Paid,,,0.0,1,0
GTUK / Apex Tech Scotland Ltd,INV-2018/1430,2019-09-02,2019,NGTC-SDA 8300,2,Fusion.One International Ltd,Fusion.One International Ltd,Approved,Sales - NEXTGENTECH,NEXTGENTECH,5980.0,1,0
GTUK / Apex Tech Scotland Ltd,INV-2018/1430,2019-09-02,2019,NGTC-BTI,13,Fusion.One International Ltd,Fusion.One International Ltd,Approved,Sales - NEXTGENTECH,NEXTGENTECH,2450.5,1,0
GTUK / Apex Tech Scotland Ltd,INV-2018/1430,2019-09-02,2019,,1,Fusion.One International Ltd,Fusion.One International Ltd,Approved,Sales - NEXTGENTECH,NEXTGENTECH,585.0,1,0
GTUK / Apex Tech Scotland Ltd,INV-2018/1434,2019-09-04,2019,STH-LR8G,3,Fusion.One International Ltd,Fusion.One International Ltd,Approved,Sales - STEALTH,STEALTH,1950.0,1,0
GTUK / Apex Tech Scotland Ltd,INV-2018/1434,2019-09-04,2019,STH-MBC-22,6,Fusion.One International Ltd,Fusion.One International Ltd,Approved,Sales - STEALTH,STEALTH,450.0,1,0
GTUK / Apex Tech Scotland Ltd,INV-2018/1433,2019-09-04,2019,BAR-BAL-HT-B,1,SMC,SMC,Paid,Sales - BARCO,BARCO,19500.0,1,0
GTUK / Apex Tech Scotland Ltd,INV-2018/1433,2019-09-04,2019,BAR-BAL-LENS-CUWAZ,1,SMC,SMC,Paid,Sales - BARCO,BARCO,3250.0,1,0
GTUK / Apex Tech Scotland Ltd,INV-2018/1436,2019-09-05,2019,STH-MBC-12,20,Smartcomm Ltd,Smartcomm Ltd,Paid,Sales - STEALTH,STEALTH,1350.0,1,0
GTUK / Apex Tech Scotland Ltd,INV-2018/1437,2019-09-05,2019,CATS-REV-CP-50,5.3125,Environ Audio Ltd,Environ Audio Ltd,Paid,Sales - CATS,CATS,1753.13,1,0
GTUK / Apex Tech Scotland Ltd,INV-2018/1437,2019-09-05,2019,CATS-REF-CP,9.0625,Environ Audio Ltd,Environ Audio Ltd,Paid,Sales - CATS,CATS,2990.63,1,0
GTUK / Apex Tech Scotland Ltd,INV-2018/1438,2019-09-09,2019,STH-LRX85,1,ZACHRISSON | SMITH,ZACHRISSON | SMITH,Paid,Sales - STEALTH,STEALTH,2295.0,1,0
GTUK / Apex Tech Scotland Ltd,INV-2018/1438,2019-09-09,2019,,0,ZACHRISSON | SMITH,ZACHRISSON | SMITH,Paid,,,0.0,1,0
GTUK / Apex Tech Scotland Ltd,INV-2018/1438,2019-09-09,2019,,0,ZACHRISSON | SMITH,ZACHRISSON | SMITH,Paid,,,0.0,1,0
GTUK / Apex Tech Scotland Ltd,INV-2018/1435,2019-09-12,2019,SD-SD1-TI,4,Environ Audio Ltd,Environ Audio Ltd,Paid,Sales - SOLID DRIVE,SOLID DRIVE,1260.0,1,0
GTUK / Apex Tech Scotland Ltd,INV-2018/1442,2019-09-13,2019,,1,Williams Pollard Limited T/A Future Audio,Williams Pollard Limited T/A Future Audio,Approved,Sales - OTHERS,OTHERS,144435.3,1,0
GTUK / Apex Tech Scotland Ltd,INV-2018/1442,2019-09-13,2019,,1,Williams Pollard Limited T/A Future Audio,Williams Pollard Limited T/A Future Audio,Approved,,,0.0,1,0
GTUK / Apex Tech Scotland Ltd,INV-2018/1442,2019-09-13,2019,,1,Williams Pollard Limited T/A Future Audio,Williams Pollard Limited T/A Future Audio,Approved,,,0.0,1,0
GTUK / Apex Tech Scotland Ltd,INV-2018/1442,2019-09-13,2019,,1,Williams Pollard Limited T/A Future Audio,Williams Pollard Limited T/A Future Audio,Approved,,,0.0,1,0
GTUK / Apex Tech Scotland Ltd,INV-2018/1442,2019-09-13,2019,,1,Williams Pollard Limited T/A Future Audio,Williams Pollard Limited T/A Future Audio,Approved,,,0.0,1,0
GTUK / Apex Tech Scotland Ltd,INV-2018/1441,2019-09-13,2019,,1,Williams Pollard Limited T/A Future Audio,Williams Pollard Limited T/A Future Audio,Paid,Sales - OTHERS,OTHERS,57600.0,1,0
GTUK / Apex Tech Scotland Ltd,INV-2018/1441,2019-09-13,2019,,1,Williams Pollard Limited T/A Future Audio,Williams Pollard Limited T/A Future Audio,Paid,,,0.0,1,0
GTUK / Apex Tech Scotland Ltd,INV-2018/1441,2019-09-13,2019,,1,Williams Pollard Limited T/A Future Audio,Williams Pollard Limited T/A Future Audio,Paid,,,0.0,1,0
GTUK / Apex Tech Scotland Ltd,INV-2018/1441,2019-09-13,2019,,1,Williams Pollard Limited T/A Future Audio,Williams Pollard Limited T/A Future Audio,Paid,,,0.0,1,0
GTUK / Apex Tech Scotland Ltd,INV-2018/1441,2019-09-13,2019,,1,Williams Pollard Limited T/A Future Audio,Williams Pollard Limited T/A Future Audio,Paid,,,0.0,1,0
GTUK / Apex Tech Scotland Ltd,INV-2018/1445,2019-09-16,2019,NGTC-1280EX,1,LiveSmarter Ltd,LiveSmarter Ltd,Approved,Sales - NEXTGENTECH,NEXTGENTECH,1820.0,1,0
GTUK / Apex Tech Scotland Ltd,INV-2018/1445,2019-09-16,2019,NGTC-DAO-AU-0X1,1,LiveSmarter Ltd,LiveSmarter Ltd,Approved,Sales - NEXTGENTECH,NEXTGENTECH,104.0,1,0
GTUK / Apex Tech Scotland Ltd,INV-2018/1445,2019-09-16,2019,,2,LiveSmarter Ltd,LiveSmarter Ltd,Approved,Sales - NEXTGENTECH,NEXTGENTECH,272.0,1,0
GTUK / Apex Tech Scotland Ltd,INV-2018/1445,2019-09-16,2019,NGTC-FLX160-2-LZ-D,1,LiveSmarter Ltd,LiveSmarter Ltd,Approved,Sales - NEXTGENTECH,NEXTGENTECH,1300.0,1,0
GTUK / Apex Tech Scotland Ltd,INV-2018/1445,2019-09-16,2019,NGTC-DSP-FP,1,LiveSmarter Ltd,LiveSmarter Ltd,Approved,Sales - NEXTGENTECH,NEXTGENTECH,922.5,1,0
GTUK / Apex Tech Scotland Ltd,INV-2018/1445,2019-09-16,2019,NGTC-MCP4K,1,LiveSmarter Ltd,LiveSmarter Ltd,Approved,Sales - NEXTGENTECH,NEXTGENTECH,1430.0,1,0
GTUK / Apex Tech Scotland Ltd,INV-2018/1446,2019-09-16,2019,,1,LiveSmarter Ltd,LiveSmarter Ltd,Paid,Sales - BARCO,BARCO,500.0,1,0
GTUK / Apex Tech Scotland Ltd,CN-2018/1444,2019-09-16,2019,STH-LR8G,1,Fusion.One International Ltd,Fusion.One International Ltd,Paid,Sales - STEALTH,STEALTH,-650.0,1,0
GTUK / Apex Tech Scotland Ltd,CN-2018/1444,2019-09-16,2019,STH-MBC-22,2,Fusion.One International Ltd,Fusion.One International Ltd,Paid,Sales - STEALTH,STEALTH,-150.0,1,0
GTUK / Apex Tech Scotland Ltd,INV-2018/1443,2019-09-16,2019,DT-M-C,1,SMC,SMC,Paid,Sales - DT SCREENS,DT SCREENS,950.0,1,0
GTUK / Apex Tech Scotland Ltd,INV-2018/1443,2019-09-16,2019,,2,SMC,SMC,Paid,Sales - DT SCREENS,DT SCREENS,1140.0,1,0
GTUK / Apex Tech Scotland Ltd,INV-2018/1447,2019-09-17,2019,STH-CVXMR30,19,Smartcomm Ltd,Smartcomm Ltd,Paid,Sales - STEALTH,STEALTH,855.0,1,0
GTUK / Apex Tech Scotland Ltd,INV-2018/1447,2019-09-17,2019,STH-LR6G,0,Smartcomm Ltd,Smartcomm Ltd,Paid,,,0.0,1,0
GTUK / Apex Tech Scotland Ltd,INV-2018/1447,2019-09-17,2019,STH-LR8G,0,Smartcomm Ltd,Smartcomm Ltd,Paid,,,0.0,1,0
GTUK / Apex Tech Scotland Ltd,INV-2018/1447,2019-09-17,2019,STH-SLR8G,18,Smartcomm Ltd,Smartcomm Ltd,Paid,Sales - STEALTH,STEALTH,8910.0,1,0
GTUK / Apex Tech Scotland Ltd,INV-2018/1447,2019-09-17,2019,STH-MBC-22,20,Smartcomm Ltd,Smartcomm Ltd,Paid,Sales - STEALTH,STEALTH,1350.0,1,0
GTUK / Apex Tech Scotland Ltd,INV-2018/1447,2019-09-17,2019,STH-MBC-12,18,Smartcomm Ltd,Smartcomm Ltd,Paid,Sales - STEALTH,STEALTH,1215.0,1,0
GTUK / Apex Tech Scotland Ltd,INV-2018/1439,2019-09-23,2019,PT-P-3-35,1,Smartcomm Ltd,Smartcomm Ltd,Paid,Sales - PHASE TECHNOLOGY,PHASE TECHNOLOGY,270.0,1,0
GTUK / Apex Tech Scotland Ltd,INV-2018/1439,2019-09-23,2019,,0,Smartcomm Ltd,Smartcomm Ltd,Paid,,,0.0,1,0
GTUK / Apex Tech Scotland Ltd,INV-2018/1454,2019-09-23,2019,DT-FRNT-300,1,SeriouslyCinema Limited,SeriouslyCinema Limited,Paid,Sales - DT SCREENS,DT SCREENS,1440.0,1,0
GTUK / Apex Tech Scotland Ltd,INV-2018/1454,2019-09-23,2019,,0,SeriouslyCinema Limited,SeriouslyCinema Limited,Paid,,,0.0,1,0
GTUK / Apex Tech Scotland Ltd,INV-2018/1455,2019-09-24,2019,SD-SD1-TI,5,Pericom PLC,Pericom PLC,Paid,Sales - SOLID DRIVE,SOLID DRIVE,2100.0,1,0
GTUK / Apex Tech Scotland Ltd,INV-2018/1457,2019-09-30,2019,STH-SRAY6WS,1,Meridian Audio Limited,Meridian Audio Limited,Paid,Sales - STEALTH,STEALTH,280.0,1,0
GTUK / Apex Tech Scotland Ltd,INV-2018/1457,2019-09-30,2019,STH-SRAY8WS,1,Meridian Audio Limited,Meridian Audio Limited,Paid,Sales - STEALTH,STEALTH,360.0,1,0
GTUK / Apex Tech Scotland Ltd,INV-2018/1456,2019-09-30,2019,SD-SD1-TI,15,Pericom PLC,Pericom PLC,Paid,Sales - SOLID DRIVE,SOLID DRIVE,6300.0,1,0
GTUK / Apex Tech Scotland Ltd,INV-2018/1448,2019-10-01,2019,STH-CVXMR30,15,Smartcomm Ltd,Smartcomm Ltd,Paid,Sales - STEALTH,STEALTH,675.0,1,0
GTUK / Apex Tech Scotland Ltd,INV-2018/1448,2019-10-01,2019,STH-LR6G,3,Smartcomm Ltd,Smartcomm Ltd,Paid,Sales - STEALTH,STEALTH,1485.0,1,0
GTUK / Apex Tech Scotland Ltd,INV-2018/1448,2019-10-01,2019,STH-LR8G,15,Smartcomm Ltd,Smartcomm Ltd,Paid,Sales - STEALTH,STEALTH,8775.0,1,0
GTUK / Apex Tech Scotland Ltd,INV-2018/1448,2019-10-01,2019,STH-SLR8G,6,Smartcomm Ltd,Smartcomm Ltd,Paid,Sales - STEALTH,STEALTH,2970.0,1,0
GTUK / Apex Tech Scotland Ltd,INV-2018/1448,2019-10-01,2019,STH-MBC-22,44,Smartcomm Ltd,Smartcomm Ltd,Paid,Sales - STEALTH,STEALTH,2970.0,1,0
GTUK / Apex Tech Scotland Ltd,INV-2018/1448,2019-10-01,2019,STH-MBC-12,0,Smartcomm Ltd,Smartcomm Ltd,Paid,,,0.0,1,0
GTUK / Apex Tech Scotland Ltd,INV-2018/1460,2019-10-03,2019,STH-LR6G,16,Smartcomm Ltd,Smartcomm Ltd,Paid,Sales - STEALTH,STEALTH,7920.0,1,0
GTUK / Apex Tech Scotland Ltd,INV-2018/1460,2019-10-03,2019,STH-LR8G,3,Smartcomm Ltd,Smartcomm Ltd,Paid,Sales - STEALTH,STEALTH,1755.0,1,0
GTUK / Apex Tech Scotland Ltd,INV-2018/1460,2019-10-03,2019,STH-MBC-12,4,Smartcomm Ltd,Smartcomm Ltd,Paid,Sales - STEALTH,STEALTH,270.0,1,0
GTUK / Apex Tech Scotland Ltd,INV-2018/1460,2019-10-03,2019,STH-MBC-22,1,Smartcomm Ltd,Smartcomm Ltd,Paid,Sales - STEALTH,STEALTH,67.5,1,0
GTUK / Apex Tech Scotland Ltd,INV-2018/1460,2019-10-03,2019,STH-SLR8G,3,Smartcomm Ltd,Smartcomm Ltd,Paid,Sales - STEALTH,STEALTH,1485.0,1,0
GTUK / Apex Tech Scotland Ltd,INV-2018/1461,2019-10-10,2019,STH-PS-22,1,Meridian Audio Limited,Meridian Audio Limited,Paid,Sales - STEALTH,STEALTH,70.0,1,0
GTUK / Apex Tech Scotland Ltd,INV-2018/1462,2019-10-13,2019,,1,Arrow AV,Arrow AV,Paid,Sales - DT SCREENS,DT SCREENS,480.0,1,0
GTUK / Apex Tech Scotland Ltd,INV-2018/1462,2019-10-13,2019,,1,Arrow AV,Arrow AV,Paid,Sales - DT SCREENS,DT SCREENS,480.0,1,0
GTUK / Apex Tech Scotland Ltd,INV-2018/1458,2019-10-18,2019,DT-FRNT-330,1,Cornflake Ltd.,Cornflake Ltd.,Paid,Sales - DT SCREENS,DT SCREENS,1596.0,1,0
GTUK / Apex Tech Scotland Ltd,INV-2018/1458,2019-10-18,2019,,0,Cornflake Ltd.,Cornflake Ltd.,Paid,,,0.0,1,0
GTUK / Apex Tech Scotland Ltd,INV-2018/1458,2019-10-18,2019,,0,Cornflake Ltd.,Cornflake Ltd.,Paid,,,0.0,1,0
GTUK / Apex Tech Scotland Ltd,CN-2018/1465,2019-10-29,2019,BAR-ORI-LAMP,1,Adept Integrated Systems,Adept Integrated Systems,Paid,Sales - BARCO,BARCO,-390.0,1,0
GTUK / Apex Tech Scotland Ltd,INV-2018/1466,2019-11-01,2019,BAR-BRA-CHT-B,1,Adept Integrated Systems,Adept Integrated Systems,Paid,Sales - BARCO,BARCO,17550.0,1,0
GTUK / Apex Tech Scotland Ltd,INV-2018/1466,2019-11-01,2019,BAR-BRA-LENS-CWAZ,1,Adept Integrated Systems,Adept Integrated Systems,Paid,Sales - BARCO,BARCO,1625.0,1,0
GTUK / Apex Tech Scotland Ltd,INV-2018/1425,2019-11-05,2019,BAR-BAL-CHT-B,1,Fusion.One International Ltd,Fusion.One International Ltd,Approved,Sales - BARCO,BARCO,20800.0,1,0
GTUK / Apex Tech Scotland Ltd,INV-2018/1425,2019-11-05,2019,BAR-BAL-LENS-CLTZ,1,Fusion.One International Ltd,Fusion.One International Ltd,Approved,Sales - BARCO,BARCO,1625.0,1,0
GTUK / Apex Tech Scotland Ltd,INV-2018/1464,2019-11-05,2019,STH-LR8G,5,AT&C Professional Systems Ltd,AT&C Professional Systems Ltd,Paid,Sales - STEALTH,STEALTH,3250.0,1,0
GTUK / Apex Tech Scotland Ltd,INV-2018/1464,2019-11-05,2019,STH-MBC-22,10,AT&C Professional Systems Ltd,AT&C Professional Systems Ltd,Paid,Sales - STEALTH,STEALTH,750.0,1,0
GTUK / Apex Tech Scotland Ltd,INV-2018/1467,2019-11-06,2019,STH-LR8G,1,Raid Systems Ltd,Raid Systems Ltd,Paid,Sales - STEALTH,STEALTH,650.0,1,0
GTUK / Apex Tech Scotland Ltd,INV-2018/1467,2019-11-06,2019,STH-MBC-22,2,Raid Systems Ltd,Raid Systems Ltd,Paid,Sales - STEALTH,STEALTH,150.0,1,0
GTUK / Apex Tech Scotland Ltd,INV-2018/1469,2019-11-12,2019,SD-SD1-TI,5,Pericom PLC,Pericom PLC,Paid,Sales - SOLID DRIVE,SOLID DRIVE,2100.0,1,0
GTUK / Apex Tech Scotland Ltd,INV-2018/1468,2019-11-12,2019,STH-MBC-22,16,Meridian Audio Limited,Meridian Audio Limited,Paid,Sales - STEALTH,STEALTH,960.0,1,0
GTUK / Apex Tech Scotland Ltd,INV-2018/1468,2019-11-12,2019,STH-MBC-30,4,Meridian Audio Limited,Meridian Audio Limited,Paid,Sales - STEALTH,STEALTH,240.0,1,0
GTUK / Apex Tech Scotland Ltd,INV-2018/1471,2019-11-20,2019,DT-FRNT-300,1,SeriouslyCinema Limited,SeriouslyCinema Limited,Paid,Sales - DT SCREENS,DT SCREENS,1440.0,1,0
GTUK / Apex Tech Scotland Ltd,INV-2018/1471,2019-11-20,2019,,0,SeriouslyCinema Limited,SeriouslyCinema Limited,Paid,,,0.0,1,0
GTUK / Apex Tech Scotland Ltd,INV-2018/1470,2019-11-20,2019,,1,Williams Pollard Limited T/A Future Audio,Williams Pollard Limited T/A Future Audio,Paid,Sales - BARCO,BARCO,775.0,1,0
GTUK / Apex Tech Scotland Ltd,INV-2018/1473,2019-11-22,2019,DT-FRNT-300,1,Cornflake Ltd.,Cornflake Ltd.,Paid,Sales - DT SCREENS,DT SCREENS,1440.0,1,0
GTUK / Apex Tech Scotland Ltd,INV-2018/1473,2019-11-22,2019,,0,Cornflake Ltd.,Cornflake Ltd.,Paid,,,0.0,1,0
GTUK / Apex Tech Scotland Ltd,INV-2018/1490,2019-11-29,2019,,1,A.N.OTHER,A.N.OTHER,Paid,Sales - OTHERS,OTHERS,15150.0,1,0
GTUK / Apex Tech Scotland Ltd,CN-2018/1477,2019-11-30,2019,,1,Williams Pollard Limited T/A Future Audio,Williams Pollard Limited T/A Future Audio,Paid,Sales - OTHERS,OTHERS,-2550.0,1,0
GTUK / Apex Tech Scotland Ltd,CN-2018/1477,2019-11-30,2019,,3,Williams Pollard Limited T/A Future Audio,Williams Pollard Limited T/A Future Audio,Paid,Sales - OTHERS,OTHERS,-3000.0,1,0
GTUK / Apex Tech Scotland Ltd,CN-2018/1477,2019-11-30,2019,,4,Williams Pollard Limited T/A Future Audio,Williams Pollard Limited T/A Future Audio,Paid,Sales - OTHERS,OTHERS,-3000.0,1,0
GTUK / Apex Tech Scotland Ltd,CN-2018/1477,2019-11-30,2019,,4,Williams Pollard Limited T/A Future Audio,Williams Pollard Limited T/A Future Audio,Paid,Sales - OTHERS,OTHERS,-2400.0,1,0
GTUK / Apex Tech Scotland Ltd,CN-2018/1477,2019-11-30,2019,,2,Williams Pollard Limited T/A Future Audio,Williams Pollard Limited T/A Future Audio,Paid,Sales - OTHERS,OTHERS,-1600.0,1,0
GTUK / Apex Tech Scotland Ltd,CN-2018/1491,2019-12-01,2019,,1,A.N.OTHER,A.N.OTHER,Paid,Sales - OTHERS,OTHERS,-15150.0,1,0
GTUK / Apex Tech Scotland Ltd,INV-2018/1475,2019-12-01,2019,BAR-LOK-CHT-B,1,Marquee Home Ltd,Marquee Home Ltd,Approved,Sales - BARCO,BARCO,33800.0,1,0
GTUK / Apex Tech Scotland Ltd,INV-2018/1475,2019-12-01,2019,BAR-LOK-LENS-CS,1,Marquee Home Ltd,Marquee Home Ltd,Approved,,,0.0,1,0
GTUK / Apex Tech Scotland Ltd,INV-2018/1475,2019-12-01,2019,DT-FRNT-510,1,Marquee Home Ltd,Marquee Home Ltd,Approved,Sales - DT SCREENS,DT SCREENS,3480.0,1,0
GTUK / Apex Tech Scotland Ltd,INV-2018/1480,2019-12-05,2019,,1,Williams Pollard Limited T/A Future Audio,Williams Pollard Limited T/A Future Audio,Paid,Sales - SERVICES,SERVICES,1600.0,1,0
GTUK / Apex Tech Scotland Ltd,INV-2018/1481,2019-12-06,2019,SD-SD1-TI,5,Pericom PLC,Pericom PLC,Paid,Sales - SOLID DRIVE,SOLID DRIVE,2100.0,1,0
GTUK / Apex Tech Scotland Ltd,CN-2018/1483,2019-12-09,2019,DT-DYN-2S-AM-240,1,Williams Pollard Limited T/A Future Audio,Williams Pollard Limited T/A Future Audio,Paid,Sales - DT SCREENS,DT SCREENS,-74.51,1,0
GTUK / Apex Tech Scotland Ltd,CN-2018/1483,2019-12-09,2019,ACU-M8,1,Williams Pollard Limited T/A Future Audio,Williams Pollard Limited T/A Future Audio,Paid,Sales - ACURUS,ACURUS,-31.67,1,0
GTUK / Apex Tech Scotland Ltd,CN-2018/1483,2019-12-09,2019,,1,Williams Pollard Limited T/A Future Audio,Williams Pollard Limited T/A Future Audio,Paid,Sales - OTHERS,OTHERS,-31.68,1,0
GTUK / Apex Tech Scotland Ltd,CN-2018/1483,2019-12-09,2019,,3,Williams Pollard Limited T/A Future Audio,Williams Pollard Limited T/A Future Audio,Paid,Sales - OTHERS,OTHERS,-37.27,1,0
GTUK / Apex Tech Scotland Ltd,CN-2018/1483,2019-12-09,2019,,4,Williams Pollard Limited T/A Future Audio,Williams Pollard Limited T/A Future Audio,Paid,Sales - OTHERS,OTHERS,-37.27,1,0
GTUK / Apex Tech Scotland Ltd,CN-2018/1483,2019-12-09,2019,,4,Williams Pollard Limited T/A Future Audio,Williams Pollard Limited T/A Future Audio,Paid,Sales - OTHERS,OTHERS,-29.81,1,0
GTUK / Apex Tech Scotland Ltd,CN-2018/1483,2019-12-09,2019,,2,Williams Pollard Limited T/A Future Audio,Williams Pollard Limited T/A Future Audio,Paid,Sales - OTHERS,OTHERS,-19.88,1,0
GTUK / Apex Tech Scotland Ltd,CN-2018/1483,2019-12-09,2019,,4,Williams Pollard Limited T/A Future Audio,Williams Pollard Limited T/A Future Audio,Paid,Sales - CATS,CATS,-17.89,1,0
GTUK / Apex Tech Scotland Ltd,INV-2018/1484,2019-12-11,2019,NGTC-1280EX,3,What You See And Hear Limited,What You See And Hear Limited,Paid,Sales - NEXTGENTECH,NEXTGENTECH,5460.0,1,0
GTUK / Apex Tech Scotland Ltd,INV-2018/1484,2019-12-11,2019,NGTC-32140PWR,3,What You See And Hear Limited,What You See And Hear Limited,Paid,Sales - NEXTGENTECH,NEXTGENTECH,20475.0,1,0
GTUK / Apex Tech Scotland Ltd,INV-2018/1484,2019-12-11,2019,NGTC-DSP-FP,3,What You See And Hear Limited,What You See And Hear Limited,Paid,Sales - NEXTGENTECH,NEXTGENTECH,2398.5,1,0
GTUK / Apex Tech Scotland Ltd,CN-2018/1485,2019-12-17,2019,,1,Williams Pollard Limited T/A Future Audio,Williams Pollard Limited T/A Future Audio,Paid,Sales - SEATING,SEATING,-16800.0,1,0
GTUK / Apex Tech Scotland Ltd,INV-2018/1492,2019-12-31,2019,STH-MBC-12,12,James and Giles,James and Giles,Paid,Sales - STEALTH,STEALTH,900.0,1,0
GTUK / Apex Tech Scotland Ltd,INV-2018/1492,2019-12-31,2019,STH-MBC-22,2,James and Giles,James and Giles,Paid,Sales - STEALTH,STEALTH,150.0,1,0
GTUK / Apex Tech Scotland Ltd,INV-2018/1492,2019-12-31,2019,,0,James and Giles,James and Giles,Paid,,,0.0,1,0
GTUK / Apex Tech Scotland Ltd,INV-2018/1492,2019-12-31,2019,,0,James and Giles,James and Giles,Paid,,,0.0,1,0
GTUK / Apex Tech Scotland Ltd,INV-2018/1472,2020-01-01,2020,CATS-REV-CP-50,7,Cornflake Ltd.,Cornflake Ltd.,Paid,Sales - CATS,CATS,2310.0,1,0
GTUK / Apex Tech Scotland Ltd,INV-2018/1472,2020-01-01,2020,CATS-REF-CP,8,Cornflake Ltd.,Cornflake Ltd.,Paid,Sales - CATS,CATS,2640.0,1,0
GTUK / Apex Tech Scotland Ltd,INV-2018/1463,2020-01-06,2020,DT-CNTP-330,1,Cornflake Ltd.,Cornflake Ltd.,Paid,Sales - DT SCREENS,DT SCREENS,1560.0,1,0
GTUK / Apex Tech Scotland Ltd,INV-2018/1463,2020-01-06,2020,,0,Cornflake Ltd.,Cornflake Ltd.,Paid,,,0.0,1,0
GTUK / Apex Tech Scotland Ltd,INV-2018/1463,2020-01-06,2020,,1,Cornflake Ltd.,Cornflake Ltd.,Paid,Sales - DT SCREENS,DT SCREENS,390.0,1,0
GTUK / Apex Tech Scotland Ltd,INV-2018/1493,2020-01-15,2020,,1,SmartHome Technology Limited,SmartHome Technology Limited,Paid,Sales - NEXTGENTECH,NEXTGENTECH,4000.0,1,0
GTUK / Apex Tech Scotland Ltd,INV-2018/1493,2020-01-15,2020,,1,SmartHome Technology Limited,SmartHome Technology Limited,Paid,Sales - NEXTGENTECH,NEXTGENTECH,-1430.0,1,0
GTUK / Apex Tech Scotland Ltd,INV-2018/1482,2020-01-16,2020,BAR-BAL-MR-B,1,Smartcomm Ltd,Smartcomm Ltd,Paid,Sales - BARCO,BARCO,19500.0,1,0
GTUK / Apex Tech Scotland Ltd,INV-2018/1482,2020-01-16,2020,BAR-BAL-LENS-LTZ,1,Smartcomm Ltd,Smartcomm Ltd,Paid,Sales - BARCO,BARCO,1625.0,1,0
GTUK / Apex Tech Scotland Ltd,INV-2018/1486,2020-01-17,2020,ACU-MUSE-12-R,1,Cornflake Ltd.,Cornflake Ltd.,Paid,Sales - ACURUS,ACURUS,3750.0,1,0
GTUK / Apex Tech Scotland Ltd,INV-2018/1494,2020-01-19,2020,,1,Cornflake Ltd.,Cornflake Ltd.,Paid,Sales - SERVICES,SERVICES,7350.0,1,0
GTUK / Apex Tech Scotland Ltd,INV-2018/1496,2020-01-23,2020,STH-MBC-22,13,Automated Spaces Limited,Automated Spaces Limited,Paid,Sales - STEALTH,STEALTH,975.0,1,0
GTUK / Apex Tech Scotland Ltd,INV-2018/1496,2020-01-23,2020,,0,Automated Spaces Limited,Automated Spaces Limited,Paid,,,0.0,1,0
GTUK / Apex Tech Scotland Ltd,INV-2018/1487,2020-01-23,2020,BAR-BRA-CHT-B,1,Cornflake Ltd.,Cornflake Ltd.,Paid,Sales - BARCO,BARCO,17550.0,1,0
GTUK / Apex Tech Scotland Ltd,INV-2018/1487,2020-01-23,2020,BAR-BRA-LENS-CWAZ,1,Cornflake Ltd.,Cornflake Ltd.,Paid,Sales - BARCO,BARCO,1625.0,1,0
GTUK / Apex Tech Scotland Ltd,INV-2018/1487,2020-01-23,2020,DT-DYN-2S-420,1,Cornflake Ltd.,Cornflake Ltd.,Paid,Sales - DT SCREENS,DT SCREENS,8400.0,1,0
GTUK / Apex Tech Scotland Ltd,INV-2018/1487,2020-01-23,2020,DT-HB-S,1,Cornflake Ltd.,Cornflake Ltd.,Paid,Sales - DT SCREENS,DT SCREENS,2400.0,1,0
GTUK / Apex Tech Scotland Ltd,INV-2018/1487,2020-01-23,2020,DT-HBO-VM,1,Cornflake Ltd.,Cornflake Ltd.,Paid,Sales - DT SCREENS,DT SCREENS,1200.0,1,0
GTUK / Apex Tech Scotland Ltd,INV-2018/1487,2020-01-23,2020,DT-M-C,1,Cornflake Ltd.,Cornflake Ltd.,Paid,Sales - DT SCREENS,DT SCREENS,570.0,1,0
GTUK / Apex Tech Scotland Ltd,INV-2018/1487,2020-01-23,2020,,2,Cornflake Ltd.,Cornflake Ltd.,Paid,Sales - DT SCREENS,DT SCREENS,1140.0,1,0
GTUK / Apex Tech Scotland Ltd,INV-2018/1487,2020-01-23,2020,ACU-MUSE-12-R,1,Cornflake Ltd.,Cornflake Ltd.,Paid,Sales - ACURUS,ACURUS,3750.0,1,0
GTUK / Apex Tech Scotland Ltd,INV-2018/1487,2020-01-23,2020,ACU-TETRA,1,Cornflake Ltd.,Cornflake Ltd.,Paid,Sales - ACURUS,ACURUS,180.0,1,0
GTUK / Apex Tech Scotland Ltd,INV-2018/1488,2020-01-23,2020,CATS-REF-CP,7,Cornflake Ltd.,Cornflake Ltd.,Paid,Sales - CATS,CATS,2310.0,1,0
GTUK / Apex Tech Scotland Ltd,INV-2018/1488,2020-01-23,2020,CATS-REV-CP-50,4,Cornflake Ltd.,Cornflake Ltd.,Paid,Sales - CATS,CATS,1320.0,1,0
GTUK / Apex Tech Scotland Ltd,INV-2018/1497,2020-01-24,2020,,3,Marquee Home Ltd,Marquee Home Ltd,Paid,Sales - CATS,CATS,1260.0,1,0
GTUK / Apex Tech Scotland Ltd,INV-2018/1497,2020-01-24,2020,,0,Marquee Home Ltd,Marquee Home Ltd,Paid,,,0.0,1,0
GTUK / Apex Tech Scotland Ltd,INV-2018/1498,2020-01-28,2020,,1,Cornflake Ltd.,Cornflake Ltd.,Paid,Sales - BARCO,BARCO,775.0,1,0
GTUK / Apex Tech Scotland Ltd,INV-2018/1498,2020-01-28,2020,,0,Cornflake Ltd.,Cornflake Ltd.,Paid,,,0.0,1,0
GTUK / Apex Tech Scotland Ltd,INV-2018/1501,2020-01-30,2020,BAR-BAL-MR-B,1,Loudeep Ltd,Loudeep Ltd,Paid,Sales - BARCO,BARCO,19500.0,1,0
GTUK / Apex Tech Scotland Ltd,INV-2018/1501,2020-01-30,2020,BAR-BAL-LENS-LTZ,1,Loudeep Ltd,Loudeep Ltd,Paid,Sales - BARCO,BARCO,1625.0,1,0
GTUK / Apex Tech Scotland Ltd,INV-2018/1501,2020-01-30,2020,BAR-WAR-BAL-2,1,Loudeep Ltd,Loudeep Ltd,Paid,Sales - BARCO,BARCO,2275.0,1,0
GTUK / Apex Tech Scotland Ltd,INV-2018/1503,2020-01-31,2020,PT-535-CB-SUR,1,R&M Electrical Group Ltd,R&M Electrical Group Ltd,Paid,Sales - PHASE TECHNOLOGY,PHASE TECHNOLOGY,660.0,1,0
GTUK / Apex Tech Scotland Ltd,INV-2018/1502,2020-01-31,2020,,0,iHomes London Media Rooms,iHomes London Media Rooms,Paid,,,0.0,1,0
GTUK / Apex Tech Scotland Ltd,INV-2018/1502,2020-01-31,2020,,0,iHomes London Media Rooms,iHomes London Media Rooms,Paid,,,0.0,1,0
GTUK / Apex Tech Scotland Ltd,INV-2018/1502,2020-01-31,2020,DT-HB-M,1,iHomes London Media Rooms,iHomes London Media Rooms,Paid,Sales - DT SCREENS,DT SCREENS,2880.0,1,0
GTUK / Apex Tech Scotland Ltd,INV-2018/1502,2020-01-31,2020,DT-M-2,1,iHomes London Media Rooms,iHomes London Media Rooms,Paid,Sales - DT SCREENS,DT SCREENS,960.0,1,0
GTUK / Apex Tech Scotland Ltd,INV-2018/1502,2020-01-31,2020,DT-M-C,1,iHomes London Media Rooms,iHomes London Media Rooms,Paid,Sales - DT SCREENS,DT SCREENS,570.0,1,0
GTUK / Apex Tech Scotland Ltd,INV-2018/1502,2020-01-31,2020,,1,iHomes London Media Rooms,iHomes London Media Rooms,Paid,,,0.0,1,0
GTUK / Apex Tech Scotland Ltd,INV-2018/1504,2020-02-04,2020,STH-SRAYM33,27,Meridian Audio Limited,Meridian Audio Limited,Paid,Sales - STEALTH,STEALTH,810.0,1,0
GTUK / Apex Tech Scotland Ltd,INV-2018/1504,2020-02-04,2020,,0,Meridian Audio Limited,Meridian Audio Limited,Paid,,,0.0,1,0
GTUK / Apex Tech Scotland Ltd,INV-2018/1495,2020-02-11,2020,STH-LRX83,1,Hendry Electrical Contractors Ltd,Hendry Electrical Contractors Ltd,Paid,Sales - STEALTH,STEALTH,900.0,1,0
GTUK / Apex Tech Scotland Ltd,INV-2018/1495,2020-02-11,2020,STH-LRX83S,1,Hendry Electrical Contractors Ltd,Hendry Electrical Contractors Ltd,Paid,Sales - STEALTH,STEALTH,450.0,1,0
GTUK / Apex Tech Scotland Ltd,INV-2018/1495,2020-02-11,2020,STH-CVXMR30,3,Hendry Electrical Contractors Ltd,Hendry Electrical Contractors Ltd,Paid,Sales - STEALTH,STEALTH,150.0,1,0
GTUK / Apex Tech Scotland Ltd,INV-2018/1495,2020-02-11,2020,STH-MBC-22,3,Hendry Electrical Contractors Ltd,Hendry Electrical Contractors Ltd,Paid,Sales - STEALTH,STEALTH,225.0,1,0
GTUK / Apex Tech Scotland Ltd,INV-2018/1505,2020-02-17,2020,STH-MBC-12,6,Smartcomm Ltd,Smartcomm Ltd,Paid,Sales - STEALTH,STEALTH,450.0,1,0
GTUK / Apex Tech Scotland Ltd,INV-2018/1505,2020-02-17,2020,,1,Smartcomm Ltd,Smartcomm Ltd,Paid,Freight Costs - Outward,Freight Costs - Outward,75.0,0,0
GTUK / Apex Tech Scotland Ltd,INV-2018/1449,2020-02-21,2020,,1,Marquee Home Ltd,Marquee Home Ltd,Paid,Sales - CATS,CATS,378.0,1,0
GTUK / Apex Tech Scotland Ltd,INV-2018/1449,2020-02-21,2020,,1,Marquee Home Ltd,Marquee Home Ltd,Paid,Sales - CATS,CATS,-264.6,1,0
GTUK / Apex Tech Scotland Ltd,INV-2018/1508,2020-02-21,2020,,65,Cornflake Ltd.,Cornflake Ltd.,Paid,Sales - OTHERS,OTHERS,1378.0,1,0
GTUK / Apex Tech Scotland Ltd,INV-2018/1508,2020-02-21,2020,,60,Cornflake Ltd.,Cornflake Ltd.,Paid,Sales - OTHERS,OTHERS,1272.0,1,0
GTUK / Apex Tech Scotland Ltd,INV-2018/1508,2020-02-21,2020,,143,Cornflake Ltd.,Cornflake Ltd.,Paid,Sales - OTHERS,OTHERS,2002.0,1,0
GTUK / Apex Tech Scotland Ltd,INV-2018/1508,2020-02-21,2020,,60,Cornflake Ltd.,Cornflake Ltd.,Paid,Sales - OTHERS,OTHERS,2400.0,1,0
GTUK / Apex Tech Scotland Ltd,INV-2018/1508,2020-02-21,2020,,1,Cornflake Ltd.,Cornflake Ltd.,Paid,Sales - OTHERS,OTHERS,1300.0,1,0
GTUK / Apex Tech Scotland Ltd,INV-2018/1508,2020-02-21,2020,,10,Cornflake Ltd.,Cornflake Ltd.,Paid,Sales - OTHERS,OTHERS,2200.0,1,0
GTUK / Apex Tech Scotland Ltd,INV-2018/1513,2020-02-25,2020,STH-BX-12,1,McAllister AV Ltd,McAllister AV Ltd,Paid,Sales - STEALTH,STEALTH,75.0,1,0
GTUK / Apex Tech Scotland Ltd,INV-2018/1512,2020-02-25,2020,STH-LR6G,1,McAllister AV Ltd,McAllister AV Ltd,Paid,Sales - STEALTH,STEALTH,550.0,1,0
GTUK / Apex Tech Scotland Ltd,INV-2018/1512,2020-02-25,2020,STH-BX-12,1,McAllister AV Ltd,McAllister AV Ltd,Paid,Sales - STEALTH,STEALTH,75.0,1,0
GTUK / Apex Tech Scotland Ltd,INV-2018/1511,2020-02-25,2020,STH-LR6G,8,Marquee Home Ltd,Marquee Home Ltd,Paid,Sales - STEALTH,STEALTH,4400.0,1,0
GTUK / Apex Tech Scotland Ltd,INV-2018/1511,2020-02-25,2020,STH-MBC-12,19,Marquee Home Ltd,Marquee Home Ltd,Paid,Sales - STEALTH,STEALTH,1425.0,1,0
GTUK / Apex Tech Scotland Ltd,INV-2018/1511,2020-02-25,2020,STH-LR6GS,2,Marquee Home Ltd,Marquee Home Ltd,Paid,Sales - STEALTH,STEALTH,550.0,1,0
GTUK / Apex Tech Scotland Ltd,INV-2018/1515,2020-02-26,2020,,1,iHomes London Media Rooms,iHomes London Media Rooms,Paid,Sales - DT SCREENS,DT SCREENS,1152.0,1,0
GTUK / Apex Tech Scotland Ltd,INV-2018/1514,2020-02-26,2020,CATS-REF-CP,2,What You See And Hear Limited,What You See And Hear Limited,Paid,Sales - CATS,CATS,660.0,1,0
GTUK / Apex Tech Scotland Ltd,INV-2018/1514,2020-02-26,2020,CATS-REV-CP-50,2,What You See And Hear Limited,What You See And Hear Limited,Paid,Sales - CATS,CATS,660.0,1,0
GTUK / Apex Tech Scotland Ltd,INV-2018/1516,2020-02-28,2020,,1,Cornflake Ltd.,Cornflake Ltd.,Paid,Sales - SERVICES,SERVICES,7350.0,1,0
GTUK / Apex Tech Scotland Ltd,INV-2018/1516,2020-02-28,2020,,1,Cornflake Ltd.,Cornflake Ltd.,Paid,Sales - SERVICES,SERVICES,-208.33,1,0
GTUK / Apex Tech Scotland Ltd,INV-2018/1517,2020-03-02,2020,STH-LR6G,22,AT&C Professional Systems Ltd,AT&C Professional Systems Ltd,Paid,Sales - STEALTH,STEALTH,12100.0,1,0
GTUK / Apex Tech Scotland Ltd,INV-2018/1517,2020-03-02,2020,STH-CVXMR30,41,AT&C Professional Systems Ltd,AT&C Professional Systems Ltd,Paid,Sales - STEALTH,STEALTH,2050.0,1,0
GTUK / Apex Tech Scotland Ltd,INV-2018/1517,2020-03-02,2020,STH-LR8GS,4,AT&C Professional Systems Ltd,AT&C Professional Systems Ltd,Paid,Sales - STEALTH,STEALTH,1300.0,1,0
GTUK / Apex Tech Scotland Ltd,INV-2018/1517,2020-03-02,2020,STH-CVXMR30,3,AT&C Professional Systems Ltd,AT&C Professional Systems Ltd,Paid,Sales - STEALTH,STEALTH,150.0,1,0
GTUK / Apex Tech Scotland Ltd,INV-2018/1510,2020-03-02,2020,STH-SA2400,2,Meridian Audio Limited,Meridian Audio Limited,Paid,Sales - STEALTH,STEALTH,1440.0,1,0
GTUK / Apex Tech Scotland Ltd,INV-2018/1510,2020-03-02,2020,STH-SRAY6W,13,Meridian Audio Limited,Meridian Audio Limited,Paid,Sales - STEALTH,STEALTH,7280.0,1,0
GTUK / Apex Tech Scotland Ltd,INV-2018/1510,2020-03-02,2020,STH-SRAY6WS,1,Meridian Audio Limited,Meridian Audio Limited,Paid,Sales - STEALTH,STEALTH,280.0,1,0
GTUK / Apex Tech Scotland Ltd,INV-2018/1510,2020-03-02,2020,STH-SRAY430W,4,Meridian Audio Limited,Meridian Audio Limited,Paid,Sales - STEALTH,STEALTH,5600.0,1,0
GTUK / Apex Tech Scotland Ltd,INV-2018/1518,2020-03-02,2020,STH-MBC-12,45,AT&C Professional Systems Ltd,AT&C Professional Systems Ltd,Paid,Sales - STEALTH,STEALTH,3375.0,1,0
GTUK / Apex Tech Scotland Ltd,INV-2018/1518,2020-03-02,2020,STH-MBC-22,4,AT&C Professional Systems Ltd,AT&C Professional Systems Ltd,Paid,Sales - STEALTH,STEALTH,300.0,1,0
GTUK / Apex Tech Scotland Ltd,INV-2018/1519,2020-03-02,2020,STH-B30G,1,Meridian Audio Limited,Meridian Audio Limited,Paid,Sales - STEALTH,STEALTH,520.0,1,0
GTUK / Apex Tech Scotland Ltd,INV-2018/1519,2020-03-02,2020,STH-MBC-30,2,Meridian Audio Limited,Meridian Audio Limited,Paid,Sales - STEALTH,STEALTH,120.0,1,0
GTUK / Apex Tech Scotland Ltd,INV-2018/1519,2020-03-02,2020,STH-LRX83,1,Meridian Audio Limited,Meridian Audio Limited,Paid,Sales - STEALTH,STEALTH,720.0,1,0
GTUK / Apex Tech Scotland Ltd,INV-2018/1519,2020-03-02,2020,STH-MBC-12,2,Meridian Audio Limited,Meridian Audio Limited,Paid,Sales - STEALTH,STEALTH,120.0,1,0
GTUK / Apex Tech Scotland Ltd,INV-2018/1520,2020-03-03,2020,STH-LR8G,1,AT&C Professional Systems Ltd,AT&C Professional Systems Ltd,Approved,Sales - STEALTH,STEALTH,650.0,1,0
GTUK / Apex Tech Scotland Ltd,INV-2018/1520,2020-03-03,2020,STH-MBC-22,1,AT&C Professional Systems Ltd,AT&C Professional Systems Ltd,Approved,Sales - STEALTH,STEALTH,75.0,1,0
GTUK / Apex Tech Scotland Ltd,INV-2018/1520,2020-03-03,2020,STH-LR8GS,1,AT&C Professional Systems Ltd,AT&C Professional Systems Ltd,Approved,,,0.0,1,0
GTUK / Apex Tech Scotland Ltd,INV-2018/1521,2020-03-03,2020,STH-B30G,3,Meridian Audio Limited,Meridian Audio Limited,Paid,Sales - STEALTH,STEALTH,1560.0,1,0
GTUK / Apex Tech Scotland Ltd,INV-2018/1521,2020-03-03,2020,STH-MBC-30,2,Meridian Audio Limited,Meridian Audio Limited,Paid,Sales - STEALTH,STEALTH,120.0,1,0
GTUK / Apex Tech Scotland Ltd,INV-2018/1521,2020-03-03,2020,STH-LRX83,11,Meridian Audio Limited,Meridian Audio Limited,Paid,Sales - STEALTH,STEALTH,7920.0,1,0
GTUK / Apex Tech Scotland Ltd,INV-2018/1521,2020-03-03,2020,STH-MBC-22,8,Meridian Audio Limited,Meridian Audio Limited,Paid,Sales - STEALTH,STEALTH,480.0,1,0
GTUK / Apex Tech Scotland Ltd,INV-2018/1521,2020-03-03,2020,STH-MBC-12,2,Meridian Audio Limited,Meridian Audio Limited,Paid,Sales - STEALTH,STEALTH,-120.0,1,0
GTUK / Apex Tech Scotland Ltd,INV-2018/1521,2020-03-03,2020,,0,Meridian Audio Limited,Meridian Audio Limited,Paid,,,0.0,1,0
GTUK / Apex Tech Scotland Ltd,CN-2018/1522,2020-03-05,2020,,1,Williams Pollard Limited T/A Future Audio,Williams Pollard Limited T/A Future Audio,Paid,Sales - OTHERS,OTHERS,-264.0,1,0
GTUK / Apex Tech Scotland Ltd,CN-2018/1523,2020-03-13,2020,STH-MBC-22,6,Revolve CI,Revolve CI,Paid,Sales - STEALTH,STEALTH,-150.0,1,0
GTUK / Apex Tech Scotland Ltd,INV-2018/1524,2020-03-16,2020,STH-LR6G,3,McAllister AV Ltd,McAllister AV Ltd,Paid,Sales - STEALTH,STEALTH,1650.0,1,0
GTUK / Apex Tech Scotland Ltd,INV-2018/1524,2020-03-16,2020,STH-BX-12,6,McAllister AV Ltd,McAllister AV Ltd,Paid,Sales - STEALTH,STEALTH,450.0,1,0
GTUK / Apex Tech Scotland Ltd,INV-2018/1525,2020-03-16,2020,DT-VMM-RE-UP,1,Smartcomm Ltd,Smartcomm Ltd,Approved,Sales - DT SCREENS,DT SCREENS,1425.0,1,0
GTUK / Apex Tech Scotland Ltd,INV-2018/1525,2020-03-16,2020,,0,Smartcomm Ltd,Smartcomm Ltd,Approved,,,0.0,1,0
GTUK / Apex Tech Scotland Ltd,CN-2018/1526,2020-03-16,2020,NGTC-1280EX,1,LiveSmarter Ltd,LiveSmarter Ltd,Paid,Sales - NEXTGENTECH,NEXTGENTECH,-14.1,1,0
GTUK / Apex Tech Scotland Ltd,CN-2018/1526,2020-03-16,2020,NGTC-DAO-AU-0X1,1,LiveSmarter Ltd,LiveSmarter Ltd,Paid,Sales - NEXTGENTECH,NEXTGENTECH,-0.8,1,0
GTUK / Apex Tech Scotland Ltd,CN-2018/1526,2020-03-16,2020,,2,LiveSmarter Ltd,LiveSmarter Ltd,Paid,Sales - NEXTGENTECH,NEXTGENTECH,-2.1,1,0
GTUK / Apex Tech Scotland Ltd,CN-2018/1526,2020-03-16,2020,NGTC-FLX160-2-LZ-D,1,LiveSmarter Ltd,LiveSmarter Ltd,Paid,Sales - NEXTGENTECH,NEXTGENTECH,-10.08,1,0
GTUK / Apex Tech Scotland Ltd,CN-2018/1526,2020-03-16,2020,NGTC-DSP-FP,1,LiveSmarter Ltd,LiveSmarter Ltd,Paid,Sales - NEXTGENTECH,NEXTGENTECH,-7.16,1,0
GTUK / Apex Tech Scotland Ltd,CN-2018/1526,2020-03-16,2020,NGTC-MCP4K,1,LiveSmarter Ltd,LiveSmarter Ltd,Paid,Sales - NEXTGENTECH,NEXTGENTECH,-11.08,1,0
GTUK / Apex Tech Scotland Ltd,CN-2018/1527,2020-03-17,2020,STH-MBC-30,1,Meridian Audio Limited,Meridian Audio Limited,Approved,Sales - STEALTH,STEALTH,-60.0,1,0
GTUK / Apex Tech Scotland Ltd,CN-2018/1536,2020-03-23,2020,STH-LR8G,1,AT&C Professional Systems Ltd,AT&C Professional Systems Ltd,Paid,Sales - STEALTH,STEALTH,-125.0,1,0
GTUK / Apex Tech Scotland Ltd,INV-2018/1537,2020-03-23,2020,STH-LR6G,1,James and Giles,James and Giles,Paid,Sales - STEALTH,STEALTH,550.0,1,0
GTUK / Apex Tech Scotland Ltd,INV-2018/1537,2020-03-23,2020,STH-B22G,1,James and Giles,James and Giles,Paid,Sales - STEALTH,STEALTH,550.0,1,0
GTUK / Apex Tech Scotland Ltd,INV-2018/1474,2020-03-24,2020,DT-DYN-2S-390,1,Smartcomm Ltd,Smartcomm Ltd,Paid,Sales - DT SCREENS,DT SCREENS,7800.0,1,0
GTUK / Apex Tech Scotland Ltd,INV-2018/1474,2020-03-24,2020,DT-VMM-RE-UP,1,Smartcomm Ltd,Smartcomm Ltd,Paid,Sales - DT SCREENS,DT SCREENS,1500.0,1,0
GTUK / Apex Tech Scotland Ltd,INV-2018/1474,2020-03-24,2020,DT-PHG-2,1,Smartcomm Ltd,Smartcomm Ltd,Paid,Sales - DT SCREENS,DT SCREENS,1800.0,1,0
GTUK / Apex Tech Scotland Ltd,INV-2018/1474,2020-03-24,2020,BAR-BAL-CHT-B,1,Smartcomm Ltd,Smartcomm Ltd,Paid,Sales - BARCO,BARCO,20800.0,1,0
GTUK / Apex Tech Scotland Ltd,INV-2018/1474,2020-03-24,2020,BAR-BAL-LENS-CS,1,Smartcomm Ltd,Smartcomm Ltd,Paid,,,0.0,1,0
GTUK / Apex Tech Scotland Ltd,INV-2018/1474,2020-03-24,2020,,1,Smartcomm Ltd,Smartcomm Ltd,Paid,Sales - BARCO,BARCO,-1595.0,1,0
GTUK / Apex Tech Scotland Ltd,INV-2018/1538,2020-03-25,2020,DT-PHG-2,2,SMC,SMC,Paid,Sales - DT SCREENS,DT SCREENS,10769.24,1,0
GTUK / Apex Tech Scotland Ltd,INV-2018/1538,2020-03-25,2020,,0,SMC,SMC,Paid,,,0.0,1,0
GTUK / Apex Tech Scotland Ltd,INV-2018/1538,2020-03-25,2020,,0,SMC,SMC,Paid,,,0.0,1,0
GTUK / Apex Tech Scotland Ltd,INV-2018/1539,2020-03-31,2020,DT-FRNT-330,1,The Integrated Home Ltd,The Integrated Home Ltd,Paid,Sales - DT SCREENS,DT SCREENS,1400.0,1,0
GTUK / Apex Tech Scotland Ltd,CN-2018/1540,2020-04-02,2020,DT-PHG-2,2,SMC,SMC,Paid,Sales - DT SCREENS,DT SCREENS,-4307.7,1,0
GTUK / Apex Tech Scotland Ltd,CN-2018/1540,2020-04-02,2020,,0,SMC,SMC,Paid,,,0.0,1,0
GTUK / Apex Tech Scotland Ltd,CN-2018/1540,2020-04-02,2020,,0,SMC,SMC,Paid,,,0.0,1,0
GTUK / Apex Tech Scotland Ltd,INV-2018/1542,2020-04-03,2020,BAR-BAL-CHT-B,1,MRFS Group,MRFS Group,Paid,Sales - BARCO,BARCO,10400.0,1,0
GTUK / Apex Tech Scotland Ltd,INV-2018/1542,2020-04-03,2020,BAR-BAL-LENS-CLTZ,1,MRFS Group,MRFS Group,Paid,Sales - BARCO,BARCO,812.5,1,0
GTUK / Apex Tech Scotland Ltd,INV-2018/1542,2020-04-03,2020,DT-ACM,1,MRFS Group,MRFS Group,Paid,Sales - DT SCREENS,DT SCREENS,450.0,1,0
GTUK / Apex Tech Scotland Ltd,INV-2018/1542,2020-04-03,2020,,0,MRFS Group,MRFS Group,Paid,,,0.0,1,0
GTUK / Apex Tech Scotland Ltd,INV-2018/1541,2020-04-03,2020,DT-DYN-2S-360,1,MRFS Group,MRFS Group,Paid,Sales - DT SCREENS,DT SCREENS,3600.0,1,0
GTUK / Apex Tech Scotland Ltd,INV-2018/1541,2020-04-03,2020,,0,MRFS Group,MRFS Group,Paid,,,0.0,1,0
GTUK / Apex Tech Scotland Ltd,INV-2018/1499,2020-04-03,2020,BAR-BAL-CHT-B,1,MRFS Group,MRFS Group,Paid,Sales - BARCO,BARCO,10400.0,1,0
GTUK / Apex Tech Scotland Ltd,INV-2018/1499,2020-04-03,2020,BAR-BAL-LENS-CLTZ,1,MRFS Group,MRFS Group,Paid,Sales - BARCO,BARCO,812.5,1,0
GTUK / Apex Tech Scotland Ltd,INV-2018/1499,2020-04-03,2020,DT-ACM,1,MRFS Group,MRFS Group,Paid,Sales - DT SCREENS,DT SCREENS,450.0,1,0
GTUK / Apex Tech Scotland Ltd,INV-2018/1499,2020-04-03,2020,,0,MRFS Group,MRFS Group,Paid,,,0.0,1,0
GTUK / Apex Tech Scotland Ltd,INV-2018/1500,2020-04-03,2020,DT-DYN-2S-360,1,MRFS Group,MRFS Group,Paid,Sales - DT SCREENS,DT SCREENS,3600.0,1,0
GTUK / Apex Tech Scotland Ltd,INV-2018/1500,2020-04-03,2020,,0,MRFS Group,MRFS Group,Paid,,,0.0,1,0
GTUK / Apex Tech Scotland Ltd,INV-2018/1543,2020-04-15,2020,NGTC-32140PWR,2,Opus AV Inc,Opus AV Inc,Paid,Sales - NEXTGENTECH,NEXTGENTECH,14050.0,1,0
GTUK / Apex Tech Scotland Ltd,INV-2018/1543,2020-04-15,2020,,0,Opus AV Inc,Opus AV Inc,Paid,,,0.0,1,0
GTUK / Apex Tech Scotland Ltd,INV-2018/1544,2020-04-29,2020,,1,Adair Acoustic Design,Adair Acoustic Design,Paid,Sales - ACURUS,ACURUS,400.0,1,0
GTUK / Apex Tech Scotland Ltd,INV-2018/1544,2020-04-29,2020,,1,Adair Acoustic Design,Adair Acoustic Design,Paid,Sales - ACURUS,ACURUS,2295.0,1,0
GTUK / Apex Tech Scotland Ltd,INV-2018/1545,2020-04-30,2020,BAR-MED-MR-B,1,Cinemas & Control Ltd,Cinemas & Control Ltd,Paid,Sales - BARCO,BARCO,14625.0,1,0
GTUK / Apex Tech Scotland Ltd,INV-2018/1545,2020-04-30,2020,BAR-MED-LENS-S,1,Cinemas & Control Ltd,Cinemas & Control Ltd,Paid,,,0.0,1,0
GTUK / Apex Tech Scotland Ltd,INV-2018/1545,2020-04-30,2020,,1,Cinemas & Control Ltd,Cinemas & Control Ltd,Paid,Sales - madVR,madVR,7840.0,1,0
GTUK / Apex Tech Scotland Ltd,INV-2018/1545,2020-04-30,2020,,1,Cinemas & Control Ltd,Cinemas & Control Ltd,Paid,Sales - BARCO,BARCO,-1500.0,1,0
GTUK / Apex Tech Scotland Ltd,INV-2018/1546,2020-05-01,2020,,1,Clear AV Ltd t/a OKTO,Clear AV Ltd t/a OKTO,Paid,Sales - ACURUS,ACURUS,3600.0,1,0
GTUK / Apex Tech Scotland Ltd,INV-2018/1546,2020-05-01,2020,,0,Clear AV Ltd t/a OKTO,Clear AV Ltd t/a OKTO,Paid,,,0.0,1,0
GTUK / Apex Tech Scotland Ltd,INV-2018/1507,2020-05-26,2020,DT-FRNT-390,1,Cornflake Ltd.,Cornflake Ltd.,Paid,Sales - DT SCREENS,DT SCREENS,2160.0,1,0
GTUK / Apex Tech Scotland Ltd,INV-2018/1507,2020-05-26,2020,,0,Cornflake Ltd.,Cornflake Ltd.,Paid,,,0.0,1,0
GTUK / Apex Tech Scotland Ltd,INV-2018/1547,2020-05-26,2020,DT-DYN-2S-450,1,Tillman Domotics,Tillman Domotics,Paid,Sales - DT SCREENS,DT SCREENS,9600.0,1,0
GTUK / Apex Tech Scotland Ltd,INV-2018/1547,2020-05-26,2020,,0,Tillman Domotics,Tillman Domotics,Paid,,,0.0,1,0
GTUK / Apex Tech Scotland Ltd,INV-2018/1478,2020-05-26,2020,BAR-MED-LENS-WAZ,1,Cornflake Ltd.,Cornflake Ltd.,Paid,Sales - BARCO,BARCO,1300.0,1,0
GTUK / Apex Tech Scotland Ltd,INV-2018/1478,2020-05-26,2020,BAR-MED-MR-B,1,Cornflake Ltd.,Cornflake Ltd.,Paid,Sales - BARCO,BARCO,14625.0,1,0
GTUK / Apex Tech Scotland Ltd,INV-2018/1548,2020-06-01,2020,BAR-BAL-CMR-B,1,Cornflake Ltd.,Cornflake Ltd.,Paid,Sales - BARCO,BARCO,20800.0,1,0
GTUK / Apex Tech Scotland Ltd,INV-2018/1548,2020-06-01,2020,,1,Cornflake Ltd.,Cornflake Ltd.,Paid,Sales - BARCO,BARCO,9100.0,1,0
GTUK / Apex Tech Scotland Ltd,INV-2018/1548,2020-06-01,2020,,1,Cornflake Ltd.,Cornflake Ltd.,Paid,Sales - BARCO,BARCO,325.0,1,0
GTUK / Apex Tech Scotland Ltd,INV-2018/1548,2020-06-01,2020,,1,Cornflake Ltd.,Cornflake Ltd.,Paid,Sales - DT SCREENS,DT SCREENS,487.5,1,0
GTUK / Apex Tech Scotland Ltd,INV-2018/1548,2020-06-01,2020,,1,Cornflake Ltd.,Cornflake Ltd.,Paid,,,0.0,1,0
GTUK / Apex Tech Scotland Ltd,INV-2018/1549,2020-06-05,2020,NGTC-BIB12,2,SmartHome Technology Limited,SmartHome Technology Limited,Paid,Sales - NEXTGENTECH,NEXTGENTECH,2925.0,1,0
GTUK / Apex Tech Scotland Ltd,INV-2018/1549,2020-06-05,2020,,0,SmartHome Technology Limited,SmartHome Technology Limited,Paid,,,0.0,1,0
GTUK / Apex Tech Scotland Ltd,INV-2018/1550,2020-06-08,2020,STH-LRX83,6,Webstract Ltd,Webstract Ltd,Paid,Sales - STEALTH,STEALTH,5400.0,1,0
GTUK / Apex Tech Scotland Ltd,INV-2018/1550,2020-06-08,2020,STH-SLR8G,1,Webstract Ltd,Webstract Ltd,Paid,Sales - STEALTH,STEALTH,550.0,1,0
GTUK / Apex Tech Scotland Ltd,INV-2018/1550,2020-06-08,2020,STH-SA2400,1,Webstract Ltd,Webstract Ltd,Paid,Sales - STEALTH,STEALTH,900.0,1,0
GTUK / Apex Tech Scotland Ltd,INV-2018/1550,2020-06-08,2020,STH-MBC-22,13,Webstract Ltd,Webstract Ltd,Paid,Sales - STEALTH,STEALTH,975.0,1,0
GTUK / Apex Tech Scotland Ltd,CN-2018/1551,2020-06-12,2020,NGTC-CRBIBOB,7,SmartHome Technology Limited,SmartHome Technology Limited,Approved,Sales - NEXTGENTECH,NEXTGENTECH,-2502.5,1,0
GTUK / Apex Tech Scotland Ltd,CN-2018/1551,2020-06-12,2020,NGTC-BTI,4,SmartHome Technology Limited,SmartHome Technology Limited,Approved,Sales - NEXTGENTECH,NEXTGENTECH,-754.0,1,0
GTUK / Apex Tech Scotland Ltd,CN-2018/1551,2020-06-12,2020,,9,SmartHome Technology Limited,SmartHome Technology Limited,Approved,Sales - NEXTGENTECH,NEXTGENTECH,-409.5,1,0
GTUK / Apex Tech Scotland Ltd,INV-2018/1552,2020-06-15,2020,STH-LRX85,1,SMC,SMC,Paid,Sales - STEALTH,STEALTH,2550.0,1,0
GTUK / Apex Tech Scotland Ltd,INV-2018/1552,2020-06-15,2020,STH-MBC-12,2,SMC,SMC,Paid,Sales - STEALTH,STEALTH,150.0,1,0
GTUK / Apex Tech Scotland Ltd,INV-2018/1552,2020-06-15,2020,STH-MBC-30,2,SMC,SMC,Paid,Sales - STEALTH,STEALTH,150.0,1,0
GTUK / Apex Tech Scotland Ltd,INV-2018/1552,2020-06-15,2020,,0,SMC,SMC,Paid,,,0.0,1,0
GTUK / Apex Tech Scotland Ltd,INV-2018/1553,2020-06-17,2020,STH-I3SWS,4,AV Fuse,AV Fuse,Paid,Sales - STEALTH,STEALTH,1700.0,1,0
GTUK / Apex Tech Scotland Ltd,INV-2018/1553,2020-06-17,2020,STH-I3-SUB-W,2,AV Fuse,AV Fuse,Paid,Sales - STEALTH,STEALTH,850.0,1,0
GTUK / Apex Tech Scotland Ltd,INV-2018/1553,2020-06-17,2020,STH-IW,6,AV Fuse,AV Fuse,Paid,Sales - STEALTH,STEALTH,450.0,1,0
GTUK / Apex Tech Scotland Ltd,INV-2018/1554,2020-06-22,2020,STH-LR6G,1,Smartcomm Ltd,Smartcomm Ltd,Approved,Sales - STEALTH,STEALTH,275.0,1,0
GTUK / Apex Tech Scotland Ltd,INV-2018/1506,2020-06-23,2020,DT-VMM-UP,1,Smartcomm Ltd,Smartcomm Ltd,Paid,Sales - DT SCREENS,DT SCREENS,1500.0,1,0
GTUK / Apex Tech Scotland Ltd,INV-2018/1506,2020-06-23,2020,DT-PHG-2,1,Smartcomm Ltd,Smartcomm Ltd,Paid,Sales - DT SCREENS,DT SCREENS,1800.0,1,0
GTUK / Apex Tech Scotland Ltd,INV-2018/1506,2020-06-23,2020,DT-FRNT-270,1,Smartcomm Ltd,Smartcomm Ltd,Paid,Sales - DT SCREENS,DT SCREENS,1260.0,1,0
GTUK / Apex Tech Scotland Ltd,INV-2018/1506,2020-06-23,2020,,0,Smartcomm Ltd,Smartcomm Ltd,Paid,,,0.0,1,0
GTUK / Apex Tech Scotland Ltd,INV-2018/1509,2020-06-23,2020,,0,Smartcomm Ltd,Smartcomm Ltd,Paid,,,0.0,1,0
GTUK / Apex Tech Scotland Ltd,INV-2018/1509,2020-06-23,2020,BAR-BAL-MR-B,1,Smartcomm Ltd,Smartcomm Ltd,Paid,Sales - BARCO,BARCO,19500.0,1,0
GTUK / Apex Tech Scotland Ltd,INV-2018/1509,2020-06-23,2020,BAR-BAL-LENS-LTZ,1,Smartcomm Ltd,Smartcomm Ltd,Paid,Sales - BARCO,BARCO,1625.0,1,0
GTUK / Apex Tech Scotland Ltd,INV-2018/1555,2020-06-24,2020,STH-LR8G,19,Cornflake Ltd.,Cornflake Ltd.,Paid,Sales - STEALTH,STEALTH,11115.0,1,0
GTUK / Apex Tech Scotland Ltd,INV-2018/1555,2020-06-24,2020,STH-SLR8G,19,Cornflake Ltd.,Cornflake Ltd.,Paid,Sales - STEALTH,STEALTH,9405.0,1,0
GTUK / Apex Tech Scotland Ltd,INV-2018/1555,2020-06-24,2020,STH-BX-22,38,Cornflake Ltd.,Cornflake Ltd.,Paid,Sales - STEALTH,STEALTH,2565.0,1,0
GTUK / Apex Tech Scotland Ltd,INV-2018/1555,2020-06-24,2020,,19,Cornflake Ltd.,Cornflake Ltd.,Paid,Sales - STEALTH,STEALTH,1282.5,1,0
GTUK / Apex Tech Scotland Ltd,INV-2018/1556,2020-06-24,2020,STH-LR8G,1,Cornflake Ltd.,Cornflake Ltd.,Paid,Sales - STEALTH,STEALTH,585.0,1,0
GTUK / Apex Tech Scotland Ltd,INV-2018/1556,2020-06-24,2020,STH-BX-22,2,Cornflake Ltd.,Cornflake Ltd.,Paid,Sales - STEALTH,STEALTH,135.0,1,0
GTUK / Apex Tech Scotland Ltd,INV-2018/1557,2020-07-01,2020,PT-CI-IW-724-Pack,1,Green Bean,Green Bean,Paid,Sales - PHASE TECHNOLOGY,PHASE TECHNOLOGY,1501.5,1,0
GTUK / Apex Tech Scotland Ltd,INV-2018/1557,2020-07-01,2020,,0,Green Bean,Green Bean,Paid,,,0.0,1,0
GTUK / Apex Tech Scotland Ltd,CN-2018/1558,2020-07-02,2020,STH-IW,6,AV Fuse,AV Fuse,Paid,Sales - STEALTH,STEALTH,-450.0,1,0
GTUK / Apex Tech Scotland Ltd,INV-2018/1559,2020-07-09,2020,STH-LRX83,1,Inspire Audio Visual Ltd.,Inspire Audio Visual Ltd.,Paid,Sales - STEALTH,STEALTH,900.0,1,0
GTUK / Apex Tech Scotland Ltd,INV-2018/1559,2020-07-09,2020,STH-MBC-22,2,Inspire Audio Visual Ltd.,Inspire Audio Visual Ltd.,Paid,Sales - STEALTH,STEALTH,150.0,1,0
GTUK / Apex Tech Scotland Ltd,INV-2018/1559,2020-07-09,2020,,1,Inspire Audio Visual Ltd.,Inspire Audio Visual Ltd.,Paid,Sales - STEALTH,STEALTH,-1050.0,1,0
GTUK / Apex Tech Scotland Ltd,INV-2018/1559,2020-07-09,2020,,0,Inspire Audio Visual Ltd.,Inspire Audio Visual Ltd.,Paid,,,0.0,1,0
GTUK / Apex Tech Scotland Ltd,INV-2018/1561,2020-07-15,2020,DT-DYN-2S-XL-720,1,SMC,SMC,Approved,Sales - DT SCREENS,DT SCREENS,26400.0,1,0
GTUK / Apex Tech Scotland Ltd,INV-2018/1561,2020-07-15,2020,,0,SMC,SMC,Approved,,,0.0,1,0
GTUK / Apex Tech Scotland Ltd,INV-2018/1560,2020-07-15,2020,STH-LR6G,8,Smartcomm Ltd,Smartcomm Ltd,Paid,Sales - STEALTH,STEALTH,4400.0,1,0
GTUK / Apex Tech Scotland Ltd,INV-2018/1560,2020-07-15,2020,STH-BX-12,16,Smartcomm Ltd,Smartcomm Ltd,Paid,Sales - STEALTH,STEALTH,1200.0,1,0
GTUK / Apex Tech Scotland Ltd,INV-2018/1560,2020-07-15,2020,STH-PS-12,1,Smartcomm Ltd,Smartcomm Ltd,Paid,Sales - STEALTH,STEALTH,87.5,1,0
GTUK / Apex Tech Scotland Ltd,INV-2018/1560,2020-07-15,2020,,0,Smartcomm Ltd,Smartcomm Ltd,Paid,,,0.0,1,0
GTUK / Apex Tech Scotland Ltd,INV-2018/1563,2020-07-29,2020,BAR-LOK-HT-B,1,ActiVate Audio Visual Limited,ActiVate Audio Visual Limited,Paid,Sales - BARCO,BARCO,31200.0,1,0
GTUK / Apex Tech Scotland Ltd,INV-2018/1563,2020-07-29,2020,BAR-LOK-LENS-WAZ,1,ActiVate Audio Visual Limited,ActiVate Audio Visual Limited,Paid,,,0.0,1,0
GTUK / Apex Tech Scotland Ltd,INV-2018/1563,2020-07-29,2020,,1,ActiVate Audio Visual Limited,ActiVate Audio Visual Limited,Paid,,,0.0,1,0
GTUK / Apex Tech Scotland Ltd,INV-2018/1564,2020-07-30,2020,NGTC-MCP4K,1,Icon Connect Ltd,Icon Connect Ltd,Paid,Sales - NEXTGENTECH,NEXTGENTECH,1870.0,1,0
GTUK / Apex Tech Scotland Ltd,INV-2018/1565,2020-07-31,2020,ACU-MUSE-12,1,Adair Acoustic Design,Adair Acoustic Design,Paid,Sales - ACURUS,ACURUS,2400.0,1,0
GTUK / Apex Tech Scotland Ltd,INV-2018/1562,2020-08-03,2020,STH-B22G,1,Smartcomm Ltd,Smartcomm Ltd,Paid,Sales - STEALTH,STEALTH,550.0,1,0
GTUK / Apex Tech Scotland Ltd,INV-2018/1562,2020-08-03,2020,,7,Smartcomm Ltd,Smartcomm Ltd,Paid,Sales - STEALTH,STEALTH,350.0,1,0
GTUK / Apex Tech Scotland Ltd,INV-2018/1568,2020-08-14,2020,DT-FRNT-480,1,Elements Contracting,Elements Contracting,Paid,Sales - DT SCREENS,DT SCREENS,2880.0,1,0
GTUK / Apex Tech Scotland Ltd,INV-2018/1568,2020-08-14,2020,,0,Elements Contracting,Elements Contracting,Paid,,,0.0,1,0
GTUK / Apex Tech Scotland Ltd,INV-2018/1569,2020-08-14,2020,BAR-OPT-LAMP,2,Perception AV Ltd,Perception AV Ltd,Paid,Sales - BARCO,BARCO,910.0,1,0
GTUK / Apex Tech Scotland Ltd,INV-2018/1569,2020-08-14,2020,,0,Perception AV Ltd,Perception AV Ltd,Paid,,,0.0,1,0
GTUK / Apex Tech Scotland Ltd,INV-2018/1570,2020-08-18,2020,STH-LRX85,2,SMC,SMC,Paid,Sales - STEALTH,STEALTH,5100.0,1,0
GTUK / Apex Tech Scotland Ltd,INV-2018/1570,2020-08-18,2020,STH-MBC-12,4,SMC,SMC,Paid,Sales - STEALTH,STEALTH,300.0,1,0
GTUK / Apex Tech Scotland Ltd,INV-2018/1570,2020-08-18,2020,STH-MBC-30,4,SMC,SMC,Paid,Sales - STEALTH,STEALTH,300.0,1,0
GTUK / Apex Tech Scotland Ltd,INV-2018/1570,2020-08-18,2020,,0,SMC,SMC,Paid,,,0.0,1,0
GTUK / Apex Tech Scotland Ltd,INV-2018/1571,2020-08-18,2020,DT-FRNT-270,1,Wakefields,Wakefields,Paid,Sales - DT SCREENS,DT SCREENS,1500.0,1,0
GTUK / Apex Tech Scotland Ltd,INV-2018/1571,2020-08-18,2020,,1,Wakefields,Wakefields,Paid,Sales - DT SCREENS,DT SCREENS,270.0,1,0
GTUK / Apex Tech Scotland Ltd,INV-2018/1574,2020-09-03,2020,CATS-REV-CP-50,6,Automated Spaces Limited,Automated Spaces Limited,Paid,Sales - CATS,CATS,1980.0,1,0
GTUK / Apex Tech Scotland Ltd,INV-2018/1574,2020-09-03,2020,CATS-REF-CP,5,Automated Spaces Limited,Automated Spaces Limited,Paid,Sales - CATS,CATS,1650.0,1,0
GTUK / Apex Tech Scotland Ltd,INV-2018/1573,2020-09-03,2020,,10,Smartcomm Ltd,Smartcomm Ltd,Paid,Sales - STEALTH,STEALTH,500.0,1,0
GTUK / Apex Tech Scotland Ltd,INV-2018/1573,2020-09-03,2020,,0,Smartcomm Ltd,Smartcomm Ltd,Paid,,,0.0,1,0
GTUK / Apex Tech Scotland Ltd,INV-2018/1575,2020-09-04,2020,STH-SLR8G,1,iHomes London Media Rooms,iHomes London Media Rooms,Paid,Sales - STEALTH,STEALTH,550.0,1,0
GTUK / Apex Tech Scotland Ltd,INV-2018/1575,2020-09-04,2020,STH-MBC-30,1,iHomes London Media Rooms,iHomes London Media Rooms,Paid,Sales - STEALTH,STEALTH,75.0,1,0
GTUK / Apex Tech Scotland Ltd,INV-2018/1575,2020-09-04,2020,,0,iHomes London Media Rooms,iHomes London Media Rooms,Paid,,,0.0,1,0
GTUK / Apex Tech Scotland Ltd,INV-2018/1567,2020-09-14,2020,ACU-M8-R,1,Smartcomm Ltd,Smartcomm Ltd,Paid,Sales - ACURUS,ACURUS,2700.0,1,0
GTUK / Apex Tech Scotland Ltd,INV-2018/1567,2020-09-14,2020,,0,Smartcomm Ltd,Smartcomm Ltd,Paid,,,0.0,1,0
GTUK / Apex Tech Scotland Ltd,CN-2018/1576,2020-09-14,2020,DT-DYN-2S-450,1,Tillman Domotics,Tillman Domotics,Paid,Sales - DT SCREENS,DT SCREENS,-500.0,1,0
GTUK / Apex Tech Scotland Ltd,INV-2018/1577,2020-09-17,2020,PT-CI-7.3X,9,Integrated Audio Visual Solutions Ltd,Integrated Audio Visual Solutions Ltd,Paid,,,0.0,1,0
GTUK / Apex Tech Scotland Ltd,INV-2018/1577,2020-09-17,2020,,0,Integrated Audio Visual Solutions Ltd,Integrated Audio Visual Solutions Ltd,Paid,,,0.0,1,0
GTUK / Apex Tech Scotland Ltd,INV-2018/1578,2020-09-24,2020,STH-LRX85S,1,SM Contract Ltd,SM Contract Ltd,Paid,Sales - STEALTH,STEALTH,1300.0,1,0
GTUK / Apex Tech Scotland Ltd,INV-2018/1578,2020-09-24,2020,,0,SM Contract Ltd,SM Contract Ltd,Paid,,,0.0,1,0
GTUK / Apex Tech Scotland Ltd,INV-2018/1581,2020-10-04,2020,CATS-REF-CP,1,The Cinema Company,The Cinema Company,Approved,Sales - CATS,CATS,330.0,1,0
GTUK / Apex Tech Scotland Ltd,INV-2018/1581,2020-10-04,2020,,1,The Cinema Company,The Cinema Company,Approved,"Postage, Freight & Courier","Postage, Freight & Courier",50.0,0,0
GTUK / Apex Tech Scotland Ltd,INV-2018/1581,2020-10-04,2020,,0,The Cinema Company,The Cinema Company,Approved,,,0.0,1,0
GTUK / Apex Tech Scotland Ltd,INV-2018/1582,2020-10-05,2020,STH-LR6G,1,Forward Vision Solutions,Forward Vision Solutions,Paid,Sales - STEALTH,STEALTH,600.0,1,0
GTUK / Apex Tech Scotland Ltd,INV-2018/1582,2020-10-05,2020,,0,Forward Vision Solutions,Forward Vision Solutions,Paid,,,0.0,1,0
GTUK / Apex Tech Scotland Ltd,INV-2018/1584,2020-10-08,2020,STH-LRX85S,1,SMC,SMC,Paid,Sales - STEALTH,STEALTH,1300.0,1,0
GTUK / Apex Tech Scotland Ltd,INV-2018/1584,2020-10-08,2020,,0,SMC,SMC,Paid,,,0.0,1,0
GTUK / Apex Tech Scotland Ltd,INV-2018/1585,2020-10-20,2020,NGTC-BTI,4,AT&C Professional Systems Ltd,AT&C Professional Systems Ltd,Approved,Sales - NEXTGENTECH,NEXTGENTECH,754.0,1,0
GTUK / Apex Tech Scotland Ltd,INV-2018/1585,2020-10-20,2020,,0,AT&C Professional Systems Ltd,AT&C Professional Systems Ltd,Approved,,,0.0,1,0
GTUK / Apex Tech Scotland Ltd,INV-2018/1587,2020-10-27,2020,,16,Tillman Domotics,Tillman Domotics,Approved,Sales - NEXTGENTECH,NEXTGENTECH,34216.0,1,0
GTUK / Apex Tech Scotland Ltd,INV-2018/1587,2020-10-27,2020,,1,Tillman Domotics,Tillman Domotics,Approved,Sales - NEXTGENTECH,NEXTGENTECH,9035.0,1,0
GTUK / Apex Tech Scotland Ltd,INV-2018/1587,2020-10-27,2020,,10,Tillman Domotics,Tillman Domotics,Approved,Sales - NEXTGENTECH,NEXTGENTECH,16185.0,1,0
GTUK / Apex Tech Scotland Ltd,INV-2018/1587,2020-10-27,2020,,3,Tillman Domotics,Tillman Domotics,Approved,Sales - NEXTGENTECH,NEXTGENTECH,408.0,1,0
GTUK / Apex Tech Scotland Ltd,INV-2018/1587,2020-10-27,2020,,50,Tillman Domotics,Tillman Domotics,Approved,Sales - NEXTGENTECH,NEXTGENTECH,6800.0,1,0
GTUK / Apex Tech Scotland Ltd,INV-2018/1587,2020-10-27,2020,,4,Tillman Domotics,Tillman Domotics,Approved,Sales - NEXTGENTECH,NEXTGENTECH,27302.4,1,0
GTUK / Apex Tech Scotland Ltd,INV-2018/1587,2020-10-27,2020,,4,Tillman Domotics,Tillman Domotics,Approved,Sales - NEXTGENTECH,NEXTGENTECH,24112.0,1,0
GTUK / Apex Tech Scotland Ltd,INV-2018/1587,2020-10-27,2020,,6,Tillman Domotics,Tillman Domotics,Approved,Sales - NEXTGENTECH,NEXTGENTECH,21840.0,1,0
GTUK / Apex Tech Scotland Ltd,INV-2018/1587,2020-10-27,2020,,2,Tillman Domotics,Tillman Domotics,Approved,Sales - NEXTGENTECH,NEXTGENTECH,4940.0,1,0
GTUK / Apex Tech Scotland Ltd,INV-2018/1587,2020-10-27,2020,,1,Tillman Domotics,Tillman Domotics,Approved,Sales - NEXTGENTECH,NEXTGENTECH,10000.0,1,0
GTUK / Apex Tech Scotland Ltd,INV-2018/1587,2020-10-27,2020,,0,Tillman Domotics,Tillman Domotics,Approved,,,0.0,1,0
GTUK / Apex Tech Scotland Ltd,INV-2018/1587,2020-10-27,2020,,1,Tillman Domotics,Tillman Domotics,Approved,Sales - NEXTGENTECH,NEXTGENTECH,8000.0,1,0
GTUK / Apex Tech Scotland Ltd,INV-2018/1588,2020-10-28,2020,NGTC-32140PWR,2,Tillman Domotics,Tillman Domotics,Paid,Sales - NEXTGENTECH,NEXTGENTECH,13651.2,1,0
GTUK / Apex Tech Scotland Ltd,INV-2018/1588,2020-10-28,2020,NGTC-DAO-AU-0X2,1,Tillman Domotics,Tillman Domotics,Paid,Sales - NEXTGENTECH,NEXTGENTECH,136.0,1,0
GTUK / Apex Tech Scotland Ltd,INV-2018/1588,2020-10-28,2020,NGTC-DSP-FP,1,Tillman Domotics,Tillman Domotics,Paid,Sales - NEXTGENTECH,NEXTGENTECH,1300.0,1,0
GTUK / Apex Tech Scotland Ltd,INV-2018/1588,2020-10-28,2020,,1,Tillman Domotics,Tillman Domotics,Paid,Sales - NEXTGENTECH,NEXTGENTECH,136.0,1,0
GTUK / Apex Tech Scotland Ltd,INV-2018/1588,2020-10-28,2020,,2,Tillman Domotics,Tillman Domotics,Paid,Sales - NEXTGENTECH,NEXTGENTECH,481.0,1,0
GTUK / Apex Tech Scotland Ltd,INV-2018/1588,2020-10-28,2020,,0,Tillman Domotics,Tillman Domotics,Paid,,,0.0,1,0
GTUK / Apex Tech Scotland Ltd,INV-2018/1588,2020-10-28,2020,,2,Tillman Domotics,Tillman Domotics,Paid,Sales - NEXTGENTECH,NEXTGENTECH,4277.0,1,0
GTUK / Apex Tech Scotland Ltd,CN-2018/1589,2020-10-30,2020,,1,Meridian Audio Limited,Meridian Audio Limited,Approved,Sales - STEALTH,STEALTH,-840.0,1,0
GTUK / Apex Tech Scotland Ltd,CN-2018/1599,2020-10-31,2020,,1,Tillman Domotics,Tillman Domotics,Paid,Sales - OTHERS,OTHERS,-81419.2,1,0
GTUK / Apex Tech Scotland Ltd,CN-2018/1598,2020-10-31,2020,,1,Tillman Domotics,Tillman Domotics,Paid,Sales - OTHERS,OTHERS,-9990.6,1,0
GTUK / Apex Tech Scotland Ltd,INV-2018/1590,2020-11-06,2020,DT-FRNT-390,1,JACOBS AV,JACOBS AV,Paid,Sales - DT SCREENS,DT SCREENS,2251.5,1,0
GTUK / Apex Tech Scotland Ltd,INV-2018/1590,2020-11-06,2020,DT-IS-ATP-390,1,JACOBS AV,JACOBS AV,Paid,Sales - DT SCREENS,DT SCREENS,484.5,1,0
GTUK / Apex Tech Scotland Ltd,INV-2018/1591,2020-11-09,2020,BAR-BAL-MR-B,1,Blububbles ltd,Blububbles ltd,Paid,Sales - BARCO,BARCO,10800.0,1,0
GTUK / Apex Tech Scotland Ltd,INV-2018/1591,2020-11-09,2020,BAR-BAL-LENS-WAZ,1,Blububbles ltd,Blububbles ltd,Paid,,,0.0,1,0
GTUK / Apex Tech Scotland Ltd,INV-2018/1591,2020-11-09,2020,,1,Blububbles ltd,Blububbles ltd,Paid,Sales - BARCO,BARCO,50.0,1,0
GTUK / Apex Tech Scotland Ltd,INV-2018/1592,2020-11-13,2020,SD-SD250,1,Environ Audio Ltd,Environ Audio Ltd,Paid,Sales - SOLID DRIVE,SOLID DRIVE,240.0,1,0
GTUK / Apex Tech Scotland Ltd,INV-2018/1592,2020-11-13,2020,,1,Environ Audio Ltd,Environ Audio Ltd,Paid,"Postage, Freight & Courier","Postage, Freight & Courier",50.0,0,0
GTUK / Apex Tech Scotland Ltd,INV-2018/1592,2020-11-13,2020,,0,Environ Audio Ltd,Environ Audio Ltd,Paid,,,0.0,1,0
GTUK / Apex Tech Scotland Ltd,INV-2018/1593,2020-11-16,2020,PT-DP-4000,1,Invisible Wires Ltd,Invisible Wires Ltd,Paid,Sales - PHASE TECHNOLOGY,PHASE TECHNOLOGY,4500.0,1,0
GTUK / Apex Tech Scotland Ltd,INV-2018/1593,2020-11-16,2020,PT-FLYTE-IW-B,4,Invisible Wires Ltd,Invisible Wires Ltd,Paid,Sales - PHASE TECHNOLOGY,PHASE TECHNOLOGY,2400.0,1,0
GTUK / Apex Tech Scotland Ltd,INV-2018/1593,2020-11-16,2020,,0,Invisible Wires Ltd,Invisible Wires Ltd,Paid,,,0.0,1,0
GTUK / Apex Tech Scotland Ltd,INV-2018/1594,2020-11-17,2020,STH-LR6GS,1,THAMES DIGITAL SERVICES LTD,THAMES DIGITAL SERVICES LTD,Paid,Sales - STEALTH,STEALTH,300.0,1,0
GTUK / Apex Tech Scotland Ltd,INV-2018/1594,2020-11-17,2020,,1,THAMES DIGITAL SERVICES LTD,THAMES DIGITAL SERVICES LTD,Paid,"Postage, Freight & Courier","Postage, Freight & Courier",50.0,0,0
GTUK / Apex Tech Scotland Ltd,INV-2018/1594,2020-11-17,2020,,0,THAMES DIGITAL SERVICES LTD,THAMES DIGITAL SERVICES LTD,Paid,,,0.0,1,0
GTUK / Apex Tech Scotland Ltd,INV-2018/1596,2020-11-27,2020,CATS-REF-CP,6,Cornflake Ltd.,Cornflake Ltd.,Approved,Sales - CATS,CATS,1980.0,1,0
GTUK / Apex Tech Scotland Ltd,INV-2018/1596,2020-11-27,2020,CATS-REV-CP-50,7,Cornflake Ltd.,Cornflake Ltd.,Approved,Sales - CATS,CATS,2310.0,1,0
GTUK / Apex Tech Scotland Ltd,INV-2018/1596,2020-11-27,2020,,0,Cornflake Ltd.,Cornflake Ltd.,Approved,,,0.0,1,0
GTUK / Apex Tech Scotland Ltd,INV-2018/1600,2020-12-02,2020,,1,Tillman Domotics,Tillman Domotics,Paid,Sales - OTHERS,OTHERS,81419.2,1,0
GTUK / Apex Tech Scotland Ltd,INV-2018/1601,2020-12-02,2020,,1,Tillman Domotics,Tillman Domotics,Paid,Sales - OTHERS,OTHERS,9990.6,1,0
GTUK / Apex Tech Scotland Ltd,INV-2018/1602,2020-12-04,2020,BAR-ATH,1,Cornflake Ltd.,Cornflake Ltd.,Approved,Sales - BARCO,BARCO,32500.0,1,0
GTUK / Apex Tech Scotland Ltd,INV-2018/1602,2020-12-04,2020,BAR-2K-LENS-5-HC,1,Cornflake Ltd.,Cornflake Ltd.,Approved,Sales - BARCO,BARCO,1300.0,1,0
GTUK / Apex Tech Scotland Ltd,INV-2018/1602,2020-12-04,2020,DT-DYN-2S-360,1,Cornflake Ltd.,Cornflake Ltd.,Approved,Sales - DT SCREENS,DT SCREENS,7500.0,1,0
GTUK / Apex Tech Scotland Ltd,INV-2018/1602,2020-12-04,2020,DT-IS-ATP-360,1,Cornflake Ltd.,Cornflake Ltd.,Approved,Sales - DT SCREENS,DT SCREENS,450.0,1,0
GTUK / Apex Tech Scotland Ltd,INV-2018/1603,2020-12-04,2020,,1,HiFi Corner (Edinburgh) Ltd,HiFi Corner (Edinburgh) Ltd,Paid,Sales - madVR,madVR,4550.0,1,0
GTUK / Apex Tech Scotland Ltd,INV-2018/1572,2020-12-15,2020,,0,SMC,SMC,Approved,,,0.0,1,0
GTUK / Apex Tech Scotland Ltd,INV-2018/1572,2020-12-15,2020,BAR-NJD-HT-B,1,SMC,SMC,Approved,Sales - BARCO,BARCO,55250.0,1,0
GTUK / Apex Tech Scotland Ltd,INV-2018/1572,2020-12-15,2020,BAR-NJD-LENS-USTZ,1,SMC,SMC,Approved,Sales - BARCO,BARCO,3900.0,1,0
GTUK / Apex Tech Scotland Ltd,INV-2018/1604,2020-12-16,2020,KAL-TERRA-40TB,1,HiFi Corner (Edinburgh) Ltd,HiFi Corner (Edinburgh) Ltd,Paid,Sales - KALEIDESCAPE,KALEIDESCAPE,10948.0,1,0
GTUK / Apex Tech Scotland Ltd,INV-2018/1605,2020-12-18,2020,KAL-STRAT-6TB,1,Habitech Ltd,Habitech Ltd,Paid,Sales - KALEIDESCAPE,KALEIDESCAPE,3332.1,1,0
GTUK / Apex Tech Scotland Ltd,INV-2018/1605,2020-12-18,2020,KAL-STRAT-C,2,Habitech Ltd,Habitech Ltd,Paid,Sales - KALEIDESCAPE,KALEIDESCAPE,5573.8,1,0
GTUK / Apex Tech Scotland Ltd,INV-2018/1607,2020-12-21,2020,,15,Green Bean,Green Bean,Deleted,Sales - DT SCREENS,DT SCREENS,225.0,0,0
GTUK / Apex Tech Scotland Ltd,INV-2018/1607,2020-12-21,2020,,1,Green Bean,Green Bean,Deleted,"Postage, Freight & Courier","Postage, Freight & Courier",75.0,0,0
GTUK / Apex Tech Scotland Ltd,INV-2018/1607,2020-12-21,2020,,0,Green Bean,Green Bean,Deleted,,,0.0,0,0
GTUK / Apex Tech Scotland Ltd,INV-2018/1609,2020-12-23,2020,BAR-BRA-HT-B,1,Link Media Systems,Link Media Systems,Paid,Sales - BARCO,BARCO,17550.0,1,0
GTUK / Apex Tech Scotland Ltd,INV-2018/1609,2020-12-23,2020,BAR-BRA-LENS-UWAZ,1,Link Media Systems,Link Media Systems,Paid,Sales - BARCO,BARCO,877.5,1,0
GTUK / Apex Tech Scotland Ltd,INV-2018/1609,2020-12-23,2020,DT-DYN-2TB-300,1,Link Media Systems,Link Media Systems,Paid,Sales - DT SCREENS,DT SCREENS,6270.0,1,0
GTUK / Apex Tech Scotland Ltd,INV-2018/1609,2020-12-23,2020,DT-IS-ATR-300,1,Link Media Systems,Link Media Systems,Paid,Sales - DT SCREENS,DT SCREENS,450.0,1,0
GTUK / Apex Tech Scotland Ltd,INV-2018/1609,2020-12-23,2020,,0,Link Media Systems,Link Media Systems,Paid,,,0.0,1,0
GTUK / Apex Tech Scotland Ltd,CN-2018/1611,2021-01-04,2021,KAL-STRAT-C,1,Habitech Ltd,Habitech Ltd,Paid,Sales - KALEIDESCAPE,KALEIDESCAPE,-2786.9,1,0
GTUK / Apex Tech Scotland Ltd,INV-2018/1610,2021-01-04,2021,STH-MBC-22,4,What You See And Hear Limited,What You See And Hear Limited,Paid,Sales - STEALTH,STEALTH,300.0,1,0
GTUK / Apex Tech Scotland Ltd,INV-2018/1610,2021-01-04,2021,STH-MBC-12,8,What You See And Hear Limited,What You See And Hear Limited,Paid,Sales - STEALTH,STEALTH,600.0,1,0
GTUK / Apex Tech Scotland Ltd,INV-2018/1606,2021-01-05,2021,BAR-BRA-CHT-B,1,HiFi Corner (Edinburgh) Ltd,HiFi Corner (Edinburgh) Ltd,Paid,Sales - BARCO,BARCO,14500.0,1,0
GTUK / Apex Tech Scotland Ltd,INV-2018/1606,2021-01-05,2021,BAR-BRA-LENS-CS,1,HiFi Corner (Edinburgh) Ltd,HiFi Corner (Edinburgh) Ltd,Paid,,,0.0,1,0
GTUK / Apex Tech Scotland Ltd,INV-2018/1606,2021-01-05,2021,DT-PHG-S,1,HiFi Corner (Edinburgh) Ltd,HiFi Corner (Edinburgh) Ltd,Paid,Sales - DT SCREENS,DT SCREENS,700.0,1,0
GTUK / Apex Tech Scotland Ltd,INV-2018/1606,2021-01-05,2021,DT-DYN-2S-390,1,HiFi Corner (Edinburgh) Ltd,HiFi Corner (Edinburgh) Ltd,Paid,Sales - DT SCREENS,DT SCREENS,6925.0,1,0
GTUK / Apex Tech Scotland Ltd,INV-2018/1606,2021-01-05,2021,ACU-MUSE-16-R,1,HiFi Corner (Edinburgh) Ltd,HiFi Corner (Edinburgh) Ltd,Paid,Sales - ACURUS,ACURUS,2900.0,1,0
GTUK / Apex Tech Scotland Ltd,INV-2018/1606,2021-01-05,2021,PT-FLYTE-IW-724-B,1,HiFi Corner (Edinburgh) Ltd,HiFi Corner (Edinburgh) Ltd,Paid,Sales - PHASE TECHNOLOGY,PHASE TECHNOLOGY,10005.0,1,0
GTUK / Apex Tech Scotland Ltd,INV-2018/1606,2021-01-05,2021,PT-FLYTE-OW-B,2,HiFi Corner (Edinburgh) Ltd,HiFi Corner (Edinburgh) Ltd,Paid,Sales - PHASE TECHNOLOGY,PHASE TECHNOLOGY,690.0,1,0
GTUK / Apex Tech Scotland Ltd,INV-2018/1606,2021-01-05,2021,PT-DCR-660,2,HiFi Corner (Edinburgh) Ltd,HiFi Corner (Edinburgh) Ltd,Paid,Sales - PHASE TECHNOLOGY,PHASE TECHNOLOGY,690.0,1,0
GTUK / Apex Tech Scotland Ltd,INV-2018/1606,2021-01-05,2021,PT-DCB-112,2,HiFi Corner (Edinburgh) Ltd,HiFi Corner (Edinburgh) Ltd,Paid,Sales - PHASE TECHNOLOGY,PHASE TECHNOLOGY,1897.5,1,0
GTUK / Apex Tech Scotland Ltd,INV-2021/1613,2021-01-07,2021,ACU-M8-R,1,Matthews Simply Connecting Ltd,Matthews Simply Connecting Ltd,Paid,Sales - ACURUS,ACURUS,2025.0,1,0
GTUK / Apex Tech Scotland Ltd,INV-2021/1613,2021-01-07,2021,ACU-MUSE-16-R,1,Matthews Simply Connecting Ltd,Matthews Simply Connecting Ltd,Paid,Sales - ACURUS,ACURUS,2812.5,1,0
GTUK / Apex Tech Scotland Ltd,INV-2021/1612,2021-01-07,2021,KAL-DEMO,1,Matthews Simply Connecting Ltd,Matthews Simply Connecting Ltd,Paid,Sales - KALEIDESCAPE,KALEIDESCAPE,3741.5,1,0
GTUK / Apex Tech Scotland Ltd,INV-2021/1614,2021-01-08,2021,DT-CNTP-360,1,Cortex Services,Cortex Services,Paid,Sales - DT SCREENS,DT SCREENS,1567.5,1,0
GTUK / Apex Tech Scotland Ltd,INV-2021/1614,2021-01-08,2021,DT-IS-ATP-360,1,Cortex Services,Cortex Services,Paid,Sales - DT SCREENS,DT SCREENS,412.5,1,0
GTUK / Apex Tech Scotland Ltd,INV-2021/1615,2021-01-08,2021,STH-LR8G,16,Fusion.One International Ltd,Fusion.One International Ltd,Paid,Sales - STEALTH,STEALTH,11200.0,1,0
GTUK / Apex Tech Scotland Ltd,INV-2021/1615,2021-01-08,2021,STH-MBC-22,32,Fusion.One International Ltd,Fusion.One International Ltd,Paid,Sales - STEALTH,STEALTH,2400.0,1,0
GTUK / Apex Tech Scotland Ltd,CN-2021/1618,2021-01-08,2021,STH-LR8G,16,Fusion.One International Ltd,Fusion.One International Ltd,Paid,Sales - STEALTH,STEALTH,-11200.0,1,0
GTUK / Apex Tech Scotland Ltd,CN-2021/1618,2021-01-08,2021,STH-MBC-22,32,Fusion.One International Ltd,Fusion.One International Ltd,Paid,Sales - STEALTH,STEALTH,-2400.0,1,0
GTUK / Apex Tech Scotland Ltd,INV-2021/1616,2021-01-08,2021,STH-BX-22,32,Fusion.One International Ltd,Fusion.One International Ltd,Paid,Sales - STEALTH,STEALTH,2400.0,1,0
GTUK / Apex Tech Scotland Ltd,INV-2021/1616,2021-01-08,2021,STH-LR8G,16,Fusion.One International Ltd,Fusion.One International Ltd,Paid,Sales - STEALTH,STEALTH,11200.0,1,0
GTUK / Apex Tech Scotland Ltd,INV-2021/1617,2021-01-08,2021,STH-B30G,2,iHomes London Media Rooms,iHomes London Media Rooms,Paid,Sales - STEALTH,STEALTH,1400.0,1,0
GTUK / Apex Tech Scotland Ltd,INV-2021/1617,2021-01-08,2021,STH-255,2,iHomes London Media Rooms,iHomes London Media Rooms,Paid,Sales - STEALTH,STEALTH,950.0,1,0
GTUK / Apex Tech Scotland Ltd,INV-2021/1617,2021-01-08,2021,STH-LRX83,1,iHomes London Media Rooms,iHomes London Media Rooms,Paid,Sales - STEALTH,STEALTH,950.0,1,0
GTUK / Apex Tech Scotland Ltd,INV-2021/1617,2021-01-08,2021,STH-SLR8G,1,iHomes London Media Rooms,iHomes London Media Rooms,Paid,Sales - STEALTH,STEALTH,600.0,1,0
GTUK / Apex Tech Scotland Ltd,INV-2021/1617,2021-01-08,2021,STH-MBC-30,4,iHomes London Media Rooms,iHomes London Media Rooms,Paid,Sales - STEALTH,STEALTH,300.0,1,0
GTUK / Apex Tech Scotland Ltd,INV-2021/1617,2021-01-08,2021,STH-LRX85,1,iHomes London Media Rooms,iHomes London Media Rooms,Paid,Sales - STEALTH,STEALTH,2600.0,1,0
GTUK / Apex Tech Scotland Ltd,INV-2021/1617,2021-01-08,2021,STH-MBC-22,17,iHomes London Media Rooms,iHomes London Media Rooms,Paid,Sales - STEALTH,STEALTH,1275.0,1,0
GTUK / Apex Tech Scotland Ltd,INV-2021/1617,2021-01-08,2021,STH-MBC-12,2,iHomes London Media Rooms,iHomes London Media Rooms,Paid,Sales - STEALTH,STEALTH,150.0,1,0
GTUK / Apex Tech Scotland Ltd,INV-2021/1617,2021-01-08,2021,,0,iHomes London Media Rooms,iHomes London Media Rooms,Paid,,,0.0,1,0
GTUK / Apex Tech Scotland Ltd,INV-2021/1617,2021-01-08,2021,STH-LRX83,7,iHomes London Media Rooms,iHomes London Media Rooms,Paid,Sales - STEALTH,STEALTH,6650.0,1,0
GTUK / Apex Tech Scotland Ltd,INV-2021/1620,2021-01-13,2021,STH-LR8G,2,iHomes London Media Rooms,iHomes London Media Rooms,Paid,Sales - STEALTH,STEALTH,1400.0,1,0
GTUK / Apex Tech Scotland Ltd,INV-2021/1620,2021-01-13,2021,STH-BX-22,4,iHomes London Media Rooms,iHomes London Media Rooms,Paid,Sales - STEALTH,STEALTH,300.0,1,0
GTUK / Apex Tech Scotland Ltd,INV-2021/1620,2021-01-13,2021,,0,iHomes London Media Rooms,iHomes London Media Rooms,Paid,,,0.0,1,0
GTUK / Apex Tech Scotland Ltd,INV-2021/1621,2021-01-18,2021,STH-LRX83,1,ADORATION AV,ADORATION AV,Paid,Sales - STEALTH,STEALTH,950.0,1,0
GTUK / Apex Tech Scotland Ltd,INV-2021/1621,2021-01-18,2021,,0,ADORATION AV,ADORATION AV,Paid,,,0.0,1,0
GTUK / Apex Tech Scotland Ltd,INV-2021/1621,2021-01-18,2021,STH-SA2400,1,ADORATION AV,ADORATION AV,Paid,Sales - STEALTH,STEALTH,950.0,1,0
GTUK / Apex Tech Scotland Ltd,INV-2021/1621,2021-01-18,2021,,1,ADORATION AV,ADORATION AV,Paid,Sales - STEALTH,STEALTH,100.0,1,0
GTUK / Apex Tech Scotland Ltd,INV-2021/1621,2021-01-18,2021,,1,ADORATION AV,ADORATION AV,Paid,Sales - STEALTH,STEALTH,-2000.0,1,0
GTUK / Apex Tech Scotland Ltd,INV-2021/1622,2021-01-18,2021,STH-LRX83,1,SRB Electrical & Security Ltd,SRB Electrical & Security Ltd,Paid,Sales - STEALTH,STEALTH,950.0,1,0
GTUK / Apex Tech Scotland Ltd,INV-2021/1622,2021-01-18,2021,,0,SRB Electrical & Security Ltd,SRB Electrical & Security Ltd,Paid,,,0.0,1,0
GTUK / Apex Tech Scotland Ltd,INV-2021/1622,2021-01-18,2021,STH-SA2400,1,SRB Electrical & Security Ltd,SRB Electrical & Security Ltd,Paid,Sales - STEALTH,STEALTH,950.0,1,0
GTUK / Apex Tech Scotland Ltd,INV-2021/1622,2021-01-18,2021,,1,SRB Electrical & Security Ltd,SRB Electrical & Security Ltd,Paid,Sales - STEALTH,STEALTH,100.0,1,0
GTUK / Apex Tech Scotland Ltd,INV-2021/1622,2021-01-18,2021,,1,SRB Electrical & Security Ltd,SRB Electrical & Security Ltd,Paid,Sales - STEALTH,STEALTH,-2000.0,1,0
GTUK / Apex Tech Scotland Ltd,INV-2021/1626,2021-01-21,2021,CATS-REV-CP-50,7,Matthews Simply Connecting Ltd,Matthews Simply Connecting Ltd,Paid,Sales - CATS,CATS,1925.0,1,0
GTUK / Apex Tech Scotland Ltd,INV-2021/1626,2021-01-21,2021,CATS-RES-CP,10,Matthews Simply Connecting Ltd,Matthews Simply Connecting Ltd,Paid,Sales - CATS,CATS,4500.0,1,0
GTUK / Apex Tech Scotland Ltd,INV-2021/1626,2021-01-21,2021,CATS-REF-CP,4,Matthews Simply Connecting Ltd,Matthews Simply Connecting Ltd,Paid,Sales - CATS,CATS,1100.0,1,0
GTUK / Apex Tech Scotland Ltd,INV-2021/1626,2021-01-21,2021,KAL-STRAT-6TB,1,Matthews Simply Connecting Ltd,Matthews Simply Connecting Ltd,Paid,Sales - KALEIDESCAPE,KALEIDESCAPE,4021.5,1,0
GTUK / Apex Tech Scotland Ltd,INV-2021/1624,2021-01-21,2021,CATS-REF-CP,0.5,Cortex Services,Cortex Services,Paid,Sales - CATS,CATS,160.0,1,0
GTUK / Apex Tech Scotland Ltd,INV-2021/1623,2021-01-21,2021,STH-BX-12,1,THAMES DIGITAL SERVICES LTD,THAMES DIGITAL SERVICES LTD,Paid,Sales - STEALTH,STEALTH,75.0,1,0
GTUK / Apex Tech Scotland Ltd,INV-2021/1623,2021-01-21,2021,STH-PS-12,1,THAMES DIGITAL SERVICES LTD,THAMES DIGITAL SERVICES LTD,Paid,Sales - STEALTH,STEALTH,87.5,1,0
GTUK / Apex Tech Scotland Ltd,INV-2021/1623,2021-01-21,2021,,0,THAMES DIGITAL SERVICES LTD,THAMES DIGITAL SERVICES LTD,Paid,,,0.0,1,0
GTUK / Apex Tech Scotland Ltd,INV-2021/1623,2021-01-21,2021,,1,THAMES DIGITAL SERVICES LTD,THAMES DIGITAL SERVICES LTD,Paid,"Postage, Freight & Courier","Postage, Freight & Courier",50.0,0,0
GTUK / Apex Tech Scotland Ltd,INV-2021/1628,2021-01-22,2021,,1,Meridian Audio Limited,Meridian Audio Limited,Paid,Sales - STEALTH,STEALTH,30.0,1,0
GTUK / Apex Tech Scotland Ltd,INV-2021/1628,2021-01-22,2021,,0,Meridian Audio Limited,Meridian Audio Limited,Paid,,,0.0,1,0
GTUK / Apex Tech Scotland Ltd,INV-2021/1628,2021-01-22,2021,,1,Meridian Audio Limited,Meridian Audio Limited,Paid,"Postage, Freight & Courier","Postage, Freight & Courier",50.0,0,0
GTUK / Apex Tech Scotland Ltd,INV-2018/1595,2021-01-22,2021,STH-SRAY8B,4,Smartcomm Ltd,Smartcomm Ltd,Paid,Sales - STEALTH,STEALTH,3800.0,1,0
GTUK / Apex Tech Scotland Ltd,INV-2018/1595,2021-01-22,2021,,8,Smartcomm Ltd,Smartcomm Ltd,Paid,Sales - STEALTH,STEALTH,1200.0,1,0
GTUK / Apex Tech Scotland Ltd,INV-2018/1595,2021-01-22,2021,,0,Smartcomm Ltd,Smartcomm Ltd,Paid,,,0.0,1,0
GTUK / Apex Tech Scotland Ltd,INV-2021/1627,2021-01-22,2021,NGTC-MP60AES,1,Cornflake Ltd.,Cornflake Ltd.,Paid,Sales - NEXTGENTECH,NEXTGENTECH,10010.0,1,0
GTUK / Apex Tech Scotland Ltd,INV-2021/1627,2021-01-22,2021,,0,Cornflake Ltd.,Cornflake Ltd.,Paid,,,0.0,1,0
GTUK / Apex Tech Scotland Ltd,INV-2021/1625,2021-01-25,2021,DT-FRNT-450,1,Smartcomm Ltd,Smartcomm Ltd,Paid,Sales - DT SCREENS,DT SCREENS,3000.0,1,0
GTUK / Apex Tech Scotland Ltd,INV-2021/1625,2021-01-25,2021,DT-IS-ATP-450,1,Smartcomm Ltd,Smartcomm Ltd,Paid,Sales - DT SCREENS,DT SCREENS,660.0,1,0
GTUK / Apex Tech Scotland Ltd,INV-2021/1625,2021-01-25,2021,,0,Smartcomm Ltd,Smartcomm Ltd,Paid,,,0.0,1,0
GTUK / Apex Tech Scotland Ltd,INV-2021/1625,2021-01-25,2021,,1,Smartcomm Ltd,Smartcomm Ltd,Paid,Sales - DT SCREENS,DT SCREENS,915.0,1,0
GTUK / Apex Tech Scotland Ltd,INV-2021/1625,2021-01-25,2021,,0,Smartcomm Ltd,Smartcomm Ltd,Paid,,,0.0,1,0
GTUK / Apex Tech Scotland Ltd,INV-2021/1630,2021-01-26,2021,,0,Sonic Syndicate,Sonic Syndicate,Paid,,,0.0,1,0
GTUK / Apex Tech Scotland Ltd,INV-2021/1630,2021-01-26,2021,STH-LR6G,1,Sonic Syndicate,Sonic Syndicate,Paid,Sales - STEALTH,STEALTH,600.0,1,0
GTUK / Apex Tech Scotland Ltd,INV-2021/1630,2021-01-26,2021,STH-B22G,1,Sonic Syndicate,Sonic Syndicate,Paid,Sales - STEALTH,STEALTH,550.0,1,0
GTUK / Apex Tech Scotland Ltd,INV-2021/1630,2021-01-26,2021,STH-PS-12,1,Sonic Syndicate,Sonic Syndicate,Paid,Sales - STEALTH,STEALTH,87.5,1,0
GTUK / Apex Tech Scotland Ltd,INV-2021/1630,2021-01-26,2021,STH-PS-22,1,Sonic Syndicate,Sonic Syndicate,Paid,Sales - STEALTH,STEALTH,87.5,1,0
GTUK / Apex Tech Scotland Ltd,INV-2021/1630,2021-01-26,2021,STH-SK-1,1,Sonic Syndicate,Sonic Syndicate,Paid,Sales - STEALTH,STEALTH,50.0,1,0
GTUK / Apex Tech Scotland Ltd,INV-2021/1630,2021-01-26,2021,STH-MBX-12,2,Sonic Syndicate,Sonic Syndicate,Paid,Sales - STEALTH,STEALTH,150.0,1,0
GTUK / Apex Tech Scotland Ltd,INV-2021/1630,2021-01-26,2021,STH-MBX-22,2,Sonic Syndicate,Sonic Syndicate,Paid,Sales - STEALTH,STEALTH,150.0,1,0
GTUK / Apex Tech Scotland Ltd,INV-2021/1629,2021-01-26,2021,STH-LRX85,1,SMC,SMC,Paid,Sales - STEALTH,STEALTH,2600.0,1,0
GTUK / Apex Tech Scotland Ltd,INV-2021/1629,2021-01-26,2021,,0,SMC,SMC,Paid,,,0.0,1,0
GTUK / Apex Tech Scotland Ltd,CN-2021/1636,2021-01-27,2021,STH-LRX83,1,iHomes London Media Rooms,iHomes London Media Rooms,Paid,Sales - STEALTH,STEALTH,-100.0,1,0
GTUK / Apex Tech Scotland Ltd,CN-2021/1636,2021-01-27,2021,STH-MBC-22,2,iHomes London Media Rooms,iHomes London Media Rooms,Paid,Sales - STEALTH,STEALTH,-40.0,1,0
GTUK / Apex Tech Scotland Ltd,INV-2021/1631,2021-01-27,2021,BAR-BRA-CHT-B,1,The Integrated Home Ltd,The Integrated Home Ltd,Paid,Sales - BARCO,BARCO,13050.0,1,0
GTUK / Apex Tech Scotland Ltd,INV-2021/1631,2021-01-27,2021,BAR-BAL-LENS-WAZ,1,The Integrated Home Ltd,The Integrated Home Ltd,Paid,,,0.0,1,0
GTUK / Apex Tech Scotland Ltd,INV-2021/1631,2021-01-27,2021,DT-CM,1,The Integrated Home Ltd,The Integrated Home Ltd,Paid,Sales - DT SCREENS,DT SCREENS,375.0,1,0
GTUK / Apex Tech Scotland Ltd,INV-2021/1631,2021-01-27,2021,,1,The Integrated Home Ltd,The Integrated Home Ltd,Paid,Sales - BARCO,BARCO,-2450.0,1,0
GTUK / Apex Tech Scotland Ltd,INV-2021/1632,2021-01-27,2021,ACU-MUSE-16-R,1,Infidelity,Infidelity,Paid,Sales - ACURUS,ACURUS,3750.0,1,0
GTUK / Apex Tech Scotland Ltd,INV-2021/1632,2021-01-27,2021,,0,Infidelity,Infidelity,Paid,,,0.0,1,0
GTUK / Apex Tech Scotland Ltd,INV-2021/1635,2021-01-27,2021,STH-LRX83,1,iHomes London Media Rooms,iHomes London Media Rooms,Paid,Sales - STEALTH,STEALTH,100.0,1,0
GTUK / Apex Tech Scotland Ltd,INV-2021/1635,2021-01-27,2021,STH-MBC-22,2,iHomes London Media Rooms,iHomes London Media Rooms,Paid,Sales - STEALTH,STEALTH,40.0,1,0
GTUK / Apex Tech Scotland Ltd,INV-2021/1633,2021-01-29,2021,STH-LRX83,1,iHomes London Media Rooms,iHomes London Media Rooms,Paid,Sales - STEALTH,STEALTH,950.0,1,0
GTUK / Apex Tech Scotland Ltd,INV-2021/1633,2021-01-29,2021,STH-MBC-22,2,iHomes London Media Rooms,iHomes London Media Rooms,Paid,Sales - STEALTH,STEALTH,150.0,1,0
GTUK / Apex Tech Scotland Ltd,INV-2021/1633,2021-01-29,2021,,1,iHomes London Media Rooms,iHomes London Media Rooms,Paid,"Postage, Freight & Courier","Postage, Freight & Courier",250.0,0,0
GTUK / Apex Tech Scotland Ltd,INV-2021/1634,2021-02-03,2021,DT-PHG-2,1,Cornflake Ltd.,Cornflake Ltd.,Paid,Sales - DT SCREENS,DT SCREENS,2700.0,1,0
GTUK / Apex Tech Scotland Ltd,INV-2021/1634,2021-02-03,2021,,0,Cornflake Ltd.,Cornflake Ltd.,Paid,,,0.0,1,0
GTUK / Apex Tech Scotland Ltd,INV-2021/1634,2021-02-03,2021,,0,Cornflake Ltd.,Cornflake Ltd.,Paid,,,0.0,1,0
GTUK / Apex Tech Scotland Ltd,INV-2021/1643,2021-02-17,2021,,1,Smartcomm Ltd,Smartcomm Ltd,Draft,Freight Costs - Outward,Freight Costs - Outward,350.0,0,0
GTUK / Apex Tech Scotland Ltd,INV-2021/1644,2021-02-18,2021,STH-LR8G,4,AT&C Professional Systems Ltd,AT&C Professional Systems Ltd,Paid,Sales - STEALTH,STEALTH,2800.0,1,0
GTUK / Apex Tech Scotland Ltd,INV-2021/1644,2021-02-18,2021,STH-MBC-22,6,AT&C Professional Systems Ltd,AT&C Professional Systems Ltd,Paid,Sales - STEALTH,STEALTH,450.0,1,0
GTUK / Apex Tech Scotland Ltd,INV-2021/1645,2021-02-19,2021,NGTC-1URT,3,Tillman Domotics,Tillman Domotics,Paid,Sales - NEXTGENTECH,NEXTGENTECH,185.25,1,0
GTUK / Apex Tech Scotland Ltd,INV-2021/1645,2021-02-19,2021,,1,Tillman Domotics,Tillman Domotics,Paid,Sales - NEXTGENTECH,NEXTGENTECH,-185.25,1,0
GTUK / Apex Tech Scotland Ltd,INV-2021/1645,2021-02-19,2021,,0,Tillman Domotics,Tillman Domotics,Paid,,,0.0,1,0
GTUK / Apex Tech Scotland Ltd,INV-2021/1646,2021-02-22,2021,,1,Tillman Domotics,Tillman Domotics,Paid,Sales - NEXTGENTECH,NEXTGENTECH,9384.0,1,0
GTUK / Apex Tech Scotland Ltd,INV-2021/1646,2021-02-22,2021,,1,Tillman Domotics,Tillman Domotics,Paid,Sales - NEXTGENTECH,NEXTGENTECH,147.0,1,0
GTUK / Apex Tech Scotland Ltd,INV-2021/1646,2021-02-22,2021,,3,Tillman Domotics,Tillman Domotics,Paid,Sales - NEXTGENTECH,NEXTGENTECH,8649.0,1,0
GTUK / Apex Tech Scotland Ltd,INV-2021/1646,2021-02-22,2021,,2,Tillman Domotics,Tillman Domotics,Paid,Sales - NEXTGENTECH,NEXTGENTECH,294.0,1,0
GTUK / Apex Tech Scotland Ltd,CN-2021/1679,2021-02-23,2021,KAL-STRAT-6TB,1,Automated Habitat,Automated Habitat,Paid,Sales - KALEIDESCAPE,KALEIDESCAPE,-4021.5,1,0
GTUK / Apex Tech Scotland Ltd,INV-2021/1648,2021-02-23,2021,KAL-STRAT-6TB,1,Automated Habitat,Automated Habitat,Paid,Sales - KALEIDESCAPE,KALEIDESCAPE,4021.5,1,0
GTUK / Apex Tech Scotland Ltd,INV-2018/1608,2021-03-01,2021,DT-VMM-V2,2,Smartcomm Ltd,Smartcomm Ltd,Approved,Sales - DT SCREENS,DT SCREENS,3000.0,1,0
GTUK / Apex Tech Scotland Ltd,INV-2018/1608,2021-03-01,2021,DT-PHG-2,2,Smartcomm Ltd,Smartcomm Ltd,Approved,Sales - DT SCREENS,DT SCREENS,3600.0,1,0
GTUK / Apex Tech Scotland Ltd,INV-2018/1608,2021-03-01,2021,,0,Smartcomm Ltd,Smartcomm Ltd,Approved,,,0.0,1,0
GTUK / Apex Tech Scotland Ltd,INV-2018/1608,2021-03-01,2021,ACU-ACT4-20,1,Smartcomm Ltd,Smartcomm Ltd,Approved,Sales - ACURUS,ACURUS,7650.0,1,0
GTUK / Apex Tech Scotland Ltd,INV-2018/1608,2021-03-01,2021,DT-DYN-2S-420,1,Smartcomm Ltd,Smartcomm Ltd,Approved,Sales - DT SCREENS,DT SCREENS,9180.0,1,0
GTUK / Apex Tech Scotland Ltd,INV-2018/1608,2021-03-01,2021,DT-IS-ATP-420,1,Smartcomm Ltd,Smartcomm Ltd,Approved,Sales - DT SCREENS,DT SCREENS,570.0,1,0
GTUK / Apex Tech Scotland Ltd,INV-2021/1619,2021-03-01,2021,DT-IS-ATP-300,1,Smartcomm Ltd,Smartcomm Ltd,Approved,Sales - DT SCREENS,DT SCREENS,300.0,1,0
GTUK / Apex Tech Scotland Ltd,INV-2021/1619,2021-03-01,2021,,0,Smartcomm Ltd,Smartcomm Ltd,Approved,,,0.0,1,0
GTUK / Apex Tech Scotland Ltd,INV-2021/1619,2021-03-01,2021,DT-DYN-2S-300,1,Smartcomm Ltd,Smartcomm Ltd,Approved,Sales - DT SCREENS,DT SCREENS,6120.0,1,0
GTUK / Apex Tech Scotland Ltd,INV-2021/1651,2021-03-02,2021,BAR-MED2-MR-B,1,SURREY AV SOLUTIONS LTD,SURREY AV SOLUTIONS LTD,Paid,Sales - BARCO,BARCO,14625.0,1,0
GTUK / Apex Tech Scotland Ltd,INV-2021/1651,2021-03-02,2021,BAR-MED2-LENS-UWAZ,1,SURREY AV SOLUTIONS LTD,SURREY AV SOLUTIONS LTD,Paid,Sales - BARCO,BARCO,1625.0,1,0
GTUK / Apex Tech Scotland Ltd,INV-2021/1651,2021-03-02,2021,DT-CNTP-510,1,SURREY AV SOLUTIONS LTD,SURREY AV SOLUTIONS LTD,Paid,Sales - DT SCREENS,DT SCREENS,3000.0,1,0
GTUK / Apex Tech Scotland Ltd,INV-2021/1651,2021-03-02,2021,DT-IS-ATP-510,1,SURREY AV SOLUTIONS LTD,SURREY AV SOLUTIONS LTD,Paid,Sales - DT SCREENS,DT SCREENS,840.0,1,0
GTUK / Apex Tech Scotland Ltd,INV-2021/1651,2021-03-02,2021,CATS-REV-CP-50,4,SURREY AV SOLUTIONS LTD,SURREY AV SOLUTIONS LTD,Paid,Sales - CATS,CATS,1320.0,1,0
GTUK / Apex Tech Scotland Ltd,INV-2021/1651,2021-03-02,2021,,0,SURREY AV SOLUTIONS LTD,SURREY AV SOLUTIONS LTD,Paid,,,0.0,1,0
GTUK / Apex Tech Scotland Ltd,INV-2021/1638,2021-03-02,2021,,1,HiFi Corner (Edinburgh) Ltd,HiFi Corner (Edinburgh) Ltd,Approved,,,0.0,1,0
GTUK / Apex Tech Scotland Ltd,INV-2021/1638,2021-03-02,2021,BAR-LOK-CC-B,1,HiFi Corner (Edinburgh) Ltd,HiFi Corner (Edinburgh) Ltd,Approved,Sales - BARCO,BARCO,33800.0,1,0
GTUK / Apex Tech Scotland Ltd,INV-2021/1638,2021-03-02,2021,BAR-LOK-LENS-CWAZ,1,HiFi Corner (Edinburgh) Ltd,HiFi Corner (Edinburgh) Ltd,Approved,,,0.0,1,0
GTUK / Apex Tech Scotland Ltd,INV-2021/1638,2021-03-02,2021,,1,HiFi Corner (Edinburgh) Ltd,HiFi Corner (Edinburgh) Ltd,Approved,Sales - madVR,madVR,7475.0,1,0
GTUK / Apex Tech Scotland Ltd,INV-2021/1638,2021-03-02,2021,DT-VMM-V2,1,HiFi Corner (Edinburgh) Ltd,HiFi Corner (Edinburgh) Ltd,Approved,Sales - DT SCREENS,DT SCREENS,1500.0,1,0
GTUK / Apex Tech Scotland Ltd,INV-2021/1638,2021-03-02,2021,KAL-STRAT-12TB,1,HiFi Corner (Edinburgh) Ltd,HiFi Corner (Edinburgh) Ltd,Approved,Sales - KALEIDESCAPE,KALEIDESCAPE,5999.0,1,0
GTUK / Apex Tech Scotland Ltd,INV-2021/1638,2021-03-02,2021,DT-DYN-2S-390,1,HiFi Corner (Edinburgh) Ltd,HiFi Corner (Edinburgh) Ltd,Approved,Sales - DT SCREENS,DT SCREENS,8310.0,1,0
GTUK / Apex Tech Scotland Ltd,INV-2021/1638,2021-03-02,2021,DT-IS-ATR-390,1,HiFi Corner (Edinburgh) Ltd,HiFi Corner (Edinburgh) Ltd,Approved,Sales - DT SCREENS,DT SCREENS,720.0,1,0
GTUK / Apex Tech Scotland Ltd,INV-2021/1638,2021-03-02,2021,NGTC-MP60AES,1,HiFi Corner (Edinburgh) Ltd,HiFi Corner (Edinburgh) Ltd,Approved,Sales - NEXTGENTECH,NEXTGENTECH,10010.0,1,0
GTUK / Apex Tech Scotland Ltd,INV-2021/1638,2021-03-02,2021,,1,HiFi Corner (Edinburgh) Ltd,HiFi Corner (Edinburgh) Ltd,Approved,Sales - TPI Cinema,TPI Cinema,2700.0,1,0
GTUK / Apex Tech Scotland Ltd,INV-2021/1638,2021-03-02,2021,,2,HiFi Corner (Edinburgh) Ltd,HiFi Corner (Edinburgh) Ltd,Approved,Sales - TPI Cinema,TPI Cinema,9600.0,1,0
GTUK / Apex Tech Scotland Ltd,INV-2021/1638,2021-03-02,2021,,3,HiFi Corner (Edinburgh) Ltd,HiFi Corner (Edinburgh) Ltd,Approved,Sales - TPI Cinema,TPI Cinema,9900.0,1,0
GTUK / Apex Tech Scotland Ltd,INV-2021/1638,2021-03-02,2021,,3,HiFi Corner (Edinburgh) Ltd,HiFi Corner (Edinburgh) Ltd,Approved,Sales - TPI Cinema,TPI Cinema,12600.0,1,0
GTUK / Apex Tech Scotland Ltd,INV-2021/1638,2021-03-02,2021,,6,HiFi Corner (Edinburgh) Ltd,HiFi Corner (Edinburgh) Ltd,Approved,Sales - TPI Cinema,TPI Cinema,16200.0,1,0
GTUK / Apex Tech Scotland Ltd,INV-2021/1638,2021-03-02,2021,,6,HiFi Corner (Edinburgh) Ltd,HiFi Corner (Edinburgh) Ltd,Approved,Sales - TPI Cinema,TPI Cinema,16200.0,1,0
GTUK / Apex Tech Scotland Ltd,INV-2021/1638,2021-03-02,2021,,2,HiFi Corner (Edinburgh) Ltd,HiFi Corner (Edinburgh) Ltd,Approved,Sales - TPI Cinema,TPI Cinema,7200.0,1,0
GTUK / Apex Tech Scotland Ltd,INV-2021/1638,2021-03-02,2021,,2,HiFi Corner (Edinburgh) Ltd,HiFi Corner (Edinburgh) Ltd,Approved,Sales - TPI Cinema,TPI Cinema,5400.0,1,0
GTUK / Apex Tech Scotland Ltd,INV-2021/1638,2021-03-02,2021,,18,HiFi Corner (Edinburgh) Ltd,HiFi Corner (Edinburgh) Ltd,Approved,Sales - TPI Cinema,TPI Cinema,2160.0,1,0
GTUK / Apex Tech Scotland Ltd,INV-2021/1638,2021-03-02,2021,,285,HiFi Corner (Edinburgh) Ltd,HiFi Corner (Edinburgh) Ltd,Approved,Sales - TPI Cinema,TPI Cinema,8550.0,1,0
GTUK / Apex Tech Scotland Ltd,INV-2021/1638,2021-03-02,2021,,2,HiFi Corner (Edinburgh) Ltd,HiFi Corner (Edinburgh) Ltd,Approved,Sales - DT SCREENS,DT SCREENS,4500.0,1,0
GTUK / Apex Tech Scotland Ltd,INV-2021/1638,2021-03-02,2021,,0,HiFi Corner (Edinburgh) Ltd,HiFi Corner (Edinburgh) Ltd,Approved,,,0.0,1,0
GTUK / Apex Tech Scotland Ltd,INV-2021/1639,2021-03-02,2021,,0,HiFi Corner (Edinburgh) Ltd,HiFi Corner (Edinburgh) Ltd,Approved,,,0.0,1,0
GTUK / Apex Tech Scotland Ltd,INV-2021/1639,2021-03-02,2021,,1,HiFi Corner (Edinburgh) Ltd,HiFi Corner (Edinburgh) Ltd,Approved,Sales - SERVICES,SERVICES,10948.0,1,0
GTUK / Apex Tech Scotland Ltd,INV-2021/1639,2021-03-02,2021,,0,HiFi Corner (Edinburgh) Ltd,HiFi Corner (Edinburgh) Ltd,Approved,,,0.0,1,0
GTUK / Apex Tech Scotland Ltd,INV-2018/1597,2021-03-02,2021,NGTC-1280NX,6,Sensory International Ltd,Sensory International Ltd,Paid,Sales - NEXTGENTECH,NEXTGENTECH,12831.0,1,0
GTUK / Apex Tech Scotland Ltd,INV-2018/1597,2021-03-02,2021,NGTC-MCP4K,5,Sensory International Ltd,Sensory International Ltd,Paid,Sales - NEXTGENTECH,NEXTGENTECH,7150.0,1,0
GTUK / Apex Tech Scotland Ltd,INV-2018/1597,2021-03-02,2021,NGTC-32140PWR,7,Sensory International Ltd,Sensory International Ltd,Paid,Sales - NEXTGENTECH,NEXTGENTECH,47775.0,1,0
GTUK / Apex Tech Scotland Ltd,INV-2018/1597,2021-03-02,2021,NGTC-1URT,5,Sensory International Ltd,Sensory International Ltd,Paid,Sales - NEXTGENTECH,NEXTGENTECH,308.75,1,0
GTUK / Apex Tech Scotland Ltd,INV-2018/1597,2021-03-02,2021,NGTC-SDM,1,Sensory International Ltd,Sensory International Ltd,Paid,Sales - NEXTGENTECH,NEXTGENTECH,8996.0,1,0
GTUK / Apex Tech Scotland Ltd,INV-2018/1597,2021-03-02,2021,,0,Sensory International Ltd,Sensory International Ltd,Paid,,,0.0,1,0
GTUK / Apex Tech Scotland Ltd,INV-2021/1650,2021-03-02,2021,STH-LR6G,5,THAMES DIGITAL SERVICES LTD,THAMES DIGITAL SERVICES LTD,Paid,Sales - STEALTH,STEALTH,3000.0,1,0
GTUK / Apex Tech Scotland Ltd,INV-2021/1650,2021-03-02,2021,,0,THAMES DIGITAL SERVICES LTD,THAMES DIGITAL SERVICES LTD,Paid,,,0.0,1,0
GTUK / Apex Tech Scotland Ltd,INV-2021/1640,2021-03-03,2021,DT-DYN-4-330,1,ECSAV Limited,ECSAV Limited,Paid,Sales - DT SCREENS,DT SCREENS,9990.0,1,0
GTUK / Apex Tech Scotland Ltd,INV-2021/1640,2021-03-03,2021,DT-IS-ATR-330,1,ECSAV Limited,ECSAV Limited,Paid,Sales - DT SCREENS,DT SCREENS,540.0,1,0
GTUK / Apex Tech Scotland Ltd,INV-2021/1640,2021-03-03,2021,,0,ECSAV Limited,ECSAV Limited,Paid,,,0.0,1,0
GTUK / Apex Tech Scotland Ltd,INV-2021/1652,2021-03-03,2021,CATS-REF-CP,4,Cornflake Ltd.,Cornflake Ltd.,Paid,Sales - CATS,CATS,1320.0,1,0
GTUK / Apex Tech Scotland Ltd,INV-2021/1652,2021-03-03,2021,CATS-REV-CP-50,6,Cornflake Ltd.,Cornflake Ltd.,Paid,Sales - CATS,CATS,1980.0,1,0
GTUK / Apex Tech Scotland Ltd,INV-2021/1652,2021-03-03,2021,,0,Cornflake Ltd.,Cornflake Ltd.,Paid,,,0.0,1,0
GTUK / Apex Tech Scotland Ltd,INV-2021/1637,2021-03-03,2021,STH-LR6G,1,iSight Systems,iSight Systems,Paid,Sales - STEALTH,STEALTH,600.0,1,0
GTUK / Apex Tech Scotland Ltd,INV-2021/1647,2021-03-03,2021,,1,Tillman Domotics,Tillman Domotics,Approved,Sales - BARCO,BARCO,188500.0,1,0
GTUK / Apex Tech Scotland Ltd,INV-2021/1647,2021-03-03,2021,,1,Tillman Domotics,Tillman Domotics,Approved,,,0.0,1,0
GTUK / Apex Tech Scotland Ltd,INV-2021/1647,2021-03-03,2021,,1,Tillman Domotics,Tillman Domotics,Approved,Sales - madVR,madVR,7700.0,1,0
GTUK / Apex Tech Scotland Ltd,INV-2021/1647,2021-03-03,2021,DT-DYN-4-XL-480,1,Tillman Domotics,Tillman Domotics,Approved,Sales - DT SCREENS,DT SCREENS,14820.0,1,0
GTUK / Apex Tech Scotland Ltd,INV-2021/1647,2021-03-03,2021,DT-IS-ATP-480,1,Tillman Domotics,Tillman Domotics,Approved,Sales - DT SCREENS,DT SCREENS,750.0,1,0
GTUK / Apex Tech Scotland Ltd,INV-2021/1647,2021-03-03,2021,DT-PHG-2,1,Tillman Domotics,Tillman Domotics,Approved,Sales - DT SCREENS,DT SCREENS,1800.0,1,0
GTUK / Apex Tech Scotland Ltd,INV-2021/1647,2021-03-03,2021,,1,Tillman Domotics,Tillman Domotics,Approved,Sales - DT SCREENS,DT SCREENS,3000.0,1,0
GTUK / Apex Tech Scotland Ltd,INV-2021/1647,2021-03-03,2021,,1,Tillman Domotics,Tillman Domotics,Approved,Sales - BARCO,BARCO,3250.0,1,0
GTUK / Apex Tech Scotland Ltd,INV-2021/1647,2021-03-03,2021,,1,Tillman Domotics,Tillman Domotics,Approved,Sales - DT SCREENS,DT SCREENS,1800.0,1,0
GTUK / Apex Tech Scotland Ltd,INV-2021/1641,2021-03-04,2021,,1,Sensory International Ltd,Sensory International Ltd,Approved,Sales - NEXTGENTECH,NEXTGENTECH,1300.0,1,0
GTUK / Apex Tech Scotland Ltd,INV-2021/1641,2021-03-04,2021,NGTC-1280NX,8,Sensory International Ltd,Sensory International Ltd,Approved,Sales - NEXTGENTECH,NEXTGENTECH,13468.0,1,0
GTUK / Apex Tech Scotland Ltd,INV-2021/1641,2021-03-04,2021,NGTC-MCP4K,9,Sensory International Ltd,Sensory International Ltd,Approved,Sales - NEXTGENTECH,NEXTGENTECH,14566.5,1,0
GTUK / Apex Tech Scotland Ltd,INV-2021/1641,2021-03-04,2021,,4,Sensory International Ltd,Sensory International Ltd,Approved,Sales - NEXTGENTECH,NEXTGENTECH,2340.0,1,0
GTUK / Apex Tech Scotland Ltd,INV-2021/1641,2021-03-04,2021,NGTC-BTI,43,Sensory International Ltd,Sensory International Ltd,Approved,Sales - NEXTGENTECH,NEXTGENTECH,9223.5,1,0
GTUK / Apex Tech Scotland Ltd,INV-2021/1641,2021-03-04,2021,NGTC-DAI-AU-2X0,16,Sensory International Ltd,Sensory International Ltd,Approved,Sales - NEXTGENTECH,NEXTGENTECH,1768.0,1,0
GTUK / Apex Tech Scotland Ltd,INV-2021/1641,2021-03-04,2021,NGTC-SDM,1,Sensory International Ltd,Sensory International Ltd,Approved,Sales - NEXTGENTECH,NEXTGENTECH,9035.0,1,0
GTUK / Apex Tech Scotland Ltd,INV-2021/1641,2021-03-04,2021,NGTC-32140PWR,3,Sensory International Ltd,Sensory International Ltd,Approved,Sales - NEXTGENTECH,NEXTGENTECH,20475.0,1,0
GTUK / Apex Tech Scotland Ltd,INV-2021/1641,2021-03-04,2021,,17,Sensory International Ltd,Sensory International Ltd,Approved,Sales - NEXTGENTECH,NEXTGENTECH,50490.0,1,0
GTUK / Apex Tech Scotland Ltd,INV-2021/1641,2021-03-04,2021,NGTC-DSP-FP,1,Sensory International Ltd,Sensory International Ltd,Approved,Sales - NEXTGENTECH,NEXTGENTECH,6349.85,1,0
GTUK / Apex Tech Scotland Ltd,INV-2021/1641,2021-03-04,2021,,3,Sensory International Ltd,Sensory International Ltd,Approved,Sales - NEXTGENTECH,NEXTGENTECH,9540.0,1,0
GTUK / Apex Tech Scotland Ltd,INV-2021/1641,2021-03-04,2021,,6,Sensory International Ltd,Sensory International Ltd,Approved,Sales - NEXTGENTECH,NEXTGENTECH,9720.0,1,0
GTUK / Apex Tech Scotland Ltd,INV-2021/1641,2021-03-04,2021,,4,Sensory International Ltd,Sensory International Ltd,Approved,Sales - NEXTGENTECH,NEXTGENTECH,2136.0,1,0
GTUK / Apex Tech Scotland Ltd,INV-2021/1641,2021-03-04,2021,,2,Sensory International Ltd,Sensory International Ltd,Approved,Sales - NEXTGENTECH,NEXTGENTECH,5940.0,1,0
GTUK / Apex Tech Scotland Ltd,INV-2021/1641,2021-03-04,2021,NGTC-MP60AES,1,Sensory International Ltd,Sensory International Ltd,Approved,Sales - NEXTGENTECH,NEXTGENTECH,10010.0,1,0
GTUK / Apex Tech Scotland Ltd,INV-2021/1653,2021-03-04,2021,STH-LR6G,3,What You See And Hear Limited,What You See And Hear Limited,Paid,Sales - STEALTH,STEALTH,1260.0,1,0
GTUK / Apex Tech Scotland Ltd,INV-2021/1653,2021-03-04,2021,STH-LR6GS,1,What You See And Hear Limited,What You See And Hear Limited,Paid,Sales - STEALTH,STEALTH,210.0,1,0
GTUK / Apex Tech Scotland Ltd,INV-2021/1653,2021-03-04,2021,STH-LR8G,2,What You See And Hear Limited,What You See And Hear Limited,Paid,Sales - STEALTH,STEALTH,980.0,1,0
GTUK / Apex Tech Scotland Ltd,INV-2021/1649,2021-03-05,2021,BAR-ATH,1,AVCOMM.TV Ltd,AVCOMM.TV Ltd,Paid,Sales - BARCO,BARCO,32500.0,1,0
GTUK / Apex Tech Scotland Ltd,INV-2021/1649,2021-03-05,2021,BAR-2K-LENS-1,1,AVCOMM.TV Ltd,AVCOMM.TV Ltd,Paid,,,0.0,1,0
GTUK / Apex Tech Scotland Ltd,INV-2021/1649,2021-03-05,2021,DT-FRNT-480,1,AVCOMM.TV Ltd,AVCOMM.TV Ltd,Paid,Sales - DT SCREENS,DT SCREENS,3390.0,1,0
GTUK / Apex Tech Scotland Ltd,INV-2021/1649,2021-03-05,2021,DT-IS-ATP-480,1,AVCOMM.TV Ltd,AVCOMM.TV Ltd,Paid,Sales - DT SCREENS,DT SCREENS,750.0,1,0
GTUK / Apex Tech Scotland Ltd,INV-2021/1649,2021-03-05,2021,ACU-MUSE-16-R,1,AVCOMM.TV Ltd,AVCOMM.TV Ltd,Paid,Sales - ACURUS,ACURUS,3750.0,1,0
GTUK / Apex Tech Scotland Ltd,INV-2021/1649,2021-03-05,2021,ACU-M8-R,2,AVCOMM.TV Ltd,AVCOMM.TV Ltd,Paid,Sales - ACURUS,ACURUS,5400.0,1,0
GTUK / Apex Tech Scotland Ltd,INV-2021/1649,2021-03-05,2021,PT-CI-IW-724-Pack,1,AVCOMM.TV Ltd,AVCOMM.TV Ltd,Paid,Sales - PHASE TECHNOLOGY,PHASE TECHNOLOGY,6300.0,1,0
GTUK / Apex Tech Scotland Ltd,INV-2021/1649,2021-03-05,2021,ACU-TETRA-XLR,1,AVCOMM.TV Ltd,AVCOMM.TV Ltd,Paid,Sales - ACURUS,ACURUS,180.0,1,0
GTUK / Apex Tech Scotland Ltd,INV-2021/1649,2021-03-05,2021,,1,AVCOMM.TV Ltd,AVCOMM.TV Ltd,Paid,Sales - SERVICES,SERVICES,2500.0,1,0
GTUK / Apex Tech Scotland Ltd,INV-2021/1649,2021-03-05,2021,DT-HB-L,1,AVCOMM.TV Ltd,AVCOMM.TV Ltd,Paid,Sales - DT SCREENS,DT SCREENS,3900.0,1,0
GTUK / Apex Tech Scotland Ltd,INV-2021/1649,2021-03-05,2021,DT-M-200,2,AVCOMM.TV Ltd,AVCOMM.TV Ltd,Paid,Sales - DT SCREENS,DT SCREENS,1400.0,1,0
GTUK / Apex Tech Scotland Ltd,INV-2021/1649,2021-03-05,2021,DT-M-C2,1,AVCOMM.TV Ltd,AVCOMM.TV Ltd,Paid,Sales - DT SCREENS,DT SCREENS,600.0,1,0
GTUK / Apex Tech Scotland Ltd,INV-2021/1649,2021-03-05,2021,KAL-STRAT-6TB,1,AVCOMM.TV Ltd,AVCOMM.TV Ltd,Paid,Sales - KALEIDESCAPE,KALEIDESCAPE,4021.5,1,0
GTUK / Apex Tech Scotland Ltd,INV-2021/1656,2021-03-09,2021,BAR-MED2-MR-B,1,FUTURE AUDIO,FUTURE AUDIO,Paid,Sales - BARCO,BARCO,14625.0,1,0
GTUK / Apex Tech Scotland Ltd,INV-2021/1656,2021-03-09,2021,BAR-MED2-LENS-LTZ,1,FUTURE AUDIO,FUTURE AUDIO,Paid,Sales - BARCO,BARCO,650.0,1,0
GTUK / Apex Tech Scotland Ltd,INV-2021/1656,2021-03-09,2021,,1,FUTURE AUDIO,FUTURE AUDIO,Paid,Sales - BARCO,BARCO,-2000.0,1,0
GTUK / Apex Tech Scotland Ltd,INV-2021/1655,2021-03-09,2021,ACU-MUSE-16,1,HiFi Corner (Edinburgh) Ltd,HiFi Corner (Edinburgh) Ltd,Paid,Sales - ACURUS,ACURUS,3600.0,1,0
GTUK / Apex Tech Scotland Ltd,INV-2021/1654,2021-03-09,2021,DT-CNTP-300,1,Link Media Systems,Link Media Systems,Paid,Sales - DT SCREENS,DT SCREENS,1350.0,1,0
GTUK / Apex Tech Scotland Ltd,INV-2021/1654,2021-03-09,2021,DT-IS-ATR-300,1,Link Media Systems,Link Media Systems,Paid,Sales - DT SCREENS,DT SCREENS,450.0,1,0
GTUK / Apex Tech Scotland Ltd,INV-2021/1654,2021-03-09,2021,,0,Link Media Systems,Link Media Systems,Paid,,,0.0,1,0
GTUK / Apex Tech Scotland Ltd,INV-2021/1657,2021-03-10,2021,,1,ECSAV,ECSAV,Draft,"Postage, Freight & Courier","Postage, Freight & Courier",350.0,0,0
GTUK / Apex Tech Scotland Ltd,INV-2021/1657,2021-03-10,2021,,0,ECSAV,ECSAV,Draft,,,0.0,0,0
GTUK / Apex Tech Scotland Ltd,,2021-03-10,2021,,1,Link Media Systems,Link Media Systems,Approved,Accounts Receivable,Accounts Receivable,-450.0,0,0
GTUK / Apex Tech Scotland Ltd,INV-2021/1659,2021-03-11,2021,BAR-BRA-HT-B,1,Finite Solutions Ltd.,Finite Solutions Ltd.,Paid,Sales - BARCO,BARCO,17550.0,1,0
GTUK / Apex Tech Scotland Ltd,INV-2021/1659,2021-03-11,2021,BAR-BRA-LENS-CUWAZ,1,Finite Solutions Ltd.,Finite Solutions Ltd.,Paid,Sales - BARCO,BARCO,877.5,1,0
GTUK / Apex Tech Scotland Ltd,CN-2021/1661,2021-03-12,2021,,10,Integrated Audio Visual Solutions Ltd,Integrated Audio Visual Solutions Ltd,Paid,Sales - CATS,CATS,-2520.0,1,0
GTUK / Apex Tech Scotland Ltd,INV-2021/1660,2021-03-12,2021,,1,Integrated Audio Visual Solutions Ltd,Integrated Audio Visual Solutions Ltd,Paid,Sales - BARCO,BARCO,20800.0,1,0
GTUK / Apex Tech Scotland Ltd,INV-2021/1660,2021-03-12,2021,,1,Integrated Audio Visual Solutions Ltd,Integrated Audio Visual Solutions Ltd,Paid,,,0.0,1,0
GTUK / Apex Tech Scotland Ltd,INV-2021/1660,2021-03-12,2021,,1,Integrated Audio Visual Solutions Ltd,Integrated Audio Visual Solutions Ltd,Paid,Sales - DT SCREENS,DT SCREENS,1800.0,1,0
GTUK / Apex Tech Scotland Ltd,INV-2021/1660,2021-03-12,2021,,1,Integrated Audio Visual Solutions Ltd,Integrated Audio Visual Solutions Ltd,Paid,Sales - DT SCREENS,DT SCREENS,8400.0,1,0
GTUK / Apex Tech Scotland Ltd,INV-2021/1660,2021-03-12,2021,,1,Integrated Audio Visual Solutions Ltd,Integrated Audio Visual Solutions Ltd,Paid,Sales - ACURUS,ACURUS,6750.0,1,0
GTUK / Apex Tech Scotland Ltd,INV-2021/1660,2021-03-12,2021,,1,Integrated Audio Visual Solutions Ltd,Integrated Audio Visual Solutions Ltd,Paid,Sales - PHASE TECHNOLOGY,PHASE TECHNOLOGY,19200.0,1,0
GTUK / Apex Tech Scotland Ltd,INV-2021/1660,2021-03-12,2021,,10,Integrated Audio Visual Solutions Ltd,Integrated Audio Visual Solutions Ltd,Paid,Sales - CATS,CATS,4200.0,1,0
GTUK / Apex Tech Scotland Ltd,INV-2021/1660,2021-03-12,2021,,70,Integrated Audio Visual Solutions Ltd,Integrated Audio Visual Solutions Ltd,Paid,,,0.0,1,0
GTUK / Apex Tech Scotland Ltd,INV-2021/1660,2021-03-12,2021,,16,Integrated Audio Visual Solutions Ltd,Integrated Audio Visual Solutions Ltd,Paid,,,0.0,1,0
GTUK / Apex Tech Scotland Ltd,INV-2021/1660,2021-03-12,2021,,5,Integrated Audio Visual Solutions Ltd,Integrated Audio Visual Solutions Ltd,Paid,,,0.0,1,0
GTUK / Apex Tech Scotland Ltd,CN-2021/1671,2021-03-12,2021,BAR-BAL-CHT-B,1,Integrated Audio Visual Solutions Ltd,Integrated Audio Visual Solutions Ltd,Paid,Sales - BARCO,BARCO,-8333.33,1,0
GTUK / Apex Tech Scotland Ltd,CN-2021/1671,2021-03-12,2021,,0,Integrated Audio Visual Solutions Ltd,Integrated Audio Visual Solutions Ltd,Paid,,,0.0,1,0
GTUK / Apex Tech Scotland Ltd,INV-2021/1662,2021-03-12,2021,DT-FRNT-300,1,SMC,SMC,Paid,Sales - DT SCREENS,DT SCREENS,1680.0,1,0
GTUK / Apex Tech Scotland Ltd,INV-2021/1662,2021-03-12,2021,DT-IS-ATP-300,1,SMC,SMC,Paid,Sales - DT SCREENS,DT SCREENS,300.0,1,0
GTUK / Apex Tech Scotland Ltd,INV-2021/1662,2021-03-12,2021,,0,SMC,SMC,Paid,,,0.0,1,0
GTUK / Apex Tech Scotland Ltd,INV-2021/1664,2021-03-15,2021,,0,SMC,SMC,Paid,,,0.0,1,0
GTUK / Apex Tech Scotland Ltd,INV-2021/1664,2021-03-15,2021,,1,SMC,SMC,Paid,Sales - madVR,madVR,7700.0,1,0
GTUK / Apex Tech Scotland Ltd,INV-2021/1663,2021-03-15,2021,STH-LR6G,5,THAMES DIGITAL SERVICES LTD,THAMES DIGITAL SERVICES LTD,Paid,Sales - STEALTH,STEALTH,3000.0,1,0
GTUK / Apex Tech Scotland Ltd,INV-2021/1666,2021-03-16,2021,STH-LR6G,2,SmartHome Technology Limited,SmartHome Technology Limited,Paid,Sales - STEALTH,STEALTH,1200.0,1,0
GTUK / Apex Tech Scotland Ltd,INV-2021/1666,2021-03-16,2021,STH-LRX83,2,SmartHome Technology Limited,SmartHome Technology Limited,Paid,Sales - STEALTH,STEALTH,1900.0,1,0
GTUK / Apex Tech Scotland Ltd,INV-2021/1666,2021-03-16,2021,STH-LR8G,1,SmartHome Technology Limited,SmartHome Technology Limited,Paid,Sales - STEALTH,STEALTH,700.0,1,0
GTUK / Apex Tech Scotland Ltd,INV-2021/1666,2021-03-16,2021,STH-MBC-12,4,SmartHome Technology Limited,SmartHome Technology Limited,Paid,Sales - STEALTH,STEALTH,300.0,1,0
GTUK / Apex Tech Scotland Ltd,INV-2021/1666,2021-03-16,2021,STH-MBC-22,6,SmartHome Technology Limited,SmartHome Technology Limited,Paid,Sales - STEALTH,STEALTH,450.0,1,0
GTUK / Apex Tech Scotland Ltd,INV-2021/1666,2021-03-16,2021,,0,SmartHome Technology Limited,SmartHome Technology Limited,Paid,,,0.0,1,0
GTUK / Apex Tech Scotland Ltd,INV-2021/1665,2021-03-16,2021,,1,Display Calibration,Display Calibration,Paid,Sales - madVR,madVR,4550.0,1,0
GTUK / Apex Tech Scotland Ltd,INV-2021/1665,2021-03-16,2021,,1,Display Calibration,Display Calibration,Paid,Sales - STEALTH,STEALTH,-800.0,1,0
GTUK / Apex Tech Scotland Ltd,INV-2021/1665,2021-03-16,2021,,0,Display Calibration,Display Calibration,Paid,,,0.0,1,0
GTUK / Apex Tech Scotland Ltd,INV-2021/1667,2021-03-16,2021,,1,FUTURE AUDIO,FUTURE AUDIO,Paid,,,0.0,1,0
GTUK / Apex Tech Scotland Ltd,INV-2021/1667,2021-03-16,2021,,0,FUTURE AUDIO,FUTURE AUDIO,Paid,,,0.0,1,0
GTUK / Apex Tech Scotland Ltd,INV-2021/1668,2021-03-17,2021,ACU-MUSE-16-R,1,Cornflake Ltd.,Cornflake Ltd.,Paid,Sales - ACURUS,ACURUS,3750.0,1,0
GTUK / Apex Tech Scotland Ltd,INV-2021/1668,2021-03-17,2021,ACU-TETRA-XLR,1,Cornflake Ltd.,Cornflake Ltd.,Paid,Sales - ACURUS,ACURUS,180.0,1,0
GTUK / Apex Tech Scotland Ltd,INV-2021/1668,2021-03-17,2021,KAL-STRAT-6TB,1,Cornflake Ltd.,Cornflake Ltd.,Paid,Sales - KALEIDESCAPE,KALEIDESCAPE,4021.5,1,0
GTUK / Apex Tech Scotland Ltd,INV-2021/1668,2021-03-17,2021,KAL-KMOUNT-K0509-1,1,Cornflake Ltd.,Cornflake Ltd.,Paid,Sales - KALEIDESCAPE,KALEIDESCAPE,171.5,1,0
GTUK / Apex Tech Scotland Ltd,INV-2021/1668,2021-03-17,2021,,0,Cornflake Ltd.,Cornflake Ltd.,Paid,,,0.0,1,0
GTUK / Apex Tech Scotland Ltd,INV-2021/1669,2021-03-19,2021,NGTC-1280NX,1,Sensory International Ltd,Sensory International Ltd,Paid,Sales - NEXTGENTECH,NEXTGENTECH,1683.5,1,0
GTUK / Apex Tech Scotland Ltd,INV-2021/1669,2021-03-19,2021,NGTC-MCP4K,1,Sensory International Ltd,Sensory International Ltd,Paid,Sales - NEXTGENTECH,NEXTGENTECH,1618.5,1,0
GTUK / Apex Tech Scotland Ltd,INV-2021/1669,2021-03-19,2021,NGTC-32140PWR,1,Sensory International Ltd,Sensory International Ltd,Paid,Sales - NEXTGENTECH,NEXTGENTECH,6825.6,1,0
GTUK / Apex Tech Scotland Ltd,INV-2021/1669,2021-03-19,2021,,0,Sensory International Ltd,Sensory International Ltd,Paid,,,0.0,1,0
GTUK / Apex Tech Scotland Ltd,INV-2021/1670,2021-03-22,2021,STH-MBC-22,1,AT&C Audio Technology & Communications Ltd,AT&C Audio Technology & Communications Ltd,Paid,Sales - STEALTH,STEALTH,75.0,1,0
GTUK / Apex Tech Scotland Ltd,INV-2021/1670,2021-03-22,2021,,1,AT&C Audio Technology & Communications Ltd,AT&C Audio Technology & Communications Ltd,Paid,Freight Costs - Outward,Freight Costs - Outward,20.0,0,0
GTUK / Apex Tech Scotland Ltd,INV-2021/1673,2021-03-23,2021,BAR-BAL-MR-B,1,Domodo Automation LTD,Domodo Automation LTD,Paid,Sales - BARCO,BARCO,12000.0,1,0
GTUK / Apex Tech Scotland Ltd,INV-2021/1673,2021-03-23,2021,BAR-BAL-LENS-S,1,Domodo Automation LTD,Domodo Automation LTD,Paid,,,0.0,1,0
GTUK / Apex Tech Scotland Ltd,INV-2021/1673,2021-03-23,2021,DT-DYN-2TB-270,1,Domodo Automation LTD,Domodo Automation LTD,Paid,Sales - DT SCREENS,DT SCREENS,4725.0,1,0
GTUK / Apex Tech Scotland Ltd,INV-2021/1673,2021-03-23,2021,DT-IS-ATP-270,1,Domodo Automation LTD,Domodo Automation LTD,Paid,Sales - DT SCREENS,DT SCREENS,225.0,1,0
GTUK / Apex Tech Scotland Ltd,INV-2021/1673,2021-03-23,2021,,0,Domodo Automation LTD,Domodo Automation LTD,Paid,,,0.0,1,0
GTUK / Apex Tech Scotland Ltd,INV-2021/1673,2021-03-23,2021,,0,Domodo Automation LTD,Domodo Automation LTD,Paid,,,0.0,1,0
GTUK / Apex Tech Scotland Ltd,INV-2021/1673,2021-03-23,2021,DT-CM,1,Domodo Automation LTD,Domodo Automation LTD,Paid,Sales - DT SCREENS,DT SCREENS,375.0,1,0
GTUK / Apex Tech Scotland Ltd,INV-2021/1672,2021-03-23,2021,BAR-BAL-CHT-B,1,Integrated Audio Visual Solutions Ltd,Integrated Audio Visual Solutions Ltd,Draft,Sales - BARCO,BARCO,20800.0,0,0
GTUK / Apex Tech Scotland Ltd,INV-2021/1672,2021-03-23,2021,,0,Integrated Audio Visual Solutions Ltd,Integrated Audio Visual Solutions Ltd,Draft,,,0.0,0,0
GTUK / Apex Tech Scotland Ltd,INV-2021/1674,2021-03-29,2021,STH-LR6G,5,THAMES DIGITAL SERVICES LTD,THAMES DIGITAL SERVICES LTD,Draft,Sales - STEALTH,STEALTH,3000.0,0,0
GTUK / Apex Tech Scotland Ltd,INV-2021/1674,2021-03-29,2021,,0,THAMES DIGITAL SERVICES LTD,THAMES DIGITAL SERVICES LTD,Draft,,,0.0,0,0
GTUK / Apex Tech Scotland Ltd,INV-2021/1675,2021-03-30,2021,,1,Audio Alpha Ltd,Audio Alpha Ltd,Paid,Sales - DT SCREENS,DT SCREENS,29000.0,1,0
GTUK / Apex Tech Scotland Ltd,INV-2021/1675,2021-03-30,2021,,0,Audio Alpha Ltd,Audio Alpha Ltd,Paid,,,0.0,1,0
GTUK / Apex Tech Scotland Ltd,INV-2021/1676,2021-03-31,2021,BAR-MED2-MR-B,1,ECSAV,ECSAV,Approved,Sales - BARCO,BARCO,14625.0,1,0
GTUK / Apex Tech Scotland Ltd,INV-2021/1676,2021-03-31,2021,BAR-MED2-LENS-S,1,ECSAV,ECSAV,Approved,,,0.0,1,0
GTUK / Apex Tech Scotland Ltd,INV-2021/1676,2021-03-31,2021,,0,ECSAV,ECSAV,Approved,,,0.0,1,0
GTUK / Apex Tech Scotland Ltd,INV-2021/1658,2021-04-01,2021,,1,Smartcomm Ltd,Smartcomm Ltd,Approved,,,0.0,1,0
GTUK / Apex Tech Scotland Ltd,INV-2021/1658,2021-04-01,2021,,0,Smartcomm Ltd,Smartcomm Ltd,Approved,,,0.0,1,0
GTUK / Apex Tech Scotland Ltd,INV-2021/1658,2021-04-01,2021,,1,Smartcomm Ltd,Smartcomm Ltd,Approved,Sales - BARCO,BARCO,4400.0,1,0
GTUK / Apex Tech Scotland Ltd,INV-2021/1658,2021-04-01,2021,,1,Smartcomm Ltd,Smartcomm Ltd,Approved,Sales - BARCO,BARCO,1950.0,1,0
GTUK / Apex Tech Scotland Ltd,INV-2021/1677,2021-04-12,2021,BAR-ORI-LAMP,1,Cornflake Ltd.,Cornflake Ltd.,Draft,Sales - BARCO,BARCO,422.5,0,0
GTUK / Apex Tech Scotland Ltd,INV-2021/1677,2021-04-12,2021,,0,Cornflake Ltd.,Cornflake Ltd.,Draft,,,0.0,0,0
GTUK / Apex Tech Scotland Ltd,CN-2021/1678,2021-04-12,2021,BAR-BAL-CHT-B,1,Integrated Audio Visual Solutions Ltd,Integrated Audio Visual Solutions Ltd,Paid,Sales - BARCO,BARCO,-12466.67,1,0
GTUK / Apex Tech Scotland Ltd,CN-2021/1678,2021-04-12,2021,,0,Integrated Audio Visual Solutions Ltd,Integrated Audio Visual Solutions Ltd,Paid,,,0.0,1,0
GTUK / Apex Tech Scotland Ltd,INV-2021/1680,2021-04-14,2021,KAL-STRAT-6TB,1,HiFi Corner (Edinburgh) Ltd,HiFi Corner (Edinburgh) Ltd,Paid,Sales - KALEIDESCAPE,KALEIDESCAPE,4021.5,1,0
GTUK / Apex Tech Scotland Ltd,INV-2021/1680,2021-04-14,2021,KAL-KMOUNT-K0509-1,1,HiFi Corner (Edinburgh) Ltd,HiFi Corner (Edinburgh) Ltd,Paid,Sales - KALEIDESCAPE,KALEIDESCAPE,171.5,1,0
GTUK / Apex Tech Scotland Ltd,INV-2021/1681,2021-04-15,2021,SD-SD1-TI,4,Pericom PLC,Pericom PLC,Approved,Sales - SOLID DRIVE,SOLID DRIVE,1680.0,1,0
GTUK / Apex Tech Scotland Ltd,CN-2021/1682,2021-04-19,2021,NGTC-32140PWR,1,Tillman Domotics,Tillman Domotics,Paid,Sales - NEXTGENTECH,NEXTGENTECH,-6825.6,1,0
GTUK / Apex Tech Scotland Ltd,CN-2021/1682,2021-04-19,2021,NGTC-DCI8300D,1,Tillman Domotics,Tillman Domotics,Paid,Sales - NEXTGENTECH,NEXTGENTECH,-3640.0,1,0
GTUK / Apex Tech Scotland Ltd,CN-2021/1682,2021-04-19,2021,NGTC-DCI4300D,1,Tillman Domotics,Tillman Domotics,Paid,Sales - NEXTGENTECH,NEXTGENTECH,-2470.0,1,0
GTUK / Apex Tech Scotland Ltd,INV-2021/1684,2021-04-20,2021,STH-LRX83,1,Meridian Audio Limited,Meridian Audio Limited,Paid,Sales - STEALTH,STEALTH,760.0,1,0
GTUK / Apex Tech Scotland Ltd,INV-2021/1684,2021-04-20,2021,,1,Meridian Audio Limited,Meridian Audio Limited,Paid,Freight Costs - Outward,Freight Costs - Outward,50.0,0,0
GTUK / Apex Tech Scotland Ltd,INV-2021/1683,2021-04-21,2021,NGTC-16140PWR,3,Tillman Domotics,Tillman Domotics,Paid,Sales - NEXTGENTECH,NEXTGENTECH,18084.0,1,0
GTUK / Apex Tech Scotland Ltd,INV-2021/1683,2021-04-21,2021,,0,Tillman Domotics,Tillman Domotics,Paid,,,0.0,1,0
GTUK / Apex Tech Scotland Ltd,INV-2021/1685,2021-04-23,2021,BAR-MED2-MR-B,1,Cornflake Ltd.,Cornflake Ltd.,Approved,Sales - BARCO,BARCO,14625.0,1,0
GTUK / Apex Tech Scotland Ltd,INV-2021/1685,2021-04-23,2021,BAR-MED2-LENS-WAZ,1,Cornflake Ltd.,Cornflake Ltd.,Approved,Sales - BARCO,BARCO,1300.0,1,0
GTUK / Apex Tech Scotland Ltd,INV-2021/1685,2021-04-23,2021,DT-CM,1,Cornflake Ltd.,Cornflake Ltd.,Approved,Sales - DT SCREENS,DT SCREENS,450.0,1,0
GTUK / Apex Tech Scotland Ltd,INV-2021/1685,2021-04-23,2021,DT-DYN-2TB-330,1,Cornflake Ltd.,Cornflake Ltd.,Approved,Sales - DT SCREENS,DT SCREENS,6960.0,1,0
GTUK / Apex Tech Scotland Ltd,INV-2021/1685,2021-04-23,2021,DT-IS-ATP-330,1,Cornflake Ltd.,Cornflake Ltd.,Approved,Sales - DT SCREENS,DT SCREENS,360.0,1,0
GTUK / Apex Tech Scotland Ltd,INV-2021/1685,2021-04-23,2021,,0,Cornflake Ltd.,Cornflake Ltd.,Approved,,,0.0,1,0
GTUK / Apex Tech Scotland Ltd,INV-2021/1686,2021-04-27,2021,NGTC-DSP-FP,1,Sensory International Ltd,Sensory International Ltd,Paid,Sales - NEXTGENTECH,NEXTGENTECH,2399.8,1,0
GTUK / Apex Tech Scotland Ltd,INV-2021/1687,2021-04-27,2021,NGTC-16140PWR,1,Tillman Domotics,Tillman Domotics,Approved,Sales - NEXTGENTECH,NEXTGENTECH,6028.0,1,0
GTUK / Apex Tech Scotland Ltd,INV-2021/1687,2021-04-27,2021,NGTC-DCI8300D,1,Tillman Domotics,Tillman Domotics,Approved,Sales - NEXTGENTECH,NEXTGENTECH,3640.0,1,0
GTUK / Apex Tech Scotland Ltd,INV-2021/1687,2021-04-27,2021,NGTC-DCI4300D,1,Tillman Domotics,Tillman Domotics,Approved,Sales - NEXTGENTECH,NEXTGENTECH,2470.0,1,0
GTUK / Apex Tech Scotland Ltd,INV-2021/1687,2021-04-27,2021,,0,Tillman Domotics,Tillman Domotics,Approved,,,0.0,1,0
GTUK / Apex Tech Scotland Ltd,INV-2021/1688,2021-05-17,2021,,1,Domodo Automation LTD,Domodo Automation LTD,Paid,"Postage, Freight & Courier","Postage, Freight & Courier",350.0,0,0
GTUK / Apex Tech Scotland Ltd,INV-2021/1688,2021-05-17,2021,,0,Domodo Automation LTD,Domodo Automation LTD,Paid,,,0.0,1,0
GTUK / Apex Tech Scotland Ltd,INV-2021/1688,2021-05-17,2021,,0,Domodo Automation LTD,Domodo Automation LTD,Paid,,,0.0,1,0
GTUK / Apex Tech Scotland Ltd,INV-2021/1674,2021-05-19,2021,STH-LR6G,5,THAMES DIGITAL SERVICES LTD,THAMES DIGITAL SERVICES LTD,Paid,Sales - STEALTH,STEALTH,3000.0,1,0
GTUK / Apex Tech Scotland Ltd,INV-2021/1674,2021-05-19,2021,,0,THAMES DIGITAL SERVICES LTD,THAMES DIGITAL SERVICES LTD,Paid,,,0.0,1,0
GTUK / Apex Tech Scotland Ltd,INV-2021/1690,2021-06-01,2021,,1,Audio Alpha Ltd,Audio Alpha Ltd,Paid,Sales - BARCO,BARCO,82500.0,1,0
GTUK / Apex Tech Scotland Ltd,INV-2021/1689,2021-06-01,2021,KAL-TERRA-40TB,2,Sensory International Ltd,Sensory International Ltd,Paid,Sales - KALEIDESCAPE,KALEIDESCAPE,21896.0,1,0
GTUK / Apex Tech Scotland Ltd,INV-2021/1689,2021-06-01,2021,KAL-STRAT-C,19,Sensory International Ltd,Sensory International Ltd,Paid,Sales - KALEIDESCAPE,KALEIDESCAPE,50212.25,1,0
GTUK / Apex Tech Scotland Ltd,INV-2021/1689,2021-06-01,2021,,1,Sensory International Ltd,Sensory International Ltd,Paid,Sales - KALEIDESCAPE,KALEIDESCAPE,3825.0,1,0
GTUK / Apex Tech Scotland Ltd,INV-2021/1689,2021-06-01,2021,,1,Sensory International Ltd,Sensory International Ltd,Paid,Sales - KALEIDESCAPE,KALEIDESCAPE,4590.0,1,0
GTUK / Apex Tech Scotland Ltd,INV-2021/1689,2021-06-01,2021,,3,Sensory International Ltd,Sensory International Ltd,Paid,Sales - KALEIDESCAPE,KALEIDESCAPE,2700.0,1,0
GTUK / Apex Tech Scotland Ltd,INV-2021/1689,2021-06-01,2021,KAL-KMOUNT-STRATO-C,10,Sensory International Ltd,Sensory International Ltd,Paid,Sales - KALEIDESCAPE,KALEIDESCAPE,1715.0,1,0
GTUK / Apex Tech Scotland Ltd,INV-2021/1689,2021-06-01,2021,KAL-KMOUNT-TERRA,2,Sensory International Ltd,Sensory International Ltd,Paid,Sales - KALEIDESCAPE,KALEIDESCAPE,343.0,1,0
GTUK / Apex Tech Scotland Ltd,INV-2021/1689,2021-06-01,2021,,1,Sensory International Ltd,Sensory International Ltd,Paid,Sales - KALEIDESCAPE,KALEIDESCAPE,-4000.0,1,0
GTUK / Apex Tech Scotland Ltd,INV-2021/1689,2021-06-01,2021,,0,Sensory International Ltd,Sensory International Ltd,Paid,,,0.0,1,0
GTUK / Apex Tech Scotland Ltd,INV-2021/1693,2021-06-03,2021,NGTC-1280NX,4,Sensory International Ltd,Sensory International Ltd,Paid,Sales - NEXTGENTECH,NEXTGENTECH,8554.0,1,0
GTUK / Apex Tech Scotland Ltd,INV-2021/1693,2021-06-03,2021,,0,Sensory International Ltd,Sensory International Ltd,Paid,,,0.0,1,0
GTUK / Apex Tech Scotland Ltd,INV-2021/1692,2021-06-03,2021,BAR-MED2-MR-B,1,London AV Solutions,London AV Solutions,Paid,Sales - BARCO,BARCO,14625.0,1,0
GTUK / Apex Tech Scotland Ltd,INV-2021/1692,2021-06-03,2021,BAR-MED2-LENS-WAZ,1,London AV Solutions,London AV Solutions,Paid,Sales - BARCO,BARCO,1300.0,1,0
GTUK / Apex Tech Scotland Ltd,INV-2021/1692,2021-06-03,2021,DT-DYN-2S-360,1,London AV Solutions,London AV Solutions,Paid,Sales - DT SCREENS,DT SCREENS,7500.0,1,0
GTUK / Apex Tech Scotland Ltd,INV-2021/1692,2021-06-03,2021,DT-IS-ATR-360,1,London AV Solutions,London AV Solutions,Paid,Sales - DT SCREENS,DT SCREENS,630.0,1,0
GTUK / Apex Tech Scotland Ltd,INV-2021/1692,2021-06-03,2021,,0,London AV Solutions,London AV Solutions,Paid,,,0.0,1,0
GTUK / Apex Tech Scotland Ltd,INV-2021/1696,2021-06-08,2021,DT-FRNT-420,1,Cornflake Ltd.,Cornflake Ltd.,Paid,Sales - DT SCREENS,DT SCREENS,2670.0,1,0
GTUK / Apex Tech Scotland Ltd,INV-2021/1696,2021-06-08,2021,DT-IS-ATP-420,1,Cornflake Ltd.,Cornflake Ltd.,Paid,Sales - DT SCREENS,DT SCREENS,570.0,1,0
GTUK / Apex Tech Scotland Ltd,INV-2021/1696,2021-06-08,2021,CATS-REF-CP,2,Cornflake Ltd.,Cornflake Ltd.,Paid,Sales - CATS,CATS,660.0,1,0
GTUK / Apex Tech Scotland Ltd,INV-2021/1696,2021-06-08,2021,CATS-REV-CP-50,3,Cornflake Ltd.,Cornflake Ltd.,Paid,Sales - CATS,CATS,990.0,1,0
GTUK / Apex Tech Scotland Ltd,INV-2021/1696,2021-06-08,2021,,1,Cornflake Ltd.,Cornflake Ltd.,Paid,Freight Costs - Outward,Freight Costs - Outward,250.0,0,0
GTUK / Apex Tech Scotland Ltd,INV-2021/1695,2021-06-08,2021,BAR-BRA-CHT-B,1,Clear AV Ltd t/a OKTO,Clear AV Ltd t/a OKTO,Paid,Sales - BARCO,BARCO,18850.0,1,0
GTUK / Apex Tech Scotland Ltd,INV-2021/1695,2021-06-08,2021,BAR-BRA-LENS-CWAZ,1,Clear AV Ltd t/a OKTO,Clear AV Ltd t/a OKTO,Paid,,,0.0,1,0
GTUK / Apex Tech Scotland Ltd,INV-2021/1695,2021-06-08,2021,,0,Clear AV Ltd t/a OKTO,Clear AV Ltd t/a OKTO,Paid,,,0.0,1,0
GTUK / Apex Tech Scotland Ltd,CN-2021/1699,2021-06-10,2021,NGTC-MCP4K,3,Tillman Domotics,Tillman Domotics,Paid,Sales - NEXTGENTECH,NEXTGENTECH,-4855.5,1,0
GTUK / Apex Tech Scotland Ltd,INV-2021/1697,2021-06-10,2021,NGTC-1URT,2,Tillman Domotics,Tillman Domotics,Paid,Sales - NEXTGENTECH,NEXTGENTECH,123.5,1,0
GTUK / Apex Tech Scotland Ltd,INV-2021/1697,2021-06-10,2021,,1,Tillman Domotics,Tillman Domotics,Paid,Sales - NEXTGENTECH,NEXTGENTECH,61.75,1,0
GTUK / Apex Tech Scotland Ltd,INV-2021/1697,2021-06-10,2021,,0,Tillman Domotics,Tillman Domotics,Paid,,,0.0,1,0
GTUK / Apex Tech Scotland Ltd,INV-2021/1698,2021-06-10,2021,,1,Tillman Domotics,Tillman Domotics,Paid,Sales - NEXTGENTECH,NEXTGENTECH,61.75,1,0
GTUK / Apex Tech Scotland Ltd,INV-2021/1698,2021-06-10,2021,,0,Tillman Domotics,Tillman Domotics,Paid,,,0.0,1,0
GTUK / Apex Tech Scotland Ltd,INV-2021/1694,2021-06-15,2021,SD-SD1-TI,2,Smartcomm Ltd,Smartcomm Ltd,Approved,Sales - SOLID DRIVE,SOLID DRIVE,840.0,1,0
GTUK / Apex Tech Scotland Ltd,INV-2021/1694,2021-06-15,2021,SD-SD1-BR-12,2,Smartcomm Ltd,Smartcomm Ltd,Approved,Sales - SOLID DRIVE,SOLID DRIVE,48.0,1,0
GTUK / Apex Tech Scotland Ltd,INV-2021/1694,2021-06-15,2021,,0,Smartcomm Ltd,Smartcomm Ltd,Approved,,,0.0,1,0
GTUK / Apex Tech Scotland Ltd,INV-2021/1701,2021-06-15,2021,PT-TFS-1.0,5,Thomas Andersen,Thomas Andersen,Paid,,,0.0,1,0
GTUK / Apex Tech Scotland Ltd,INV-2021/1701,2021-06-15,2021,PT-PC-SUB-WL10,1,Thomas Andersen,Thomas Andersen,Paid,,,0.0,1,0
GTUK / Apex Tech Scotland Ltd,INV-2021/1701,2021-06-15,2021,,1,Thomas Andersen,Thomas Andersen,Paid,Sales - PHASE TECHNOLOGY,PHASE TECHNOLOGY,827.58,1,0
GTUK / Apex Tech Scotland Ltd,INV-2021/1691,2021-06-15,2021,STH-LR8GS,1,Smartcomm Ltd,Smartcomm Ltd,Approved,Sales - STEALTH,STEALTH,350.0,1,0
GTUK / Apex Tech Scotland Ltd,INV-2021/1691,2021-06-15,2021,STH-MBC-22,1,Smartcomm Ltd,Smartcomm Ltd,Approved,Sales - STEALTH,STEALTH,75.0,1,0
GTUK / Apex Tech Scotland Ltd,INV-2021/1691,2021-06-15,2021,,1,Smartcomm Ltd,Smartcomm Ltd,Approved,"Postage, Freight & Courier","Postage, Freight & Courier",200.0,0,0
GTUK / Apex Tech Scotland Ltd,INV-2021/1691,2021-06-15,2021,,0,Smartcomm Ltd,Smartcomm Ltd,Approved,,,0.0,1,0
GTUK / Apex Tech Scotland Ltd,INV-2021/1702,2021-06-17,2021,STH-LR6G,1,Sonic Syndicate,Sonic Syndicate,Paid,Sales - STEALTH,STEALTH,600.0,1,0
GTUK / Apex Tech Scotland Ltd,INV-2021/1702,2021-06-17,2021,,0,Sonic Syndicate,Sonic Syndicate,Paid,,,0.0,1,0
GTUK / Apex Tech Scotland Ltd,INV-2021/1703,2021-06-21,2021,STH-SLR8G,1,Fusion.One International Ltd,Fusion.One International Ltd,Paid,Sales - STEALTH,STEALTH,600.0,1,0
GTUK / Apex Tech Scotland Ltd,INV-2021/1705,2021-06-25,2021,CATS-REV-CP-12,1,Richer Sounds,Richer Sounds,Paid,,,0.0,1,0
GTUK / Apex Tech Scotland Ltd,INV-2021/1705,2021-06-25,2021,CATS-REF-CP,1,Richer Sounds,Richer Sounds,Paid,,,0.0,1,0
GTUK / Apex Tech Scotland Ltd,INV-2021/1705,2021-06-25,2021,CATS-RES-CP,1,Richer Sounds,Richer Sounds,Paid,,,0.0,1,0
GTUK / Apex Tech Scotland Ltd,INV-2021/1705,2021-06-25,2021,CATS-REV-CP-50,1,Richer Sounds,Richer Sounds,Paid,,,0.0,1,0
GTUK / Apex Tech Scotland Ltd,INV-2021/1707,2021-06-28,2021,STH-LRX85S,3,Cinemas & Control Ltd,Cinemas & Control Ltd,Paid,Sales - STEALTH,STEALTH,3900.0,1,0
GTUK / Apex Tech Scotland Ltd,INV-2021/1707,2021-06-28,2021,STH-B30G,1,Cinemas & Control Ltd,Cinemas & Control Ltd,Paid,Sales - STEALTH,STEALTH,700.0,1,0
GTUK / Apex Tech Scotland Ltd,INV-2021/1707,2021-06-28,2021,STH-SA2400,3,Cinemas & Control Ltd,Cinemas & Control Ltd,Paid,Sales - STEALTH,STEALTH,2850.0,1,0
GTUK / Apex Tech Scotland Ltd,INV-2021/1707,2021-06-28,2021,,0,Cinemas & Control Ltd,Cinemas & Control Ltd,Paid,,,0.0,1,0
GTUK / Apex Tech Scotland Ltd,INV-2021/1706,2021-06-28,2021,STH-MBC-30,5,Cinemas & Control Ltd,Cinemas & Control Ltd,Paid,Sales - STEALTH,STEALTH,375.0,1,0
GTUK / Apex Tech Scotland Ltd,INV-2021/1706,2021-06-28,2021,STH-MBC-12,3,Cinemas & Control Ltd,Cinemas & Control Ltd,Paid,Sales - STEALTH,STEALTH,225.0,1,0
GTUK / Apex Tech Scotland Ltd,INV-2021/1706,2021-06-28,2021,,0,Cinemas & Control Ltd,Cinemas & Control Ltd,Paid,,,0.0,1,0
GTUK / Apex Tech Scotland Ltd,INV-2021/1708,2021-06-29,2021,NGTC-DSP-FP,1,Sensory International Ltd,Sensory International Ltd,Approved,Sales - NEXTGENTECH,NEXTGENTECH,3927.95,1,0
GTUK / Apex Tech Scotland Ltd,INV-2021/1708,2021-06-29,2021,,10,Sensory International Ltd,Sensory International Ltd,Approved,Sales - NEXTGENTECH,NEXTGENTECH,12350.0,1,0
GTUK / Apex Tech Scotland Ltd,INV-2021/1708,2021-06-29,2021,NGTC-SA4-D,3,Sensory International Ltd,Sensory International Ltd,Approved,Sales - NEXTGENTECH,NEXTGENTECH,4485.0,1,0
GTUK / Apex Tech Scotland Ltd,INV-2021/1708,2021-06-29,2021,NGTC-32140PWR,4,Sensory International Ltd,Sensory International Ltd,Approved,Sales - NEXTGENTECH,NEXTGENTECH,28908.0,1,0
GTUK / Apex Tech Scotland Ltd,INV-2021/1708,2021-06-29,2021,NGTC-1URT,1,Sensory International Ltd,Sensory International Ltd,Approved,Sales - NEXTGENTECH,NEXTGENTECH,61.75,1,0
GTUK / Apex Tech Scotland Ltd,INV-2021/1708,2021-06-29,2021,NGTC-MP60AES,1,Sensory International Ltd,Sensory International Ltd,Approved,Sales - NEXTGENTECH,NEXTGENTECH,9685.0,1,0
GTUK / Apex Tech Scotland Ltd,INV-2021/1708,2021-06-29,2021,NGTC-MCP4K,1,Sensory International Ltd,Sensory International Ltd,Approved,Sales - NEXTGENTECH,NEXTGENTECH,1618.5,1,0
GTUK / Apex Tech Scotland Ltd,INV-2021/1708,2021-06-29,2021,,0,Sensory International Ltd,Sensory International Ltd,Approved,,,0.0,1,0
GTUK / Apex Tech Scotland Ltd,INV-2021/1709,2021-06-29,2021,DT-DYN-2S-360,1,Perfect Integration,Perfect Integration,Paid,Sales - DT SCREENS,DT SCREENS,5000.0,1,0
GTUK / Apex Tech Scotland Ltd,INV-2021/1709,2021-06-29,2021,DT-IS-ATR-360,1,Perfect Integration,Perfect Integration,Paid,Sales - DT SCREENS,DT SCREENS,420.0,1,0
GTUK / Apex Tech Scotland Ltd,INV-2021/1709,2021-06-29,2021,,1,Perfect Integration,Perfect Integration,Paid,"Postage, Freight & Courier","Postage, Freight & Courier",350.0,0,0
GTUK / Apex Tech Scotland Ltd,INV-2021/1709,2021-06-29,2021,,0,Perfect Integration,Perfect Integration,Paid,,,0.0,1,0
GTUK / Apex Tech Scotland Ltd,INV-2021/1710,2021-07-05,2021,DT-PHG-1,1,Tillman Domotics,Tillman Domotics,Paid,Sales - DT SCREENS,DT SCREENS,1500.0,1,0
GTUK / Apex Tech Scotland Ltd,INV-2021/1710,2021-07-05,2021,,0,Tillman Domotics,Tillman Domotics,Paid,,,0.0,1,0
GTUK / Apex Tech Scotland Ltd,INV-2021/1711,2021-07-07,2021,STH-LR6G,2,THAMES DIGITAL SERVICES LTD,THAMES DIGITAL SERVICES LTD,Paid,Sales - STEALTH,STEALTH,1200.0,1,0
GTUK / Apex Tech Scotland Ltd,INV-2021/1711,2021-07-07,2021,,0,THAMES DIGITAL SERVICES LTD,THAMES DIGITAL SERVICES LTD,Paid,,,0.0,1,0
GTUK / Apex Tech Scotland Ltd,INV-2021/1712,2021-07-12,2021,BAR-OPT-LAMP,1,Azro Ltd,Azro Ltd,Paid,Sales - BARCO,BARCO,455.0,1,0
GTUK / Apex Tech Scotland Ltd,INV-2021/1712,2021-07-12,2021,,0,Azro Ltd,Azro Ltd,Paid,,,0.0,1,0
GTUK / Apex Tech Scotland Ltd,INV-2021/1713,2021-07-14,2021,,1,Sensory International Ltd,Sensory International Ltd,Paid,Sales - NEXTGENTECH,NEXTGENTECH,3100.0,1,0
GTUK / Apex Tech Scotland Ltd,INV-2021/1714,2021-07-15,2021,STH-LR6G,1,SMC,SMC,Paid,Sales - STEALTH,STEALTH,600.0,1,0
GTUK / Apex Tech Scotland Ltd,INV-2021/1714,2021-07-15,2021,STH-MBC-12,2,SMC,SMC,Paid,Sales - STEALTH,STEALTH,150.0,1,0
GTUK / Apex Tech Scotland Ltd,INV-2021/1714,2021-07-15,2021,,0,SMC,SMC,Paid,,,0.0,1,0
GTUK / Apex Tech Scotland Ltd,INV-2021/1716,2021-07-19,2021,NGTC-TVI,3,The Next Level,The Next Level,Approved,Sales - NEXTGENTECH,NEXTGENTECH,841.5,1,0
GTUK / Apex Tech Scotland Ltd,INV-2021/1715,2021-07-19,2021,KAL-STRAT-12TB,1,Best Seat in the House Ltd,Best Seat in the House Ltd,Paid,Sales - KALEIDESCAPE,KALEIDESCAPE,5999.0,1,0
GTUK / Apex Tech Scotland Ltd,INV-2021/1715,2021-07-19,2021,KAL-STRAT-C,1,Best Seat in the House Ltd,Best Seat in the House Ltd,Paid,Sales - KALEIDESCAPE,KALEIDESCAPE,3363.5,1,0
GTUK / Apex Tech Scotland Ltd,INV-2021/1715,2021-07-19,2021,,0,Best Seat in the House Ltd,Best Seat in the House Ltd,Paid,,,0.0,1,0
GTUK / Apex Tech Scotland Ltd,INV-2021/1717,2021-07-19,2021,BAR-BAL-CHT-B,1,Prestige Audio,Prestige Audio,Approved,Sales - BARCO,BARCO,20800.0,1,0
GTUK / Apex Tech Scotland Ltd,INV-2021/1717,2021-07-19,2021,BAR-BAL-LENS-CS,1,Prestige Audio,Prestige Audio,Approved,,,0.0,1,0
GTUK / Apex Tech Scotland Ltd,INV-2021/1717,2021-07-19,2021,DT-PHG-1,1,Prestige Audio,Prestige Audio,Approved,Sales - DT SCREENS,DT SCREENS,1500.0,1,0
GTUK / Apex Tech Scotland Ltd,INV-2021/1717,2021-07-19,2021,,0,Prestige Audio,Prestige Audio,Approved,,,0.0,1,0
GTUK / Apex Tech Scotland Ltd,INV-2021/1719,2021-07-29,2021,DT-HB-M,1,London AV Solutions,London AV Solutions,Paid,Sales - DT SCREENS,DT SCREENS,3300.0,1,0
GTUK / Apex Tech Scotland Ltd,INV-2021/1719,2021-07-29,2021,DT-M-150,2,London AV Solutions,London AV Solutions,Paid,Sales - DT SCREENS,DT SCREENS,1440.0,1,0
GTUK / Apex Tech Scotland Ltd,INV-2021/1719,2021-07-29,2021,DT-M-C2,1,London AV Solutions,London AV Solutions,Paid,Sales - DT SCREENS,DT SCREENS,600.0,1,0
GTUK / Apex Tech Scotland Ltd,INV-2021/1719,2021-07-29,2021,,0,London AV Solutions,London AV Solutions,Paid,,,0.0,1,0
GTUK / Apex Tech Scotland Ltd,INV-2021/1720,2021-08-02,2021,STH-SA2400,1,Revolve CI Ltd,Revolve CI Ltd,Paid,Sales - STEALTH,STEALTH,950.0,1,0
GTUK / Apex Tech Scotland Ltd,INV-2021/1720,2021-08-02,2021,,0,Revolve CI Ltd,Revolve CI Ltd,Paid,,,0.0,1,0
GTUK / Apex Tech Scotland Ltd,INV-2021/1721,2021-08-12,2021,ACU-MUSE-16-R,2,Adair Acoustic Design,Adair Acoustic Design,Paid,Sales - ACURUS,ACURUS,7800.0,1,0
GTUK / Apex Tech Scotland Ltd,INV-2021/1721,2021-08-12,2021,,0,Adair Acoustic Design,Adair Acoustic Design,Paid,,,0.0,1,0
GTUK / Apex Tech Scotland Ltd,INV-2021/1722,2021-08-16,2021,STH-SLR8G,1,Martin Watson,Martin Watson,Paid,Sales - STEALTH,STEALTH,520.0,1,0
GTUK / Apex Tech Scotland Ltd,INV-2021/1722,2021-08-16,2021,STH-MBC-22,1,Martin Watson,Martin Watson,Paid,Sales - STEALTH,STEALTH,60.0,1,0
GTUK / Apex Tech Scotland Ltd,INV-2021/1723,2021-08-18,2021,DT-FRNT-330,1,Wakefields,Wakefields,Paid,Sales - DT SCREENS,DT SCREENS,1890.0,1,0
GTUK / Apex Tech Scotland Ltd,INV-2021/1723,2021-08-18,2021,DT-IS-ATP-330,1,Wakefields,Wakefields,Paid,Sales - DT SCREENS,DT SCREENS,360.0,1,0
GTUK / Apex Tech Scotland Ltd,INV-2021/1725,2021-08-20,2021,STH-LR6G,1,AT&C Professional Systems Ltd,AT&C Professional Systems Ltd,Paid,Sales - STEALTH,STEALTH,600.0,1,0
GTUK / Apex Tech Scotland Ltd,INV-2021/1725,2021-08-20,2021,STH-LR8G,2,AT&C Professional Systems Ltd,AT&C Professional Systems Ltd,Paid,Sales - STEALTH,STEALTH,1400.0,1,0
GTUK / Apex Tech Scotland Ltd,INV-2021/1725,2021-08-20,2021,,0,AT&C Professional Systems Ltd,AT&C Professional Systems Ltd,Paid,,,0.0,1,0
GTUK / Apex Tech Scotland Ltd,INV-2021/1725,2021-08-20,2021,,1,AT&C Professional Systems Ltd,AT&C Professional Systems Ltd,Paid,Sales - STEALTH,STEALTH,-150.0,1,0
GTUK / Apex Tech Scotland Ltd,INV-2021/1726,2021-09-01,2021,DT-M-200,2,HES (Highland Electrical Services) Ltd,HES (Highland Electrical Services) Ltd,Paid,Sales - DT SCREENS,DT SCREENS,1680.0,1,0
GTUK / Apex Tech Scotland Ltd,INV-2021/1726,2021-09-01,2021,DT-M-C2,1,HES (Highland Electrical Services) Ltd,HES (Highland Electrical Services) Ltd,Paid,Sales - DT SCREENS,DT SCREENS,600.0,1,0
GTUK / Apex Tech Scotland Ltd,INV-2021/1727,2021-09-02,2021,SD-SD1-TI,6,Smartcomm Ltd,Smartcomm Ltd,Paid,Sales - SOLID DRIVE,SOLID DRIVE,2520.0,1,0
GTUK / Apex Tech Scotland Ltd,INV-2021/1727,2021-09-02,2021,SD-SD1-BR-12,6,Smartcomm Ltd,Smartcomm Ltd,Paid,Sales - SOLID DRIVE,SOLID DRIVE,144.0,1,0
GTUK / Apex Tech Scotland Ltd,INV-2021/1727,2021-09-02,2021,,0,Smartcomm Ltd,Smartcomm Ltd,Paid,,,0.0,1,0
GTUK / Apex Tech Scotland Ltd,INV-2021/1724,2021-09-03,2021,SD-SD1-TI,20,Smartcomm Ltd,Smartcomm Ltd,Paid,Sales - SOLID DRIVE,SOLID DRIVE,8400.0,1,0
GTUK / Apex Tech Scotland Ltd,INV-2021/1724,2021-09-03,2021,,0,Smartcomm Ltd,Smartcomm Ltd,Paid,,,0.0,1,0
GTUK / Apex Tech Scotland Ltd,INV-2021/1728,2021-09-03,2021,,7,HiFi Corner (Edinburgh) Ltd,HiFi Corner (Edinburgh) Ltd,Paid,Sales - CINEMA PARTNERS MATERIALS,CINEMA PARTNERS MATERIALS,12250.0,1,0
GTUK / Apex Tech Scotland Ltd,INV-2021/1728,2021-09-03,2021,,1,HiFi Corner (Edinburgh) Ltd,HiFi Corner (Edinburgh) Ltd,Paid,Sales - CINEMA PARTNERS MATERIALS,CINEMA PARTNERS MATERIALS,5995.0,1,0
GTUK / Apex Tech Scotland Ltd,INV-2021/1728,2021-09-03,2021,,1,HiFi Corner (Edinburgh) Ltd,HiFi Corner (Edinburgh) Ltd,Paid,Sales - CINEMA PARTNERS MATERIALS,CINEMA PARTNERS MATERIALS,2857.0,1,0
GTUK / Apex Tech Scotland Ltd,INV-2021/1728,2021-09-03,2021,,1,HiFi Corner (Edinburgh) Ltd,HiFi Corner (Edinburgh) Ltd,Paid,,,0.0,1,0
GTUK / Apex Tech Scotland Ltd,INV-2021/1728,2021-09-03,2021,,13,HiFi Corner (Edinburgh) Ltd,HiFi Corner (Edinburgh) Ltd,Paid,Sales - CINEMA PARTNERS MATERIALS,CINEMA PARTNERS MATERIALS,520.0,1,0
GTUK / Apex Tech Scotland Ltd,INV-2021/1728,2021-09-03,2021,,1,HiFi Corner (Edinburgh) Ltd,HiFi Corner (Edinburgh) Ltd,Paid,Sales - CINEMA PARTNERS MATERIALS,CINEMA PARTNERS MATERIALS,1150.0,1,0
GTUK / Apex Tech Scotland Ltd,INV-2021/1728,2021-09-03,2021,,1,HiFi Corner (Edinburgh) Ltd,HiFi Corner (Edinburgh) Ltd,Paid,Sales - CINEMA PARTNERS MATERIALS,CINEMA PARTNERS MATERIALS,930.0,1,0
GTUK / Apex Tech Scotland Ltd,INV-2021/1728,2021-09-03,2021,,68,HiFi Corner (Edinburgh) Ltd,HiFi Corner (Edinburgh) Ltd,Paid,Sales - CINEMA PARTNERS MATERIALS,CINEMA PARTNERS MATERIALS,327.76,1,0
GTUK / Apex Tech Scotland Ltd,INV-2021/1728,2021-09-03,2021,DT-VMM-V2,1,HiFi Corner (Edinburgh) Ltd,HiFi Corner (Edinburgh) Ltd,Paid,Sales - DT SCREENS,DT SCREENS,1250.0,1,0
GTUK / Apex Tech Scotland Ltd,INV-2021/1728,2021-09-03,2021,,1,HiFi Corner (Edinburgh) Ltd,HiFi Corner (Edinburgh) Ltd,Paid,Sales - DT SCREENS,DT SCREENS,-90.0,1,0
GTUK / Apex Tech Scotland Ltd,INV-2021/1728,2021-09-03,2021,,1,HiFi Corner (Edinburgh) Ltd,HiFi Corner (Edinburgh) Ltd,Paid,Sales - CINEMA PARTNERS MATERIALS,CINEMA PARTNERS MATERIALS,613.9,1,0
GTUK / Apex Tech Scotland Ltd,INV-2021/1728,2021-09-03,2021,,1,HiFi Corner (Edinburgh) Ltd,HiFi Corner (Edinburgh) Ltd,Paid,Sales - CINEMA PARTNERS MATERIALS,CINEMA PARTNERS MATERIALS,1169.9,1,0
GTUK / Apex Tech Scotland Ltd,INV-2021/1729,2021-09-06,2021,STH-LRX83,6,Cortex Services,Cortex Services,Paid,Sales - STEALTH,STEALTH,5700.0,1,0
GTUK / Apex Tech Scotland Ltd,INV-2021/1729,2021-09-06,2021,STH-LRX83S,1,Cortex Services,Cortex Services,Paid,Sales - STEALTH,STEALTH,475.0,1,0
GTUK / Apex Tech Scotland Ltd,INV-2021/1729,2021-09-06,2021,STH-B22G,1,Cortex Services,Cortex Services,Paid,Sales - STEALTH,STEALTH,550.0,1,0
GTUK / Apex Tech Scotland Ltd,INV-2021/1729,2021-09-06,2021,STH-SLR8G,1,Cortex Services,Cortex Services,Paid,Sales - STEALTH,STEALTH,650.0,1,0
GTUK / Apex Tech Scotland Ltd,INV-2021/1729,2021-09-06,2021,STH-MBC-22,16,Cortex Services,Cortex Services,Paid,Sales - STEALTH,STEALTH,1200.0,1,0
GTUK / Apex Tech Scotland Ltd,INV-2021/1730,2021-09-07,2021,DT-FRNT-300,1,The Sound Gallery,The Sound Gallery,Paid,Sales - DT SCREENS,DT SCREENS,1680.0,1,0
GTUK / Apex Tech Scotland Ltd,INV-2021/1730,2021-09-07,2021,DT-IS-ATR-300,1,The Sound Gallery,The Sound Gallery,Paid,Sales - DT SCREENS,DT SCREENS,450.0,1,0
GTUK / Apex Tech Scotland Ltd,INV-2021/1730,2021-09-07,2021,,0,The Sound Gallery,The Sound Gallery,Paid,,,0.0,1,0
GTUK / Apex Tech Scotland Ltd,INV-2021/1732,2021-09-09,2021,,1,London AV Solutions,London AV Solutions,Paid,"Postage, Freight & Courier","Postage, Freight & Courier",350.0,0,0
GTUK / Apex Tech Scotland Ltd,INV-2021/1732,2021-09-09,2021,,0,London AV Solutions,London AV Solutions,Paid,,,0.0,1,0
GTUK / Apex Tech Scotland Ltd,INV-2021/1733,2021-09-13,2021,NGTC-DAI-AU-2X0,2,Sensory International Ltd,Sensory International Ltd,Paid,Sales - NEXTGENTECH,NEXTGENTECH,312.0,1,0
GTUK / Apex Tech Scotland Ltd,INV-2021/1733,2021-09-13,2021,,1,Sensory International Ltd,Sensory International Ltd,Paid,Sales - NEXTGENTECH,NEXTGENTECH,-64.0,1,0
GTUK / Apex Tech Scotland Ltd,INV-2021/1734,2021-09-13,2021,DT-PHG-1,1,Tillman Domotics,Tillman Domotics,Paid,Sales - DT SCREENS,DT SCREENS,1500.0,1,0
GTUK / Apex Tech Scotland Ltd,INV-2021/1734,2021-09-13,2021,,0,Tillman Domotics,Tillman Domotics,Paid,,,0.0,1,0
GTUK / Apex Tech Scotland Ltd,INV-2021/1735,2021-09-13,2021,DT-M-150,4,The Sound Gallery,The Sound Gallery,Paid,Sales - DT SCREENS,DT SCREENS,2880.0,1,0
GTUK / Apex Tech Scotland Ltd,INV-2021/1735,2021-09-13,2021,DT-M-C2,2,The Sound Gallery,The Sound Gallery,Paid,Sales - DT SCREENS,DT SCREENS,1200.0,1,0
GTUK / Apex Tech Scotland Ltd,INV-2021/1735,2021-09-13,2021,,0,The Sound Gallery,The Sound Gallery,Paid,,,0.0,1,0
GTUK / Apex Tech Scotland Ltd,INV-2021/1736,2021-09-14,2021,STH-LR6G,1,THAMES DIGITAL SERVICES LTD,THAMES DIGITAL SERVICES LTD,Paid,Sales - STEALTH,STEALTH,600.0,1,0
GTUK / Apex Tech Scotland Ltd,INV-2021/1736,2021-09-14,2021,,1,THAMES DIGITAL SERVICES LTD,THAMES DIGITAL SERVICES LTD,Paid,"Postage, Freight & Courier","Postage, Freight & Courier",100.0,0,0
GTUK / Apex Tech Scotland Ltd,INV-2021/1736,2021-09-14,2021,,0,THAMES DIGITAL SERVICES LTD,THAMES DIGITAL SERVICES LTD,Paid,,,0.0,1,0
GTUK / Apex Tech Scotland Ltd,INV-2021/1737,2021-09-14,2021,NGTC-0000,1,Sensory International Ltd,Sensory International Ltd,Paid,Sales - NEXTGENTECH,NEXTGENTECH,1254.5,1,0
GTUK / Apex Tech Scotland Ltd,INV-2021/1737,2021-09-14,2021,,1,Sensory International Ltd,Sensory International Ltd,Paid,Sales - NEXTGENTECH,NEXTGENTECH,45.5,1,0
GTUK / Apex Tech Scotland Ltd,INV-2021/1737,2021-09-14,2021,NGTC-DAI-AU-2X0,8,Sensory International Ltd,Sensory International Ltd,Paid,Sales - NEXTGENTECH,NEXTGENTECH,1248.0,1,0
GTUK / Apex Tech Scotland Ltd,INV-2021/1737,2021-09-14,2021,,0,Sensory International Ltd,Sensory International Ltd,Paid,,,0.0,1,0
GTUK / Apex Tech Scotland Ltd,CN-2021/1738,2021-09-17,2021,DT-PHG-1,1,Tillman Domotics,Tillman Domotics,Paid,Sales - DT SCREENS,DT SCREENS,-1500.0,1,0
GTUK / Apex Tech Scotland Ltd,INV-2021/1739,2021-09-21,2021,,1,Smartcomm Ltd,Smartcomm Ltd,Paid,Sales - DT SCREENS,DT SCREENS,2250.0,1,0
GTUK / Apex Tech Scotland Ltd,INV-2021/1739,2021-09-21,2021,,0,Smartcomm Ltd,Smartcomm Ltd,Paid,,,0.0,1,0
GTUK / Apex Tech Scotland Ltd,INV-2021/1742,2021-09-24,2021,STH-MBC-22,1,AT&C Professional Systems Ltd,AT&C Professional Systems Ltd,Paid,Sales - STEALTH,STEALTH,75.0,1,0
GTUK / Apex Tech Scotland Ltd,INV-2021/1742,2021-09-24,2021,,0,AT&C Professional Systems Ltd,AT&C Professional Systems Ltd,Paid,,,0.0,1,0
GTUK / Apex Tech Scotland Ltd,INV-2021/1743,2021-09-27,2021,BAR-BAL-CMR-B,1,Smart Life AV LTD,Smart Life AV LTD,Paid,Sales - BARCO,BARCO,20800.0,1,0
GTUK / Apex Tech Scotland Ltd,INV-2021/1743,2021-09-27,2021,BAR-BAL-LENS-CS,1,Smart Life AV LTD,Smart Life AV LTD,Paid,,,0.0,1,0
GTUK / Apex Tech Scotland Ltd,INV-2021/1743,2021-09-27,2021,DT-M-C2,1,Smart Life AV LTD,Smart Life AV LTD,Paid,Sales - DT SCREENS,DT SCREENS,600.0,1,0
GTUK / Apex Tech Scotland Ltd,INV-2021/1743,2021-09-27,2021,DT-M-150,2,Smart Life AV LTD,Smart Life AV LTD,Paid,Sales - DT SCREENS,DT SCREENS,1440.0,1,0
GTUK / Apex Tech Scotland Ltd,INV-2021/1743,2021-09-27,2021,DT-VMM-V2,1,Smart Life AV LTD,Smart Life AV LTD,Paid,Sales - DT SCREENS,DT SCREENS,1500.0,1,0
GTUK / Apex Tech Scotland Ltd,INV-2021/1743,2021-09-27,2021,DT-PHG-2,1,Smart Life AV LTD,Smart Life AV LTD,Paid,Sales - DT SCREENS,DT SCREENS,1800.0,1,0
GTUK / Apex Tech Scotland Ltd,INV-2021/1743,2021-09-27,2021,KAL-STRAT-12TB,1,Smart Life AV LTD,Smart Life AV LTD,Paid,Sales - KALEIDESCAPE,KALEIDESCAPE,5999.0,1,0
GTUK / Apex Tech Scotland Ltd,INV-2021/1743,2021-09-27,2021,KAL-KMOUNT-K0509-1,1,Smart Life AV LTD,Smart Life AV LTD,Paid,Sales - KALEIDESCAPE,KALEIDESCAPE,171.5,1,0
GTUK / Apex Tech Scotland Ltd,INV-2021/1743,2021-09-27,2021,,0,Smart Life AV LTD,Smart Life AV LTD,Paid,,,0.0,1,0
GTUK / Apex Tech Scotland Ltd,INV-2021/1643,2021-10-06,2021,,1,Smartcomm Ltd,Smartcomm Ltd,Approved,Freight Costs - Outward,Freight Costs - Outward,350.0,0,0
GTUK / Apex Tech Scotland Ltd,INV-2021/1744,2021-10-06,2021,DT-PHG-S,1,SMC,SMC,Paid,Sales - DT SCREENS,DT SCREENS,840.0,1,0
GTUK / Apex Tech Scotland Ltd,INV-2021/1744,2021-10-06,2021,,0,SMC,SMC,Paid,,,0.0,1,0
GTUK / Apex Tech Scotland Ltd,INV-2021/1745,2021-10-08,2021,BAR-MED2-MR-B,1,Wakefields,Wakefields,Paid,Sales - BARCO,BARCO,14625.0,1,0
GTUK / Apex Tech Scotland Ltd,INV-2021/1745,2021-10-08,2021,BAR-MED2-LENS-UWAZ,1,Wakefields,Wakefields,Paid,Sales - BARCO,BARCO,1625.0,1,0
GTUK / Apex Tech Scotland Ltd,INV-2021/1746,2021-10-08,2021,DT-FRNT-420,1,Wakefields,Wakefields,Paid,Sales - DT SCREENS,DT SCREENS,2670.0,1,0
GTUK / Apex Tech Scotland Ltd,INV-2021/1746,2021-10-08,2021,DT-IS-ATP-420,1,Wakefields,Wakefields,Paid,Sales - DT SCREENS,DT SCREENS,570.0,1,0
GTUK / Apex Tech Scotland Ltd,INV-2021/1747,2021-10-11,2021,,9,Sensory International Ltd,Sensory International Ltd,Paid,Sales - NEXTGENTECH,NEXTGENTECH,526.5,1,0
GTUK / Apex Tech Scotland Ltd,INV-2021/1747,2021-10-11,2021,,0,Sensory International Ltd,Sensory International Ltd,Paid,,,0.0,1,0
GTUK / Apex Tech Scotland Ltd,INV-2021/1750,2021-10-11,2021,DT-FRNT-270,1,Elite Visions Ltd,Elite Visions Ltd,Paid,Sales - DT SCREENS,DT SCREENS,1500.0,1,0
GTUK / Apex Tech Scotland Ltd,INV-2021/1750,2021-10-11,2021,DT-IS-ATP-270,1,Elite Visions Ltd,Elite Visions Ltd,Paid,Sales - DT SCREENS,DT SCREENS,270.0,1,0
GTUK / Apex Tech Scotland Ltd,INV-2021/1750,2021-10-11,2021,,0,Elite Visions Ltd,Elite Visions Ltd,Paid,,,0.0,1,0
GTUK / Apex Tech Scotland Ltd,INV-2021/1747,2021-10-11,2021,,0,Sensory International Ltd,Sensory International Ltd,Paid,,,0.0,1,0
GTUK / Apex Tech Scotland Ltd,INV-2021/1751,2021-10-12,2021,NGTC-BTI,1,Autograph Sound Recording Ltd,Autograph Sound Recording Ltd,Paid,Sales - NEXTGENTECH,NEXTGENTECH,214.5,1,0
GTUK / Apex Tech Scotland Ltd,INV-2021/1751,2021-10-12,2021,,1,Autograph Sound Recording Ltd,Autograph Sound Recording Ltd,Paid,"Postage, Freight & Courier","Postage, Freight & Courier",50.0,0,0
GTUK / Apex Tech Scotland Ltd,INV-2021/1752,2021-10-14,2021,BAR-PROM1-LAMP,1,Audio Alpha Ltd,Audio Alpha Ltd,Paid,Sales - BARCO,BARCO,975.0,1,0
GTUK / Apex Tech Scotland Ltd,INV-2021/1753,2021-10-18,2021,DT-DYN-2S-450,1,The Sound Gallery,The Sound Gallery,Paid,Sales - DT SCREENS,DT SCREENS,10170.0,1,0
GTUK / Apex Tech Scotland Ltd,INV-2021/1753,2021-10-18,2021,DT-IS-ATP-450,1,The Sound Gallery,The Sound Gallery,Paid,Sales - DT SCREENS,DT SCREENS,660.0,1,0
GTUK / Apex Tech Scotland Ltd,INV-2021/1753,2021-10-18,2021,DT-PHG-S,1,The Sound Gallery,The Sound Gallery,Paid,Sales - DT SCREENS,DT SCREENS,840.0,1,0
GTUK / Apex Tech Scotland Ltd,INV-2021/1753,2021-10-18,2021,,0,The Sound Gallery,The Sound Gallery,Paid,,,0.0,1,0
GTUK / Apex Tech Scotland Ltd,INV-2021/1754,2021-10-18,2021,DT-FRNT-510,1,Tillman Domotics,Tillman Domotics,Paid,Sales - DT SCREENS,DT SCREENS,3810.0,1,0
GTUK / Apex Tech Scotland Ltd,INV-2021/1754,2021-10-18,2021,DT-IS-ATP-510,1,Tillman Domotics,Tillman Domotics,Paid,Sales - DT SCREENS,DT SCREENS,840.0,1,0
GTUK / Apex Tech Scotland Ltd,INV-2021/1754,2021-10-18,2021,,0,Tillman Domotics,Tillman Domotics,Paid,,,0.0,1,0
GTUK / Apex Tech Scotland Ltd,INV-2021/1756,2021-10-18,2021,,1,Tillman Domotics,Tillman Domotics,Paid,Sales - NEXTGENTECH,NEXTGENTECH,3640.0,1,0
GTUK / Apex Tech Scotland Ltd,INV-2021/1756,2021-10-18,2021,,0,Tillman Domotics,Tillman Domotics,Paid,,,0.0,1,0
GTUK / Apex Tech Scotland Ltd,CN-2021/1755,2021-10-18,2021,ACU-MUSE-16-R,1,Matthews Simply Connecting Ltd,Matthews Simply Connecting Ltd,Paid,Sales - ACURUS,ACURUS,-2812.5,1,0
GTUK / Apex Tech Scotland Ltd,INV-2021/1757,2021-10-20,2021,NGTC-DSP-FP,1,Sensory International Ltd,Sensory International Ltd,Approved,Sales - NEXTGENTECH,NEXTGENTECH,3927.95,1,0
GTUK / Apex Tech Scotland Ltd,INV-2021/1757,2021-10-20,2021,NGTC-32140PWR,4,Sensory International Ltd,Sensory International Ltd,Approved,Sales - NEXTGENTECH,NEXTGENTECH,28908.0,1,0
GTUK / Apex Tech Scotland Ltd,INV-2021/1757,2021-10-20,2021,NGTC-1URT,1,Sensory International Ltd,Sensory International Ltd,Approved,Sales - NEXTGENTECH,NEXTGENTECH,61.75,1,0
GTUK / Apex Tech Scotland Ltd,INV-2021/1757,2021-10-20,2021,NGTC-MP60AES,1,Sensory International Ltd,Sensory International Ltd,Approved,Sales - NEXTGENTECH,NEXTGENTECH,9685.0,1,0
GTUK / Apex Tech Scotland Ltd,INV-2021/1757,2021-10-20,2021,NGTC-MCP4K,1,Sensory International Ltd,Sensory International Ltd,Approved,Sales - NEXTGENTECH,NEXTGENTECH,1618.5,1,0
GTUK / Apex Tech Scotland Ltd,INV-2021/1757,2021-10-20,2021,NGTC-MA4-D,2,Sensory International Ltd,Sensory International Ltd,Approved,Sales - NEXTGENTECH,NEXTGENTECH,3328.0,1,0
GTUK / Apex Tech Scotland Ltd,INV-2021/1757,2021-10-20,2021,,9,Sensory International Ltd,Sensory International Ltd,Approved,Sales - NEXTGENTECH,NEXTGENTECH,11115.0,1,0
GTUK / Apex Tech Scotland Ltd,INV-2021/1757,2021-10-20,2021,,0,Sensory International Ltd,Sensory International Ltd,Approved,,,0.0,1,0
GTUK / Apex Tech Scotland Ltd,INV-2021/1758,2021-10-20,2021,,2,Loudeep Ltd,Loudeep Ltd,Paid,Sales - KALEIDESCAPE,KALEIDESCAPE,26782.0,1,0
GTUK / Apex Tech Scotland Ltd,INV-2021/1758,2021-10-20,2021,KAL-STRAT-C,1,Loudeep Ltd,Loudeep Ltd,Paid,Sales - KALEIDESCAPE,KALEIDESCAPE,3363.5,1,0
GTUK / Apex Tech Scotland Ltd,INV-2021/1758,2021-10-20,2021,KAL-STRAT-C,2,Loudeep Ltd,Loudeep Ltd,Paid,Sales - KALEIDESCAPE,KALEIDESCAPE,6727.0,1,0
GTUK / Apex Tech Scotland Ltd,INV-2021/1758,2021-10-20,2021,KAL-KMOUNT-TERRA,2,Loudeep Ltd,Loudeep Ltd,Paid,Sales - KALEIDESCAPE,KALEIDESCAPE,343.0,1,0
GTUK / Apex Tech Scotland Ltd,INV-2021/1758,2021-10-20,2021,,1,Loudeep Ltd,Loudeep Ltd,Paid,Sales - KALEIDESCAPE,KALEIDESCAPE,-5364.61,1,0
GTUK / Apex Tech Scotland Ltd,INV-2021/1758,2021-10-20,2021,,0,Loudeep Ltd,Loudeep Ltd,Paid,,,0.0,1,0
GTUK / Apex Tech Scotland Ltd,INV-2021/1761,2021-10-22,2021,SD-SD1-TI,4,Pericom PLC,Pericom PLC,Approved,Sales - SOLID DRIVE,SOLID DRIVE,1680.0,1,0
GTUK / Apex Tech Scotland Ltd,CN-2021/1760,2021-10-22,2021,NGTC-DSP-FP,1,Sensory International Ltd,Sensory International Ltd,Paid,Sales - NEXTGENTECH,NEXTGENTECH,-3927.95,1,0
GTUK / Apex Tech Scotland Ltd,CN-2021/1760,2021-10-22,2021,,10,Sensory International Ltd,Sensory International Ltd,Paid,Sales - NEXTGENTECH,NEXTGENTECH,-12350.0,1,0
GTUK / Apex Tech Scotland Ltd,CN-2021/1760,2021-10-22,2021,NGTC-SA4-D,3,Sensory International Ltd,Sensory International Ltd,Paid,Sales - NEXTGENTECH,NEXTGENTECH,-4485.0,1,0
GTUK / Apex Tech Scotland Ltd,CN-2021/1760,2021-10-22,2021,NGTC-32140PWR,4,Sensory International Ltd,Sensory International Ltd,Paid,Sales - NEXTGENTECH,NEXTGENTECH,-28908.0,1,0
GTUK / Apex Tech Scotland Ltd,CN-2021/1760,2021-10-22,2021,NGTC-1URT,1,Sensory International Ltd,Sensory International Ltd,Paid,Sales - NEXTGENTECH,NEXTGENTECH,-61.75,1,0
GTUK / Apex Tech Scotland Ltd,CN-2021/1760,2021-10-22,2021,NGTC-MP60AES,1,Sensory International Ltd,Sensory International Ltd,Paid,Sales - NEXTGENTECH,NEXTGENTECH,-9685.0,1,0
GTUK / Apex Tech Scotland Ltd,CN-2021/1760,2021-10-22,2021,NGTC-MCP4K,1,Sensory International Ltd,Sensory International Ltd,Paid,Sales - NEXTGENTECH,NEXTGENTECH,-1618.5,1,0
GTUK / Apex Tech Scotland Ltd,CN-2021/1760,2021-10-22,2021,,0,Sensory International Ltd,Sensory International Ltd,Paid,,,0.0,1,0
GTUK / Apex Tech Scotland Ltd,INV-2021/1749,2021-10-25,2021,,1,Link Media Systems,Link Media Systems,Approved,Sales - BARCO,BARCO,70601.08,1,0
GTUK / Apex Tech Scotland Ltd,INV-2021/1749,2021-10-25,2021,,1,Link Media Systems,Link Media Systems,Approved,Sales - BARCO,BARCO,6090.0,1,0
GTUK / Apex Tech Scotland Ltd,INV-2021/1749,2021-10-25,2021,,1,Link Media Systems,Link Media Systems,Approved,Sales - BARCO,BARCO,1656.48,1,0
GTUK / Apex Tech Scotland Ltd,INV-2021/1749,2021-10-25,2021,,1,Link Media Systems,Link Media Systems,Approved,Sales - BARCO,BARCO,121.8,1,0
GTUK / Apex Tech Scotland Ltd,INV-2021/1749,2021-10-25,2021,,1,Link Media Systems,Link Media Systems,Approved,Sales - BARCO,BARCO,15708.72,1,0
GTUK / Apex Tech Scotland Ltd,INV-2021/1749,2021-10-25,2021,,1,Link Media Systems,Link Media Systems,Approved,Sales - DT SCREENS,DT SCREENS,3000.0,1,0
GTUK / Apex Tech Scotland Ltd,INV-2021/1749,2021-10-25,2021,,1,Link Media Systems,Link Media Systems,Approved,Sales - DT SCREENS,DT SCREENS,5680.0,1,0
GTUK / Apex Tech Scotland Ltd,INV-2021/1749,2021-10-25,2021,,1,Link Media Systems,Link Media Systems,Approved,Sales - madVR,madVR,8750.0,1,0
GTUK / Apex Tech Scotland Ltd,INV-2021/1749,2021-10-25,2021,DT-DYN-2S-630,1,Link Media Systems,Link Media Systems,Approved,Sales - DT SCREENS,DT SCREENS,20010.0,1,0
GTUK / Apex Tech Scotland Ltd,INV-2021/1749,2021-10-25,2021,,0,Link Media Systems,Link Media Systems,Approved,,,0.0,1,0
GTUK / Apex Tech Scotland Ltd,INV-2021/1748,2021-10-25,2021,STH-SLR8G,1,JPE Technology Studio,JPE Technology Studio,Paid,Sales - STEALTH,STEALTH,600.0,1,0
GTUK / Apex Tech Scotland Ltd,INV-2021/1748,2021-10-25,2021,STH-MBC-22,1,JPE Technology Studio,JPE Technology Studio,Paid,Sales - STEALTH,STEALTH,75.0,1,0
GTUK / Apex Tech Scotland Ltd,INV-2021/1748,2021-10-25,2021,,1,JPE Technology Studio,JPE Technology Studio,Paid,"Postage, Freight & Courier","Postage, Freight & Courier",50.0,0,0
GTUK / Apex Tech Scotland Ltd,INV-2021/1764,2021-10-26,2021,STH-LR8G,6,Raid Systems Ltd,Raid Systems Ltd,Paid,Sales - STEALTH,STEALTH,4200.0,1,0
GTUK / Apex Tech Scotland Ltd,INV-2021/1764,2021-10-26,2021,STH-MBC-22,12,Raid Systems Ltd,Raid Systems Ltd,Paid,Sales - STEALTH,STEALTH,900.0,1,0
GTUK / Apex Tech Scotland Ltd,INV-2021/1764,2021-10-26,2021,STH-PS-22,2,Raid Systems Ltd,Raid Systems Ltd,Paid,Sales - STEALTH,STEALTH,175.0,1,0
GTUK / Apex Tech Scotland Ltd,INV-2021/1765,2021-10-26,2021,STH-LR8G,9,AT&C Professional Systems Ltd,AT&C Professional Systems Ltd,Paid,Sales - STEALTH,STEALTH,6300.0,1,0
GTUK / Apex Tech Scotland Ltd,INV-2021/1768,2021-11-04,2021,STH-LR6G,2,McAllister AV Ltd,McAllister AV Ltd,Paid,Sales - STEALTH,STEALTH,1200.0,1,0
GTUK / Apex Tech Scotland Ltd,INV-2021/1768,2021-11-04,2021,STH-LR6GS,1,McAllister AV Ltd,McAllister AV Ltd,Paid,Sales - STEALTH,STEALTH,300.0,1,0
GTUK / Apex Tech Scotland Ltd,INV-2021/1768,2021-11-04,2021,STH-MBC-12,5,McAllister AV Ltd,McAllister AV Ltd,Paid,Sales - STEALTH,STEALTH,375.0,1,0
GTUK / Apex Tech Scotland Ltd,INV-2021/1768,2021-11-04,2021,,0,McAllister AV Ltd,McAllister AV Ltd,Paid,,,0.0,1,0
GTUK / Apex Tech Scotland Ltd,INV-2021/1770,2021-11-08,2021,STH-LR6G,1,iHomes London Media Rooms,iHomes London Media Rooms,Paid,Sales - STEALTH,STEALTH,600.0,1,0
GTUK / Apex Tech Scotland Ltd,INV-2021/1770,2021-11-08,2021,STH-LR8G,1,iHomes London Media Rooms,iHomes London Media Rooms,Paid,Sales - STEALTH,STEALTH,700.0,1,0
GTUK / Apex Tech Scotland Ltd,INV-2021/1770,2021-11-08,2021,STH-MBX-12,2,iHomes London Media Rooms,iHomes London Media Rooms,Paid,Sales - STEALTH,STEALTH,150.0,1,0
GTUK / Apex Tech Scotland Ltd,INV-2021/1770,2021-11-08,2021,STH-MBX-22,3,iHomes London Media Rooms,iHomes London Media Rooms,Paid,Sales - STEALTH,STEALTH,225.0,1,0
GTUK / Apex Tech Scotland Ltd,INV-2021/1770,2021-11-08,2021,STH-SLR8G,1,iHomes London Media Rooms,iHomes London Media Rooms,Paid,Sales - STEALTH,STEALTH,600.0,1,0
GTUK / Apex Tech Scotland Ltd,INV-2021/1770,2021-11-08,2021,,0,iHomes London Media Rooms,iHomes London Media Rooms,Paid,,,0.0,1,0
GTUK / Apex Tech Scotland Ltd,INV-2021/1766,2021-11-11,2021,STH-LR8G,1,Smartcomm Ltd,Smartcomm Ltd,Approved,Sales - STEALTH,STEALTH,700.0,1,0
GTUK / Apex Tech Scotland Ltd,INV-2021/1766,2021-11-11,2021,STH-MBC-22,2,Smartcomm Ltd,Smartcomm Ltd,Approved,Sales - STEALTH,STEALTH,150.0,1,0
GTUK / Apex Tech Scotland Ltd,INV-2021/1766,2021-11-11,2021,STH-CVXMR30,2,Smartcomm Ltd,Smartcomm Ltd,Approved,Sales - STEALTH,STEALTH,100.0,1,0
GTUK / Apex Tech Scotland Ltd,INV-2021/1766,2021-11-11,2021,STH-LR6GS,1,Smartcomm Ltd,Smartcomm Ltd,Approved,Sales - STEALTH,STEALTH,300.0,1,0
GTUK / Apex Tech Scotland Ltd,INV-2021/1766,2021-11-11,2021,STH-MBC-22,1,Smartcomm Ltd,Smartcomm Ltd,Approved,Sales - STEALTH,STEALTH,75.0,1,0
GTUK / Apex Tech Scotland Ltd,INV-2021/1766,2021-11-11,2021,,0,Smartcomm Ltd,Smartcomm Ltd,Approved,,,0.0,1,0
GTUK / Apex Tech Scotland Ltd,INV-2021/1772,2021-11-11,2021,CATS-DES-B,1,The Sound Gallery,The Sound Gallery,Paid,Sales - CATS,CATS,2400.0,1,0
GTUK / Apex Tech Scotland Ltd,INV-2021/1767,2021-11-17,2021,STH-MBC-22,1,Smartcomm Ltd,Smartcomm Ltd,Approved,Sales - STEALTH,STEALTH,75.0,1,0
GTUK / Apex Tech Scotland Ltd,INV-2021/1767,2021-11-17,2021,STH-CVXMR30,1,Smartcomm Ltd,Smartcomm Ltd,Approved,Sales - STEALTH,STEALTH,50.0,1,0
GTUK / Apex Tech Scotland Ltd,INV-2021/1767,2021-11-17,2021,,0,Smartcomm Ltd,Smartcomm Ltd,Approved,,,0.0,1,0
GTUK / Apex Tech Scotland Ltd,INV-2021/1774,2021-11-17,2021,CATS-RES-CP,4,The Sound Gallery,The Sound Gallery,Paid,Sales - CATS,CATS,2160.0,1,0
GTUK / Apex Tech Scotland Ltd,INV-2021/1774,2021-11-17,2021,CATS-REV-CP-50,2,The Sound Gallery,The Sound Gallery,Paid,Sales - CATS,CATS,660.0,1,0
GTUK / Apex Tech Scotland Ltd,INV-2021/1774,2021-11-17,2021,CATS-REF-CP,5,The Sound Gallery,The Sound Gallery,Paid,Sales - CATS,CATS,1650.0,1,0
GTUK / Apex Tech Scotland Ltd,INV-2021/1774,2021-11-17,2021,,0,The Sound Gallery,The Sound Gallery,Paid,,,0.0,1,0
GTUK / Apex Tech Scotland Ltd,INV-2021/1775,2021-11-18,2021,STH-LR6G,2,THAMES DIGITAL SERVICES LTD,THAMES DIGITAL SERVICES LTD,Paid,Sales - STEALTH,STEALTH,1200.0,1,0
GTUK / Apex Tech Scotland Ltd,INV-2021/1775,2021-11-18,2021,,0,THAMES DIGITAL SERVICES LTD,THAMES DIGITAL SERVICES LTD,Paid,,,0.0,1,0
GTUK / Apex Tech Scotland Ltd,INV-2021/1776,2021-11-29,2021,DT-VMM-V2,1,Smartcomm Ltd,Smartcomm Ltd,Approved,Sales - DT SCREENS,DT SCREENS,2250.0,1,0
GTUK / Apex Tech Scotland Ltd,INV-2021/1776,2021-11-29,2021,,0,Smartcomm Ltd,Smartcomm Ltd,Approved,,,0.0,1,0
GTUK / Apex Tech Scotland Ltd,INV-2021/1777,2021-11-30,2021,STH-LR6G,14,Clear AV Ltd t/a OKTO,Clear AV Ltd t/a OKTO,Approved,Sales - STEALTH,STEALTH,7700.0,1,0
GTUK / Apex Tech Scotland Ltd,INV-2021/1777,2021-11-30,2021,STH-MBC-12,28,Clear AV Ltd t/a OKTO,Clear AV Ltd t/a OKTO,Approved,Sales - STEALTH,STEALTH,2100.0,1,0
GTUK / Apex Tech Scotland Ltd,INV-2021/1777,2021-11-30,2021,STH-LR8G,21,Clear AV Ltd t/a OKTO,Clear AV Ltd t/a OKTO,Approved,Sales - STEALTH,STEALTH,13650.0,1,0
GTUK / Apex Tech Scotland Ltd,INV-2021/1777,2021-11-30,2021,STH-MBC-22,44,Clear AV Ltd t/a OKTO,Clear AV Ltd t/a OKTO,Approved,Sales - STEALTH,STEALTH,3300.0,1,0
GTUK / Apex Tech Scotland Ltd,INV-2021/1777,2021-11-30,2021,STH-SLR8G,2,Clear AV Ltd t/a OKTO,Clear AV Ltd t/a OKTO,Approved,Sales - STEALTH,STEALTH,1100.0,1,0
GTUK / Apex Tech Scotland Ltd,INV-2021/1777,2021-11-30,2021,,0,Clear AV Ltd t/a OKTO,Clear AV Ltd t/a OKTO,Approved,,,0.0,1,0
GTUK / Apex Tech Scotland Ltd,INV-2021/1777,2021-11-30,2021,,0,Clear AV Ltd t/a OKTO,Clear AV Ltd t/a OKTO,Approved,,,0.0,1,0
GTUK / Apex Tech Scotland Ltd,INV-2021/1777,2021-11-30,2021,,0,Clear AV Ltd t/a OKTO,Clear AV Ltd t/a OKTO,Approved,,,0.0,1,0
GTUK / Apex Tech Scotland Ltd,INV-2021/1778,2021-12-06,2021,STH-LR6G,2,THAMES DIGITAL SERVICES LTD,THAMES DIGITAL SERVICES LTD,Paid,Sales - STEALTH,STEALTH,1200.0,1,0
GTUK / Apex Tech Scotland Ltd,INV-2021/1778,2021-12-06,2021,,0,THAMES DIGITAL SERVICES LTD,THAMES DIGITAL SERVICES LTD,Paid,,,0.0,1,0
GTUK / Apex Tech Scotland Ltd,INV-2021/1773,2021-12-07,2021,STH-LR6G,10,Smartcomm Ltd,Smartcomm Ltd,Approved,Sales - STEALTH,STEALTH,5400.0,1,0
GTUK / Apex Tech Scotland Ltd,INV-2021/1773,2021-12-07,2021,STH-MBC-12,20,Smartcomm Ltd,Smartcomm Ltd,Approved,Sales - STEALTH,STEALTH,1350.0,1,0
GTUK / Apex Tech Scotland Ltd,INV-2021/1773,2021-12-07,2021,,0,Smartcomm Ltd,Smartcomm Ltd,Approved,,,0.0,1,0
GTUK / Apex Tech Scotland Ltd,INV-2021/1779,2021-12-07,2021,,1,HiFi Corner (Edinburgh) Ltd,HiFi Corner (Edinburgh) Ltd,Paid,Sales - CINEMA PARTNERS MATERIALS,CINEMA PARTNERS MATERIALS,1037.25,1,0
GTUK / Apex Tech Scotland Ltd,INV-2021/1780,2021-12-07,2021,STH-LR8G,1,Automated Smart Homes,Automated Smart Homes,Paid,Sales - STEALTH,STEALTH,499.94,1,0
GTUK / Apex Tech Scotland Ltd,INV-2021/1780,2021-12-07,2021,STH-MBC-22,2,Automated Smart Homes,Automated Smart Homes,Paid,Sales - STEALTH,STEALTH,150.0,1,0
GTUK / Apex Tech Scotland Ltd,INV-2021/1769,2021-12-09,2021,STH-LR8G,7,Smartcomm Ltd,Smartcomm Ltd,Approved,Sales - STEALTH,STEALTH,4900.0,1,0
GTUK / Apex Tech Scotland Ltd,INV-2021/1769,2021-12-09,2021,STH-MBC-22,11,Smartcomm Ltd,Smartcomm Ltd,Approved,Sales - STEALTH,STEALTH,825.0,1,0
GTUK / Apex Tech Scotland Ltd,INV-2021/1769,2021-12-09,2021,STH-CVXMR30,14,Smartcomm Ltd,Smartcomm Ltd,Approved,Sales - STEALTH,STEALTH,700.0,1,0
GTUK / Apex Tech Scotland Ltd,INV-2021/1769,2021-12-09,2021,,0,Smartcomm Ltd,Smartcomm Ltd,Approved,,,0.0,1,0
GTUK / Apex Tech Scotland Ltd,INV-2021/1782,2021-12-20,2021,CATS-REV-CP-50,2,Wakefields,Wakefields,Paid,Sales - CATS,CATS,660.0,1,0
GTUK / Apex Tech Scotland Ltd,CN-2022/1793,2021-12-23,2021,STH-PS-22,1,Raid Systems Ltd,Raid Systems Ltd,Paid,Sales - STEALTH,STEALTH,-175.0,1,0
GTUK / Apex Tech Scotland Ltd,INV-2022/1783,2022-01-04,2022,,1,Cinema Lusso,Cinema Lusso,Paid,Sales - madVR,madVR,8750.0,1,0
GTUK / Apex Tech Scotland Ltd,INV-2022/1783,2022-01-04,2022,,0,Cinema Lusso,Cinema Lusso,Paid,,,0.0,1,0
GTUK / Apex Tech Scotland Ltd,INV-2021/1762,2022-01-07,2022,DT-FRNT-240,1,SMC,SMC,Paid,Sales - DT SCREENS,DT SCREENS,1320.0,1,0
GTUK / Apex Tech Scotland Ltd,INV-2021/1762,2022-01-07,2022,DT-IS-ATR-240,1,SMC,SMC,Paid,Sales - DT SCREENS,DT SCREENS,300.0,1,0
GTUK / Apex Tech Scotland Ltd,INV-2021/1762,2022-01-07,2022,DT-M-150,2,SMC,SMC,Paid,Sales - DT SCREENS,DT SCREENS,1440.0,1,0
GTUK / Apex Tech Scotland Ltd,INV-2021/1762,2022-01-07,2022,DT-M-C2,1,SMC,SMC,Paid,Sales - DT SCREENS,DT SCREENS,600.0,1,0
GTUK / Apex Tech Scotland Ltd,INV-2021/1762,2022-01-07,2022,,0,SMC,SMC,Paid,,,0.0,1,0
GTUK / Apex Tech Scotland Ltd,INV-2022/1784,2022-01-10,2022,,1,Cinema Lusso,Cinema Lusso,Paid,Sales - madVR,madVR,8750.0,1,0
GTUK / Apex Tech Scotland Ltd,INV-2022/1784,2022-01-10,2022,,0,Cinema Lusso,Cinema Lusso,Paid,,,0.0,1,0
GTUK / Apex Tech Scotland Ltd,INV-2022/1784,2022-01-10,2022,DT-VMM-V2,1,Cinema Lusso,Cinema Lusso,Paid,Sales - DT SCREENS,DT SCREENS,1500.0,1,0
GTUK / Apex Tech Scotland Ltd,INV-2022/1786,2022-01-13,2022,,5,Link Media Systems,Link Media Systems,Paid,Sales - SERVICES,SERVICES,2500.0,1,0
GTUK / Apex Tech Scotland Ltd,INV-2022/1787,2022-01-13,2022,STH-SRAY6W,1,D3 AV Ltd,D3 AV Ltd,Paid,Sales - STEALTH,STEALTH,700.0,1,0
GTUK / Apex Tech Scotland Ltd,INV-2022/1787,2022-01-13,2022,,1,D3 AV Ltd,D3 AV Ltd,Paid,Other Revenue,Other Revenue,13.0,0,0
GTUK / Apex Tech Scotland Ltd,INV-2022/1788,2022-01-13,2022,NGTC-0000,1,Sensory International Ltd,Sensory International Ltd,Paid,Sales - NEXTGENTECH,NEXTGENTECH,1072.5,1,0
GTUK / Apex Tech Scotland Ltd,INV-2022/1788,2022-01-13,2022,,1,Sensory International Ltd,Sensory International Ltd,Paid,Sales - NEXTGENTECH,NEXTGENTECH,-172.5,1,0
GTUK / Apex Tech Scotland Ltd,INV-2022/1788,2022-01-13,2022,,0,Sensory International Ltd,Sensory International Ltd,Paid,,,0.0,1,0
GTUK / Apex Tech Scotland Ltd,INV-2022/1789,2022-01-13,2022,STH-LR8G,3,AT&C Professional Systems Ltd.,AT&C Professional Systems Ltd.,Paid,Sales - STEALTH,STEALTH,2100.0,1,0
GTUK / Apex Tech Scotland Ltd,INV-2022/1789,2022-01-13,2022,STH-MBC-22,7,AT&C Professional Systems Ltd.,AT&C Professional Systems Ltd.,Paid,Sales - STEALTH,STEALTH,525.0,1,0
GTUK / Apex Tech Scotland Ltd,INV-2022/1789,2022-01-13,2022,STH-SLR8G,1,AT&C Professional Systems Ltd.,AT&C Professional Systems Ltd.,Paid,Sales - STEALTH,STEALTH,600.0,1,0
GTUK / Apex Tech Scotland Ltd,INV-2022/1789,2022-01-13,2022,,0,AT&C Professional Systems Ltd.,AT&C Professional Systems Ltd.,Paid,,,0.0,1,0
GTUK / Apex Tech Scotland Ltd,INV-2022/1790,2022-01-17,2022,,1,What You See And Hear Limited,What You See And Hear Limited,Paid,Sales - SERVICES,SERVICES,12000.0,1,0
GTUK / Apex Tech Scotland Ltd,INV-2022/1790,2022-01-17,2022,,1,What You See And Hear Limited,What You See And Hear Limited,Paid,Sales - SERVICES,SERVICES,2780.0,1,0
GTUK / Apex Tech Scotland Ltd,INV-2021/1771,2022-01-23,2022,BAR-BAL-CHT-B,1,proAV Ltd,proAV Ltd,Paid,Sales - BARCO,BARCO,20800.0,1,0
GTUK / Apex Tech Scotland Ltd,INV-2021/1771,2022-01-23,2022,BAR-BRA-LENS-CS,1,proAV Ltd,proAV Ltd,Paid,,,0.0,1,0
GTUK / Apex Tech Scotland Ltd,INV-2021/1771,2022-01-23,2022,,1,proAV Ltd,proAV Ltd,Paid,Sales - BARCO,BARCO,-1040.0,1,0
GTUK / Apex Tech Scotland Ltd,INV-2021/1771,2022-01-23,2022,,0,proAV Ltd,proAV Ltd,Paid,,,0.0,1,0
GTUK / Apex Tech Scotland Ltd,INV-2022/1792,2022-01-25,2022,DT-PHG-1,1,Prestige Audio,Prestige Audio,Paid,Sales - DT SCREENS,DT SCREENS,1150.0,1,0
GTUK / Apex Tech Scotland Ltd,INV-2022/1792,2022-01-25,2022,,0,Prestige Audio,Prestige Audio,Paid,,,0.0,1,0
GTUK / Apex Tech Scotland Ltd,INV-2022/1792,2022-01-25,2022,,0,Prestige Audio,Prestige Audio,Paid,,,0.0,1,0
GTUK / Apex Tech Scotland Ltd,INV-2022/1791,2022-01-28,2022,ACU-MUSE-16-R,1,HiFi Corner (Edinburgh) Ltd,HiFi Corner (Edinburgh) Ltd,Paid,Sales - ACURUS,ACURUS,4800.0,1,0
GTUK / Apex Tech Scotland Ltd,INV-2022/1795,2022-01-31,2022,,1,proAV Ltd,proAV Ltd,Paid,Sales - DT SCREENS,DT SCREENS,10170.0,1,0
GTUK / Apex Tech Scotland Ltd,INV-2022/1795,2022-01-31,2022,,1,proAV Ltd,proAV Ltd,Paid,Sales - DT SCREENS,DT SCREENS,660.0,1,0
GTUK / Apex Tech Scotland Ltd,INV-2022/1795,2022-01-31,2022,,1,proAV Ltd,proAV Ltd,Paid,Sales - DT SCREENS,DT SCREENS,1800.0,1,0
GTUK / Apex Tech Scotland Ltd,INV-2022/1795,2022-01-31,2022,,1,proAV Ltd,proAV Ltd,Paid,"Postage, Freight & Courier","Postage, Freight & Courier",350.0,0,0
GTUK / Apex Tech Scotland Ltd,INV-2022/1795,2022-01-31,2022,,0,proAV Ltd,proAV Ltd,Paid,,,0.0,1,0
GTUK / Apex Tech Scotland Ltd,INV-2022/1785,2022-02-08,2022,,1,Clear AV Ltd t/a OKTO,Clear AV Ltd t/a OKTO,Paid,Sales - STEALTH,STEALTH,700.0,1,0
GTUK / Apex Tech Scotland Ltd,INV-2022/1785,2022-02-08,2022,,2,Clear AV Ltd t/a OKTO,Clear AV Ltd t/a OKTO,Paid,Sales - STEALTH,STEALTH,150.0,1,0
GTUK / Apex Tech Scotland Ltd,INV-2022/1785,2022-02-08,2022,,0,Clear AV Ltd t/a OKTO,Clear AV Ltd t/a OKTO,Paid,,,0.0,1,0
GTUK / Apex Tech Scotland Ltd,INV-2022/1798,2022-02-09,2022,BAR-EC-BAL-2,1,Smart Life AV LTD,Smart Life AV LTD,Paid,Sales - BARCO,BARCO,2600.0,1,0
GTUK / Apex Tech Scotland Ltd,INV-2022/1798,2022-02-09,2022,,0,Smart Life AV LTD,Smart Life AV LTD,Paid,,,0.0,1,0
GTUK / Apex Tech Scotland Ltd,INV-2022/1798,2022-02-09,2022,,0,Smart Life AV LTD,Smart Life AV LTD,Paid,,,0.0,1,0
GTUK / Apex Tech Scotland Ltd,INV-2022/1799,2022-02-15,2022,BAR-FREYA,1,Audio Alpha Ltd,Audio Alpha Ltd,Paid,Sales - BARCO,BARCO,40500.0,1,0
GTUK / Apex Tech Scotland Ltd,INV-2022/1799,2022-02-15,2022,DT-PHG-2,1,Audio Alpha Ltd,Audio Alpha Ltd,Paid,Sales - DT SCREENS,DT SCREENS,1350.0,1,0
GTUK / Apex Tech Scotland Ltd,INV-2022/1799,2022-02-15,2022,DT-SMM-XL,1,Audio Alpha Ltd,Audio Alpha Ltd,Paid,Sales - DT SCREENS,DT SCREENS,2250.0,1,0
GTUK / Apex Tech Scotland Ltd,INV-2022/1799,2022-02-15,2022,DT-DYN-4-330,1,Audio Alpha Ltd,Audio Alpha Ltd,Paid,Sales - DT SCREENS,DT SCREENS,7492.5,1,0
GTUK / Apex Tech Scotland Ltd,INV-2022/1799,2022-02-15,2022,DT-IS-ATR-330,1,Audio Alpha Ltd,Audio Alpha Ltd,Paid,Sales - DT SCREENS,DT SCREENS,405.0,1,0
GTUK / Apex Tech Scotland Ltd,INV-2022/1800,2022-02-17,2022,,1,LiveSmarter Ltd,LiveSmarter Ltd,Paid,Sales - DT SCREENS,DT SCREENS,450.0,1,0
GTUK / Apex Tech Scotland Ltd,INV-2022/1800,2022-02-17,2022,,1,LiveSmarter Ltd,LiveSmarter Ltd,Paid,"Postage, Freight & Courier","Postage, Freight & Courier",50.0,0,0
GTUK / Apex Tech Scotland Ltd,INV-2022/1800,2022-02-17,2022,,0,LiveSmarter Ltd,LiveSmarter Ltd,Paid,,,0.0,1,0
GTUK / Apex Tech Scotland Ltd,INV-2022/1801,2022-02-17,2022,BAR-BAL-CHT-B,1,iHomes London Media Rooms,iHomes London Media Rooms,Paid,Sales - BARCO,BARCO,20800.0,1,0
GTUK / Apex Tech Scotland Ltd,INV-2022/1801,2022-02-17,2022,BAR-BAL-LENS-CWAZ,1,iHomes London Media Rooms,iHomes London Media Rooms,Paid,,,0.0,1,0
GTUK / Apex Tech Scotland Ltd,INV-2022/1804,2022-02-20,2022,,1,HiFi Corner (Edinburgh) Ltd,HiFi Corner (Edinburgh) Ltd,Paid,Sales - CINEMA PARTNERS SERVICES,CINEMA PARTNERS SERVICES,414.0,1,0
GTUK / Apex Tech Scotland Ltd,INV-2022/1804,2022-02-20,2022,,1,HiFi Corner (Edinburgh) Ltd,HiFi Corner (Edinburgh) Ltd,Paid,Sales - CINEMA PARTNERS SERVICES,CINEMA PARTNERS SERVICES,1407.6,1,0
GTUK / Apex Tech Scotland Ltd,INV-2022/1804,2022-02-20,2022,,1,HiFi Corner (Edinburgh) Ltd,HiFi Corner (Edinburgh) Ltd,Paid,Sales - CINEMA PARTNERS SERVICES,CINEMA PARTNERS SERVICES,2649.6,1,0
GTUK / Apex Tech Scotland Ltd,INV-2022/1805,2022-02-20,2022,,1,HiFi Corner (Edinburgh) Ltd,HiFi Corner (Edinburgh) Ltd,Paid,Sales - CINEMA PARTNERS SERVICES,CINEMA PARTNERS SERVICES,1766.4,1,0
GTUK / Apex Tech Scotland Ltd,INV-2022/1805,2022-02-20,2022,,1,HiFi Corner (Edinburgh) Ltd,HiFi Corner (Edinburgh) Ltd,Paid,Sales - CINEMA PARTNERS SERVICES,CINEMA PARTNERS SERVICES,828.0,1,0
GTUK / Apex Tech Scotland Ltd,INV-2022/1805,2022-02-20,2022,,1,HiFi Corner (Edinburgh) Ltd,HiFi Corner (Edinburgh) Ltd,Paid,Sales - CINEMA PARTNERS SERVICES,CINEMA PARTNERS SERVICES,2700.0,1,0
GTUK / Apex Tech Scotland Ltd,INV-2022/1806,2022-02-20,2022,,1,HiFi Corner (Edinburgh) Ltd,HiFi Corner (Edinburgh) Ltd,Paid,Sales - CINEMA PARTNERS SERVICES,CINEMA PARTNERS SERVICES,6550.4,1,0
GTUK / Apex Tech Scotland Ltd,INV-2022/1803,2022-02-20,2022,,1,HiFi Corner (Edinburgh) Ltd,HiFi Corner (Edinburgh) Ltd,Paid,Sales - CINEMA PARTNERS SERVICES,CINEMA PARTNERS SERVICES,2189.6,1,0
GTUK / Apex Tech Scotland Ltd,INV-2022/1807,2022-02-24,2022,STH-LR6G,2,Fusion.One International Ltd,Fusion.One International Ltd,Paid,Sales - STEALTH,STEALTH,1300.0,1,0
GTUK / Apex Tech Scotland Ltd,INV-2022/1808,2022-02-28,2022,STH-MBC-12,6,SmartHome Technology Limited,SmartHome Technology Limited,Paid,Sales - STEALTH,STEALTH,600.0,1,0
GTUK / Apex Tech Scotland Ltd,INV-2022/1802,2022-03-01,2022,DT-PHG-2-C,2,Bam Construction,Bam Construction,Paid,Sales - DT SCREENS,DT SCREENS,11496.37,1,0
GTUK / Apex Tech Scotland Ltd,INV-2022/1802,2022-03-01,2022,DT-PHG-2-C,2,Bam Construction,Bam Construction,Paid,Sales - DT SCREENS,DT SCREENS,21734.94,1,0
GTUK / Apex Tech Scotland Ltd,INV-2022/1802,2022-03-01,2022,,0,Bam Construction,Bam Construction,Paid,,,0.0,1,0
GTUK / Apex Tech Scotland Ltd,INV-2022/1797,2022-03-10,2022,,4,Tillman Domotics,Tillman Domotics,Paid,Sales - STEALTH,STEALTH,10400.0,1,0
GTUK / Apex Tech Scotland Ltd,INV-2022/1797,2022-03-10,2022,,4,Tillman Domotics,Tillman Domotics,Paid,Sales - STEALTH,STEALTH,3800.0,1,0
GTUK / Apex Tech Scotland Ltd,INV-2022/1797,2022-03-10,2022,,8,Tillman Domotics,Tillman Domotics,Paid,Sales - STEALTH,STEALTH,600.0,1,0
GTUK / Apex Tech Scotland Ltd,INV-2022/1797,2022-03-10,2022,,8,Tillman Domotics,Tillman Domotics,Paid,Sales - STEALTH,STEALTH,600.0,1,0
GTUK / Apex Tech Scotland Ltd,INV-2022/1809,2022-03-11,2022,,6,Audio Alpha Ltd,Audio Alpha Ltd,Paid,Sales - OTHERS,OTHERS,2700.0,1,0
GTUK / Apex Tech Scotland Ltd,INV-2022/1810,2022-03-14,2022,BAR-LOK-CHT-B,1,Prestige Audio,Prestige Audio,Paid,Sales - BARCO,BARCO,33800.0,1,0
GTUK / Apex Tech Scotland Ltd,INV-2022/1810,2022-03-14,2022,BAR-LOK-LENS-S,1,Prestige Audio,Prestige Audio,Paid,,,0.0,1,0
GTUK / Apex Tech Scotland Ltd,INV-2022/1810,2022-03-14,2022,DT-PHG-2,1,Prestige Audio,Prestige Audio,Paid,Sales - DT SCREENS,DT SCREENS,1800.0,1,0
GTUK / Apex Tech Scotland Ltd,INV-2022/1810,2022-03-14,2022,DT-DYN-2S-420,1,Prestige Audio,Prestige Audio,Paid,Sales - DT SCREENS,DT SCREENS,9180.0,1,0
GTUK / Apex Tech Scotland Ltd,INV-2022/1810,2022-03-14,2022,DT-IS-ATP-420,1,Prestige Audio,Prestige Audio,Paid,Sales - DT SCREENS,DT SCREENS,570.0,1,0
GTUK / Apex Tech Scotland Ltd,INV-2022/1811,2022-03-17,2022,,1,Wakefields,Wakefields,Paid,Sales - madVR,madVR,4875.0,1,0
GTUK / Apex Tech Scotland Ltd,INV-2022/1812,2022-03-18,2022,DT-FRNT-300,1,HiFi Corner (Edinburgh) Ltd,HiFi Corner (Edinburgh) Ltd,Paid,Sales - DT SCREENS,DT SCREENS,1680.0,1,0
GTUK / Apex Tech Scotland Ltd,INV-2022/1812,2022-03-18,2022,DT-IS-IP-300,1,HiFi Corner (Edinburgh) Ltd,HiFi Corner (Edinburgh) Ltd,Paid,Sales - DT SCREENS,DT SCREENS,270.0,1,0
GTUK / Apex Tech Scotland Ltd,CN-2022/1814,2022-03-25,2022,DT-CNTP-510,-1,SURREY AV SOLUTIONS LTD,SURREY AV SOLUTIONS LTD,Paid,Sales - DT SCREENS,DT SCREENS,-3000.0,1,0
GTUK / Apex Tech Scotland Ltd,CN-2022/1814,2022-03-25,2022,DT-IS-ATP-510,-1,SURREY AV SOLUTIONS LTD,SURREY AV SOLUTIONS LTD,Paid,Sales - DT SCREENS,DT SCREENS,-840.0,1,0
GTUK / Apex Tech Scotland Ltd,CN-2022/1814,2022-03-25,2022,CATS-REV-CP-50,-4,SURREY AV SOLUTIONS LTD,SURREY AV SOLUTIONS LTD,Paid,Sales - CATS,CATS,-1320.0,1,0
GTUK / Apex Tech Scotland Ltd,CN-2022/1814,2022-03-25,2022,,-1,SURREY AV SOLUTIONS LTD,SURREY AV SOLUTIONS LTD,Paid,Sales - SERVICES,SERVICES,-2440.0,1,0
GTUK / Apex Tech Scotland Ltd,CN-2022/1814,2022-03-25,2022,,-1,SURREY AV SOLUTIONS LTD,SURREY AV SOLUTIONS LTD,Paid,Sales - SERVICES,SERVICES,-2275.0,1,0
GTUK / Apex Tech Scotland Ltd,INV-2022/1813,2022-03-25,2022,,1,London AV Solutions,London AV Solutions,Paid,Sales - CINEMA PARTNERS SERVICES,CINEMA PARTNERS SERVICES,5000.0,1,0
GTUK / Apex Tech Scotland Ltd,INV-2022/1815,2022-04-04,2022,MVR-ENVY-PRO,1,Finite Solutions Ltd.,Finite Solutions Ltd.,Paid,Sales - madVR,madVR,5250.0,1,0
GTUK / Apex Tech Scotland Ltd,INV-2022/1816,2022-04-06,2022,ACU-A2007,1,HiFi Corner (Edinburgh) Ltd,HiFi Corner (Edinburgh) Ltd,Paid,Sales - ACURUS,ACURUS,4350.0,1,0
GTUK / Apex Tech Scotland Ltd,CN-2022/1817,2022-04-12,2022,STH-SLR8G,-1,Cornflake Ltd.,Cornflake Ltd.,Paid,Sales - STEALTH,STEALTH,-396.0,1,0
GTUK / Apex Tech Scotland Ltd,CN-2022/1817,2022-04-12,2022,STH-BX-22,-1,Cornflake Ltd.,Cornflake Ltd.,Paid,Sales - STEALTH,STEALTH,-54.0,1,0
GTUK / Apex Tech Scotland Ltd,INV-2022/1818,2022-04-14,2022,,300,HiFi Corner (Edinburgh) Ltd,HiFi Corner (Edinburgh) Ltd,Paid,Sales - CINEMA PARTNERS MATERIALS,CINEMA PARTNERS MATERIALS,9000.0,1,0
GTUK / Apex Tech Scotland Ltd,INV-2022/1818,2022-04-14,2022,,500,HiFi Corner (Edinburgh) Ltd,HiFi Corner (Edinburgh) Ltd,Paid,Sales - CINEMA PARTNERS MATERIALS,CINEMA PARTNERS MATERIALS,480.0,1,0
GTUK / Apex Tech Scotland Ltd,INV-2022/1819,2022-04-21,2022,DT-PHG-2,1,Smartcomm Ltd,Smartcomm Ltd,Paid,Sales - DT SCREENS,DT SCREENS,1800.0,1,0
GTUK / Apex Tech Scotland Ltd,INV-2022/1820,2022-04-24,2022,STH-MBC-12,14,Tillman Domotics,Tillman Domotics,Paid,Sales - STEALTH,STEALTH,1050.0,1,0
GTUK / Apex Tech Scotland Ltd,INV-2022/1820,2022-04-24,2022,STH-MBC-30,14,Tillman Domotics,Tillman Domotics,Paid,Sales - STEALTH,STEALTH,1050.0,1,0
GTUK / Apex Tech Scotland Ltd,CN-2022/1825,2022-04-28,2022,DT-VMM-V2,-2,Smartcomm Ltd,Smartcomm Ltd,Paid,Sales - DT SCREENS,DT SCREENS,-3000.0,1,0
GTUK / Apex Tech Scotland Ltd,INV-2022/1826,2022-05-03,2022,BAR-MED2-MR-B,1,Custom Sight & Sound Ltd,Custom Sight & Sound Ltd,Paid,Sales - BARCO,BARCO,15275.0,1,0
GTUK / Apex Tech Scotland Ltd,INV-2022/1826,2022-05-03,2022,BAR-MED2-LENS-UWAZ,1,Custom Sight & Sound Ltd,Custom Sight & Sound Ltd,Paid,Sales - BARCO,BARCO,1625.0,1,0
GTUK / Apex Tech Scotland Ltd,INV-2022/1827,2022-05-17,2022,STH-LR8GS,2,AT&C Professional Systems Ltd.,AT&C Professional Systems Ltd.,Paid,Sales - STEALTH,STEALTH,750.0,1,0
GTUK / Apex Tech Scotland Ltd,INV-2022/1827,2022-05-17,2022,STH-MBC-22,2,AT&C Professional Systems Ltd.,AT&C Professional Systems Ltd.,Paid,Sales - STEALTH,STEALTH,220.0,1,0
GTUK / Apex Tech Scotland Ltd,INV-2022/1828,2022-05-19,2022,DT-MMD,1,Adair Acoustic Design,Adair Acoustic Design,Paid,Sales - DT SCREENS,DT SCREENS,4500.0,1,0
GTUK / Apex Tech Scotland Ltd,INV-2022/1830,2022-05-25,2022,STH-LR6G,4,Fusion.One International Ltd,Fusion.One International Ltd,Paid,Sales - STEALTH,STEALTH,2600.0,1,0
GTUK / Apex Tech Scotland Ltd,INV-2022/1830,2022-05-25,2022,STH-MBC-12,8,Fusion.One International Ltd,Fusion.One International Ltd,Paid,Sales - STEALTH,STEALTH,800.0,1,0
GTUK / Apex Tech Scotland Ltd,INV-2022/1832,2022-06-01,2022,BAR-THOR,1,SMC,SMC,Paid,Sales - BARCO,BARCO,178750.0,1,0
GTUK / Apex Tech Scotland Ltd,INV-2022/1833,2022-06-01,2022,STH-SLR8G,2,Fusion.One International Ltd,Fusion.One International Ltd,Paid,Sales - STEALTH,STEALTH,1300.0,1,0
GTUK / Apex Tech Scotland Ltd,INV-2022/1833,2022-06-01,2022,STH-BX-22,2,Fusion.One International Ltd,Fusion.One International Ltd,Paid,Sales - STEALTH,STEALTH,150.0,1,0
GTUK / Apex Tech Scotland Ltd,INV-2022/1832,2022-06-01,2022,BAR-4K-THOR-LENS-4,1,SMC,SMC,Paid,,,0.0,1,0
GTUK / Apex Tech Scotland Ltd,INV-2022/1832,2022-06-01,2022,DT-DYN-2S-630,1,SMC,SMC,Paid,Sales - DT SCREENS,DT SCREENS,20010.0,1,0
GTUK / Apex Tech Scotland Ltd,INV-2022/1832,2022-06-01,2022,DT-IS-ATP-630,1,SMC,SMC,Paid,Sales - DT SCREENS,DT SCREENS,1260.0,1,0
GTUK / Apex Tech Scotland Ltd,INV-2022/1832,2022-06-01,2022,MVR-ENVY-EXT,1,SMC,SMC,Paid,Sales - madVR,madVR,8750.0,1,0
GTUK / Apex Tech Scotland Ltd,INV-2022/1832,2022-06-01,2022,,1,SMC,SMC,Paid,Sales - BARCO,BARCO,-31960.0,1,0
GTUK / Apex Tech Scotland Ltd,INV-2022/1832,2022-06-01,2022,,1,SMC,SMC,Paid,Sales - BARCO,BARCO,3850.0,1,0
GTUK / Apex Tech Scotland Ltd,INV-2022/1829,2022-06-02,2022,BAR-MED2-MR-B,1,BATH CI,BATH CI,Paid,Sales - BARCO,BARCO,15275.0,1,0
GTUK / Apex Tech Scotland Ltd,INV-2022/1829,2022-06-02,2022,BAR-MED2-LENS-WAZ,1,BATH CI,BATH CI,Paid,Sales - BARCO,BARCO,1300.0,1,0
GTUK / Apex Tech Scotland Ltd,INV-2022/1829,2022-06-02,2022,DT-CM,1,BATH CI,BATH CI,Paid,Sales - DT SCREENS,DT SCREENS,450.0,1,0
GTUK / Apex Tech Scotland Ltd,INV-2022/1831,2022-06-03,2022,DT-PHG-1,2,KJ West One,KJ West One,Paid,Sales - DT SCREENS,DT SCREENS,3000.0,1,0
GTUK / Apex Tech Scotland Ltd,INV-2022/1834,2022-06-08,2022,DT-VMM-V2,1,Fusion Domotique SARL,Fusion Domotique SARL,Paid,Sales - DT SCREENS,DT SCREENS,1500.0,1,0
GTUK / Apex Tech Scotland Ltd,INV-2022/1834,2022-06-08,2022,DT-M-C2,1,Fusion Domotique SARL,Fusion Domotique SARL,Paid,Sales - DT SCREENS,DT SCREENS,600.0,1,0
GTUK / Apex Tech Scotland Ltd,INV-2022/1834,2022-06-08,2022,DT-M-150,2,Fusion Domotique SARL,Fusion Domotique SARL,Paid,Sales - DT SCREENS,DT SCREENS,1440.0,1,0
GTUK / Apex Tech Scotland Ltd,INV-2022/1834,2022-06-08,2022,,1,Fusion Domotique SARL,Fusion Domotique SARL,Paid,"Postage, Freight & Courier","Postage, Freight & Courier",250.0,0,0
GTUK / Apex Tech Scotland Ltd,INV-2022/1823,2022-06-13,2022,DT-FRNT-450,1,Wakefields,Wakefields,Paid,Sales - DT SCREENS,DT SCREENS,3000.0,1,0
GTUK / Apex Tech Scotland Ltd,INV-2022/1823,2022-06-13,2022,DT-IS-ATP-450,1,Wakefields,Wakefields,Paid,Sales - DT SCREENS,DT SCREENS,660.0,1,0
GTUK / Apex Tech Scotland Ltd,INV-2022/1823,2022-06-13,2022,,1,Wakefields,Wakefields,Paid,Sales - DT SCREENS,DT SCREENS,468.0,1,0
GTUK / Apex Tech Scotland Ltd,INV-2022/1835,2022-06-21,2022,,450,Light Walls Ltd,Light Walls Ltd,Paid,Travel - National,Travel - National,202.5,0,0
GTUK / Apex Tech Scotland Ltd,INV-2022/1835,2022-06-21,2022,,1,Light Walls Ltd,Light Walls Ltd,Paid,Travel - Hotels,Travel - Hotels,83.33,0,0
GTUK / Apex Tech Scotland Ltd,INV-2022/1821,2022-06-21,2022,BAR-MED2-MR-B,2,Twisted Pear Consultancy,Twisted Pear Consultancy,Paid,Sales - BARCO,BARCO,28200.0,1,0
GTUK / Apex Tech Scotland Ltd,INV-2022/1821,2022-06-21,2022,BAR-MED2-LENS-S,2,Twisted Pear Consultancy,Twisted Pear Consultancy,Paid,,,0.0,1,0
GTUK / Apex Tech Scotland Ltd,INV-2022/1821,2022-06-21,2022,BAR-EC-MED-2,2,Twisted Pear Consultancy,Twisted Pear Consultancy,Paid,Sales - BARCO,BARCO,3640.0,1,0
GTUK / Apex Tech Scotland Ltd,INV-2022/1821,2022-06-21,2022,DT-VMM-V2,1,Twisted Pear Consultancy,Twisted Pear Consultancy,Paid,Sales - DT SCREENS,DT SCREENS,1500.0,1,0
GTUK / Apex Tech Scotland Ltd,INV-2022/1821,2022-06-21,2022,DT-PHG-1,1,Twisted Pear Consultancy,Twisted Pear Consultancy,Paid,Sales - DT SCREENS,DT SCREENS,1500.0,1,0
GTUK / Apex Tech Scotland Ltd,INV-2022/1838,2022-06-24,2022,MVR-ENVY-PRO,1,Twisted Pear Consultancy,Twisted Pear Consultancy,Paid,Sales - madVR,madVR,5250.0,1,0
GTUK / Apex Tech Scotland Ltd,INV-2022/1837,2022-06-24,2022,DT-DYN-AM-300,1,Sound Room Retail Ltd T/A DAVID CLIFFORD PRO,Sound Room Retail Ltd T/A DAVID CLIFFORD PRO,Paid,Sales - DT SCREENS,DT SCREENS,4080.0,1,0
GTUK / Apex Tech Scotland Ltd,INV-2022/1837,2022-06-24,2022,DT-IS-ATR-300,1,Sound Room Retail Ltd T/A DAVID CLIFFORD PRO,Sound Room Retail Ltd T/A DAVID CLIFFORD PRO,Paid,Sales - DT SCREENS,DT SCREENS,450.0,1,0
GTUK / Apex Tech Scotland Ltd,INV-2022/1837,2022-06-24,2022,,0,Sound Room Retail Ltd T/A DAVID CLIFFORD PRO,Sound Room Retail Ltd T/A DAVID CLIFFORD PRO,Paid,,,0.0,1,0
GTUK / Apex Tech Scotland Ltd,INV-2022/1824,2022-06-27,2022,DT-DYN-2S-360,1,iHomes London Media Rooms,iHomes London Media Rooms,Paid,Sales - DT SCREENS,DT SCREENS,7500.0,1,0
GTUK / Apex Tech Scotland Ltd,INV-2022/1824,2022-06-27,2022,DT-IS-ATR-360,1,iHomes London Media Rooms,iHomes London Media Rooms,Paid,Sales - DT SCREENS,DT SCREENS,630.0,1,0
GTUK / Apex Tech Scotland Ltd,INV-2022/1824,2022-06-27,2022,,1,iHomes London Media Rooms,iHomes London Media Rooms,Paid,"Postage, Freight & Courier","Postage, Freight & Courier",500.0,0,0
GTUK / Apex Tech Scotland Ltd,INV-2022/1842,2022-06-27,2022,DT-IS-ATR-390,1,Smartcomm Ltd,Smartcomm Ltd,Paid,Sales - DT SCREENS,DT SCREENS,720.0,1,0
GTUK / Apex Tech Scotland Ltd,INV-2022/1840,2022-06-29,2022,DT-VMM-V2,1,Richer Sounds Ltd.,Richer Sounds Ltd.,Paid,Sales - DT SCREENS,DT SCREENS,1500.0,1,0
GTUK / Apex Tech Scotland Ltd,INV-2022/1840,2022-06-29,2022,,0,Richer Sounds Ltd.,Richer Sounds Ltd.,Paid,,,0.0,1,0
GTUK / Apex Tech Scotland Ltd,INV-2022/1839,2022-06-29,2022,DT-VMM-V2,2,Cornflake Ltd.,Cornflake Ltd.,Paid,Sales - DT SCREENS,DT SCREENS,3000.0,1,0
GTUK / Apex Tech Scotland Ltd,INV-2022/1841,2022-06-30,2022,STH-LRX85S,4,Tillman Domotics,Tillman Domotics,Paid,Sales - STEALTH,STEALTH,5600.0,1,0
GTUK / Apex Tech Scotland Ltd,INV-2022/1845,2022-07-06,2022,DT-IS-ATP-420,1,Wakefields,Wakefields,Paid,Sales - DT SCREENS,DT SCREENS,570.0,1,0
GTUK / Apex Tech Scotland Ltd,INV-2022/1845,2022-07-06,2022,,1,Wakefields,Wakefields,Paid,Sales - SERVICES,SERVICES,800.0,1,0
GTUK / Apex Tech Scotland Ltd,INV-2022/1846,2022-07-06,2022,,1,HiFi Corner (Edinburgh) Ltd,HiFi Corner (Edinburgh) Ltd,Paid,Sales - CINEMA PARTNERS MATERIALS,CINEMA PARTNERS MATERIALS,32715.56,1,0
GTUK / Apex Tech Scotland Ltd,INV-2022/1846,2022-07-06,2022,,0,HiFi Corner (Edinburgh) Ltd,HiFi Corner (Edinburgh) Ltd,Paid,,,0.0,1,0
GTUK / Apex Tech Scotland Ltd,INV-2022/1844,2022-07-06,2022,BAR-NJD-CHT-B,1,HiFi Corner (Edinburgh) Ltd,HiFi Corner (Edinburgh) Ltd,Paid,Sales - BARCO,BARCO,58500.0,1,0
GTUK / Apex Tech Scotland Ltd,INV-2022/1844,2022-07-06,2022,BAR-NJD-LENS-STZ,1,HiFi Corner (Edinburgh) Ltd,HiFi Corner (Edinburgh) Ltd,Paid,Sales - BARCO,BARCO,3250.0,1,0
GTUK / Apex Tech Scotland Ltd,INV-2022/1844,2022-07-06,2022,MVR-ENVY-EXT,1,HiFi Corner (Edinburgh) Ltd,HiFi Corner (Edinburgh) Ltd,Paid,Sales - madVR,madVR,7475.0,1,0
GTUK / Apex Tech Scotland Ltd,INV-2022/1844,2022-07-06,2022,DT-VMM-XL,1,HiFi Corner (Edinburgh) Ltd,HiFi Corner (Edinburgh) Ltd,Paid,Sales - DT SCREENS,DT SCREENS,2000.25,1,0
GTUK / Apex Tech Scotland Ltd,INV-2022/1844,2022-07-06,2022,DT-DYN-2S-300,1,HiFi Corner (Edinburgh) Ltd,HiFi Corner (Edinburgh) Ltd,Paid,Sales - DT SCREENS,DT SCREENS,6120.0,1,0
GTUK / Apex Tech Scotland Ltd,INV-2022/1844,2022-07-06,2022,DT-IS-ATR-300,1,HiFi Corner (Edinburgh) Ltd,HiFi Corner (Edinburgh) Ltd,Paid,Sales - DT SCREENS,DT SCREENS,450.0,1,0
GTUK / Apex Tech Scotland Ltd,INV-2022/1844,2022-07-06,2022,,1,HiFi Corner (Edinburgh) Ltd,HiFi Corner (Edinburgh) Ltd,Paid,Sales - NEXTGENTECH,NEXTGENTECH,10010.0,1,0
GTUK / Apex Tech Scotland Ltd,INV-2022/1844,2022-07-06,2022,,1,HiFi Corner (Edinburgh) Ltd,HiFi Corner (Edinburgh) Ltd,Paid,Sales - TPI Cinema,TPI Cinema,2700.0,1,0
GTUK / Apex Tech Scotland Ltd,INV-2022/1844,2022-07-06,2022,,2,HiFi Corner (Edinburgh) Ltd,HiFi Corner (Edinburgh) Ltd,Paid,Sales - TPI Cinema,TPI Cinema,9600.0,1,0
GTUK / Apex Tech Scotland Ltd,INV-2022/1844,2022-07-06,2022,,3,HiFi Corner (Edinburgh) Ltd,HiFi Corner (Edinburgh) Ltd,Paid,Sales - TPI Cinema,TPI Cinema,9900.0,1,0
GTUK / Apex Tech Scotland Ltd,INV-2022/1844,2022-07-06,2022,,3,HiFi Corner (Edinburgh) Ltd,HiFi Corner (Edinburgh) Ltd,Paid,Sales - TPI Cinema,TPI Cinema,12600.0,1,0
GTUK / Apex Tech Scotland Ltd,INV-2022/1844,2022-07-06,2022,,8,HiFi Corner (Edinburgh) Ltd,HiFi Corner (Edinburgh) Ltd,Paid,Sales - TPI Cinema,TPI Cinema,21600.0,1,0
GTUK / Apex Tech Scotland Ltd,INV-2022/1844,2022-07-06,2022,,4,HiFi Corner (Edinburgh) Ltd,HiFi Corner (Edinburgh) Ltd,Paid,Sales - TPI Cinema,TPI Cinema,10800.0,1,0
GTUK / Apex Tech Scotland Ltd,INV-2022/1844,2022-07-06,2022,,2,HiFi Corner (Edinburgh) Ltd,HiFi Corner (Edinburgh) Ltd,Paid,Sales - TPI Cinema,TPI Cinema,7200.0,1,0
GTUK / Apex Tech Scotland Ltd,INV-2022/1844,2022-07-06,2022,,2,HiFi Corner (Edinburgh) Ltd,HiFi Corner (Edinburgh) Ltd,Paid,Sales - TPI Cinema,TPI Cinema,5400.0,1,0
GTUK / Apex Tech Scotland Ltd,INV-2022/1844,2022-07-06,2022,,27,HiFi Corner (Edinburgh) Ltd,HiFi Corner (Edinburgh) Ltd,Paid,Sales - TPI Cinema,TPI Cinema,3240.0,1,0
GTUK / Apex Tech Scotland Ltd,INV-2022/1844,2022-07-06,2022,,285,HiFi Corner (Edinburgh) Ltd,HiFi Corner (Edinburgh) Ltd,Paid,Sales - TPI Cinema,TPI Cinema,8550.0,1,0
GTUK / Apex Tech Scotland Ltd,INV-2022/1844,2022-07-06,2022,DT-PHG-2,1,HiFi Corner (Edinburgh) Ltd,HiFi Corner (Edinburgh) Ltd,Paid,Sales - DT SCREENS,DT SCREENS,1800.0,1,0
GTUK / Apex Tech Scotland Ltd,INV-2022/1844,2022-07-06,2022,,1,HiFi Corner (Edinburgh) Ltd,HiFi Corner (Edinburgh) Ltd,Paid,Sales - CINEMA PARTNERS MATERIALS,CINEMA PARTNERS MATERIALS,-113976.8,1,0
GTUK / Apex Tech Scotland Ltd,INV-2022/1843,2022-07-06,2022,,0,HiFi Corner (Edinburgh) Ltd,HiFi Corner (Edinburgh) Ltd,Paid,,,0.0,1,0
GTUK / Apex Tech Scotland Ltd,INV-2022/1843,2022-07-06,2022,,1,HiFi Corner (Edinburgh) Ltd,HiFi Corner (Edinburgh) Ltd,Paid,Sales - CINEMA PARTNERS SERVICES,CINEMA PARTNERS SERVICES,4623.0,1,0
GTUK / Apex Tech Scotland Ltd,INV-2022/1843,2022-07-06,2022,,1,HiFi Corner (Edinburgh) Ltd,HiFi Corner (Edinburgh) Ltd,Paid,Sales - CINEMA PARTNERS SERVICES,CINEMA PARTNERS SERVICES,23830.3,1,0
GTUK / Apex Tech Scotland Ltd,INV-2022/1843,2022-07-06,2022,,1,HiFi Corner (Edinburgh) Ltd,HiFi Corner (Edinburgh) Ltd,Paid,Sales - CINEMA PARTNERS SERVICES,CINEMA PARTNERS SERVICES,851.0,1,0
GTUK / Apex Tech Scotland Ltd,INV-2022/1843,2022-07-06,2022,,1,HiFi Corner (Edinburgh) Ltd,HiFi Corner (Edinburgh) Ltd,Paid,Sales - CINEMA PARTNERS MATERIALS,CINEMA PARTNERS MATERIALS,18472.5,1,0
GTUK / Apex Tech Scotland Ltd,INV-2022/1843,2022-07-06,2022,,1,HiFi Corner (Edinburgh) Ltd,HiFi Corner (Edinburgh) Ltd,Paid,Sales - CINEMA PARTNERS MATERIALS,CINEMA PARTNERS MATERIALS,41302.75,1,0
GTUK / Apex Tech Scotland Ltd,INV-2022/1843,2022-07-06,2022,,1,HiFi Corner (Edinburgh) Ltd,HiFi Corner (Edinburgh) Ltd,Paid,Sales - CINEMA PARTNERS MATERIALS,CINEMA PARTNERS MATERIALS,45981.5,1,0
GTUK / Apex Tech Scotland Ltd,INV-2022/1843,2022-07-06,2022,,1,HiFi Corner (Edinburgh) Ltd,HiFi Corner (Edinburgh) Ltd,Paid,Sales - CINEMA PARTNERS SERVICES,CINEMA PARTNERS SERVICES,12648.26,1,0
GTUK / Apex Tech Scotland Ltd,CN-2022/1847,2022-07-06,2022,,-1,HiFi Corner (Edinburgh) Ltd,HiFi Corner (Edinburgh) Ltd,Paid,,,0.0,1,0
GTUK / Apex Tech Scotland Ltd,CN-2022/1847,2022-07-06,2022,,-1,HiFi Corner (Edinburgh) Ltd,HiFi Corner (Edinburgh) Ltd,Paid,Sales - BARCO,BARCO,-10140.05,1,0
GTUK / Apex Tech Scotland Ltd,CN-2022/1847,2022-07-06,2022,,-1,HiFi Corner (Edinburgh) Ltd,HiFi Corner (Edinburgh) Ltd,Paid,,,0.0,1,0
GTUK / Apex Tech Scotland Ltd,CN-2022/1847,2022-07-06,2022,,-1,HiFi Corner (Edinburgh) Ltd,HiFi Corner (Edinburgh) Ltd,Paid,Sales - madVR,madVR,-2242.55,1,0
GTUK / Apex Tech Scotland Ltd,CN-2022/1847,2022-07-06,2022,,-1,HiFi Corner (Edinburgh) Ltd,HiFi Corner (Edinburgh) Ltd,Paid,Sales - DT SCREENS,DT SCREENS,-450.0,1,0
GTUK / Apex Tech Scotland Ltd,CN-2022/1847,2022-07-06,2022,,-1,HiFi Corner (Edinburgh) Ltd,HiFi Corner (Edinburgh) Ltd,Paid,Sales - KALEIDESCAPE,KALEIDESCAPE,-1799.69,1,0
GTUK / Apex Tech Scotland Ltd,CN-2022/1847,2022-07-06,2022,,-1,HiFi Corner (Edinburgh) Ltd,HiFi Corner (Edinburgh) Ltd,Paid,Sales - DT SCREENS,DT SCREENS,-2492.99,1,0
GTUK / Apex Tech Scotland Ltd,CN-2022/1847,2022-07-06,2022,,-1,HiFi Corner (Edinburgh) Ltd,HiFi Corner (Edinburgh) Ltd,Paid,Sales - DT SCREENS,DT SCREENS,-216.0,1,0
GTUK / Apex Tech Scotland Ltd,CN-2022/1847,2022-07-06,2022,,-1,HiFi Corner (Edinburgh) Ltd,HiFi Corner (Edinburgh) Ltd,Paid,Sales - NEXTGENTECH,NEXTGENTECH,-3002.98,1,0
GTUK / Apex Tech Scotland Ltd,CN-2022/1847,2022-07-06,2022,,-1,HiFi Corner (Edinburgh) Ltd,HiFi Corner (Edinburgh) Ltd,Paid,Sales - TPI Cinema,TPI Cinema,-809.99,1,0
GTUK / Apex Tech Scotland Ltd,CN-2022/1847,2022-07-06,2022,,-2,HiFi Corner (Edinburgh) Ltd,HiFi Corner (Edinburgh) Ltd,Paid,Sales - TPI Cinema,TPI Cinema,-2880.02,1,0
GTUK / Apex Tech Scotland Ltd,CN-2022/1847,2022-07-06,2022,,-3,HiFi Corner (Edinburgh) Ltd,HiFi Corner (Edinburgh) Ltd,Paid,Sales - TPI Cinema,TPI Cinema,-2969.98,1,0
GTUK / Apex Tech Scotland Ltd,CN-2022/1847,2022-07-06,2022,,-3,HiFi Corner (Edinburgh) Ltd,HiFi Corner (Edinburgh) Ltd,Paid,Sales - TPI Cinema,TPI Cinema,-3780.02,1,0
GTUK / Apex Tech Scotland Ltd,CN-2022/1847,2022-07-06,2022,,-6,HiFi Corner (Edinburgh) Ltd,HiFi Corner (Edinburgh) Ltd,Paid,Sales - TPI Cinema,TPI Cinema,-4859.99,1,0
GTUK / Apex Tech Scotland Ltd,CN-2022/1847,2022-07-06,2022,,-6,HiFi Corner (Edinburgh) Ltd,HiFi Corner (Edinburgh) Ltd,Paid,Sales - TPI Cinema,TPI Cinema,-4859.99,1,0
GTUK / Apex Tech Scotland Ltd,CN-2022/1847,2022-07-06,2022,,-2,HiFi Corner (Edinburgh) Ltd,HiFi Corner (Edinburgh) Ltd,Paid,Sales - TPI Cinema,TPI Cinema,-2159.99,1,0
GTUK / Apex Tech Scotland Ltd,CN-2022/1847,2022-07-06,2022,,-2,HiFi Corner (Edinburgh) Ltd,HiFi Corner (Edinburgh) Ltd,Paid,Sales - TPI Cinema,TPI Cinema,-1619.98,1,0
GTUK / Apex Tech Scotland Ltd,CN-2022/1847,2022-07-06,2022,,-18,HiFi Corner (Edinburgh) Ltd,HiFi Corner (Edinburgh) Ltd,Paid,Sales - TPI Cinema,TPI Cinema,-647.99,1,0
GTUK / Apex Tech Scotland Ltd,CN-2022/1847,2022-07-06,2022,,-285,HiFi Corner (Edinburgh) Ltd,HiFi Corner (Edinburgh) Ltd,Paid,Sales - TPI Cinema,TPI Cinema,-2564.97,1,0
GTUK / Apex Tech Scotland Ltd,CN-2022/1847,2022-07-06,2022,,-2,HiFi Corner (Edinburgh) Ltd,HiFi Corner (Edinburgh) Ltd,Paid,Sales - DT SCREENS,DT SCREENS,-1350.0,1,0
GTUK / Apex Tech Scotland Ltd,CN-2022/1847,2022-07-06,2022,,0,HiFi Corner (Edinburgh) Ltd,HiFi Corner (Edinburgh) Ltd,Paid,,,0.0,1,0
GTUK / Apex Tech Scotland Ltd,INV-2022/1848,2022-07-07,2022,STH-LR8GS,1,Smartcomm Ltd,Smartcomm Ltd,Paid,Sales - STEALTH,STEALTH,375.0,1,0
GTUK / Apex Tech Scotland Ltd,INV-2022/1848,2022-07-07,2022,STH-CVXMR30,1,Smartcomm Ltd,Smartcomm Ltd,Paid,Sales - STEALTH,STEALTH,50.0,1,0
GTUK / Apex Tech Scotland Ltd,INV-2022/1848,2022-07-07,2022,,1,Smartcomm Ltd,Smartcomm Ltd,Paid,"Postage, Freight & Courier","Postage, Freight & Courier",50.0,0,0
GTUK / Apex Tech Scotland Ltd,INV-2022/1849,2022-07-15,2022,DT-FRNT-360,1,Dedicated Home Cinema,Dedicated Home Cinema,Paid,Sales - DT SCREENS,DT SCREENS,1750.0,1,0
GTUK / Apex Tech Scotland Ltd,INV-2022/1849,2022-07-15,2022,DT-IS-ATP-360,1,Dedicated Home Cinema,Dedicated Home Cinema,Paid,Sales - DT SCREENS,DT SCREENS,375.0,1,0
GTUK / Apex Tech Scotland Ltd,INV-2022/1851,2022-07-18,2022,,1,Audio Alpha Ltd,Audio Alpha Ltd,Paid,Sales - BARCO,BARCO,7500.0,1,0
GTUK / Apex Tech Scotland Ltd,INV-2022/1852,2022-07-18,2022,,107.57,INT3 Ltd,INT3 Ltd,Paid,Sales - CINEMA PARTNERS SERVICES,CINEMA PARTNERS SERVICES,2151.4,1,0
GTUK / Apex Tech Scotland Ltd,INV-2022/1852,2022-07-18,2022,,13,INT3 Ltd,INT3 Ltd,Paid,Sales - CINEMA PARTNERS SERVICES,CINEMA PARTNERS SERVICES,260.0,1,0
GTUK / Apex Tech Scotland Ltd,INV-2022/1852,2022-07-18,2022,,229.75,INT3 Ltd,INT3 Ltd,Paid,Sales - CINEMA PARTNERS SERVICES,CINEMA PARTNERS SERVICES,11487.5,1,0
GTUK / Apex Tech Scotland Ltd,INV-2022/1853,2022-07-25,2022,,1,INT3 Ltd,INT3 Ltd,Paid,Travel - Meals,Travel - Meals,31.0,0,0
GTUK / Apex Tech Scotland Ltd,INV-2022/1853,2022-07-25,2022,,1,INT3 Ltd,INT3 Ltd,Paid,Travel - Meals,Travel - Meals,10.2,0,0
GTUK / Apex Tech Scotland Ltd,INV-2022/1853,2022-07-25,2022,,1,INT3 Ltd,INT3 Ltd,Paid,Travel - Meals,Travel - Meals,10.42,0,0
GTUK / Apex Tech Scotland Ltd,INV-2022/1853,2022-07-25,2022,,1,INT3 Ltd,INT3 Ltd,Paid,Travel - Meals,Travel - Meals,22.79,0,0
GTUK / Apex Tech Scotland Ltd,INV-2022/1853,2022-07-25,2022,,1,INT3 Ltd,INT3 Ltd,Paid,Travel - Meals,Travel - Meals,18.8,0,0
GTUK / Apex Tech Scotland Ltd,INV-2022/1853,2022-07-25,2022,,1,INT3 Ltd,INT3 Ltd,Paid,Travel - Meals,Travel - Meals,20.46,0,0
GTUK / Apex Tech Scotland Ltd,INV-2022/1853,2022-07-25,2022,,1,INT3 Ltd,INT3 Ltd,Paid,Travel - Meals,Travel - Meals,18.04,0,0
GTUK / Apex Tech Scotland Ltd,INV-2022/1853,2022-07-25,2022,,1,INT3 Ltd,INT3 Ltd,Paid,Travel - Meals,Travel - Meals,56.22,0,0
GTUK / Apex Tech Scotland Ltd,INV-2022/1853,2022-07-25,2022,,1,INT3 Ltd,INT3 Ltd,Paid,General Expenses,General Expenses,249.73,0,0
GTUK / Apex Tech Scotland Ltd,INV-2022/1853,2022-07-25,2022,,1,INT3 Ltd,INT3 Ltd,Paid,Travel - Meals,Travel - Meals,16.25,0,0
GTUK / Apex Tech Scotland Ltd,INV-2022/1853,2022-07-25,2022,,1,INT3 Ltd,INT3 Ltd,Paid,Travel - Hotels,Travel - Hotels,660.33,0,0
GTUK / Apex Tech Scotland Ltd,INV-2022/1853,2022-07-25,2022,,1,INT3 Ltd,INT3 Ltd,Paid,General Expenses,General Expenses,250.0,0,0
GTUK / Apex Tech Scotland Ltd,INV-2022/1853,2022-07-25,2022,,1,INT3 Ltd,INT3 Ltd,Paid,Travel - Meals,Travel - Meals,8.05,0,0
GTUK / Apex Tech Scotland Ltd,INV-2022/1853,2022-07-25,2022,,1,INT3 Ltd,INT3 Ltd,Paid,Travel - Meals,Travel - Meals,5.48,0,0
GTUK / Apex Tech Scotland Ltd,INV-2022/1853,2022-07-25,2022,,1,INT3 Ltd,INT3 Ltd,Paid,Travel - Meals,Travel - Meals,22.13,0,0
GTUK / Apex Tech Scotland Ltd,INV-2022/1853,2022-07-25,2022,,1,INT3 Ltd,INT3 Ltd,Paid,Travel - Meals,Travel - Meals,4.24,0,0
GTUK / Apex Tech Scotland Ltd,INV-2022/1836,2022-07-25,2022,DT-PHG-2,1,Smartcomm Ltd,Smartcomm Ltd,Paid,Sales - DT SCREENS,DT SCREENS,1800.0,1,0
GTUK / Apex Tech Scotland Ltd,INV-2022/1853,2022-07-25,2022,,1,INT3 Ltd,INT3 Ltd,Paid,Travel - Meals,Travel - Meals,13.21,0,0
GTUK / Apex Tech Scotland Ltd,INV-2022/1853,2022-07-25,2022,,1,INT3 Ltd,INT3 Ltd,Paid,Travel - National,Travel - National,5.92,0,0
GTUK / Apex Tech Scotland Ltd,INV-2022/1853,2022-07-25,2022,,1,INT3 Ltd,INT3 Ltd,Paid,Travel - Hotels,Travel - Hotels,83.29,0,0
GTUK / Apex Tech Scotland Ltd,INV-2022/1854,2022-07-26,2022,,1,Sysco Productions,Sysco Productions,Paid,Sales - CINEMA PARTNERS SERVICES,CINEMA PARTNERS SERVICES,2500.0,1,0
GTUK / Apex Tech Scotland Ltd,INV-2022/1855,2022-08-10,2022,STH-SLR8G,1,Clear AV Ltd t/a OKTO,Clear AV Ltd t/a OKTO,Paid,Sales - STEALTH,STEALTH,650.0,1,0
GTUK / Apex Tech Scotland Ltd,INV-2022/1855,2022-08-10,2022,STH-MBC-22,1,Clear AV Ltd t/a OKTO,Clear AV Ltd t/a OKTO,Paid,Sales - STEALTH,STEALTH,110.0,1,0
GTUK / Apex Tech Scotland Ltd,INV-2022/1855,2022-08-10,2022,,1,Clear AV Ltd t/a OKTO,Clear AV Ltd t/a OKTO,Paid,"Postage, Freight & Courier","Postage, Freight & Courier",50.0,0,0
GTUK / Apex Tech Scotland Ltd,INV-2022/1856,2022-08-12,2022,,1,Holburn (Scotland) Ltd,Holburn (Scotland) Ltd,Paid,Sales - CINEMA PARTNERS SERVICES,CINEMA PARTNERS SERVICES,5712.0,1,0
GTUK / Apex Tech Scotland Ltd,INV-2022/1856,2022-08-12,2022,,0,Holburn (Scotland) Ltd,Holburn (Scotland) Ltd,Paid,,,0.0,1,0
GTUK / Apex Tech Scotland Ltd,INV-2022/1858,2022-08-17,2022,DT-VMM-XL,2,proAV Ltd,proAV Ltd,Paid,Sales - DT SCREENS,DT SCREENS,5400.0,1,0
GTUK / Apex Tech Scotland Ltd,INV-2022/1858,2022-08-17,2022,DT-PHG-2-C,1536,proAV Ltd,proAV Ltd,Paid,Sales - DT SCREENS,DT SCREENS,2838.53,1,0
GTUK / Apex Tech Scotland Ltd,INV-2022/1858,2022-08-17,2022,DT-PHG-2-C,1536,proAV Ltd,proAV Ltd,Paid,Sales - DT SCREENS,DT SCREENS,2838.53,1,0
GTUK / Apex Tech Scotland Ltd,INV-2022/1857,2022-08-17,2022,MVR-ENVY-EXT,1,Cotswold Home Cinema,Cotswold Home Cinema,Paid,Sales - madVR,madVR,8750.0,1,0
GTUK / Apex Tech Scotland Ltd,INV-2022/1859,2022-08-22,2022,BAR-OPT-LAMP,2,Azro Ltd,Azro Ltd,Paid,Sales - BARCO,BARCO,910.0,1,0
GTUK / Apex Tech Scotland Ltd,INV-2022/1859,2022-08-22,2022,,1,Azro Ltd,Azro Ltd,Paid,"Postage, Freight & Courier","Postage, Freight & Courier",50.0,0,0
GTUK / Apex Tech Scotland Ltd,INV-2022/1860,2022-08-22,2022,STH-LR8GS,2,What You See And Hear Limited,What You See And Hear Limited,Paid,Sales - STEALTH,STEALTH,750.0,1,0
GTUK / Apex Tech Scotland Ltd,INV-2022/1860,2022-08-22,2022,STH-MBC-22,3,What You See And Hear Limited,What You See And Hear Limited,Paid,Sales - STEALTH,STEALTH,330.0,1,0
GTUK / Apex Tech Scotland Ltd,INV-2022/1861,2022-08-26,2022,STH-LR8GS,12,Fusion.One International Ltd,Fusion.One International Ltd,Paid,Sales - STEALTH,STEALTH,4500.0,1,0
GTUK / Apex Tech Scotland Ltd,INV-2022/1861,2022-08-26,2022,,0,Fusion.One International Ltd,Fusion.One International Ltd,Paid,,,0.0,1,0
GTUK / Apex Tech Scotland Ltd,,2022-08-31,2022,,-1,Holburn (Scotland) Ltd,Holburn (Scotland) Ltd,Approved,Accounts Receivable,Accounts Receivable,-285.6,0,0
GTUK / Apex Tech Scotland Ltd,INV-2022/1862,2022-09-02,2022,,8,Davidson Horizon Ltd,Davidson Horizon Ltd,Paid,Sales - SERVICES,SERVICES,36000.0,1,0
GTUK / Apex Tech Scotland Ltd,INV-2022/1863,2022-09-08,2022,STH-LR8GS,2,Clear AV Ltd t/a OKTO,Clear AV Ltd t/a OKTO,Paid,Sales - STEALTH,STEALTH,750.0,1,0
GTUK / Apex Tech Scotland Ltd,INV-2022/1863,2022-09-08,2022,STH-MBC-22,2,Clear AV Ltd t/a OKTO,Clear AV Ltd t/a OKTO,Paid,Sales - STEALTH,STEALTH,220.0,1,0
GTUK / Apex Tech Scotland Ltd,INV-2022/1866,2022-09-21,2022,MVR-ENVY-EXT,1,KJ West One,KJ West One,Paid,Sales - madVR,madVR,8750.0,1,0
GTUK / Apex Tech Scotland Ltd,INV-2022/1866,2022-09-21,2022,DT-DYN-2TB-AM-390,1,KJ West One,KJ West One,Paid,Sales - DT SCREENS,DT SCREENS,12420.0,1,0
GTUK / Apex Tech Scotland Ltd,INV-2022/1866,2022-09-21,2022,DT-IS-ATR-390,1,KJ West One,KJ West One,Paid,Sales - DT SCREENS,DT SCREENS,720.0,1,0
GTUK / Apex Tech Scotland Ltd,INV-2022/1867,2022-09-22,2022,DT-CM,1,Cornflake Ltd.,Cornflake Ltd.,Paid,Sales - DT SCREENS,DT SCREENS,450.0,1,0
GTUK / Apex Tech Scotland Ltd,INV-2022/1867,2022-09-22,2022,,1,Cornflake Ltd.,Cornflake Ltd.,Paid,"Postage, Freight & Courier","Postage, Freight & Courier",50.0,0,0
GTUK / Apex Tech Scotland Ltd,INV-2022/1868,2022-09-23,2022,DT-FRNT-450,1,Wakefields,Wakefields,Paid,Sales - DT SCREENS,DT SCREENS,3000.0,1,0
GTUK / Apex Tech Scotland Ltd,INV-2022/1868,2022-09-23,2022,DT-IS-ATP-450,1,Wakefields,Wakefields,Paid,Sales - DT SCREENS,DT SCREENS,660.0,1,0
GTUK / Apex Tech Scotland Ltd,INV-2022/1869,2022-09-26,2022,BAR-MED2-MR-B,1,Wakefields,Wakefields,Paid,Sales - BARCO,BARCO,15275.0,1,0
GTUK / Apex Tech Scotland Ltd,INV-2022/1869,2022-09-26,2022,BAR-MED2-LENS-S,1,Wakefields,Wakefields,Paid,,,0.0,1,0
GTUK / Apex Tech Scotland Ltd,INV-2022/1870,2022-09-26,2022,,1,Adair Acoustic Design,Adair Acoustic Design,Paid,Sales - DT SCREENS,DT SCREENS,225.0,1,0
GTUK / Apex Tech Scotland Ltd,INV-2022/1870,2022-09-26,2022,,1,Adair Acoustic Design,Adair Acoustic Design,Paid,Sales - DT SCREENS,DT SCREENS,35.0,1,0
GTUK / Apex Tech Scotland Ltd,INV-2022/1870,2022-09-26,2022,,0,Adair Acoustic Design,Adair Acoustic Design,Paid,,,0.0,1,0
GTUK / Apex Tech Scotland Ltd,INV-2022/1871,2022-09-26,2022,DT-DYN-4-XL-480,1,Clear AV Ltd t/a OKTO,Clear AV Ltd t/a OKTO,Paid,Sales - DT SCREENS,DT SCREENS,14820.0,1,0
GTUK / Apex Tech Scotland Ltd,INV-2022/1872,2022-09-26,2022,STH-LRX85S,1,Tillman Domotics,Tillman Domotics,Paid,Sales - STEALTH,STEALTH,1400.0,1,0
GTUK / Apex Tech Scotland Ltd,INV-2022/1871,2022-09-26,2022,DT-IS-ATP-480,1,Clear AV Ltd t/a OKTO,Clear AV Ltd t/a OKTO,Paid,Sales - DT SCREENS,DT SCREENS,750.0,1,0
GTUK / Apex Tech Scotland Ltd,INV-2022/1871,2022-09-26,2022,,0,Clear AV Ltd t/a OKTO,Clear AV Ltd t/a OKTO,Paid,,,0.0,1,0
GTUK / Apex Tech Scotland Ltd,INV-2022/1873,2022-09-29,2022,BAR-MED2-MR-B,1,Base Ltd t/a Genesis AV,Base Ltd t/a Genesis AV,Paid,Sales - BARCO,BARCO,14100.0,1,0
GTUK / Apex Tech Scotland Ltd,INV-2022/1873,2022-09-29,2022,BAR-MED2-LENS-WAZ,1,Base Ltd t/a Genesis AV,Base Ltd t/a Genesis AV,Paid,Sales - BARCO,BARCO,1200.0,1,0
GTUK / Apex Tech Scotland Ltd,INV-2022/1875,2022-10-04,2022,DT-DYN-4-390,1,Base Ltd t/a Genesis AV,Base Ltd t/a Genesis AV,Paid,Sales - DT SCREENS,DT SCREENS,10312.5,1,0
GTUK / Apex Tech Scotland Ltd,INV-2022/1875,2022-10-04,2022,DT-IS-ATR-390,1,Base Ltd t/a Genesis AV,Base Ltd t/a Genesis AV,Paid,Sales - DT SCREENS,DT SCREENS,660.0,1,0
GTUK / Apex Tech Scotland Ltd,INV-2022/1876,2022-10-04,2022,STH-LR3G,2,Music Matters Ltd,Music Matters Ltd,Paid,,,0.0,1,0
GTUK / Apex Tech Scotland Ltd,INV-2022/1877,2022-10-05,2022,DT-PHG-2,4,proAV Ltd,proAV Ltd,Paid,Sales - DT SCREENS,DT SCREENS,7200.0,1,0
GTUK / Apex Tech Scotland Ltd,INV-2022/1878,2022-10-10,2022,ACU-MUSE-16-R,1,Cornflake Ltd.,Cornflake Ltd.,Paid,Sales - ACURUS,ACURUS,3750.2,1,0
GTUK / Apex Tech Scotland Ltd,INV-2022/1879,2022-10-17,2022,MVR-ENVY-EXT,1,The Big Picture,The Big Picture,Paid,Sales - madVR,madVR,9625.0,1,0
GTUK / Apex Tech Scotland Ltd,INV-2022/1880,2022-10-17,2022,BAR-MED2-MR-B,1,Nerve Inc,Nerve Inc,Paid,Sales - BARCO,BARCO,15275.0,1,0
GTUK / Apex Tech Scotland Ltd,INV-2022/1880,2022-10-17,2022,BAR-MED2-LENS-WAZ,1,Nerve Inc,Nerve Inc,Paid,Sales - BARCO,BARCO,1300.0,1,0
GTUK / Apex Tech Scotland Ltd,INV-2022/1880,2022-10-17,2022,,0,Nerve Inc,Nerve Inc,Paid,,,0.0,1,0
GTUK / Apex Tech Scotland Ltd,INV-2022/1880,2022-10-17,2022,DT-CM,1,Nerve Inc,Nerve Inc,Paid,Sales - DT SCREENS,DT SCREENS,450.0,1,0
GTUK / Apex Tech Scotland Ltd,INV-2022/1880,2022-10-17,2022,,1,Nerve Inc,Nerve Inc,Paid,Freight Costs - Outward,Freight Costs - Outward,500.0,0,0
GTUK / Apex Tech Scotland Ltd,INV-2022/1864,2022-10-19,2022,BAR-ATH-LAMP-H,4,AVCOMM.TV Ltd,AVCOMM.TV Ltd,Paid,Sales - BARCO,BARCO,1950.0,1,0
GTUK / Apex Tech Scotland Ltd,INV-2022/1864,2022-10-19,2022,,1,AVCOMM.TV Ltd,AVCOMM.TV Ltd,Paid,"Postage, Freight & Courier","Postage, Freight & Courier",50.0,0,0
GTUK / Apex Tech Scotland Ltd,INV-2022/1864,2022-10-19,2022,,1,AVCOMM.TV Ltd,AVCOMM.TV Ltd,Paid,Sales - SERVICES,SERVICES,550.0,1,0
GTUK / Apex Tech Scotland Ltd,INV-2022/1881,2022-10-20,2022,DT-CM,1,proAV Ltd,proAV Ltd,Paid,Sales - DT SCREENS,DT SCREENS,450.0,1,0
GTUK / Apex Tech Scotland Ltd,INV-2022/1881,2022-10-20,2022,,1,proAV Ltd,proAV Ltd,Paid,Freight Costs - Outward,Freight Costs - Outward,50.0,0,0
GTUK / Apex Tech Scotland Ltd,INV-2022/1882,2022-10-24,2022,MVR-ENVY-EXT,1,Dellicompagni,Dellicompagni,Paid,Sales - madVR,madVR,9450.0,1,0
GTUK / Apex Tech Scotland Ltd,INV-2022/1883,2022-10-24,2022,,1,Wakefields,Wakefields,Paid,Sales - DT SCREENS,DT SCREENS,810.0,1,0
GTUK / Apex Tech Scotland Ltd,INV-2022/1883,2022-10-24,2022,,1,Wakefields,Wakefields,Paid,Sales - DT SCREENS,DT SCREENS,180.0,1,0
GTUK / Apex Tech Scotland Ltd,INV-2022/1884,2022-10-27,2022,DT-CM,1,Base Ltd t/a Genesis AV,Base Ltd t/a Genesis AV,Paid,Sales - DT SCREENS,DT SCREENS,412.5,1,0
GTUK / Apex Tech Scotland Ltd,INV-2022/1884,2022-10-27,2022,,1,Base Ltd t/a Genesis AV,Base Ltd t/a Genesis AV,Paid,"Postage, Freight & Courier","Postage, Freight & Courier",50.0,0,0
GTUK / Apex Tech Scotland Ltd,INV-2022/1885,2022-11-01,2022,STH-LRX85S,3,Tillman Domotics,Tillman Domotics,Paid,Sales - STEALTH,STEALTH,4200.0,1,0
GTUK / Apex Tech Scotland Ltd,INV-2022/1874,2022-11-03,2022,STH-LR6GS,6,AT&C Professional Systems Ltd.,AT&C Professional Systems Ltd.,Paid,Sales - STEALTH,STEALTH,1800.0,1,0
GTUK / Apex Tech Scotland Ltd,INV-2022/1874,2022-11-03,2022,STH-MBC-12,1,AT&C Professional Systems Ltd.,AT&C Professional Systems Ltd.,Paid,Sales - STEALTH,STEALTH,87.5,1,0
GTUK / Apex Tech Scotland Ltd,INV-2022/1887,2022-11-08,2022,PT-CI-IW-724-Pack-B,1,Raid Systems Ltd,Raid Systems Ltd,Paid,Sales - PHASE TECHNOLOGY,PHASE TECHNOLOGY,6240.0,1,0
GTUK / Apex Tech Scotland Ltd,CN-2022/1888,2022-11-12,2022,,-1,Nerve Inc,Nerve Inc,Paid,Bank Fees,Bank Fees,-15.0,0,0
GTUK / Apex Tech Scotland Ltd,CN-2022/1889,2022-11-12,2022,,-1,HiFi Corner (Edinburgh) Ltd,HiFi Corner (Edinburgh) Ltd,Paid,Sales - TPI Cinema,TPI Cinema,-0.02,1,0
GTUK / Apex Tech Scotland Ltd,INV-2022/1890,2022-11-14,2022,STH-BX-22,8,Fusion.One International Ltd,Fusion.One International Ltd,Paid,Sales - STEALTH,STEALTH,600.0,1,0
GTUK / Apex Tech Scotland Ltd,INV-2022/1890,2022-11-14,2022,,1,Fusion.One International Ltd,Fusion.One International Ltd,Paid,"Postage, Freight & Courier","Postage, Freight & Courier",50.0,0,0
GTUK / Apex Tech Scotland Ltd,INV-2022/1891,2022-11-18,2022,BAR-BAL-C-B,1,R.M.C. London Ltd,R.M.C. London Ltd,Paid,Sales - BARCO,BARCO,7500.9,1,0
GTUK / Apex Tech Scotland Ltd,INV-2022/1891,2022-11-18,2022,BAR-BAL-LENS-WAZ,1,R.M.C. London Ltd,R.M.C. London Ltd,Paid,,,0.0,1,0
GTUK / Apex Tech Scotland Ltd,INV-2022/1892,2022-11-21,2022,,1,Environ Audio Ltd,Environ Audio Ltd,Paid,Sales - DT SCREENS,DT SCREENS,4500.0,1,0
GTUK / Apex Tech Scotland Ltd,INV-2022/1893,2022-11-21,2022,,1,Adair Acoustic Design,Adair Acoustic Design,Paid,Sales - DT SCREENS,DT SCREENS,3825.0,1,0
GTUK / Apex Tech Scotland Ltd,INV-2022/1893,2022-11-21,2022,,1,Adair Acoustic Design,Adair Acoustic Design,Paid,Sales - DT SCREENS,DT SCREENS,459.0,1,0
GTUK / Apex Tech Scotland Ltd,INV-2022/1893,2022-11-21,2022,,0,Adair Acoustic Design,Adair Acoustic Design,Paid,,,0.0,1,0
GTUK / Apex Tech Scotland Ltd,INV-2022/1894,2022-11-21,2022,,1,Base Ltd t/a Genesis AV,Base Ltd t/a Genesis AV,Paid,Sales - BARCO,BARCO,275.0,1,0
GTUK / Apex Tech Scotland Ltd,INV-2022/1896,2022-11-22,2022,,1,Perfect Integration,Perfect Integration,Paid,Sales - DT SCREENS,DT SCREENS,1500.0,1,0
GTUK / Apex Tech Scotland Ltd,CN-2022/1895,2022-11-22,2022,,-1,Dedicated Home Cinema,Dedicated Home Cinema,Paid,Sales - DT SCREENS,DT SCREENS,-1062.5,1,0
GTUK / Apex Tech Scotland Ltd,INV-2022/1897,2022-11-24,2022,,6,Belgravia Home Tecnology,Belgravia Home Tecnology,Paid,Sales - STEALTH,STEALTH,2250.0,1,0
GTUK / Apex Tech Scotland Ltd,INV-2022/1897,2022-11-24,2022,,6,Belgravia Home Tecnology,Belgravia Home Tecnology,Paid,Sales - STEALTH,STEALTH,450.0,1,0
GTUK / Apex Tech Scotland Ltd,INV-2022/1898,2022-11-28,2022,,1,Robin Arora,Robin Arora,Approved,Sales - CINEMA PARTNERS SERVICES,CINEMA PARTNERS SERVICES,4800.0,1,0
GTUK / Apex Tech Scotland Ltd,INV-2022/1898,2022-11-28,2022,,0,Robin Arora,Robin Arora,Approved,,,0.0,1,0
GTUK / Apex Tech Scotland Ltd,INV-2022/1898,2022-11-28,2022,,0,Robin Arora,Robin Arora,Approved,,,0.0,1,0
GTUK / Apex Tech Scotland Ltd,INV-2022/1899,2022-11-28,2022,,1,Holburn (Scotland) Ltd,Holburn (Scotland) Ltd,Approved,Sales - CINEMA PARTNERS SERVICES,CINEMA PARTNERS SERVICES,3000.0,1,0
GTUK / Apex Tech Scotland Ltd,INV-2022/1900,2022-11-28,2022,,10,Holburn (Scotland) Ltd,Holburn (Scotland) Ltd,Approved,Sales - CINEMA PARTNERS SERVICES,CINEMA PARTNERS SERVICES,600.0,1,0
GTUK / Apex Tech Scotland Ltd,INV-2022/1900,2022-11-28,2022,,1,Holburn (Scotland) Ltd,Holburn (Scotland) Ltd,Approved,Sales - CINEMA PARTNERS SERVICES,CINEMA PARTNERS SERVICES,400.0,1,0
GTUK / Apex Tech Scotland Ltd,INV-2022/1900,2022-11-28,2022,,0,Holburn (Scotland) Ltd,Holburn (Scotland) Ltd,Approved,,,0.0,1,0
GTUK / Apex Tech Scotland Ltd,INV-2022/1900,2022-11-28,2022,,0,Holburn (Scotland) Ltd,Holburn (Scotland) Ltd,Approved,,,0.0,1,0
GTUK / Apex Tech Scotland Ltd,INV-2022/1901,2022-11-29,2022,DT-FRNT-240,1,AVCOMM.TV Ltd,AVCOMM.TV Ltd,Paid,Sales - DT SCREENS,DT SCREENS,1210.0,1,0
GTUK / Apex Tech Scotland Ltd,INV-2022/1901,2022-11-29,2022,DT-IS-ATR-240,1,AVCOMM.TV Ltd,AVCOMM.TV Ltd,Paid,Sales - DT SCREENS,DT SCREENS,275.0,1,0
GTUK / Apex Tech Scotland Ltd,INV-2022/1902,2022-12-02,2022,STH-LRX85S,7,Tillman Domotics,Tillman Domotics,Paid,Sales - STEALTH,STEALTH,9800.0,1,0
GTUK / Apex Tech Scotland Ltd,INV-2022/1905,2022-12-05,2022,STH-B22G,3,Audio Venue Ltd,Audio Venue Ltd,Approved,Sales - STEALTH,STEALTH,1950.0,1,0
GTUK / Apex Tech Scotland Ltd,INV-2022/1905,2022-12-05,2022,STH-B30G,1,Audio Venue Ltd,Audio Venue Ltd,Approved,Sales - STEALTH,STEALTH,750.0,1,0
GTUK / Apex Tech Scotland Ltd,INV-2022/1904,2022-12-05,2022,,1,Light Walls Ltd,Light Walls Ltd,Approved,Sales - SERVICES,SERVICES,3000.0,1,0
GTUK / Apex Tech Scotland Ltd,INV-2022/1905,2022-12-05,2022,STH-LR6G,5,Audio Venue Ltd,Audio Venue Ltd,Approved,Sales - STEALTH,STEALTH,3250.0,1,0
GTUK / Apex Tech Scotland Ltd,INV-2022/1906,2022-12-05,2022,STH-MBC-12,2,Audio Venue Ltd,Audio Venue Ltd,Paid,Sales - STEALTH,STEALTH,200.0,1,0
GTUK / Apex Tech Scotland Ltd,INV-2022/1906,2022-12-05,2022,STH-MBC-22,2,Audio Venue Ltd,Audio Venue Ltd,Paid,Sales - STEALTH,STEALTH,220.0,1,0
GTUK / Apex Tech Scotland Ltd,INV-2022/1906,2022-12-05,2022,,1,Audio Venue Ltd,Audio Venue Ltd,Paid,"Postage, Freight & Courier","Postage, Freight & Courier",50.0,0,0
GTUK / Apex Tech Scotland Ltd,INV-2022/1907,2022-12-06,2022,STH-LR8G,4,Audio Venue Ltd,Audio Venue Ltd,Paid,Sales - STEALTH,STEALTH,3000.0,1,0
GTUK / Apex Tech Scotland Ltd,INV-2022/1907,2022-12-06,2022,STH-LR6G,2,Audio Venue Ltd,Audio Venue Ltd,Paid,Sales - STEALTH,STEALTH,1300.0,1,0
GTUK / Apex Tech Scotland Ltd,INV-2022/1908,2022-12-08,2022,STH-LRX83,1,iHomes London,iHomes London,Paid,Sales - STEALTH,STEALTH,500.0,1,0
GTUK / Apex Tech Scotland Ltd,INV-2022/1909,2022-12-12,2022,STH-LR8GS,8,Fusion.One International Ltd,Fusion.One International Ltd,Paid,Sales - STEALTH,STEALTH,3000.0,1,0
GTUK / Apex Tech Scotland Ltd,INV-2022/1910,2022-12-13,2022,,6,Cornflake Ltd.,Cornflake Ltd.,Approved,Sales - DT SCREENS,DT SCREENS,150.0,1,0
GTUK / Apex Tech Scotland Ltd,INV-2022/1910,2022-12-13,2022,,1,Cornflake Ltd.,Cornflake Ltd.,Approved,"Postage, Freight & Courier","Postage, Freight & Courier",30.0,0,0
GTUK / Apex Tech Scotland Ltd,INV-2022/1911,2022-12-16,2022,BAR-BAL-CHT-B,1,Navin Sapra,Navin Sapra,Paid,Sales - BARCO,BARCO,12250.0,1,0
GTUK / Apex Tech Scotland Ltd,INV-2022/1911,2022-12-16,2022,BAR-BAL-LENS-S,1,Navin Sapra,Navin Sapra,Paid,,,0.0,1,0
GTUK / Apex Tech Scotland Ltd,INV-2022/1911,2022-12-16,2022,,1,Navin Sapra,Navin Sapra,Paid,Sales - OTHERS,OTHERS,9995.0,1,0
GTUK / Apex Tech Scotland Ltd,INV-2022/1912,2022-12-20,2022,BAR-FREYA-PLUS,1,TwentyTwo Integration,TwentyTwo Integration,Approved,Sales - BARCO,BARCO,84500.0,1,0
GTUK / Apex Tech Scotland Ltd,INV-2022/1912,2022-12-20,2022,BAR-4K-FREYA-LENS-2,1,TwentyTwo Integration,TwentyTwo Integration,Approved,,,0.0,1,0
GTUK / Apex Tech Scotland Ltd,INV-2022/1912,2022-12-20,2022,,1,TwentyTwo Integration,TwentyTwo Integration,Approved,Sales - BARCO,BARCO,-2500.0,1,0
GTUK / Apex Tech Scotland Ltd,INV-2022/1912,2022-12-20,2022,DT-DYN-4-XL-720,1,TwentyTwo Integration,TwentyTwo Integration,Approved,Sales - DT SCREENS,DT SCREENS,38940.0,1,0
GTUK / Apex Tech Scotland Ltd,INV-2022/1912,2022-12-20,2022,DT-IS-ATP-720,1,TwentyTwo Integration,TwentyTwo Integration,Approved,Sales - DT SCREENS,DT SCREENS,1782.0,1,0
GTUK / Apex Tech Scotland Ltd,INV-2022/1912,2022-12-20,2022,,1,TwentyTwo Integration,TwentyTwo Integration,Approved,Sales - DT SCREENS,DT SCREENS,-1500.0,1,0
GTUK / Apex Tech Scotland Ltd,INV-2022/1912,2022-12-20,2022,,1,TwentyTwo Integration,TwentyTwo Integration,Approved,Sales - BARCO,BARCO,5500.0,1,0
GTUK / Apex Tech Scotland Ltd,INV-2022/1912,2022-12-20,2022,,1,TwentyTwo Integration,TwentyTwo Integration,Approved,Sales - BARCO,BARCO,-5500.0,1,0
GTUK / Apex Tech Scotland Ltd,INV-2023/1915,2023-01-10,2023,MVR-ENVY-PRO,1,Ideaworks (London) Limited,Ideaworks (London) Limited,Paid,Sales - madVR,madVR,5775.0,1,0
GTUK / Apex Tech Scotland Ltd,INV-2023/1918,2023-01-12,2023,MVR-ENVY-PRO,1,Tillman Domotics,Tillman Domotics,Paid,Sales - madVR,madVR,5775.0,1,0
GTUK / Apex Tech Scotland Ltd,INV-2023/1919,2023-01-16,2023,DT-CNTP-330,1,Audio Alpha Ltd,Audio Alpha Ltd,Paid,Sales - DT SCREENS,DT SCREENS,1039.95,1,0
GTUK / Apex Tech Scotland Ltd,INV-2023/1919,2023-01-16,2023,DT-IS-ATR-330,1,Audio Alpha Ltd,Audio Alpha Ltd,Paid,Sales - DT SCREENS,DT SCREENS,214.5,1,0
GTUK / Apex Tech Scotland Ltd,INV-2023/1919,2023-01-16,2023,DT-M-150,1,Audio Alpha Ltd,Audio Alpha Ltd,Paid,Sales - DT SCREENS,DT SCREENS,468.0,1,0
GTUK / Apex Tech Scotland Ltd,INV-2023/1917,2023-01-17,2023,BAR-BAL-CC-B,1,Cornflake Ltd.,Cornflake Ltd.,Approved,Sales - BARCO,BARCO,22750.0,1,0
GTUK / Apex Tech Scotland Ltd,INV-2023/1917,2023-01-17,2023,BAR-BAL-LENS-UWAZ,1,Cornflake Ltd.,Cornflake Ltd.,Approved,Sales - BARCO,BARCO,877.5,1,0
GTUK / Apex Tech Scotland Ltd,CN-2023/1920,2023-01-18,2023,,-1,KJ West One,KJ West One,Approved,Sales - DT SCREENS,DT SCREENS,-2910.0,1,0
GTUK / Apex Tech Scotland Ltd,INV-2023/1921,2023-01-30,2023,,1,Robin Arora,Robin Arora,Approved,Sales - CINEMA PARTNERS SERVICES,CINEMA PARTNERS SERVICES,7200.0,1,0
GTUK / Apex Tech Scotland Ltd,INV-2023/1922,2023-02-03,2023,DT-CM,1,Clear AV Ltd t/a OKTO,Clear AV Ltd t/a OKTO,Paid,Sales - DT SCREENS,DT SCREENS,495.0,1,0
GTUK / Apex Tech Scotland Ltd,INV-2023/1922,2023-02-03,2023,,1,Clear AV Ltd t/a OKTO,Clear AV Ltd t/a OKTO,Paid,Freight Costs - Outward,Freight Costs - Outward,50.0,0,0
GTUK / Apex Tech Scotland Ltd,INV-2023/1923,2023-02-04,2023,DT-DYN-2S-450,1,Tillman Domotics,Tillman Domotics,Paid,Sales - DT SCREENS,DT SCREENS,11187.0,1,0
GTUK / Apex Tech Scotland Ltd,INV-2023/1923,2023-02-04,2023,DT-IS-ATP-450,1,Tillman Domotics,Tillman Domotics,Paid,Sales - DT SCREENS,DT SCREENS,726.0,1,0
GTUK / Apex Tech Scotland Ltd,INV-2023/1923,2023-02-04,2023,,1,Tillman Domotics,Tillman Domotics,Paid,Sales - BARCO,BARCO,-1188.0,1,0
GTUK / Apex Tech Scotland Ltd,INV-2023/1924,2023-02-16,2023,MVR-ENVY-PRO,1,Display Calibration,Display Calibration,Paid,Sales - madVR,madVR,5775.0,1,0
GTUK / Apex Tech Scotland Ltd,INV-2023/1926,2023-02-21,2023,MVR-ENVY-EXT,1,The Smarter Home,The Smarter Home,Approved,Sales - madVR,madVR,9450.0,1,0
GTUK / Apex Tech Scotland Ltd,INV-2023/1926,2023-02-21,2023,,1,The Smarter Home,The Smarter Home,Approved,"Postage, Freight & Courier","Postage, Freight & Courier",85.0,0,0
GTUK / Apex Tech Scotland Ltd,INV-2023/1927,2023-02-21,2023,DT-PHG-1,1,Pyramid AV Ltd,Pyramid AV Ltd,Paid,Sales - DT SCREENS,DT SCREENS,1650.0,1,0
GTUK / Apex Tech Scotland Ltd,INV-2023/1927,2023-02-21,2023,,1,Pyramid AV Ltd,Pyramid AV Ltd,Paid,Sales - DT SCREENS,DT SCREENS,124.7,1,0
GTUK / Apex Tech Scotland Ltd,INV-2023/1928,2023-02-21,2023,,1,HiFi Corner (Edinburgh) Ltd,HiFi Corner (Edinburgh) Ltd,Paid,Sales - CINEMA PARTNERS SERVICES,CINEMA PARTNERS SERVICES,3420.0,1,0
GTUK / Apex Tech Scotland Ltd,INV-2023/1929,2023-02-23,2023,STH-MBC-12,1,SmartHome Technology Limited,SmartHome Technology Limited,Paid,Sales - STEALTH,STEALTH,100.0,1,0
GTUK / Apex Tech Scotland Ltd,INV-2023/1929,2023-02-23,2023,,1,SmartHome Technology Limited,SmartHome Technology Limited,Paid,"Postage, Freight & Courier","Postage, Freight & Courier",18.0,0,0
GTUK / Apex Tech Scotland Ltd,INV-2023/1930,2023-02-27,2023,STH-LR8G,1,Holburn (Scotland) Ltd,Holburn (Scotland) Ltd,Paid,Sales - STEALTH,STEALTH,750.0,1,0
GTUK / Apex Tech Scotland Ltd,INV-2023/1930,2023-02-27,2023,STH-MBC-22,2,Holburn (Scotland) Ltd,Holburn (Scotland) Ltd,Paid,Sales - STEALTH,STEALTH,220.0,1,0
GTUK / Apex Tech Scotland Ltd,INV-2023/1930,2023-02-27,2023,,1,Holburn (Scotland) Ltd,Holburn (Scotland) Ltd,Paid,"Postage, Freight & Courier","Postage, Freight & Courier",30.0,0,0
GTUK / Apex Tech Scotland Ltd,INV-2022/1912,2023-03-03,2023,BAR-FREYA-PLUS,1,TwentyTwo Integration,TwentyTwo Integration,Paid,Sales - BARCO,BARCO,84500.0,1,0
GTUK / Apex Tech Scotland Ltd,INV-2022/1912,2023-03-03,2023,BAR-4K-FREYA-LENS-2,1,TwentyTwo Integration,TwentyTwo Integration,Paid,,,0.0,1,0
GTUK / Apex Tech Scotland Ltd,INV-2022/1912,2023-03-03,2023,,1,TwentyTwo Integration,TwentyTwo Integration,Paid,Sales - BARCO,BARCO,-2500.0,1,0
GTUK / Apex Tech Scotland Ltd,INV-2022/1912,2023-03-03,2023,DT-DYN-4-XL-720,1,TwentyTwo Integration,TwentyTwo Integration,Paid,Sales - DT SCREENS,DT SCREENS,38940.0,1,0
GTUK / Apex Tech Scotland Ltd,INV-2022/1912,2023-03-03,2023,DT-IS-ATP-720,1,TwentyTwo Integration,TwentyTwo Integration,Paid,Sales - DT SCREENS,DT SCREENS,1782.0,1,0
GTUK / Apex Tech Scotland Ltd,INV-2022/1912,2023-03-03,2023,,1,TwentyTwo Integration,TwentyTwo Integration,Paid,Sales - DT SCREENS,DT SCREENS,-1500.0,1,0
GTUK / Apex Tech Scotland Ltd,INV-2022/1912,2023-03-03,2023,,1,TwentyTwo Integration,TwentyTwo Integration,Paid,Sales - BARCO,BARCO,5500.0,1,0
GTUK / Apex Tech Scotland Ltd,INV-2022/1912,2023-03-03,2023,,1,TwentyTwo Integration,TwentyTwo Integration,Paid,Sales - BARCO,BARCO,-5500.0,1,0
GTUK / Apex Tech Scotland Ltd,INV-2023/1932,2023-03-09,2023,BAR-ORI-LAMP,1,Avio Limited,Avio Limited,Paid,Sales - BARCO,BARCO,422.5,1,0
GTUK / Apex Tech Scotland Ltd,INV-2023/1932,2023-03-09,2023,,1,Avio Limited,Avio Limited,Paid,Freight Costs - Outward,Freight Costs - Outward,20.0,0,0
GTUK / Apex Tech Scotland Ltd,INV-2023/1933,2023-03-09,2023,DT-PHG-1,1,Wakefields,Wakefields,Paid,Sales - DT SCREENS,DT SCREENS,1650.0,1,0
GTUK / Apex Tech Scotland Ltd,INV-2023/1931,2023-03-10,2023,DT-PHG-S,1,Richer Sounds Ltd.,Richer Sounds Ltd.,Paid,Sales - DT SCREENS,DT SCREENS,924.0,1,0
GTUK / Apex Tech Scotland Ltd,INV-2023/1931,2023-03-10,2023,,1,Richer Sounds Ltd.,Richer Sounds Ltd.,Paid,Sales - DT SCREENS,DT SCREENS,175.5,1,0
GTUK / Apex Tech Scotland Ltd,INV-2023/1931,2023-03-10,2023,,0,Richer Sounds Ltd.,Richer Sounds Ltd.,Paid,,,0.0,1,0
GTUK / Apex Tech Scotland Ltd,INV-2023/1934,2023-03-13,2023,,1,HiFi Corner (Edinburgh) Ltd,HiFi Corner (Edinburgh) Ltd,Paid,Sales - CINEMA PARTNERS SERVICES,CINEMA PARTNERS SERVICES,12300.0,1,0
GTUK / Apex Tech Scotland Ltd,INV-2023/1935,2023-03-17,2023,,1,Pyramid AV Ltd,Pyramid AV Ltd,Paid,Cost of Sales - DT SCREENS,Cost of DT SCREENS,837.54,0,0
GTUK / Apex Tech Scotland Ltd,INV-2023/1936,2023-03-17,2023,MVR-ENVY-EXT,1,HiFi Corner (Edinburgh) Ltd,HiFi Corner (Edinburgh) Ltd,Paid,Sales - madVR,madVR,9450.0,1,0
GTUK / Apex Tech Scotland Ltd,INV-2023/1937,2023-03-24,2023,DT-PHG-2,1,Smartcomm Ltd,Smartcomm Ltd,Paid,Sales - DT SCREENS,DT SCREENS,1980.0,1,0
GTUK / Apex Tech Scotland Ltd,INV-2023/1937,2023-03-24,2023,,0,Smartcomm Ltd,Smartcomm Ltd,Paid,,,0.0,1,0
GTUK / Apex Tech Scotland Ltd,INV-2023/1938,2023-03-24,2023,,1,TwentyTwo Integration,TwentyTwo Integration,Paid,Sales - CINEMA PARTNERS SERVICES,CINEMA PARTNERS SERVICES,4000.0,1,0
GTUK / Apex Tech Scotland Ltd,INV-2023/1940,2023-03-31,2023,DT-MMD,1,Cinemas & Control Ltd,Cinemas & Control Ltd,Paid,Sales - DT SCREENS,DT SCREENS,4950.0,1,0
GTUK / Apex Tech Scotland Ltd,INV-2023/1941,2023-04-03,2023,STH-MBC-12,3,AT&C Professional Systems Ltd.,AT&C Professional Systems Ltd.,Paid,Sales - STEALTH,STEALTH,300.0,1,0
GTUK / Apex Tech Scotland Ltd,INV-2023/1941,2023-04-03,2023,STH-LR6GS,3,AT&C Professional Systems Ltd.,AT&C Professional Systems Ltd.,Paid,Sales - STEALTH,STEALTH,975.0,1,0
GTUK / Apex Tech Scotland Ltd,INV-2023/1942,2023-04-12,2023,STH-LR8G,2,Easylife Automation,Easylife Automation,Paid,Sales - STEALTH,STEALTH,1500.0,1,0
GTUK / Apex Tech Scotland Ltd,INV-2023/1942,2023-04-12,2023,STH-LR8GS,1,Easylife Automation,Easylife Automation,Paid,Sales - STEALTH,STEALTH,375.0,1,0
GTUK / Apex Tech Scotland Ltd,INV-2023/1942,2023-04-12,2023,STH-B30G,1,Easylife Automation,Easylife Automation,Paid,Sales - STEALTH,STEALTH,750.0,1,0
GTUK / Apex Tech Scotland Ltd,INV-2022/1913,2023-04-17,2023,MVR-ENVY-EXT,1,TwentyTwo Integration,TwentyTwo Integration,Paid,Sales - madVR,madVR,9450.0,1,0
GTUK / Apex Tech Scotland Ltd,INV-2022/1913,2023-04-17,2023,DT-PHG-2,1,TwentyTwo Integration,TwentyTwo Integration,Paid,Sales - DT SCREENS,DT SCREENS,2310.0,1,0
GTUK / Apex Tech Scotland Ltd,INV-2023/1944,2023-04-21,2023,MVR-ENVY-PRO,1,Tillman Domotics,Tillman Domotics,Paid,Sales - madVR,madVR,5362.5,1,0
GTUK / Apex Tech Scotland Ltd,INV-2023/1944,2023-04-21,2023,,1,Tillman Domotics,Tillman Domotics,Paid,Sales - madVR,madVR,-362.5,1,0
GTUK / Apex Tech Scotland Ltd,INV-2023/1945,2023-04-21,2023,MVR-ENVY-EXT,1,HiFi Corner (Edinburgh) Ltd,HiFi Corner (Edinburgh) Ltd,Paid,Sales - madVR,madVR,-9450.0,1,0
GTUK / Apex Tech Scotland Ltd,INV-2023/1945,2023-04-21,2023,,0,HiFi Corner (Edinburgh) Ltd,HiFi Corner (Edinburgh) Ltd,Paid,,,0.0,1,0
GTUK / Apex Tech Scotland Ltd,INV-2023/1945,2023-04-21,2023,MVR-ENVY-EXT,1,HiFi Corner (Edinburgh) Ltd,HiFi Corner (Edinburgh) Ltd,Paid,Sales - madVR,madVR,11077.5,1,0
GTUK / Apex Tech Scotland Ltd,INV-2023/1945,2023-04-21,2023,,0,HiFi Corner (Edinburgh) Ltd,HiFi Corner (Edinburgh) Ltd,Paid,,,0.0,1,0
GTUK / Apex Tech Scotland Ltd,INV-2023/1946,2023-04-25,2023,DT-MMD-L,1,Tillman Domotics,Tillman Domotics,Paid,Sales - DT SCREENS,DT SCREENS,8448.0,1,0
GTUK / Apex Tech Scotland Ltd,INV-2023/1946,2023-04-25,2023,DT-M-250,2,Tillman Domotics,Tillman Domotics,Paid,Sales - DT SCREENS,DT SCREENS,2112.0,1,0
GTUK / Apex Tech Scotland Ltd,INV-2023/1946,2023-04-25,2023,DT-M-C2,1,Tillman Domotics,Tillman Domotics,Paid,Sales - DT SCREENS,DT SCREENS,660.0,1,0
GTUK / Apex Tech Scotland Ltd,INV-2023/1948,2023-05-05,2023,CATS-REF-CP,7,Cornflake Ltd.,Cornflake Ltd.,Paid,Sales - CATS,CATS,2310.0,1,0
GTUK / Apex Tech Scotland Ltd,INV-2023/1943,2023-05-12,2023,DT-CM,1,Cornflake Ltd.,Cornflake Ltd.,Paid,Sales - DT SCREENS,DT SCREENS,495.0,1,0
GTUK / Apex Tech Scotland Ltd,INV-2023/1943,2023-05-12,2023,DT-FRNT-390,1,Cornflake Ltd.,Cornflake Ltd.,Paid,Sales - DT SCREENS,DT SCREENS,2607.0,1,0
GTUK / Apex Tech Scotland Ltd,INV-2023/1943,2023-05-12,2023,DT-IS-ATP-390,1,Cornflake Ltd.,Cornflake Ltd.,Paid,Sales - DT SCREENS,DT SCREENS,561.0,1,0
GTUK / Apex Tech Scotland Ltd,INV-2023/1949,2023-05-18,2023,STH-LR6GS,1,Fusion.One International Ltd,Fusion.One International Ltd,Paid,Sales - STEALTH,STEALTH,325.0,1,0
GTUK / Apex Tech Scotland Ltd,INV-2023/1949,2023-05-18,2023,,1,Fusion.One International Ltd,Fusion.One International Ltd,Paid,"Postage, Freight & Courier","Postage, Freight & Courier",50.0,0,0
GTUK / Apex Tech Scotland Ltd,INV-2023/1950,2023-05-19,2023,,2,Connected Distribution,Connected Distribution,Paid,Sales - ACURUS,ACURUS,4600.0,1,0
GTUK / Apex Tech Scotland Ltd,INV-2023/1950,2023-05-19,2023,,2,Connected Distribution,Connected Distribution,Paid,Sales - ACURUS,ACURUS,700.0,1,0
GTUK / Apex Tech Scotland Ltd,INV-2023/1925,2023-05-19,2023,PT-CI-IW-724-Pack-C,1,Home Control Scotland Ltd.,Home Control Scotland Ltd.,Paid,Sales - PHASE TECHNOLOGY,PHASE TECHNOLOGY,8400.0,1,0
GTUK / Apex Tech Scotland Ltd,INV-2022/1914,2023-06-05,2023,BAR-FREYA,1,Sysco Productions,Sysco Productions,Approved,Sales - BARCO,BARCO,58500.0,1,0
GTUK / Apex Tech Scotland Ltd,INV-2022/1914,2023-06-05,2023,BAR-4K-FREYA-LENS-4,1,Sysco Productions,Sysco Productions,Approved,,,0.0,1,0
GTUK / Apex Tech Scotland Ltd,INV-2022/1914,2023-06-05,2023,DT-DYN-2S-450,1,Sysco Productions,Sysco Productions,Approved,Sales - DT SCREENS,DT SCREENS,11187.0,1,0
GTUK / Apex Tech Scotland Ltd,INV-2022/1914,2023-06-05,2023,DT-IS-ATP-450,1,Sysco Productions,Sysco Productions,Approved,Sales - DT SCREENS,DT SCREENS,726.0,1,0
GTUK / Apex Tech Scotland Ltd,INV-2022/1914,2023-06-05,2023,DT-PMT-XL,1,Sysco Productions,Sysco Productions,Approved,Sales - DT SCREENS,DT SCREENS,6000.0,1,0
GTUK / Apex Tech Scotland Ltd,INV-2022/1914,2023-06-05,2023,DT-PHG-2,1,Sysco Productions,Sysco Productions,Approved,Sales - DT SCREENS,DT SCREENS,1980.0,1,0
GTUK / Apex Tech Scotland Ltd,INV-2022/1914,2023-06-05,2023,,1,Sysco Productions,Sysco Productions,Approved,Sales - CINEMA PARTNERS MATERIALS,CINEMA PARTNERS MATERIALS,9000.0,1,0
GTUK / Apex Tech Scotland Ltd,INV-2022/1914,2023-06-05,2023,,1,Sysco Productions,Sysco Productions,Approved,Sales - CINEMA PARTNERS MATERIALS,CINEMA PARTNERS MATERIALS,4500.0,1,0
GTUK / Apex Tech Scotland Ltd,INV-2022/1914,2023-06-05,2023,,8,Sysco Productions,Sysco Productions,Approved,Sales - CINEMA PARTNERS MATERIALS,CINEMA PARTNERS MATERIALS,15600.0,1,0
GTUK / Apex Tech Scotland Ltd,INV-2022/1914,2023-06-05,2023,,3,Sysco Productions,Sysco Productions,Approved,Sales - CINEMA PARTNERS MATERIALS,CINEMA PARTNERS MATERIALS,3600.0,1,0
GTUK / Apex Tech Scotland Ltd,INV-2022/1914,2023-06-05,2023,,14,Sysco Productions,Sysco Productions,Approved,Sales - CINEMA PARTNERS MATERIALS,CINEMA PARTNERS MATERIALS,8400.0,1,0
GTUK / Apex Tech Scotland Ltd,INV-2022/1914,2023-06-05,2023,,10,Sysco Productions,Sysco Productions,Approved,Sales - CINEMA PARTNERS MATERIALS,CINEMA PARTNERS MATERIALS,6000.0,1,0
GTUK / Apex Tech Scotland Ltd,INV-2022/1914,2023-06-05,2023,,2,Sysco Productions,Sysco Productions,Approved,Sales - CINEMA PARTNERS MATERIALS,CINEMA PARTNERS MATERIALS,2700.0,1,0
GTUK / Apex Tech Scotland Ltd,INV-2022/1914,2023-06-05,2023,,2,Sysco Productions,Sysco Productions,Approved,Sales - CINEMA PARTNERS MATERIALS,CINEMA PARTNERS MATERIALS,1200.0,1,0
GTUK / Apex Tech Scotland Ltd,INV-2023/1951,2023-06-05,2023,MVR-ENVY-EXT,1,Apex-Tech International Ltd,Apex-Tech International Ltd,Paid,Sales - madVR,madVR,8316.13,1,0
GTUK / Apex Tech Scotland Ltd,INV-2023/1951,2023-06-05,2023,,0,Apex-Tech International Ltd,Apex-Tech International Ltd,Paid,,,0.0,1,0
GTUK / Apex Tech Scotland Ltd,INV-2023/1952,2023-06-05,2023,DT-DYN-2S-390,1,Base Ltd t/a Genesis AV,Base Ltd t/a Genesis AV,Paid,Sales - DT SCREENS,DT SCREENS,8379.25,1,0
GTUK / Apex Tech Scotland Ltd,INV-2023/1952,2023-06-05,2023,DT-IS-ATR-390,1,Base Ltd t/a Genesis AV,Base Ltd t/a Genesis AV,Paid,Sales - DT SCREENS,DT SCREENS,726.0,1,0
GTUK / Apex Tech Scotland Ltd,INV-2023/1955,2023-06-12,2023,,1,madVR Labs LLC,madVR Labs LLC,Paid,Cost of Sales - madVR,Cost of madVR,1049.99,0,0
GTUK / Apex Tech Scotland Ltd,INV-2023/1955,2023-06-12,2023,,1,madVR Labs LLC,madVR Labs LLC,Paid,Freight Costs - Outward,Freight Costs - Outward,80.0,0,0
GTUK / Apex Tech Scotland Ltd,INV-2023/1947,2023-06-16,2023,,1,TwentyTwo Integration,TwentyTwo Integration,Paid,Sales - DT SCREENS,DT SCREENS,38107.0,1,0
GTUK / Apex Tech Scotland Ltd,INV-2023/1947,2023-06-16,2023,,1,TwentyTwo Integration,TwentyTwo Integration,Paid,Sales - DT SCREENS,DT SCREENS,14940.0,1,0
GTUK / Apex Tech Scotland Ltd,INV-2023/1956,2023-06-20,2023,STH-LRX83,3,SmartHome Technology Limited,SmartHome Technology Limited,Paid,Sales - STEALTH,STEALTH,3000.0,1,0
GTUK / Apex Tech Scotland Ltd,INV-2023/1956,2023-06-20,2023,STH-MBC-22,6,SmartHome Technology Limited,SmartHome Technology Limited,Paid,Sales - STEALTH,STEALTH,660.0,1,0
GTUK / Apex Tech Scotland Ltd,INV-2023/1958,2023-06-21,2023,,2,Connected Distribution,Connected Distribution,Paid,Sales - ACURUS,ACURUS,800.0,1,0
GTUK / Apex Tech Scotland Ltd,INV-2023/1954,2023-06-23,2023,,4,Smartcomm Ltd,Smartcomm Ltd,Paid,Sales - PHASE TECHNOLOGY,PHASE TECHNOLOGY,600.0,1,0
GTUK / Apex Tech Scotland Ltd,INV-2023/1959,2023-06-23,2023,STH-LRX83,1,SmartHome Technology Limited,SmartHome Technology Limited,Paid,Sales - STEALTH,STEALTH,1000.0,1,0
GTUK / Apex Tech Scotland Ltd,INV-2023/1959,2023-06-23,2023,STH-MBC-22,2,SmartHome Technology Limited,SmartHome Technology Limited,Paid,Sales - STEALTH,STEALTH,220.0,1,0
GTUK / Apex Tech Scotland Ltd,INV-2023/1957,2023-07-07,2023,CATS-REV-CP-50,7,Cornflake Ltd.,Cornflake Ltd.,Paid,Sales - CATS,CATS,2730.0,1,0
GTUK / Apex Tech Scotland Ltd,INV-2023/1953,2023-07-10,2023,DT-DYN-2S-510,1,Smartcomm Ltd,Smartcomm Ltd,Paid,Sales - DT SCREENS,DT SCREENS,13728.0,1,0
GTUK / Apex Tech Scotland Ltd,INV-2023/1953,2023-07-10,2023,DT-IS-ATP-510,1,Smartcomm Ltd,Smartcomm Ltd,Paid,Sales - DT SCREENS,DT SCREENS,924.0,1,0
GTUK / Apex Tech Scotland Ltd,INV-2023/1960,2023-07-19,2023,MVR-ENVY-EXT,1,Ideaworks (London) Limited,Ideaworks (London) Limited,Paid,Sales - madVR,madVR,11077.5,1,0
GTUK / Apex Tech Scotland Ltd,INV-2023/1960,2023-07-19,2023,,1,Ideaworks (London) Limited,Ideaworks (London) Limited,Paid,Sales - madVR,madVR,-3000.0,1,0
GTUK / Apex Tech Scotland Ltd,INV-2023/1960,2023-07-19,2023,,1,Ideaworks (London) Limited,Ideaworks (London) Limited,Paid,,,0.0,1,0
GTUK / Apex Tech Scotland Ltd,INV-2023/1962,2023-07-25,2023,,1,HiFi Corner (Edinburgh) Ltd,HiFi Corner (Edinburgh) Ltd,Paid,Sales - CINEMA PARTNERS SERVICES,CINEMA PARTNERS SERVICES,8706.0,1,0
GTUK / Apex Tech Scotland Ltd,INV-2023/1963,2023-07-27,2023,,2,Bam Construction,Bam Construction,Paid,Sales - DT SCREENS,DT SCREENS,3900.0,1,0
GTUK / Apex Tech Scotland Ltd,INV-2023/1964,2023-07-28,2023,,1,SMC,SMC,Paid,Sales - BARCO,BARCO,1200.0,1,0
GTUK / Apex Tech Scotland Ltd,INV-2023/1961,2023-07-31,2023,STH-LR3G,1,Cornflake Ltd.,Cornflake Ltd.,Approved,Sales - STEALTH,STEALTH,1150.0,1,0
GTUK / Apex Tech Scotland Ltd,INV-2023/1961,2023-07-31,2023,STH-LR8G,9,Cornflake Ltd.,Cornflake Ltd.,Approved,Sales - STEALTH,STEALTH,6750.0,1,0
GTUK / Apex Tech Scotland Ltd,INV-2023/1961,2023-07-31,2023,STH-SLR8G,1,Cornflake Ltd.,Cornflake Ltd.,Approved,Sales - STEALTH,STEALTH,650.0,1,0
GTUK / Apex Tech Scotland Ltd,INV-2023/1939,2023-08-04,2023,BAR-HDR-CHT-B,1,Smartcomm Ltd,Smartcomm Ltd,Approved,Sales - BARCO,BARCO,42575.0,1,0
GTUK / Apex Tech Scotland Ltd,INV-2023/1939,2023-08-04,2023,BAR-HDR-LENS-WAZ,1,Smartcomm Ltd,Smartcomm Ltd,Approved,,,0.0,1,0
GTUK / Apex Tech Scotland Ltd,INV-2023/1965,2023-08-10,2023,STH-LR6G,1,Holburn (Scotland) Ltd,Holburn (Scotland) Ltd,Approved,Sales - STEALTH,STEALTH,650.0,1,0
GTUK / Apex Tech Scotland Ltd,INV-2023/1965,2023-08-10,2023,STH-BX-12,2,Holburn (Scotland) Ltd,Holburn (Scotland) Ltd,Approved,Sales - STEALTH,STEALTH,150.0,1,0
GTUK / Apex Tech Scotland Ltd,INV-2023/1966,2023-08-17,2023,STH-LR6G,3,SmartHome Technology Limited,SmartHome Technology Limited,Paid,Sales - STEALTH,STEALTH,1950.0,1,0
GTUK / Apex Tech Scotland Ltd,INV-2023/1967,2023-08-25,2023,,1,Holburn (Scotland) Ltd,Holburn (Scotland) Ltd,Paid,Sales - CINEMA PARTNERS SERVICES,CINEMA PARTNERS SERVICES,2284.8,1,0
GTUK / Apex Tech Scotland Ltd,INV-2023/1967,2023-08-25,2023,,0,Holburn (Scotland) Ltd,Holburn (Scotland) Ltd,Paid,,,0.0,1,0
GTUK / Apex Tech Scotland Ltd,INV-2023/1971,2023-09-01,2023,STH-MBC-22,12,Gaia International Ltd,Gaia International Ltd,Paid,Sales - STEALTH,STEALTH,1188.0,1,0
GTUK / Apex Tech Scotland Ltd,INV-2023/1971,2023-09-01,2023,STH-LR8G,4,Gaia International Ltd,Gaia International Ltd,Paid,Sales - STEALTH,STEALTH,2100.0,1,0
GTUK / Apex Tech Scotland Ltd,INV-2023/1971,2023-09-01,2023,STH-SLR8G,4,Gaia International Ltd,Gaia International Ltd,Paid,Sales - STEALTH,STEALTH,1820.0,1,0
GTUK / Apex Tech Scotland Ltd,INV-2023/1971,2023-09-01,2023,SD-SD1SM-TI,2,Gaia International Ltd,Gaia International Ltd,Paid,Sales - SOLID DRIVE,SOLID DRIVE,560.0,1,0
GTUK / Apex Tech Scotland Ltd,INV-2023/1972,2023-09-11,2023,STH-LR6G,1,Holburn (Scotland) Ltd,Holburn (Scotland) Ltd,Approved,Sales - STEALTH,STEALTH,650.0,1,0
GTUK / Apex Tech Scotland Ltd,INV-2023/1972,2023-09-11,2023,STH-BX-12,2,Holburn (Scotland) Ltd,Holburn (Scotland) Ltd,Approved,Sales - STEALTH,STEALTH,150.0,1,0
GTUK / Apex Tech Scotland Ltd,INV-2023/1974,2023-09-18,2023,DT-PHG-1,1,Adair Acoustic Design,Adair Acoustic Design,Paid,Sales - DT SCREENS,DT SCREENS,1237.5,1,0
GTUK / Apex Tech Scotland Ltd,INV-2023/1974,2023-09-18,2023,DT-VMMv2,1,Adair Acoustic Design,Adair Acoustic Design,Paid,Sales - DT SCREENS,DT SCREENS,1237.5,1,0
GTUK / Apex Tech Scotland Ltd,INV-2023/1974,2023-09-18,2023,BAR-BRA-LENS-S,1,Adair Acoustic Design,Adair Acoustic Design,Paid,Sales - BARCO,BARCO,500.0,1,0
GTUK / Apex Tech Scotland Ltd,INV-2023/1975,2023-09-21,2023,DT-PHG-2,1,Link Media Systems,Link Media Systems,Paid,Sales - DT SCREENS,DT SCREENS,1980.0,1,0
GTUK / Apex Tech Scotland Ltd,INV-2023/1975,2023-09-21,2023,,1,Link Media Systems,Link Media Systems,Paid,Sales - DT SCREENS,DT SCREENS,450.0,1,0
GTUK / Apex Tech Scotland Ltd,INV-2023/1975,2023-09-21,2023,MVR-ENVY-EXT,1,Link Media Systems,Link Media Systems,Paid,Sales - madVR,madVR,11077.0,1,0
GTUK / Apex Tech Scotland Ltd,INV-2023/1976,2023-09-25,2023,DT-DYN-2S-L-660,1,Darke Audio,Darke Audio,Approved,Sales - DT SCREENS,DT SCREENS,24750.0,1,0
GTUK / Apex Tech Scotland Ltd,INV-2023/1976,2023-09-25,2023,DT-IS-ATP-660,1,Darke Audio,Darke Audio,Approved,Sales - DT SCREENS,DT SCREENS,1518.0,1,0
GTUK / Apex Tech Scotland Ltd,INV-2023/1976,2023-09-25,2023,,0,Darke Audio,Darke Audio,Approved,,,0.0,1,0
GTUK / Apex Tech Scotland Ltd,INV-2023/1976,2023-09-25,2023,,0,Darke Audio,Darke Audio,Approved,,,0.0,1,0
GTUK / Apex Tech Scotland Ltd,INV-2023/1979,2023-09-26,2023,BAR-FREYA,1,Sysco Productions,Sysco Productions,Approved,Sales - BARCO,BARCO,10133.0,1,0
GTUK / Apex Tech Scotland Ltd,INV-2023/1979,2023-09-26,2023,BAR-4K-FREYA-LENS-4,1,Sysco Productions,Sysco Productions,Approved,,,0.0,1,0
GTUK / Apex Tech Scotland Ltd,INV-2023/1979,2023-09-26,2023,DT-DYN-2S-450,1,Sysco Productions,Sysco Productions,Approved,Sales - DT SCREENS,DT SCREENS,1937.0,1,0
GTUK / Apex Tech Scotland Ltd,INV-2023/1979,2023-09-26,2023,DT-IS-ATP-450,1,Sysco Productions,Sysco Productions,Approved,Sales - DT SCREENS,DT SCREENS,126.0,1,0
GTUK / Apex Tech Scotland Ltd,INV-2023/1979,2023-09-26,2023,DT-PMT-XL,1,Sysco Productions,Sysco Productions,Approved,Sales - DT SCREENS,DT SCREENS,1039.0,1,0
GTUK / Apex Tech Scotland Ltd,INV-2023/1979,2023-09-26,2023,DT-PHG-2,1,Sysco Productions,Sysco Productions,Approved,Sales - DT SCREENS,DT SCREENS,343.0,1,0
GTUK / Apex Tech Scotland Ltd,INV-2023/1979,2023-09-26,2023,,1,Sysco Productions,Sysco Productions,Approved,Sales - CINEMA PARTNERS MATERIALS,CINEMA PARTNERS MATERIALS,1559.0,1,0
GTUK / Apex Tech Scotland Ltd,INV-2023/1979,2023-09-26,2023,,1,Sysco Productions,Sysco Productions,Approved,Sales - CINEMA PARTNERS MATERIALS,CINEMA PARTNERS MATERIALS,779.0,1,0
GTUK / Apex Tech Scotland Ltd,INV-2023/1979,2023-09-26,2023,,8,Sysco Productions,Sysco Productions,Approved,Sales - CINEMA PARTNERS MATERIALS,CINEMA PARTNERS MATERIALS,2703.0,1,0
GTUK / Apex Tech Scotland Ltd,INV-2023/1979,2023-09-26,2023,,3,Sysco Productions,Sysco Productions,Approved,Sales - CINEMA PARTNERS MATERIALS,CINEMA PARTNERS MATERIALS,623.0,1,0
GTUK / Apex Tech Scotland Ltd,INV-2023/1979,2023-09-26,2023,,14,Sysco Productions,Sysco Productions,Approved,Sales - CINEMA PARTNERS MATERIALS,CINEMA PARTNERS MATERIALS,1455.0,1,0
GTUK / Apex Tech Scotland Ltd,INV-2023/1979,2023-09-26,2023,,10,Sysco Productions,Sysco Productions,Approved,Sales - CINEMA PARTNERS MATERIALS,CINEMA PARTNERS MATERIALS,1039.0,1,0
GTUK / Apex Tech Scotland Ltd,INV-2023/1979,2023-09-26,2023,,2,Sysco Productions,Sysco Productions,Approved,Sales - CINEMA PARTNERS MATERIALS,CINEMA PARTNERS MATERIALS,467.0,1,0
GTUK / Apex Tech Scotland Ltd,INV-2023/1979,2023-09-26,2023,,2,Sysco Productions,Sysco Productions,Approved,Sales - CINEMA PARTNERS MATERIALS,CINEMA PARTNERS MATERIALS,207.0,1,0
GTUK / Apex Tech Scotland Ltd,INV-2023/1981,2023-09-26,2023,,1,TwentyTwo Integration,TwentyTwo Integration,Paid,Sales - CINEMA PARTNERS MATERIALS,CINEMA PARTNERS MATERIALS,10733.0,1,0
GTUK / Apex Tech Scotland Ltd,INV-2023/1981,2023-09-26,2023,,1,TwentyTwo Integration,TwentyTwo Integration,Paid,Sales - CINEMA PARTNERS MATERIALS,CINEMA PARTNERS MATERIALS,4207.0,1,0
GTUK / Apex Tech Scotland Ltd,INV-2023/1981,2023-09-26,2023,,1,TwentyTwo Integration,TwentyTwo Integration,Paid,Sales - CINEMA PARTNERS MATERIALS,CINEMA PARTNERS MATERIALS,0.0,1,0
GTUK / Apex Tech Scotland Ltd,INV-2023/1982,2023-09-27,2023,MVR-ENVY-PRO,1,Azro Ltd,Azro Ltd,Paid,Sales - madVR,madVR,5000.0,1,0
GTUK / Apex Tech Scotland Ltd,INV-2023/1961,2023-10-02,2023,STH-LR3G,1,Cornflake Ltd.,Cornflake Ltd.,Paid,Sales - STEALTH,STEALTH,1150.0,1,0
GTUK / Apex Tech Scotland Ltd,INV-2023/1961,2023-10-02,2023,STH-LR8G,9,Cornflake Ltd.,Cornflake Ltd.,Paid,Sales - STEALTH,STEALTH,6750.0,1,0
GTUK / Apex Tech Scotland Ltd,INV-2023/1961,2023-10-02,2023,STH-SLR8G,1,Cornflake Ltd.,Cornflake Ltd.,Paid,Sales - STEALTH,STEALTH,650.0,1,0
GTUK / Apex Tech Scotland Ltd,INV-2023/1983,2023-10-02,2023,STH-LR6G,3,Holburn (Scotland) Ltd,Holburn (Scotland) Ltd,Paid,Sales - STEALTH,STEALTH,1950.0,1,0
GTUK / Apex Tech Scotland Ltd,INV-2023/1983,2023-10-02,2023,STH-BX-12,6,Holburn (Scotland) Ltd,Holburn (Scotland) Ltd,Paid,Sales - STEALTH,STEALTH,450.0,1,0
GTUK / Apex Tech Scotland Ltd,INV-2023/1983,2023-10-02,2023,STH-LR8G,7,Holburn (Scotland) Ltd,Holburn (Scotland) Ltd,Paid,Sales - STEALTH,STEALTH,5250.0,1,0
GTUK / Apex Tech Scotland Ltd,INV-2023/1983,2023-10-02,2023,STH-BX-22,17,Holburn (Scotland) Ltd,Holburn (Scotland) Ltd,Paid,Sales - STEALTH,STEALTH,1275.0,1,0
GTUK / Apex Tech Scotland Ltd,INV-2023/1983,2023-10-02,2023,STH-SLR8G,2,Holburn (Scotland) Ltd,Holburn (Scotland) Ltd,Paid,Sales - STEALTH,STEALTH,1300.0,1,0
GTUK / Apex Tech Scotland Ltd,INV-2023/1983,2023-10-02,2023,STH-LRX83S,1,Holburn (Scotland) Ltd,Holburn (Scotland) Ltd,Paid,Sales - STEALTH,STEALTH,500.0,1,0
GTUK / Apex Tech Scotland Ltd,INV-2023/1984,2023-10-03,2023,,1,proAV Ltd,proAV Ltd,Approved,Sales - SERVICES,SERVICES,500.0,1,0
GTUK / Apex Tech Scotland Ltd,INV-2023/1985,2023-10-03,2023,,1,Smartcomm Ltd,Smartcomm Ltd,Approved,Sales - SERVICES,SERVICES,500.0,1,0
GTUK / Apex Tech Scotland Ltd,INV-2023/1986,2023-10-04,2023,PT-CI-6.2X,4,Cinemas & Control Ltd,Cinemas & Control Ltd,Paid,Sales - PHASE TECHNOLOGY,PHASE TECHNOLOGY,720.0,1,0
GTUK / Apex Tech Scotland Ltd,INV-2023/1986,2023-10-04,2023,PT-CI-70X,7,Cinemas & Control Ltd,Cinemas & Control Ltd,Paid,Sales - PHASE TECHNOLOGY,PHASE TECHNOLOGY,1575.0,1,0
GTUK / Apex Tech Scotland Ltd,INV-2023/1986,2023-10-04,2023,PT-IW-210-A,1,Cinemas & Control Ltd,Cinemas & Control Ltd,Paid,Sales - PHASE TECHNOLOGY,PHASE TECHNOLOGY,1200.0,1,0
GTUK / Apex Tech Scotland Ltd,INV-2023/1986,2023-10-04,2023,PT-IW-210,1,Cinemas & Control Ltd,Cinemas & Control Ltd,Paid,Sales - PHASE TECHNOLOGY,PHASE TECHNOLOGY,720.0,1,0
GTUK / Apex Tech Scotland Ltd,INV-2023/1986,2023-10-04,2023,,1,Cinemas & Control Ltd,Cinemas & Control Ltd,Paid,Sales - PHASE TECHNOLOGY,PHASE TECHNOLOGY,-615.0,1,0
GTUK / Apex Tech Scotland Ltd,INV-2023/1987,2023-10-04,2023,PT-CI-6.2X,2,Cinemas & Control Ltd,Cinemas & Control Ltd,Paid,Sales - PHASE TECHNOLOGY,PHASE TECHNOLOGY,360.0,1,0
GTUK / Apex Tech Scotland Ltd,INV-2023/1987,2023-10-04,2023,PT-CI-70X,4,Cinemas & Control Ltd,Cinemas & Control Ltd,Paid,Sales - PHASE TECHNOLOGY,PHASE TECHNOLOGY,900.0,1,0
GTUK / Apex Tech Scotland Ltd,INV-2023/1988,2023-10-06,2023,MVR-ENVY-EXT,1,Platinum Vision,Platinum Vision,Paid,Sales - madVR,madVR,11078.0,1,0
GTUK / Apex Tech Scotland Ltd,INV-2023/1989,2023-10-08,2023,,1,Display Technologies Limited,Display Technologies Limited,Approved,Travel - Flights,Travel - Flights,2898.0,0,0
GTUK / Apex Tech Scotland Ltd,INV-2023/1989,2023-10-08,2023,,1,Display Technologies Limited,Display Technologies Limited,Approved,Travel - Hotels,Travel - Hotels,1324.0,0,0
GTUK / Apex Tech Scotland Ltd,INV-2023/1989,2023-10-08,2023,,1,Display Technologies Limited,Display Technologies Limited,Approved,Travel - Hotels,Travel - Hotels,1443.0,0,0
GTUK / Apex Tech Scotland Ltd,INV-2023/1989,2023-10-08,2023,,1,Display Technologies Limited,Display Technologies Limited,Approved,Travel - Hotels,Travel - Hotels,1377.0,0,0
GTUK / Apex Tech Scotland Ltd,INV-2023/1990,2023-10-09,2023,BAR-MED2-LENS-LTZ,1,Cyber Homes Ltd,Cyber Homes Ltd,Paid,Sales - BARCO,BARCO,650.0,1,0
GTUK / Apex Tech Scotland Ltd,INV-2023/1990,2023-10-09,2023,BAR-MED2-MR-B,1,Cyber Homes Ltd,Cyber Homes Ltd,Paid,Sales - BARCO,BARCO,16575.0,1,0
GTUK / Apex Tech Scotland Ltd,INV-2023/1990,2023-10-09,2023,,1,Cyber Homes Ltd,Cyber Homes Ltd,Paid,Sales - SERVICES,SERVICES,600.0,1,0
GTUK / Apex Tech Scotland Ltd,INV-2023/1991,2023-10-19,2023,,1,HiFi Corner (Edinburgh) Ltd,HiFi Corner (Edinburgh) Ltd,Approved,Sales - CINEMA PARTNERS SERVICES,CINEMA PARTNERS SERVICES,4482.0,1,0
GTUK / Apex Tech Scotland Ltd,INV-2023/1992,2023-10-19,2023,,1,Holburn (Scotland) Ltd,Holburn (Scotland) Ltd,Paid,Sales - CINEMA PARTNERS SERVICES,CINEMA PARTNERS SERVICES,2856.0,1,0
GTUK / Apex Tech Scotland Ltd,INV-2023/1992,2023-10-19,2023,,0,Holburn (Scotland) Ltd,Holburn (Scotland) Ltd,Paid,,,0.0,1,0
GTUK / Apex Tech Scotland Ltd,INV-2023/1992,2023-10-19,2023,,1,Holburn (Scotland) Ltd,Holburn (Scotland) Ltd,Paid,Sales - CINEMA PARTNERS SERVICES,CINEMA PARTNERS SERVICES,-571.0,1,0
GTUK / Apex Tech Scotland Ltd,INV-2023/1993,2023-10-25,2023,BAR-HDR-CHT-B,1,Twisted Pear Consultancy,Twisted Pear Consultancy,Paid,Sales - BARCO,BARCO,42575.0,1,0
GTUK / Apex Tech Scotland Ltd,INV-2023/1993,2023-10-25,2023,BAR-HDR-LENS-USTZ,1,Twisted Pear Consultancy,Twisted Pear Consultancy,Paid,Sales - BARCO,BARCO,3900.0,1,0
GTUK / Apex Tech Scotland Ltd,INV-2023/1993,2023-10-25,2023,,1,Twisted Pear Consultancy,Twisted Pear Consultancy,Paid,Sales - DT SCREENS,DT SCREENS,8448.0,1,0
GTUK / Apex Tech Scotland Ltd,INV-2023/1993,2023-10-25,2023,DT-DYN-2S-AM-390,1,Twisted Pear Consultancy,Twisted Pear Consultancy,Paid,Sales - DT SCREENS,DT SCREENS,13068.0,1,0
GTUK / Apex Tech Scotland Ltd,INV-2023/1993,2023-10-25,2023,DT-IS-ATP-390,1,Twisted Pear Consultancy,Twisted Pear Consultancy,Paid,Sales - DT SCREENS,DT SCREENS,561.0,1,0
GTUK / Apex Tech Scotland Ltd,INV-2023/1996,2023-11-03,2023,,1,Cornflake Ltd.,Cornflake Ltd.,Paid,Sales - DT SCREENS,DT SCREENS,5550.0,1,0
GTUK / Apex Tech Scotland Ltd,INV-2023/1996,2023-11-03,2023,DT-M-C2,1,Cornflake Ltd.,Cornflake Ltd.,Paid,Sales - DT SCREENS,DT SCREENS,660.0,1,0
GTUK / Apex Tech Scotland Ltd,INV-2023/1996,2023-11-03,2023,DT-M-200,2,Cornflake Ltd.,Cornflake Ltd.,Paid,Sales - DT SCREENS,DT SCREENS,1848.0,1,0
GTUK / Apex Tech Scotland Ltd,INV-2023/1996,2023-11-03,2023,BAR-BAL-LENS-UST,1,Cornflake Ltd.,Cornflake Ltd.,Paid,Sales - BARCO,BARCO,2250.0,1,0
GTUK / Apex Tech Scotland Ltd,INV-2023/1997,2023-11-09,2023,MVR-ENVY-EXT,1,Platinum Vision,Platinum Vision,Paid,Sales - madVR,madVR,11078.0,1,0
GTUK / Apex Tech Scotland Ltd,INV-2023/1998,2023-11-13,2023,MVR-ENVY-EXT,1,Platinum Vision,Platinum Vision,Paid,Sales - madVR,madVR,11078.0,1,0
GTUK / Apex Tech Scotland Ltd,INV-2023/1999,2023-11-14,2023,CATS-REV-CP-50,5,Cornflake Ltd.,Cornflake Ltd.,Approved,Sales - CATS,CATS,1950.0,1,0
GTUK / Apex Tech Scotland Ltd,INV-2023/1999,2023-11-14,2023,DT-FRNT-360,1,Cornflake Ltd.,Cornflake Ltd.,Approved,Sales - DT SCREENS,DT SCREENS,2310.0,1,0
GTUK / Apex Tech Scotland Ltd,INV-2023/1999,2023-11-14,2023,DT-IS-ATP-360,1,Cornflake Ltd.,Cornflake Ltd.,Approved,Sales - DT SCREENS,DT SCREENS,495.0,1,0
GTUK / Apex Tech Scotland Ltd,INV-2023/2001,2023-11-20,2023,MVR-ENVY-EXT,1,HiFi Corner (Edinburgh) Ltd,HiFi Corner (Edinburgh) Ltd,Paid,Sales - madVR,madVR,11077.0,1,0
GTUK / Apex Tech Scotland Ltd,INV-2023/2003,2023-11-22,2023,,1,HiFi Corner (Edinburgh) Ltd,HiFi Corner (Edinburgh) Ltd,Paid,Sales - CINEMA PARTNERS SERVICES,CINEMA PARTNERS SERVICES,4600.0,1,0
GTUK / Apex Tech Scotland Ltd,INV-2023/2002,2023-11-22,2023,BAR-MED2-MR-B,1,31LDN,31LDN,Paid,Sales - BARCO,BARCO,14687.0,1,0
GTUK / Apex Tech Scotland Ltd,INV-2023/2002,2023-11-22,2023,BAR-MED2-LENS-HP-UWAZ,1,31LDN,31LDN,Paid,Sales - BARCO,BARCO,2600.0,1,0
GTUK / Apex Tech Scotland Ltd,INV-2023/2002,2023-11-22,2023,BAR-MED2-LENS-HP-ADAPT,1,31LDN,31LDN,Paid,Sales - BARCO,BARCO,227.0,1,0
GTUK / Apex Tech Scotland Ltd,INV-2023/2002,2023-11-22,2023,,1,31LDN,31LDN,Paid,Sales - BARCO,BARCO,-8757.0,1,0
GTUK / Apex Tech Scotland Ltd,INV-2023/1968,2023-11-28,2023,,1,Robin Arora,Robin Arora,Paid,Sales - CINEMA PARTNERS SERVICES,CINEMA PARTNERS SERVICES,6000.0,1,0
GTUK / Apex Tech Scotland Ltd,INV-2023/2005,2023-11-29,2023,BAR-MED2-MR-B,1,31LDN,31LDN,Paid,Sales - BARCO,BARCO,14687.0,1,0
GTUK / Apex Tech Scotland Ltd,INV-2023/2005,2023-11-29,2023,BAR-MED2-LENS-HP-UWAZ,1,31LDN,31LDN,Paid,Sales - BARCO,BARCO,2600.0,1,0
GTUK / Apex Tech Scotland Ltd,INV-2023/2005,2023-11-29,2023,BAR-MED2-LENS-HP-ADAPT,1,31LDN,31LDN,Paid,Sales - BARCO,BARCO,227.0,1,0
GTUK / Apex Tech Scotland Ltd,INV-2023/2005,2023-11-29,2023,,1,31LDN,31LDN,Paid,Sales - BARCO,BARCO,-8757.0,1,0
GTUK / Apex Tech Scotland Ltd,CN-2023/2004,2023-11-29,2023,BAR-BAL-LENS-UST,-1,Cornflake Ltd.,Cornflake Ltd.,Paid,Sales - BARCO,BARCO,-2250.0,1,0
GTUK / Apex Tech Scotland Ltd,INV-2023/2006,2023-12-04,2023,,1,Robin Arora,Robin Arora,Approved,Sales - CINEMA PARTNERS SERVICES,CINEMA PARTNERS SERVICES,2400.0,1,0
