entity,invoice_number,invoice_date,year,item_code,quantity,contact_raw,contact_canonical,status,account_raw,product_line,net,is_product_revenue,is_intra_group
SRND Group Ltd,#4861,2025-03-31,2025,,,,,Manual Journal,Sales - Materials - Projectors,Projectors,-11838.26,0,0
SRND Group Ltd,#4861,2025-03-31,2025,,,,,Manual Journal,Sales - Materials - Projectors,Projectors,-4110.51,0,0
SRND Group Ltd,#4861,2025-03-31,2025,,,,,Manual Journal,Sales - Materials - Projector Mounts,Projector Mounts,-5544.55,0,0
SRND Group Ltd,#4861,2025-03-31,2025,,,,,Manual Journal,Sales - Services - On Site Services,On Site Services,-1011.82,0,0
SRND Group Ltd,#4861,2025-03-31,2025,,,,,Manual Journal,Sales - Materials - Projection Screens,Projection Screens,-1965.77,0,0
SRND Group Ltd,#4861,2025-03-31,2025,,,,,Manual Journal,Sales - Materials - Projection Screens,Projection Screens,-21658.0,0,0
SRND Group Ltd,#4861,2025-03-31,2025,,,,,Manual Journal,Sales - Materials - Metal Fabric Track,Metal Fabric Track,-27240.89,0,0
SRND Group Ltd,#4861,2025-03-31,2025,,,,,Manual Journal,Sales - Materials - Metal Fabric Track,Metal Fabric Track,-5349.53,0,0
SRND Group Ltd,#4861,2025-03-31,2025,,,,,Manual Journal,Sales - Services - Project Design,Project Design,-1800.0,0,0
SRND Group Ltd,#4861,2025-03-31,2025,,,,,Manual Journal,Sales - Materials - Projection Screens,Projection Screens,-35134.2,0,0
SRND Group Ltd,#4861,2025-03-31,2025,,,,,Manual Journal,Sales,Sales,31000.0,0,0
SRND Group Ltd,#4863,2025-04-01,2025,,,,,Manual Journal,Sales - Materials - Projectors,Projectors,11838.26,0,0
SRND Group Ltd,#4863,2025-04-01,2025,,,,,Manual Journal,Sales - Materials - Projectors,Projectors,4110.51,0,0
SRND Group Ltd,#4863,2025-04-01,2025,,,,,Manual Journal,Sales - Materials - Projector Mounts,Projector Mounts,5544.55,0,0
SRND Group Ltd,#4863,2025-04-01,2025,,,,,Manual Journal,Sales - Services - On Site Services,On Site Services,1011.82,0,0
SRND Group Ltd,#4863,2025-04-01,2025,,,,,Manual Journal,Sales - Materials - Projection Screens,Projection Screens,1965.77,0,0
SRND Group Ltd,#4863,2025-04-01,2025,,,,,Manual Journal,Sales - Materials - Projection Screens,Projection Screens,21658.0,0,0
SRND Group Ltd,#4863,2025-04-01,2025,,,,,Manual Journal,Sales - Materials - Metal Fabric Track,Metal Fabric Track,27240.89,0,0
SRND Group Ltd,#4863,2025-04-01,2025,,,,,Manual Journal,Sales - Materials - Metal Fabric Track,Metal Fabric Track,5349.53,0,0
SRND Group Ltd,#4863,2025-04-01,2025,,,,,Manual Journal,Sales - Services - Project Design,Project Design,1800.0,0,0
SRND Group Ltd,#4863,2025-04-01,2025,,,,,Manual Journal,Sales - Materials - Projection Screens,Projection Screens,35134.2,0,0
SRND Group Ltd,#4863,2025-04-01,2025,,,,,Manual Journal,Sales,Sales,-31000.0,0,0
SRND Group Ltd,#SR241083,2024-09-13,2024,,,5V / AV Concept Products,5V / AV Concept Products,Receivable Invoice,Sales - Materials - Projector Mounts,Projector Mounts,1621.0,1,0
SRND Group Ltd,#SR241084,2024-09-13,2024,,,5V / AV Concept Products,5V / AV Concept Products,Receivable Invoice,Sales - Materials - Plastic Fabric Track,Plastic Fabric Track,251.43,1,0
SRND Group Ltd,#SR241084,2024-09-13,2024,,,5V / AV Concept Products,5V / AV Concept Products,Receivable Invoice,Sales - Materials - Plastic Fabric Track,Plastic Fabric Track,86.7,1,0
SRND Group Ltd,#SR241084,2024-09-13,2024,,,5V / AV Concept Products,5V / AV Concept Products,Receivable Invoice,Sales - Materials - Plastic Fabric Track,Plastic Fabric Track,86.7,1,0
SRND Group Ltd,#SR241167,2025-04-10,2025,,,5V / AV Concept Products,5V / AV Concept Products,Receivable Invoice,SRND Store Sales,SRND Store Sales,907.72,1,0
SRND Group Ltd,#SR241233,2025-09-09,2025,,,5V / AV Concept Products,5V / AV Concept Products,Receivable Invoice,SRND Store Sales,SRND Store Sales,3025.71,1,0
SRND Group Ltd,#SR241044,2024-05-13,2024,,,Absolute Acoustics,Absolute Acoustics,Receivable Invoice,SRND Store Sales,SRND Store Sales,204.7,1,0
SRND Group Ltd,#SR241126,2025-01-15,2025,,,Adair Acoustic Design,Adair Acoustic Design,Receivable Invoice,SRND Store Sales,SRND Store Sales,2350.0,1,0
SRND Group Ltd,#SR241176,2025-05-07,2025,,,Adair Acoustic Design,Adair Acoustic Design,Receivable Invoice,SRND Store Sales,SRND Store Sales,855.0,1,0
SRND Group Ltd,#SR241179,2025-05-09,2025,,,Adair Acoustic Design,Adair Acoustic Design,Receivable Invoice,Sales - Materials - Projector Mounts,Projector Mounts,493.56,1,0
SRND Group Ltd,#SR241179,2025-05-09,2025,,,Adair Acoustic Design,Adair Acoustic Design,Receivable Invoice,Sales - Materials - Projection Screens,Projection Screens,4826.25,1,0
SRND Group Ltd,#SR241210,2025-07-10,2025,,,Adair Acoustic Design,Adair Acoustic Design,Receivable Invoice,SRND Store Sales,SRND Store Sales,2331.0,1,0
SRND Group Ltd,#SR241218,2025-07-24,2025,,,Adair Acoustic Design,Adair Acoustic Design,Receivable Invoice,SRND Store Sales,SRND Store Sales,24700.0,1,0
SRND Group Ltd,#SR241218,2025-07-24,2025,,,Adair Acoustic Design,Adair Acoustic Design,Receivable Invoice,SRND Store Sales,SRND Store Sales,4062.5,1,0
SRND Group Ltd,#SR241342,2026-05-29,2026,,,Adair Acoustic Design,Adair Acoustic Design,Receivable Invoice,SRND Store Sales,SRND Store Sales,889.92,1,0
SRND Group Ltd,#SR241113,2024-12-02,2024,,,Ahmed Marafi,Ahmed Marafi,Receivable Invoice,SRND Store Sales,SRND Store Sales,2350.0,1,0
SRND Group Ltd,#SR241113,2024-12-02,2024,,,Ahmed Marafi,Ahmed Marafi,Receivable Credit Note,SRND Store Sales,SRND Store Sales,-300.0,1,0
SRND Group Ltd,#SR241113,2024-12-02,2024,,,Ahmed Marafi,Ahmed Marafi,Receivable Credit Note,SRND Store Sales,SRND Store Sales,-2350.0,1,0
SRND Group Ltd,#SR241373,2026-07-29,2026,,,Alexander McCaffrey,Alexander McCaffrey,Receivable Invoice,SRND Store Sales,SRND Store Sales,372.3,1,0
SRND Group Ltd,#SR241373,2026-07-29,2026,,,Alexander McCaffrey,Alexander McCaffrey,Receivable Invoice,SRND Store Sales,SRND Store Sales,372.3,1,0
SRND Group Ltd,#SR241110,2024-11-18,2024,,,Aloud AB,Aloud AB,Receivable Invoice,SRND Store Sales,SRND Store Sales,120.0,1,0
SRND Group Ltd,#SR241295,2026-02-17,2026,,,Aluma Tech ltd,Aluma Tech ltd,Receivable Invoice,SRND Store Sales,SRND Store Sales,5.0,1,0
SRND Group Ltd,#SR241311,2026-04-09,2026,,,Aluma Tech ltd,Aluma Tech ltd,Receivable Invoice,SRND Store Sales,SRND Store Sales,5093.09,1,0
SRND Group Ltd,#SR241311,2026-04-09,2026,,,Aluma Tech ltd,Aluma Tech ltd,Receivable Invoice,SRND Store Sales,SRND Store Sales,1708.14,1,0
SRND Group Ltd,#SR241311,2026-04-09,2026,,,Aluma Tech ltd,Aluma Tech ltd,Receivable Invoice,SRND Store Sales,SRND Store Sales,1662.85,1,0
SRND Group Ltd,#SR241311,2026-04-09,2026,,,Aluma Tech ltd,Aluma Tech ltd,Receivable Invoice,SRND Store Sales,SRND Store Sales,290.03,1,0
SRND Group Ltd,#SR241311,2026-04-09,2026,,,Aluma Tech ltd,Aluma Tech ltd,Receivable Invoice,SRND Store Sales,SRND Store Sales,297.63,1,0
SRND Group Ltd,#SR241311,2026-04-09,2026,,,Aluma Tech ltd,Aluma Tech ltd,Receivable Invoice,SRND Store Sales,SRND Store Sales,5820.5,1,0
SRND Group Ltd,#SR241311,2026-04-09,2026,,,Aluma Tech ltd,Aluma Tech ltd,Receivable Invoice,SRND Store Sales,SRND Store Sales,6207.59,1,0
SRND Group Ltd,#SR241311,2026-04-09,2026,,,Aluma Tech ltd,Aluma Tech ltd,Receivable Invoice,SRND Store Sales,SRND Store Sales,1225.88,1,0
SRND Group Ltd,#SR241311,2026-04-09,2026,,,Aluma Tech ltd,Aluma Tech ltd,Receivable Invoice,SRND Store Sales,SRND Store Sales,1037.18,1,0
SRND Group Ltd,#SR241311,2026-04-09,2026,,,Aluma Tech ltd,Aluma Tech ltd,Receivable Invoice,SRND Store Sales,SRND Store Sales,916.33,1,0
SRND Group Ltd,#SR241311,2026-04-09,2026,,,Aluma Tech ltd,Aluma Tech ltd,Receivable Invoice,SRND Store Sales,SRND Store Sales,957.54,1,0
SRND Group Ltd,#SR241311,2026-04-09,2026,,,Aluma Tech ltd,Aluma Tech ltd,Receivable Invoice,SRND Store Sales,SRND Store Sales,1168.92,1,0
SRND Group Ltd,#SR241311,2026-04-09,2026,,,Aluma Tech ltd,Aluma Tech ltd,Receivable Invoice,SRND Store Sales,SRND Store Sales,7106.54,1,0
SRND Group Ltd,#SR241311,2026-04-09,2026,,,Aluma Tech ltd,Aluma Tech ltd,Receivable Invoice,SRND Store Sales,SRND Store Sales,487.55,1,0
SRND Group Ltd,#SR241311,2026-04-09,2026,,,Aluma Tech ltd,Aluma Tech ltd,Receivable Invoice,SRND Store Sales,SRND Store Sales,483.68,1,0
SRND Group Ltd,#SR241334,2026-05-19,2026,,,Aluma Tech ltd,Aluma Tech ltd,Receivable Invoice,SRND Store Sales,SRND Store Sales,5.0,1,0
SRND Group Ltd,#SR241344,2026-06-03,2026,,,Amplified Lifestyles LLC,Amplified Lifestyles LLC,Receivable Invoice,SRND Store Sales,SRND Store Sales,1801.11,1,0
SRND Group Ltd,#SR241344,2026-06-03,2026,,,Amplified Lifestyles LLC,Amplified Lifestyles LLC,Receivable Invoice,SRND Store Sales,SRND Store Sales,237.92,1,0
SRND Group Ltd,#SR241350,2026-06-12,2026,,,Amplified Lifestyles LLC,Amplified Lifestyles LLC,Receivable Invoice,SRND Store Sales,SRND Store Sales,1863.53,1,0
SRND Group Ltd,#SR241050,2024-05-23,2024,,,Amy Thiroff,Amy Thiroff,Receivable Invoice,SRND Store Sales,SRND Store Sales,2118.6,1,0
SRND Group Ltd,#SR241050,2024-05-23,2024,,,Amy Thiroff,Amy Thiroff,Receivable Invoice,SRND Store Sales,SRND Store Sales,150.0,1,0
SRND Group Ltd,#SR241035,2024-04-24,2024,,,Andrzej Gratkowski,Andrzej Gratkowski,Receivable Invoice,Sales - Materials - Projector Mounts,Projector Mounts,4931.82,1,0
SRND Group Ltd,INV-2024/2064,2025-03-20,2025,,,Apex Tech Scotland Ltd / Apex-Tech UK,Apex Tech Scotland Ltd / Apex-Tech UK,Payable Invoice,Sales - Materials - Video Processors,Video Processors,-9415.48,0,0
SRND Group Ltd,INV-2024/2064,2025-03-20,2025,,,Apex Tech Scotland Ltd / Apex-Tech UK,Apex Tech Scotland Ltd / Apex-Tech UK,Payable Invoice,Sales - Materials - Video Processors,Video Processors,500.0,0,0
SRND Group Ltd,#SR241054,2024-06-06,2024,,,Apex Technologies USA LLC,Apex Technologies USA,Receivable Invoice,SRND Store Sales,SRND Store Sales,165.24,1,0
SRND Group Ltd,#SR241106,2024-11-05,2024,,,Apex Technologies USA LLC,Apex Technologies USA,Receivable Invoice,SRND Store Sales,SRND Store Sales,991.44,1,0
SRND Group Ltd,#SR241106,2024-11-05,2024,,,Apex Technologies USA LLC,Apex Technologies USA,Receivable Invoice,SRND Store Sales,SRND Store Sales,153.0,1,0
SRND Group Ltd,#SR241111,2024-11-20,2024,,,Apex Technologies USA LLC,Apex Technologies USA,Receivable Invoice,SRND Store Sales,SRND Store Sales,642.6,1,0
SRND Group Ltd,#SR241134,2025-01-29,2025,,,Apex Technologies USA LLC,Apex Technologies USA,Receivable Invoice,Sales - Materials - LED Tape,LED Tape,4544.1,1,0
SRND Group Ltd,#SR241134,2025-01-29,2025,,,Apex Technologies USA LLC,Apex Technologies USA,Receivable Invoice,Sales - Materials - LED Control and Power,LED Control and Power,153.0,1,0
SRND Group Ltd,#SR241220,2025-07-28,2025,,,Apex Technologies USA LLC,Apex Technologies USA,Receivable Invoice,SRND Store Sales,SRND Store Sales,7180.67,1,0
SRND Group Ltd,#SR241220,2025-07-28,2025,,,Apex Technologies USA LLC,Apex Technologies USA,Receivable Invoice,SRND Store Sales,SRND Store Sales,153.0,1,0
SRND Group Ltd,#SR241170,2025-04-24,2025,,,AV Daksma,AV Daksma,Receivable Invoice,Sales - Materials - Metal Fabric Track,Metal Fabric Track,395.2,1,0
SRND Group Ltd,#SR241170,2025-04-24,2025,,,AV Daksma,AV Daksma,Receivable Invoice,Sales - Materials - Metal Fabric Track,Metal Fabric Track,748.0,1,0
SRND Group Ltd,#SR241170,2025-04-24,2025,,,AV Daksma,AV Daksma,Receivable Invoice,Sales - Materials - Metal Fabric Track,Metal Fabric Track,1040.0,1,0
SRND Group Ltd,#SR241186,2025-05-19,2025,,,AV Daksma,AV Daksma,Receivable Invoice,SRND Store Sales,SRND Store Sales,15953.16,1,0
SRND Group Ltd,#SR241186,2025-05-19,2025,,,AV Daksma,AV Daksma,Receivable Invoice,SRND Store Sales,SRND Store Sales,2103.54,1,0
SRND Group Ltd,#SR241186,2025-05-19,2025,,,AV Daksma,AV Daksma,Receivable Invoice,SRND Store Sales,SRND Store Sales,434.2,1,0
SRND Group Ltd,#SR241186,2025-05-19,2025,,,AV Daksma,AV Daksma,Receivable Invoice,SRND Store Sales,SRND Store Sales,1472.03,1,0
SRND Group Ltd,#SR241263,2025-11-28,2025,,,Barco NV,Barco NV,Receivable Invoice,SRND Store Sales,SRND Store Sales,13068.0,1,0
SRND Group Ltd,#SR241263,2025-11-28,2025,,,Barco NV,Barco NV,Receivable Invoice,SRND Store Sales,SRND Store Sales,2649.0,1,0
SRND Group Ltd,#SR241263,2025-11-28,2025,,,Barco NV,Barco NV,Receivable Invoice,SRND Store Sales,SRND Store Sales,1200.0,1,0
SRND Group Ltd,#SR241017,2024-03-11,2024,,,Base Ltd t/a Genesis AV,Base Ltd t/a Genesis AV,Receivable Invoice,Sales - Materials - Projector Mounts,Projector Mounts,548.4,1,0
SRND Group Ltd,#SR241017,2024-03-11,2024,,,Base Ltd t/a Genesis AV,Base Ltd t/a Genesis AV,Receivable Invoice,Sales - Materials - Projection Screens,Projection Screens,500.0,1,0
SRND Group Ltd,#SR241059,2024-06-27,2024,,,Base Ltd t/a Genesis AV,Base Ltd t/a Genesis AV,Receivable Invoice,Sales - Materials - LED Control and Power,LED Control and Power,499.96,1,0
SRND Group Ltd,#SR241059,2024-06-27,2024,,,Base Ltd t/a Genesis AV,Base Ltd t/a Genesis AV,Receivable Invoice,Sales - Materials - LED Tape,LED Tape,393.17,1,0
SRND Group Ltd,#SR241059,2024-06-27,2024,,,Base Ltd t/a Genesis AV,Base Ltd t/a Genesis AV,Receivable Invoice,Sales - Materials - LED Profile,LED Profile,100.04,1,0
SRND Group Ltd,#SR241059,2024-06-27,2024,,,Base Ltd t/a Genesis AV,Base Ltd t/a Genesis AV,Receivable Invoice,Sales - Materials - LED Control and Power,LED Control and Power,116.5,1,0
SRND Group Ltd,#SR241059,2024-06-27,2024,,,Base Ltd t/a Genesis AV,Base Ltd t/a Genesis AV,Receivable Invoice,Sales - Materials - LED Profile,LED Profile,17.48,1,0
SRND Group Ltd,#SR241059,2024-06-27,2024,,,Base Ltd t/a Genesis AV,Base Ltd t/a Genesis AV,Receivable Invoice,Sales - Materials - LED Profile,LED Profile,17.48,1,0
SRND Group Ltd,#SR241059,2024-06-27,2024,,,Base Ltd t/a Genesis AV,Base Ltd t/a Genesis AV,Receivable Invoice,Sales - Materials - LED Profile,LED Profile,9.71,1,0
SRND Group Ltd,#SR241059,2024-06-27,2024,,,Base Ltd t/a Genesis AV,Base Ltd t/a Genesis AV,Receivable Invoice,Sales - Materials - LED Profile,LED Profile,9.71,1,0
SRND Group Ltd,#SR241190,2025-05-21,2025,,,Base Ltd t/a Genesis AV,Base Ltd t/a Genesis AV,Receivable Invoice,Sales - Materials - Metal Fabric Track,Metal Fabric Track,37114.0,1,0
SRND Group Ltd,#SR241190,2025-05-21,2025,,,Base Ltd t/a Genesis AV,Base Ltd t/a Genesis AV,Receivable Invoice,Sales - Materials - Screen Walls,Screen Walls,8335.8,1,0
SRND Group Ltd,#SR241215,2025-07-22,2025,,,Base Ltd t/a Genesis AV,Base Ltd t/a Genesis AV,Receivable Invoice,SRND Store Sales,SRND Store Sales,1200.0,1,0
SRND Group Ltd,#SR241215,2025-07-22,2025,,,Base Ltd t/a Genesis AV,Base Ltd t/a Genesis AV,Receivable Invoice,SRND Store Sales,SRND Store Sales,6600.0,1,0
SRND Group Ltd,#SR241215,2025-07-22,2025,,,Base Ltd t/a Genesis AV,Base Ltd t/a Genesis AV,Receivable Invoice,SRND Store Sales,SRND Store Sales,3960.0,1,0
SRND Group Ltd,#SR241215,2025-07-22,2025,,,Base Ltd t/a Genesis AV,Base Ltd t/a Genesis AV,Receivable Invoice,SRND Store Sales,SRND Store Sales,8400.0,1,0
SRND Group Ltd,#SR241228,2025-08-20,2025,,,Base Ltd t/a Genesis AV,Base Ltd t/a Genesis AV,Receivable Invoice,SRND Store Sales,SRND Store Sales,202.5,1,0
SRND Group Ltd,#SR241241,2025-09-30,2025,,,Base Ltd t/a Genesis AV,Base Ltd t/a Genesis AV,Receivable Invoice,SRND Store Sales,SRND Store Sales,828.0,1,0
SRND Group Ltd,#SR241244,2025-10-07,2025,,,Base Ltd t/a Genesis AV,Base Ltd t/a Genesis AV,Receivable Invoice,SRND Store Sales,SRND Store Sales,1074.58,1,0
SRND Group Ltd,#SR241244,2025-10-07,2025,,,Base Ltd t/a Genesis AV,Base Ltd t/a Genesis AV,Receivable Invoice,SRND Store Sales,SRND Store Sales,281.25,1,0
SRND Group Ltd,#SR241244,2025-10-07,2025,,,Base Ltd t/a Genesis AV,Base Ltd t/a Genesis AV,Receivable Invoice,SRND Store Sales,SRND Store Sales,1462.5,1,0
SRND Group Ltd,#SR241244,2025-10-07,2025,,,Base Ltd t/a Genesis AV,Base Ltd t/a Genesis AV,Receivable Invoice,SRND Store Sales,SRND Store Sales,750.0,1,0
SRND Group Ltd,#SR241244,2025-10-07,2025,,,Base Ltd t/a Genesis AV,Base Ltd t/a Genesis AV,Receivable Invoice,SRND Store Sales,SRND Store Sales,10500.0,1,0
SRND Group Ltd,#SR241244,2025-10-07,2025,,,Base Ltd t/a Genesis AV,Base Ltd t/a Genesis AV,Receivable Invoice,SRND Store Sales,SRND Store Sales,1162.5,1,0
SRND Group Ltd,#SR241244,2025-10-07,2025,,,Base Ltd t/a Genesis AV,Base Ltd t/a Genesis AV,Receivable Invoice,SRND Store Sales,SRND Store Sales,8577.25,1,0
SRND Group Ltd,#SR241355,2026-06-22,2026,,,Base Ltd t/a Genesis AV,Base Ltd t/a Genesis AV,Receivable Invoice,SRND Store Sales,SRND Store Sales,29791.66,1,0
SRND Group Ltd,#SR241355,2026-06-22,2026,,,Base Ltd t/a Genesis AV,Base Ltd t/a Genesis AV,Receivable Invoice,SRND Store Sales,SRND Store Sales,2816.66,1,0
SRND Group Ltd,#SR241355,2026-06-22,2026,,,Base Ltd t/a Genesis AV,Base Ltd t/a Genesis AV,Receivable Invoice,SRND Store Sales,SRND Store Sales,1170.0,1,0
SRND Group Ltd,#SR241355,2026-06-22,2026,,,Base Ltd t/a Genesis AV,Base Ltd t/a Genesis AV,Receivable Invoice,SRND Store Sales,SRND Store Sales,1170.0,1,0
SRND Group Ltd,#SR241355,2026-06-22,2026,,,Base Ltd t/a Genesis AV,Base Ltd t/a Genesis AV,Receivable Invoice,SRND Store Sales,SRND Store Sales,746.78,1,0
SRND Group Ltd,#SR241355,2026-06-22,2026,,,Base Ltd t/a Genesis AV,Base Ltd t/a Genesis AV,Receivable Invoice,SRND Store Sales,SRND Store Sales,748.97,1,0
SRND Group Ltd,#SR241355,2026-06-22,2026,,,Base Ltd t/a Genesis AV,Base Ltd t/a Genesis AV,Receivable Invoice,SRND Store Sales,SRND Store Sales,750.61,1,0
SRND Group Ltd,#SR241355,2026-06-22,2026,,,Base Ltd t/a Genesis AV,Base Ltd t/a Genesis AV,Receivable Invoice,SRND Store Sales,SRND Store Sales,751.16,1,0
SRND Group Ltd,#SR241355,2026-06-22,2026,,,Base Ltd t/a Genesis AV,Base Ltd t/a Genesis AV,Receivable Invoice,SRND Store Sales,SRND Store Sales,789.48,1,0
SRND Group Ltd,#SR241355,2026-06-22,2026,,,Base Ltd t/a Genesis AV,Base Ltd t/a Genesis AV,Receivable Invoice,SRND Store Sales,SRND Store Sales,745.42,1,0
SRND Group Ltd,#SR241355,2026-06-22,2026,,,Base Ltd t/a Genesis AV,Base Ltd t/a Genesis AV,Receivable Invoice,SRND Store Sales,SRND Store Sales,745.14,1,0
SRND Group Ltd,#SR241355,2026-06-22,2026,,,Base Ltd t/a Genesis AV,Base Ltd t/a Genesis AV,Receivable Invoice,SRND Store Sales,SRND Store Sales,745.69,1,0
SRND Group Ltd,#SR241355,2026-06-22,2026,,,Base Ltd t/a Genesis AV,Base Ltd t/a Genesis AV,Receivable Invoice,SRND Store Sales,SRND Store Sales,749.24,1,0
SRND Group Ltd,#SR241355,2026-06-22,2026,,,Base Ltd t/a Genesis AV,Base Ltd t/a Genesis AV,Receivable Invoice,SRND Store Sales,SRND Store Sales,803.21,1,0
SRND Group Ltd,,2025-01-24,2025,,,Bax-shop.co.uk Ltd,Bax-shop.co.uk Ltd,Spend Money,Sales - Materials - LED Control and Power,LED Control and Power,-198.96,0,0
SRND Group Ltd,#SR241096,2024-10-11,2024,,,Boca Tech and Automation,Boca Tech and Automation,Receivable Invoice,Sales - Materials - Metal Fabric Track,Metal Fabric Track,24422.85,1,0
SRND Group Ltd,#SR241096,2024-10-11,2024,,,Boca Tech and Automation,Boca Tech and Automation,Receivable Invoice,Sales - Services - Project Design,Project Design,2544.89,1,0
SRND Group Ltd,#SR241096,2024-10-11,2024,,,Boca Tech and Automation,Boca Tech and Automation,Receivable Invoice,Sales - Materials - Acoustic Treatment,Acoustic Treatment,795.6,1,0
SRND Group Ltd,#SR241096,2024-10-11,2024,,,Boca Tech and Automation,Boca Tech and Automation,Receivable Invoice,Sales - Materials - Acoustic Treatment,Acoustic Treatment,795.6,1,0
SRND Group Ltd,#SR241096,2024-10-11,2024,,,Boca Tech and Automation,Boca Tech and Automation,Receivable Invoice,Other Revenue,Other Revenue,1508.25,0,0
SRND Group Ltd,#SR241129,2025-01-23,2025,,,Build Station LLC.,Build Station LLC.,Receivable Invoice,Sales - Materials - Plastic Fabric Track,Plastic Fabric Track,1122.0,1,0
SRND Group Ltd,#SR241129,2025-01-23,2025,,,Build Station LLC.,Build Station LLC.,Receivable Invoice,Sales - Materials - Plastic Fabric Track,Plastic Fabric Track,1122.0,1,0
SRND Group Ltd,#SR241129,2025-01-23,2025,,,Build Station LLC.,Build Station LLC.,Receivable Invoice,Sales - Materials - Plastic Fabric Track,Plastic Fabric Track,246.5,1,0
SRND Group Ltd,#SR241129,2025-01-23,2025,,,Build Station LLC.,Build Station LLC.,Receivable Invoice,Sales - Materials - Acoustic Treatment,Acoustic Treatment,390.0,1,0
SRND Group Ltd,#SR241129,2025-01-23,2025,,,Build Station LLC.,Build Station LLC.,Receivable Invoice,Sales - Materials - Acoustic Treatment,Acoustic Treatment,390.0,1,0
SRND Group Ltd,#SR241178,2025-05-09,2025,,,Build Station LLC.,Build Station LLC.,Receivable Invoice,SRND Store Sales,SRND Store Sales,400.18,1,0
SRND Group Ltd,#SR241178,2025-05-09,2025,,,Build Station LLC.,Build Station LLC.,Receivable Invoice,SRND Store Sales,SRND Store Sales,400.18,1,0
SRND Group Ltd,#SR241191,2025-05-27,2025,,,Ciaran Wilkins,Ciaran Wilkins,Receivable Invoice,SRND Store Sales,SRND Store Sales,85.0,1,0
SRND Group Ltd,INV-0165,2025-05-08,2025,,,Cinema Acoustic Treatment Systems Limited,Cinema Acoustic Treatment Systems Limited,Payable Invoice,Sales - Materials - Acoustic Treatment,Acoustic Treatment,-1638.0,0,1
SRND Group Ltd,INV-0165,2025-05-08,2025,,,Cinema Acoustic Treatment Systems Limited,Cinema Acoustic Treatment Systems Limited,Payable Invoice,Sales - Materials - Acoustic Treatment,Acoustic Treatment,-702.0,0,1
SRND Group Ltd,#SR241025,2024-03-27,2024,,,"Cinema Design, s.r.o.","Cinema Design, s.r.o.",Receivable Invoice,Sales - Materials - Metal Fabric Track,Metal Fabric Track,1071.0,1,0
SRND Group Ltd,#SR241025,2024-03-27,2024,,,"Cinema Design, s.r.o.","Cinema Design, s.r.o.",Receivable Invoice,Sales - Materials - Metal Fabric Track,Metal Fabric Track,4614.48,1,0
SRND Group Ltd,#SR241025,2024-03-27,2024,,,"Cinema Design, s.r.o.","Cinema Design, s.r.o.",Receivable Invoice,Sales - Materials - LED Control and Power,LED Control and Power,525.3,1,0
SRND Group Ltd,#SR241024,2024-03-27,2024,,,"Cinema Design, s.r.o.","Cinema Design, s.r.o.",Receivable Invoice,Sales - Materials - Video Processors,Video Processors,6156.11,1,0
SRND Group Ltd,#SR241302,2026-03-05,2026,,,"Cinema Design, s.r.o.","Cinema Design, s.r.o.",Receivable Invoice,SRND Store Sales,SRND Store Sales,2742.85,1,0
SRND Group Ltd,#SR241302,2026-03-05,2026,,,"Cinema Design, s.r.o.","Cinema Design, s.r.o.",Receivable Invoice,SRND Store Sales,SRND Store Sales,1033.7,1,0
SRND Group Ltd,#SR241302,2026-03-05,2026,,,"Cinema Design, s.r.o.","Cinema Design, s.r.o.",Receivable Invoice,SRND Store Sales,SRND Store Sales,1029.12,1,0
SRND Group Ltd,#SR241306,2026-03-12,2026,,,Cinema Solutions by JASE,Cinema Solutions by JASE,Receivable Invoice,SRND Store Sales,SRND Store Sales,1827.0,1,0
SRND Group Ltd,#SR241048,2024-05-16,2024,,,Cinemas & Control Ltd,Cinemas & Control Ltd,Receivable Invoice,Sales - Materials - Video Processors,Video Processors,6706.0,1,0
SRND Group Ltd,#SR241177,2025-05-07,2025,,,Clarke Infinity Ltd,Clarke Infinity Ltd,Receivable Invoice,SRND Store Sales,SRND Store Sales,988.8,1,0
SRND Group Ltd,#SR241033,2024-04-23,2024,,,Clever and Simple,Clever and Simple,Receivable Invoice,Sales - Materials - Speakers,Speakers,375.0,1,0
SRND Group Ltd,#SR241033,2024-04-23,2024,,,Clever and Simple,Clever and Simple,Receivable Invoice,Sales - Materials - Speakers,Speakers,1950.0,1,0
SRND Group Ltd,#SR241034,2024-04-23,2024,,,Clever and Simple,Clever and Simple,Receivable Invoice,Sales - Materials - Speakers,Speakers,150.0,1,0
SRND Group Ltd,#SR241034,2024-04-23,2024,,,Clever and Simple,Clever and Simple,Receivable Invoice,Sales - Materials - Speakers,Speakers,650.0,1,0
SRND Group Ltd,#SR241039,2024-04-29,2024,,,Clever and Simple,Clever and Simple,Receivable Invoice,Sales - Materials - Speakers,Speakers,650.0,1,0
SRND Group Ltd,#SR241039,2024-04-29,2024,,,Clever and Simple,Clever and Simple,Receivable Invoice,Sales - Materials - Speakers,Speakers,150.0,1,0
SRND Group Ltd,#SR241089,2024-09-26,2024,,,Clever Association,Clever Association,Receivable Invoice,SRND Store Sales,SRND Store Sales,200.0,1,0
SRND Group Ltd,#SR241118,2024-12-16,2024,,,Clever Association,Clever Association,Receivable Invoice,SRND Store Sales,SRND Store Sales,390.0,1,0
SRND Group Ltd,#SR241118,2024-12-16,2024,,,Clever Association,Clever Association,Receivable Invoice,SRND Store Sales,SRND Store Sales,780.0,1,0
SRND Group Ltd,#SR241195,2025-06-03,2025,,,clic2control limited,clic2control limited,Receivable Invoice,Sales - Materials - Projectors,Projectors,5362.5,1,0
SRND Group Ltd,#SR241195,2025-06-03,2025,,,clic2control limited,clic2control limited,Receivable Invoice,Sales - Materials - Projectors,Projectors,12675.0,1,0
SRND Group Ltd,#SR241056,2024-06-20,2024,,,Community UK Limited - T/A CUK Group,Community UK Limited - T/A CUK Group,Receivable Invoice,Sales - Materials - Screen Walls,Screen Walls,8296.8,1,0
SRND Group Ltd,#SR241056,2024-06-20,2024,,,Community UK Limited - T/A CUK Group,Community UK Limited - T/A CUK Group,Receivable Invoice,Sales - Materials - Metal Fabric Track,Metal Fabric Track,14968.6,1,0
SRND Group Ltd,#SR241056,2024-06-20,2024,,,Community UK Limited - T/A CUK Group,Community UK Limited - T/A CUK Group,Receivable Invoice,Sales - Materials - Metal Fabric Track,Metal Fabric Track,8085.0,1,0
SRND Group Ltd,#SR241056,2024-06-20,2024,,,Community UK Limited - T/A CUK Group,Community UK Limited - T/A CUK Group,Receivable Invoice,Sales - Materials - LED Tape,LED Tape,5397.92,1,0
SRND Group Ltd,#SR241056,2024-06-20,2024,,,Community UK Limited - T/A CUK Group,Community UK Limited - T/A CUK Group,Receivable Invoice,Sales - Materials - Speakers,Speakers,1500.0,1,0
SRND Group Ltd,#SR241072,2024-08-07,2024,,,Community UK Limited - T/A CUK Group,Community UK Limited - T/A CUK Group,Receivable Invoice,Sales - Materials - Metal Fabric Track,Metal Fabric Track,15771.95,1,0
SRND Group Ltd,#SR241072,2024-08-07,2024,,,Community UK Limited - T/A CUK Group,Community UK Limited - T/A CUK Group,Receivable Invoice,Sales - Materials - Screen Walls,Screen Walls,750.0,1,0
SRND Group Ltd,#SR241072,2024-08-07,2024,,,Community UK Limited - T/A CUK Group,Community UK Limited - T/A CUK Group,Receivable Invoice,Sales - Materials - Metal Fabric Track,Metal Fabric Track,1650.0,1,0
SRND Group Ltd,#SR241072,2024-08-07,2024,,,Community UK Limited - T/A CUK Group,Community UK Limited - T/A CUK Group,Receivable Invoice,Sales - Materials - LED Tape,LED Tape,1849.98,1,0
SRND Group Ltd,#SR241072,2024-08-07,2024,,,Community UK Limited - T/A CUK Group,Community UK Limited - T/A CUK Group,Receivable Invoice,Sales - Materials - LED Tape,LED Tape,1450.02,1,0
SRND Group Ltd,#SR241164,2025-04-07,2025,,,Concept Electrical Installations SL,Concept Electrical Installations SL,Receivable Invoice,SRND Store Sales,SRND Store Sales,525.3,1,0
SRND Group Ltd,#SR241042,2024-04-29,2024,,,Cornflake,Cornflake,Receivable Invoice,Sales - Materials - Projectors,Projectors,22750.0,1,0
SRND Group Ltd,#SR241069,2024-07-31,2024,,,Cornflake,Cornflake,Receivable Invoice,SRND Store Sales,SRND Store Sales,360.0,1,0
SRND Group Ltd,#SR241087,2024-09-16,2024,,,Cornflake,Cornflake,Receivable Invoice,Sales - Materials - Projection Screens,Projection Screens,2331.0,1,0
SRND Group Ltd,#SR241087,2024-09-16,2024,,,Cornflake,Cornflake,Receivable Invoice,Sales - Materials - Projector Mounts,Projector Mounts,2118.6,1,0
SRND Group Ltd,#SR241087,2024-09-16,2024,,,Cornflake,Cornflake,Receivable Invoice,Sales - Materials - Acoustic Treatment,Acoustic Treatment,1560.0,1,0
SRND Group Ltd,#SR241108,2024-11-08,2024,,,Cornflake,Cornflake,Receivable Invoice,SRND Store Sales,SRND Store Sales,667.22,1,0
SRND Group Ltd,#SR241133,2025-01-29,2025,,,Cornflake,Cornflake,Receivable Invoice,Sales - Materials - Acoustic Treatment,Acoustic Treatment,390.0,1,0
SRND Group Ltd,#SR241133,2025-01-29,2025,,,Cornflake,Cornflake,Receivable Invoice,Sales - Materials - Acoustic Treatment,Acoustic Treatment,1950.0,1,0
SRND Group Ltd,#SR241133,2025-01-29,2025,,,Cornflake,Cornflake,Receivable Invoice,Sales - Materials - Airflow,Airflow,2046.0,1,0
SRND Group Ltd,#SR241133,2025-01-29,2025,,,Cornflake,Cornflake,Receivable Invoice,Sales - Materials - Airflow,Airflow,730.8,1,0
SRND Group Ltd,#SR241133,2025-01-29,2025,,,Cornflake,Cornflake,Receivable Invoice,Sales - Materials - Projector Mounts,Projector Mounts,3884.4,1,0
SRND Group Ltd,#SR241144,2025-02-21,2025,,,Cornflake,Cornflake,Receivable Invoice,SRND Store Sales,SRND Store Sales,353.4,1,0
SRND Group Ltd,#SR241144,2025-02-21,2025,,,Cornflake,Cornflake,Receivable Invoice,SRND Store Sales,SRND Store Sales,424.2,1,0
SRND Group Ltd,#SR241168,2025-04-15,2025,,,Cornflake,Cornflake,Receivable Invoice,Sales - Materials - Projection Screens,Projection Screens,12747.6,1,0
SRND Group Ltd,#SR241168,2025-04-15,2025,,,Cornflake,Cornflake,Receivable Invoice,Sales - Materials - Projector Mounts,Projector Mounts,1765.8,1,0
SRND Group Ltd,#SR241180,2025-05-13,2025,,,Cornflake,Cornflake,Receivable Invoice,SRND Store Sales,SRND Store Sales,120.0,1,0
SRND Group Ltd,#SR241194,2025-05-28,2025,,,Cornflake,Cornflake,Receivable Invoice,Sales - Materials - Projectors,Projectors,7261.36,1,0
SRND Group Ltd,#SR241194,2025-05-28,2025,,,Cornflake,Cornflake,Receivable Invoice,Sales - Materials - Projectors,Projectors,745.12,1,0
SRND Group Ltd,#SR241194,2025-05-28,2025,,,Cornflake,Cornflake,Receivable Invoice,Sales - Services - On Site Services,On Site Services,4800.0,1,0
SRND Group Ltd,#SR241194,2025-06-25,2025,,,Cornflake,Cornflake,Receivable Credit Note,SRND Store Sales,SRND Store Sales,-3200.0,1,0
SRND Group Ltd,#SR241202,2025-06-25,2025,,,Cornflake,Cornflake,Receivable Invoice,Sales - Materials - Projectors,Projectors,26674.7,1,0
SRND Group Ltd,#SR241202,2025-06-25,2025,,,Cornflake,Cornflake,Receivable Invoice,Sales - Materials - Projectors,Projectors,4062.5,1,0
SRND Group Ltd,#SR241239,2025-09-29,2025,,,Cornflake,Cornflake,Receivable Invoice,SRND Store Sales,SRND Store Sales,3791.08,1,0
SRND Group Ltd,#SR241239,2025-09-29,2025,,,Cornflake,Cornflake,Receivable Invoice,SRND Store Sales,SRND Store Sales,1000.0,1,0
SRND Group Ltd,#SR241255,2025-11-11,2025,,,Cornflake,Cornflake,Receivable Invoice,SRND Store Sales,SRND Store Sales,10684.16,1,0
SRND Group Ltd,#SR241255,2025-11-11,2025,,,Cornflake,Cornflake,Receivable Invoice,SRND Store Sales,SRND Store Sales,1775.66,1,0
SRND Group Ltd,#SR241255,2025-11-11,2025,,,Cornflake,Cornflake,Receivable Invoice,SRND Store Sales,SRND Store Sales,905.18,1,0
SRND Group Ltd,#SR241255,2025-11-11,2025,,,Cornflake,Cornflake,Receivable Invoice,SRND Store Sales,SRND Store Sales,905.18,1,0
SRND Group Ltd,#SR241255,2025-11-11,2025,,,Cornflake,Cornflake,Receivable Invoice,SRND Store Sales,SRND Store Sales,905.18,1,0
SRND Group Ltd,#SR241255,2025-11-11,2025,,,Cornflake,Cornflake,Receivable Invoice,SRND Store Sales,SRND Store Sales,1709.78,1,0
SRND Group Ltd,#SR241255,2025-11-11,2025,,,Cornflake,Cornflake,Receivable Invoice,SRND Store Sales,SRND Store Sales,754.31,1,0
SRND Group Ltd,#SR241255,2025-11-11,2025,,,Cornflake,Cornflake,Receivable Invoice,SRND Store Sales,SRND Store Sales,2514.4,1,0
SRND Group Ltd,#SR241255,2025-11-11,2025,,,Cornflake,Cornflake,Receivable Invoice,SRND Store Sales,SRND Store Sales,1584.07,1,0
SRND Group Ltd,#SR241255,2025-11-11,2025,,,Cornflake,Cornflake,Receivable Invoice,SRND Store Sales,SRND Store Sales,1508.64,1,0
SRND Group Ltd,#SR241255,2025-11-11,2025,,,Cornflake,Cornflake,Receivable Invoice,SRND Store Sales,SRND Store Sales,3645.88,1,0
SRND Group Ltd,#SR241255,2025-11-11,2025,,,Cornflake,Cornflake,Receivable Invoice,SRND Store Sales,SRND Store Sales,1382.92,1,0
SRND Group Ltd,#SR241255,2025-11-11,2025,,,Cornflake,Cornflake,Receivable Invoice,SRND Store Sales,SRND Store Sales,838.14,1,0
SRND Group Ltd,#SR241260,2025-11-27,2025,,,Cornflake,Cornflake,Receivable Invoice,SRND Store Sales,SRND Store Sales,1100.0,1,0
SRND Group Ltd,#SR241260,2025-11-27,2025,,,Cornflake,Cornflake,Receivable Invoice,SRND Store Sales,SRND Store Sales,1000.0,1,0
SRND Group Ltd,#SR241260,2025-11-27,2025,,,Cornflake,Cornflake,Receivable Invoice,SRND Store Sales,SRND Store Sales,1000.0,1,0
SRND Group Ltd,#SR241260,2025-11-27,2025,,,Cornflake,Cornflake,Receivable Invoice,SRND Store Sales,SRND Store Sales,500.0,1,0
SRND Group Ltd,#SR241260,2025-11-27,2025,,,Cornflake,Cornflake,Receivable Invoice,SRND Store Sales,SRND Store Sales,750.0,1,0
SRND Group Ltd,#SR241260,2025-11-27,2025,,,Cornflake,Cornflake,Receivable Invoice,SRND Store Sales,SRND Store Sales,750.0,1,0
SRND Group Ltd,#SR241260,2025-11-27,2025,,,Cornflake,Cornflake,Receivable Invoice,SRND Store Sales,SRND Store Sales,500.0,1,0
SRND Group Ltd,#SR241012,2024-02-23,2024,,,cornfllake,cornfllake,Receivable Invoice,Sales - Materials - Projection Screens,Projection Screens,14689.8,1,0
SRND Group Ltd,#SR241012,2024-02-23,2024,,,cornfllake,cornfllake,Receivable Invoice,Sales - Materials - Projector Mounts,Projector Mounts,921.0,1,0
SRND Group Ltd,#SR241139,2025-02-15,2025,,,Cotswolds AV Limited,Cotswolds AV Limited,Receivable Invoice,SRND Store Sales,SRND Store Sales,2040.0,1,0
SRND Group Ltd,#SR241146,2025-02-25,2025,,,Custom Sight & Sound Ltd,Custom Sight & Sound Ltd,Receivable Invoice,Sales - Materials - Projector Mounts,Projector Mounts,1827.0,1,0
SRND Group Ltd,#SR241146,2025-02-25,2025,,,Custom Sight & Sound Ltd,Custom Sight & Sound Ltd,Receivable Invoice,Sales - Materials - Projector Mounts,Projector Mounts,1765.8,1,0
SRND Group Ltd,#SR241026,2024-04-02,2024,,,Daniel Crick,Daniel Crick,Receivable Invoice,Sales - Materials - Plastic Fabric Track,Plastic Fabric Track,290.0,1,0
SRND Group Ltd,#SR241112,2024-11-20,2024,,,De Opera Domotica,De Opera Domotica,Receivable Invoice,SRND Store Sales,SRND Store Sales,1051.56,1,0
SRND Group Ltd,#SR241152,2025-03-17,2025,,,De Opera Domotica,De Opera Domotica,Receivable Invoice,Sales - Materials - Projector Mounts,Projector Mounts,1859.99,1,0
SRND Group Ltd,#SR241152,2025-03-17,2025,,,De Opera Domotica,De Opera Domotica,Receivable Invoice,Sales - Materials - Projector Mounts,Projector Mounts,590.08,1,0
SRND Group Ltd,#SR241173,2025-04-29,2025,,,De Opera Domotica,De Opera Domotica,Receivable Invoice,Other Revenue,Other Revenue,606.53,0,0
SRND Group Ltd,#SR241173,2025-04-29,2025,,,De Opera Domotica,De Opera Domotica,Receivable Invoice,Sales - Materials - Speakers,Speakers,849.16,1,0
SRND Group Ltd,#SR241173,2025-04-29,2025,,,De Opera Domotica,De Opera Domotica,Receivable Invoice,Sales - Materials - Speakers,Speakers,5822.72,1,0
SRND Group Ltd,#SR241173,2025-04-29,2025,,,De Opera Domotica,De Opera Domotica,Receivable Invoice,Sales - Materials - Speakers,Speakers,1455.68,1,0
SRND Group Ltd,#SR241173,2025-04-29,2025,,,De Opera Domotica,De Opera Domotica,Receivable Invoice,Sales - Materials - Audio Amplfiers,Audio Amplfiers,5094.88,1,0
SRND Group Ltd,#SR241173,2025-04-29,2025,,,De Opera Domotica,De Opera Domotica,Receivable Invoice,Sales - Materials - LED Profile,LED Profile,2350.32,1,0
SRND Group Ltd,#SR241173,2025-04-29,2025,,,De Opera Domotica,De Opera Domotica,Receivable Invoice,Sales - Materials - LED Control and Power,LED Control and Power,520.61,1,0
SRND Group Ltd,#SR241173,2025-04-29,2025,,,De Opera Domotica,De Opera Domotica,Receivable Invoice,Sales - Materials - LED Control and Power,LED Control and Power,485.24,1,0
SRND Group Ltd,#SR241173,2025-04-29,2025,,,De Opera Domotica,De Opera Domotica,Receivable Invoice,Sales - Materials - LED Control and Power,LED Control and Power,6065.31,1,0
SRND Group Ltd,#SR241173,2025-04-29,2025,,,De Opera Domotica,De Opera Domotica,Receivable Invoice,Sales - Materials - LED Control and Power,LED Control and Power,379.08,1,0
SRND Group Ltd,#SR241173,2025-04-29,2025,,,De Opera Domotica,De Opera Domotica,Receivable Invoice,Sales - Services - Project Design,Project Design,505.44,1,0
SRND Group Ltd,#SR241173,2025-04-29,2025,,,De Opera Domotica,De Opera Domotica,Receivable Invoice,Other Revenue,Other Revenue,1010.88,0,0
SRND Group Ltd,#SR241173,2025-04-29,2025,,,De Opera Domotica,De Opera Domotica,Receivable Invoice,Sales - Materials - LED Tape,LED Tape,818.8,1,0
SRND Group Ltd,#SR241213,2025-07-17,2025,,,De Opera Domotica,De Opera Domotica,Receivable Invoice,SRND Store Sales,SRND Store Sales,929.43,1,0
SRND Group Ltd,#SR241234,2025-09-12,2025,,,De Opera Domotica,De Opera Domotica,Receivable Invoice,SRND Store Sales,SRND Store Sales,367.2,1,0
SRND Group Ltd,#SR241278,2026-01-12,2026,,,De Opera Domotica,De Opera Domotica,Receivable Invoice,SRND Store Sales,SRND Store Sales,7745.0,1,0
SRND Group Ltd,#SR241285,2026-02-04,2026,,,De Opera Domotica,De Opera Domotica,Receivable Invoice,SRND Store Sales,SRND Store Sales,3390.42,1,0
SRND Group Ltd,#SR241322,2026-05-04,2026,,,De Opera Domotica,De Opera Domotica,Receivable Invoice,SRND Store Sales,SRND Store Sales,206.34,1,0
SRND Group Ltd,#SR241336,2026-05-27,2026,,,De Opera Domotica,De Opera Domotica,Receivable Invoice,SRND Store Sales,SRND Store Sales,929.43,1,0
SRND Group Ltd,#SR241358,2026-06-29,2026,,,De Opera Domotica,De Opera Domotica,Receivable Invoice,SRND Store Sales,SRND Store Sales,516.35,1,0
SRND Group Ltd,#SR241375,2026-08-01,2026,,,De Opera Domotica,De Opera Domotica,Receivable Invoice,SRND Store Sales,SRND Store Sales,309.81,1,0
SRND Group Ltd,,2025-04-29,2025,,,De Opera Domotica B.V.,De Opera Domotica B.V.,Receive Money,Sales,Sales,228.93,1,0
SRND Group Ltd,#SR241299,2026-02-25,2026,,,Dellicompagni,Dellicompagni,Receivable Invoice,SRND Store Sales,SRND Store Sales,12994.8,1,0
SRND Group Ltd,#SR241317,2026-04-20,2026,,,Dellicompagni,Dellicompagni,Receivable Invoice,SRND Store Sales,SRND Store Sales,12994.8,1,0
SRND Group Ltd,#SR241313,2026-04-13,2026,,,Desisti Asia Pte. Ltd.,Desisti Asia Pte. Ltd.,Receivable Invoice,SRND Store Sales,SRND Store Sales,28284.0,1,0
SRND Group Ltd,#SR241138,2025-02-11,2025,,,DIFUSIONA SL,DIFUSIONA SL,Receivable Invoice,Sales - Materials - LED Tape,LED Tape,32153.8,1,0
SRND Group Ltd,#SR241138,2025-02-11,2025,,,DIFUSIONA SL,DIFUSIONA SL,Receivable Invoice,Sales - Materials - LED Control and Power,LED Control and Power,8150.0,1,0
SRND Group Ltd,#SR241138,2025-02-11,2025,,,DIFUSIONA SL,DIFUSIONA SL,Receivable Invoice,Sales - Services - Project Design,Project Design,3000.0,1,0
SRND Group Ltd,#SR241138,2025-02-11,2025,,,DIFUSIONA SL,DIFUSIONA SL,Receivable Invoice,Sales - Services - Project Services,Project Services,3200.0,1,0
SRND Group Ltd,#SR241207,2025-07-07,2025,,,Dinis Coelho Lda,Dinis Coelho Lda,Receivable Invoice,SRND Store Sales,SRND Store Sales,5513.08,1,0
SRND Group Ltd,#SR241207,2025-07-07,2025,,,Dinis Coelho Lda,Dinis Coelho Lda,Receivable Invoice,SRND Store Sales,SRND Store Sales,735.23,1,0
SRND Group Ltd,#SR241207,2025-07-07,2025,,,Dinis Coelho Lda,Dinis Coelho Lda,Receivable Invoice,SRND Store Sales,SRND Store Sales,2058.42,1,0
SRND Group Ltd,#SR241248,2025-10-20,2025,,,Dinis Coelho Lda,Dinis Coelho Lda,Receivable Invoice,SRND Store Sales,SRND Store Sales,1863.53,1,0
SRND Group Ltd,#SR241248,2025-10-20,2025,,,Dinis Coelho Lda,Dinis Coelho Lda,Receivable Invoice,SRND Store Sales,SRND Store Sales,2160.97,1,0
SRND Group Ltd,#SR241248,2025-10-20,2025,,,Dinis Coelho Lda,Dinis Coelho Lda,Receivable Invoice,SRND Store Sales,SRND Store Sales,2086.92,1,0
SRND Group Ltd,#SR241248,2025-10-20,2025,,,Dinis Coelho Lda,Dinis Coelho Lda,Receivable Invoice,SRND Store Sales,SRND Store Sales,745.41,1,0
SRND Group Ltd,2254,2024-02-01,2024,,,Display Technologies Limited,Display Technologies Limited,Payable Invoice,Sales - Materials - Projector Mounts,Projector Mounts,-1187.55,0,0
SRND Group Ltd,2302,2024-04-24,2024,,,Display Technologies Limited,Display Technologies Limited,Payable Invoice,Sales - Materials - Projector Mounts,Projector Mounts,-3561.87,0,0
SRND Group Ltd,2301,2024-04-24,2024,,,Display Technologies Limited,Display Technologies Limited,Payable Invoice,Sales - Materials - Projector Mounts,Projector Mounts,-1147.77,0,0
SRND Group Ltd,DT#1051,2024-08-23,2024,,,Display Technologies Limited,Display Technologies Limited,Payable Invoice,Sales - Materials - Projector Mounts,Projector Mounts,-356.46,0,0
SRND Group Ltd,DT#1079,2024-10-02,2024,,,Display Technologies Limited,Display Technologies Limited,Payable Invoice,Sales - Materials - Projection Screens,Projection Screens,-1652.82,0,0
SRND Group Ltd,DT#1088,2024-10-24,2024,,,Display Technologies Limited,Display Technologies Limited,Payable Invoice,Sales - Materials - Projection Screens,Projection Screens,-2479.23,0,0
SRND Group Ltd,DT#1149,2025-03-11,2025,,,Display Technologies Limited,Display Technologies Limited,Payable Invoice,Sales - Materials - Projector Mounts,Projector Mounts,-1187.55,0,0
SRND Group Ltd,INV-0670,2025-04-30,2025,,,Display Technologies Limited,Display Technologies Limited,Payable Invoice,Sales - Materials - Metal Fabric Track,Metal Fabric Track,-12035.0,0,0
SRND Group Ltd,DT#1185,2025-05-09,2025,,,Display Technologies Limited,Display Technologies Limited,Payable Invoice,Sales - Materials - Projection Screens,Projection Screens,-4102.33,0,0
SRND Group Ltd,DT#1219,2025-07-10,2025,,,Display Technologies Limited,Display Technologies Limited,Payable Invoice,Sales - Materials - Projection Screens,Projection Screens,-1515.15,0,0
SRND Group Ltd,INV-0685,2026-01-06,2026,,,Display Technologies Limited,Display Technologies Limited,Payable Invoice,Sales,Sales,-1877.17,0,0
SRND Group Ltd,#SR241063,2024-07-03,2024,,,DREAMCINEMA,DREAMCINEMA,Receivable Invoice,SRND Store Sales,SRND Store Sales,548.4,1,0
SRND Group Ltd,,2026-03-30,2026,,,eBay,eBay,Receive Money,Sales,Sales,70.0,1,0
SRND Group Ltd,#SR241203,2025-06-26,2025,,,Elektropartners BV,Elektropartners BV,Receivable Invoice,SRND Store Sales,SRND Store Sales,407.36,1,0
SRND Group Ltd,#SR241203,2025-06-26,2025,,,Elektropartners BV,Elektropartners BV,Receivable Invoice,SRND Store Sales,SRND Store Sales,103.21,1,0
SRND Group Ltd,#SR241022,2024-03-26,2024,,,Elergy Ltd,Elergy Ltd,Receivable Invoice,Sales - Materials - Plastic Fabric Track,Plastic Fabric Track,255.04,1,0
SRND Group Ltd,#SR241262,2025-11-28,2025,,,Elergy Ltd,Elergy Ltd,Receivable Invoice,SRND Store Sales,SRND Store Sales,2163.53,1,0
SRND Group Ltd,#SR241270,2025-12-16,2025,,,Elergy Ltd,Elergy Ltd,Receivable Invoice,SRND Store Sales,SRND Store Sales,3366.0,1,0
SRND Group Ltd,#SR241270,2025-12-16,2025,,,Elergy Ltd,Elergy Ltd,Receivable Invoice,SRND Store Sales,SRND Store Sales,1591.2,1,0
SRND Group Ltd,#SR241270,2025-12-16,2025,,,Elergy Ltd,Elergy Ltd,Receivable Invoice,SRND Store Sales,SRND Store Sales,795.6,1,0
SRND Group Ltd,#SR241270,2025-12-16,2025,,,Elergy Ltd,Elergy Ltd,Receivable Invoice,SRND Store Sales,SRND Store Sales,4394.16,1,0
SRND Group Ltd,#SR241270,2025-12-16,2025,,,Elergy Ltd,Elergy Ltd,Receivable Invoice,SRND Store Sales,SRND Store Sales,645.55,1,0
SRND Group Ltd,#SR241270,2025-12-16,2025,,,Elergy Ltd,Elergy Ltd,Receivable Invoice,SRND Store Sales,SRND Store Sales,796.39,1,0
SRND Group Ltd,#SR241270,2025-12-16,2025,,,Elergy Ltd,Elergy Ltd,Receivable Invoice,SRND Store Sales,SRND Store Sales,2794.35,1,0
SRND Group Ltd,#SR241270,2025-12-16,2025,,,Elergy Ltd,Elergy Ltd,Receivable Invoice,SRND Store Sales,SRND Store Sales,1130.12,1,0
SRND Group Ltd,#SR241270,2025-12-16,2025,,,Elergy Ltd,Elergy Ltd,Receivable Invoice,SRND Store Sales,SRND Store Sales,854.23,1,0
SRND Group Ltd,#SR241270,2025-12-16,2025,,,Elergy Ltd,Elergy Ltd,Receivable Invoice,SRND Store Sales,SRND Store Sales,699.57,1,0
SRND Group Ltd,#SR241270,2025-12-16,2025,,,Elergy Ltd,Elergy Ltd,Receivable Invoice,SRND Store Sales,SRND Store Sales,1037.78,1,0
SRND Group Ltd,#SR241270,2025-12-16,2025,,,Elergy Ltd,Elergy Ltd,Receivable Invoice,SRND Store Sales,SRND Store Sales,696.54,1,0
SRND Group Ltd,#SR241270,2025-12-16,2025,,,Elergy Ltd,Elergy Ltd,Receivable Invoice,SRND Store Sales,SRND Store Sales,1469.62,1,0
SRND Group Ltd,#SR241270,2025-12-16,2025,,,Elergy Ltd,Elergy Ltd,Receivable Invoice,SRND Store Sales,SRND Store Sales,1189.32,1,0
SRND Group Ltd,#SR241031,2024-04-16,2024,,,Environ Audio Ltd,Environ Audio Ltd,Receivable Invoice,Sales - Materials - Acoustic Treatment,Acoustic Treatment,3300.0,1,0
SRND Group Ltd,#SR241031,2024-04-16,2024,,,Environ Audio Ltd,Environ Audio Ltd,Receivable Invoice,Sales - Materials - Acoustic Treatment,Acoustic Treatment,1170.0,1,0
SRND Group Ltd,#SR241031,2024-04-16,2024,,,Environ Audio Ltd,Environ Audio Ltd,Receivable Invoice,Sales - Materials - Acoustic Treatment,Acoustic Treatment,2340.0,1,0
SRND Group Ltd,#SR241308,2026-03-26,2026,,,Essex Services Group LTD,Essex Services Group LTD,Receivable Invoice,SRND Store Sales,SRND Store Sales,11694.0,1,0
SRND Group Ltd,#SR241102,2024-10-23,2024,,,FAO Beyond Habitat,FAO Beyond Habitat,Receivable Invoice,SRND Store Sales,SRND Store Sales,3814.2,1,0
SRND Group Ltd,#SR241378,2026-08-07,2026,,,Forte Sweden AB,Forte Sweden AB,Receivable Invoice,SRND Store Sales,SRND Store Sales,1795.75,1,0
SRND Group Ltd,#SR241254,2025-11-07,2025,,,Fresia Media,Fresia Media,Receivable Invoice,SRND Store Sales,SRND Store Sales,795.6,1,0
SRND Group Ltd,#SR241254,2025-11-07,2025,,,Fresia Media,Fresia Media,Receivable Invoice,SRND Store Sales,SRND Store Sales,1346.4,1,0
SRND Group Ltd,#SR241329,2026-05-12,2026,,,Future Audio,Future Audio,Receivable Invoice,SRND Store Sales,SRND Store Sales,120.0,1,0
SRND Group Ltd,#SR241247,2025-10-16,2025,,,Genesis AV,Genesis AV,Receivable Invoice,SRND Store Sales,SRND Store Sales,202.5,1,0
SRND Group Ltd,#SR241116,2024-12-09,2024,,,"GF Management Company, LLC","GF Management Company, LLC",Receivable Invoice,SRND Store Sales,SRND Store Sales,537.65,1,0
SRND Group Ltd,#SR241116,2024-12-09,2024,,,"GF Management Company, LLC","GF Management Company, LLC",Receivable Invoice,SRND Store Sales,SRND Store Sales,661.58,1,0
SRND Group Ltd,#SR241052,2024-05-24,2024,,,Grahams Hi-Fi Ltd,Grahams Hi-Fi Ltd,Receivable Invoice,SRND Store Sales,SRND Store Sales,100.0,1,0
SRND Group Ltd,#SR241091,2024-10-01,2024,,,Green Bean Carib Ltd,Green Bean Carib Ltd,Receivable Invoice,Sales - Materials - Audio Amplfiers,Audio Amplfiers,6440.0,1,0
SRND Group Ltd,#SR241091,2024-10-01,2024,,,Green Bean Carib Ltd,Green Bean Carib Ltd,Receivable Invoice,Sales - Materials - Audio Amplfiers,Audio Amplfiers,2730.0,1,0
SRND Group Ltd,#SR241091,2024-10-01,2024,,,Green Bean Carib Ltd,Green Bean Carib Ltd,Receivable Invoice,Sales - Materials - Speakers,Speakers,960.0,1,0
SRND Group Ltd,#SR241091,2024-10-01,2024,,,Green Bean Carib Ltd,Green Bean Carib Ltd,Receivable Invoice,Sales - Materials - Speakers,Speakers,960.0,1,0
SRND Group Ltd,#SR241091,2024-10-01,2024,,,Green Bean Carib Ltd,Green Bean Carib Ltd,Receivable Invoice,Sales - Materials - Speakers,Speakers,960.0,1,0
SRND Group Ltd,#SR241091,2024-10-01,2024,,,Green Bean Carib Ltd,Green Bean Carib Ltd,Receivable Invoice,Sales - Materials - Speakers,Speakers,3960.0,1,0
SRND Group Ltd,#SR241091,2024-10-01,2024,,,Green Bean Carib Ltd,Green Bean Carib Ltd,Receivable Invoice,Sales - Materials - Speakers,Speakers,2880.0,1,0
SRND Group Ltd,#SR241091,2024-10-01,2024,,,Green Bean Carib Ltd,Green Bean Carib Ltd,Receivable Invoice,Sales - Materials - Speakers,Speakers,3000.0,1,0
SRND Group Ltd,#SR241091,2024-10-01,2024,,,Green Bean Carib Ltd,Green Bean Carib Ltd,Receivable Invoice,Sales - Materials - Speakers,Speakers,1920.0,1,0
SRND Group Ltd,#SR241091,2024-10-01,2024,,,Green Bean Carib Ltd,Green Bean Carib Ltd,Receivable Invoice,Sales - Materials - Speakers,Speakers,270.0,1,0
SRND Group Ltd,#SR241091,2024-10-01,2024,,,Green Bean Carib Ltd,Green Bean Carib Ltd,Receivable Invoice,Sales - Materials - Speakers,Speakers,324.0,1,0
SRND Group Ltd,#SR241091,2024-10-01,2024,,,Green Bean Carib Ltd,Green Bean Carib Ltd,Receivable Invoice,Sales - Materials - Projectors,Projectors,25707.5,1,0
SRND Group Ltd,#SR241091,2024-10-01,2024,,,Green Bean Carib Ltd,Green Bean Carib Ltd,Receivable Invoice,Sales - Materials - Projection Screens,Projection Screens,4308.0,1,0
SRND Group Ltd,#SR241301,2026-03-05,2026,,,Green Bean Carib Ltd,Green Bean Carib Ltd,Receivable Invoice,SRND Store Sales,SRND Store Sales,3000.0,1,0
SRND Group Ltd,#SR241362,2026-07-07,2026,,,Green Bean Carib Ltd,Green Bean Carib Ltd,Receivable Invoice,SRND Store Sales,SRND Store Sales,548.4,1,0
SRND Group Ltd,#SR241363,2026-07-08,2026,,,Green Bean Carib Ltd,Green Bean Carib Ltd,Receivable Invoice,SRND Store Sales,SRND Store Sales,155.41,1,0
SRND Group Ltd,#SR241015,2024-03-04,2024,,,Green Bean Limited,Green Bean Limited,Receivable Invoice,Sales - Materials - Acoustic Treatment,Acoustic Treatment,1320.0,1,0
SRND Group Ltd,#SR241015,2024-03-04,2024,,,Green Bean Limited,Green Bean Limited,Receivable Invoice,Sales - Materials - Acoustic Treatment,Acoustic Treatment,1560.0,1,0
SRND Group Ltd,#SR241015,2024-03-04,2024,,,Green Bean Limited,Green Bean Limited,Receivable Invoice,Sales - Materials - Acoustic Treatment,Acoustic Treatment,1560.0,1,0
SRND Group Ltd,#SR241015,2024-03-04,2024,,,Green Bean Limited,Green Bean Limited,Receivable Invoice,Sales - Materials - LED Tape,LED Tape,150.0,1,0
SRND Group Ltd,#SR241015,2024-03-04,2024,,,Green Bean Limited,Green Bean Limited,Receivable Invoice,Sales - Materials - Metal Fabric Track,Metal Fabric Track,10587.5,1,0
SRND Group Ltd,#SR241015,2024-03-04,2024,,,Green Bean Limited,Green Bean Limited,Receivable Invoice,Sales - Materials - LED Profile,LED Profile,3000.0,1,0
SRND Group Ltd,#SR241015,2024-03-04,2024,,,Green Bean Limited,Green Bean Limited,Receivable Invoice,Sales - Materials - LED Profile,LED Profile,405.0,1,0
SRND Group Ltd,#SR241015,2024-03-04,2024,,,Green Bean Limited,Green Bean Limited,Receivable Invoice,Sales - Materials - Projector Mounts,Projector Mounts,75.0,1,0
SRND Group Ltd,#SR241014,2024-03-04,2024,,,Green Bean Limited,Green Bean Limited,Receivable Invoice,Sales - Materials - Audio Amplfiers,Audio Amplfiers,6000.0,1,0
SRND Group Ltd,#SR241014,2024-03-04,2024,,,Green Bean Limited,Green Bean Limited,Receivable Invoice,Sales - Materials - Speakers,Speakers,4200.0,1,0
SRND Group Ltd,#SR241014,2024-03-04,2024,,,Green Bean Limited,Green Bean Limited,Receivable Invoice,Sales - Materials - Speakers,Speakers,900.0,1,0
SRND Group Ltd,#SR241014,2024-03-04,2024,,,Green Bean Limited,Green Bean Limited,Receivable Invoice,Sales - Materials - Speakers,Speakers,2400.0,1,0
SRND Group Ltd,#SR241201,2025-06-19,2025,,,Green Bean Limited,Green Bean Limited,Receivable Invoice,SRND Store Sales,SRND Store Sales,401.05,1,0
SRND Group Ltd,#SR241201,2025-06-19,2025,,,Green Bean Limited,Green Bean Limited,Receivable Invoice,SRND Store Sales,SRND Store Sales,259.4,1,0
SRND Group Ltd,#SR241201,2025-06-19,2025,,,Green Bean Limited,Green Bean Limited,Receivable Invoice,SRND Store Sales,SRND Store Sales,189.22,1,0
SRND Group Ltd,#SR241201,2025-06-19,2025,,,Green Bean Limited,Green Bean Limited,Receivable Invoice,SRND Store Sales,SRND Store Sales,439.97,1,0
SRND Group Ltd,#SR241201,2025-06-19,2025,,,Green Bean Limited,Green Bean Limited,Receivable Invoice,SRND Store Sales,SRND Store Sales,183.91,1,0
SRND Group Ltd,#SR241351,2026-06-12,2026,,,GWConsulting bv,GWConsulting bv,Receivable Invoice,SRND Store Sales,SRND Store Sales,4400.0,1,0
SRND Group Ltd,#SR241032,2024-04-23,2024,,,H-K Systems e.K.,H-K Systems e.K.,Receivable Invoice,Sales - Materials - Metal Fabric Track,Metal Fabric Track,12640.44,1,0
SRND Group Ltd,#SR241055,2024-06-19,2024,,,H-K Systems e.K.,H-K Systems e.K.,Receivable Invoice,SRND Store Sales,SRND Store Sales,816.53,1,0
SRND Group Ltd,#SR241101,2024-10-18,2024,,,Halo Audio Visual,Halo Audio Visual,Receivable Invoice,SRND Store Sales,SRND Store Sales,3791.08,1,0
SRND Group Ltd,#SR241070,2024-08-01,2024,,,HAT,HAT,Receivable Invoice,SRND Store Sales,SRND Store Sales,1863.54,1,0
SRND Group Ltd,#SR241071,2024-08-01,2024,,,HAT,HAT,Receivable Invoice,SRND Store Sales,SRND Store Sales,177.45,1,0
SRND Group Ltd,#SR241326,2026-05-11,2026,,,HENRI Alpes,HENRI Alpes,Receivable Invoice,SRND Store Sales,SRND Store Sales,1863.54,1,0
SRND Group Ltd,#SR241011,2024-02-16,2024,,,Hifi Corner,Hifi Corner,Receivable Invoice,Sales - Materials - Speakers,Speakers,1200.0,1,0
SRND Group Ltd,#SR241049,2024-05-17,2024,,,Hifi Corner,Hifi Corner,Receivable Invoice,Sales - Materials - Acoustic Treatment,Acoustic Treatment,1320.0,1,0
SRND Group Ltd,#SR241049,2024-05-17,2024,,,Hifi Corner,Hifi Corner,Receivable Invoice,Sales - Materials - Acoustic Treatment,Acoustic Treatment,2340.0,1,0
SRND Group Ltd,#SR241049,2024-05-17,2024,,,Hifi Corner,Hifi Corner,Receivable Invoice,SRND Store Sales,SRND Store Sales,390.0,1,0
SRND Group Ltd,#SR241049,2024-05-17,2024,,,Hifi Corner,Hifi Corner,Receivable Invoice,Sales - Materials - Projection Screens,Projection Screens,2331.0,1,0
SRND Group Ltd,#SR241049,2024-05-17,2024,,,Hifi Corner,Hifi Corner,Receivable Invoice,Sales - Materials - Metal Fabric Track,Metal Fabric Track,11889.5,1,0
SRND Group Ltd,#SR241049,2024-05-17,2024,,,Hifi Corner,Hifi Corner,Receivable Invoice,Sales - Materials - LED Control and Power,LED Control and Power,576.0,1,0
SRND Group Ltd,#SR241049,2024-05-17,2024,,,Hifi Corner,Hifi Corner,Receivable Invoice,Sales - Materials - LED Profile,LED Profile,4050.0,1,0
SRND Group Ltd,#SR241053,2024-05-28,2024,,,Hifi Corner,Hifi Corner,Receivable Invoice,SRND Store Sales,SRND Store Sales,1400.0,1,0
SRND Group Ltd,#SR241077,2024-09-03,2024,,,Hifi Corner,Hifi Corner,Receivable Invoice,Sales - Materials - Video Processors,Video Processors,3791.08,1,0
SRND Group Ltd,#SR241077,2024-10-18,2024,,,Hifi Corner,Hifi Corner,Receivable Credit Note,SRND Store Sales,SRND Store Sales,-3791.08,1,0
SRND Group Ltd,#SR241100,2024-10-18,2024,,,Hifi Corner,Hifi Corner,Receivable Invoice,SRND Store Sales,SRND Store Sales,11077.5,1,0
SRND Group Ltd,#SR241103,2024-10-25,2024,,,Hifi Corner,Hifi Corner,Receivable Invoice,SRND Store Sales,SRND Store Sales,10777.5,1,0
SRND Group Ltd,#SR241104,2024-10-28,2024,,,Hifi Corner,Hifi Corner,Receivable Invoice,SRND Store Sales,SRND Store Sales,240.0,1,0
SRND Group Ltd,#SR241137,2025-02-10,2025,,,Hifi Corner,Hifi Corner,Receivable Invoice,Sales - Materials - Projector Mounts,Projector Mounts,548.4,1,0
SRND Group Ltd,#SR241142,2025-02-20,2025,,,Hifi Corner,Hifi Corner,Receivable Invoice,Sales - Materials - Video Processors,Video Processors,11077.5,1,0
SRND Group Ltd,#SR241149,2025-03-01,2025,,,Hifi Corner,Hifi Corner,Receivable Invoice,SRND Store Sales,SRND Store Sales,22.09,1,0
SRND Group Ltd,#SR241149,2025-03-01,2025,,,Hifi Corner,Hifi Corner,Receivable Invoice,SRND Store Sales,SRND Store Sales,2.91,1,0
SRND Group Ltd,#SR241227,2025-08-15,2025,,,Hifi Corner,Hifi Corner,Receivable Invoice,SRND Store Sales,SRND Store Sales,7500.0,1,0
SRND Group Ltd,#SR241227,2025-08-15,2025,,,Hifi Corner,Hifi Corner,Receivable Invoice,SRND Store Sales,SRND Store Sales,3000.0,1,0
SRND Group Ltd,#SR241258,2025-11-17,2025,,,Hifi Corner,Hifi Corner,Receivable Invoice,SRND Store Sales,SRND Store Sales,1312.5,1,0
SRND Group Ltd,#SR241275,2026-01-08,2026,,,Hifi Corner,Hifi Corner,Receivable Invoice,SRND Store Sales,SRND Store Sales,458.46,1,0
SRND Group Ltd,#SR241279,2026-01-15,2026,,,Hifi Corner,Hifi Corner,Receivable Invoice,SRND Store Sales,SRND Store Sales,184320.0,1,0
SRND Group Ltd,#SR241279,2026-01-15,2026,,,Hifi Corner,Hifi Corner,Receivable Invoice,SRND Store Sales,SRND Store Sales,6000.0,1,0
SRND Group Ltd,#SR241279,2026-01-15,2026,,,Hifi Corner,Hifi Corner,Receivable Invoice,SRND Store Sales,SRND Store Sales,4910.1,1,0
SRND Group Ltd,#SR241280,2026-01-15,2026,,,Hifi Corner,Hifi Corner,Receivable Invoice,SRND Store Sales,SRND Store Sales,132000.0,1,0
SRND Group Ltd,#SR241280,2026-01-15,2026,,,Hifi Corner,Hifi Corner,Receivable Invoice,SRND Store Sales,SRND Store Sales,4320.0,1,0
SRND Group Ltd,#SR241280,2026-01-15,2026,,,Hifi Corner,Hifi Corner,Receivable Invoice,SRND Store Sales,SRND Store Sales,2831.4,1,0
SRND Group Ltd,#SR241319,2026-04-24,2026,,,Hifi Corner,Hifi Corner,Receivable Invoice,SRND Store Sales,SRND Store Sales,378.0,1,0
SRND Group Ltd,#SR241330,2026-05-13,2026,,,Hifi Corner,Hifi Corner,Receivable Invoice,SRND Store Sales,SRND Store Sales,1536.5,1,0
SRND Group Ltd,#SR241330,2026-05-13,2026,,,Hifi Corner,Hifi Corner,Receivable Invoice,SRND Store Sales,SRND Store Sales,768.25,1,0
SRND Group Ltd,#SR241330,2026-05-13,2026,,,Hifi Corner,Hifi Corner,Receivable Invoice,SRND Store Sales,SRND Store Sales,823.12,1,0
SRND Group Ltd,#SR241330,2026-05-13,2026,,,Hifi Corner,Hifi Corner,Receivable Invoice,SRND Store Sales,SRND Store Sales,1097.51,1,0
SRND Group Ltd,#SR241330,2026-05-13,2026,,,Hifi Corner,Hifi Corner,Receivable Invoice,SRND Store Sales,SRND Store Sales,823.13,1,0
SRND Group Ltd,#SR241330,2026-05-13,2026,,,Hifi Corner,Hifi Corner,Receivable Invoice,SRND Store Sales,SRND Store Sales,444.49,1,0
SRND Group Ltd,#SR241331,2026-05-18,2026,,,Hifi Corner,Hifi Corner,Receivable Invoice,SRND Store Sales,SRND Store Sales,156000.0,1,0
SRND Group Ltd,#SR241331,2026-05-18,2026,,,Hifi Corner,Hifi Corner,Receivable Invoice,SRND Store Sales,SRND Store Sales,5040.0,1,0
SRND Group Ltd,#SR241331,2026-05-18,2026,,,Hifi Corner,Hifi Corner,Receivable Invoice,SRND Store Sales,SRND Store Sales,3724.5,1,0
SRND Group Ltd,#SR241331,2026-05-18,2026,,,Hifi Corner,Hifi Corner,Receivable Invoice,SRND Store Sales,SRND Store Sales,6646.5,1,0
SRND Group Ltd,#SR241332,2026-05-19,2026,,,Hifi Corner,Hifi Corner,Receivable Invoice,SRND Store Sales,SRND Store Sales,135.0,1,0
SRND Group Ltd,#SR241332,2026-05-19,2026,,,Hifi Corner,Hifi Corner,Receivable Invoice,SRND Store Sales,SRND Store Sales,1316.25,1,0
SRND Group Ltd,#SR241364,2026-07-09,2026,,,Hifi Corner,Hifi Corner,Receivable Invoice,SRND Store Sales,SRND Store Sales,2331.0,1,0
SRND Group Ltd,#SR241364,2026-07-09,2026,,,Hifi Corner,Hifi Corner,Receivable Invoice,SRND Store Sales,SRND Store Sales,1320.0,1,0
SRND Group Ltd,#SR241364,2026-07-09,2026,,,Hifi Corner,Hifi Corner,Receivable Invoice,SRND Store Sales,SRND Store Sales,1170.0,1,0
SRND Group Ltd,#SR241364,2026-07-09,2026,,,Hifi Corner,Hifi Corner,Receivable Invoice,SRND Store Sales,SRND Store Sales,1170.0,1,0
SRND Group Ltd,#SR241364,2026-07-09,2026,,,Hifi Corner,Hifi Corner,Receivable Invoice,SRND Store Sales,SRND Store Sales,6480.0,1,0
SRND Group Ltd,#SR241364,2026-07-09,2026,,,Hifi Corner,Hifi Corner,Receivable Invoice,SRND Store Sales,SRND Store Sales,468.0,1,0
SRND Group Ltd,#SR241364,2026-07-09,2026,,,Hifi Corner,Hifi Corner,Receivable Invoice,SRND Store Sales,SRND Store Sales,2086.4,1,0
SRND Group Ltd,#SR241364,2026-07-09,2026,,,Hifi Corner,Hifi Corner,Receivable Invoice,SRND Store Sales,SRND Store Sales,1215.0,1,0
SRND Group Ltd,#SR241364,2026-07-09,2026,,,Hifi Corner,Hifi Corner,Receivable Invoice,SRND Store Sales,SRND Store Sales,120.0,1,0
SRND Group Ltd,#SR241364,2026-07-09,2026,,,Hifi Corner,Hifi Corner,Receivable Invoice,SRND Store Sales,SRND Store Sales,537.29,1,0
SRND Group Ltd,#SR241366,2026-07-16,2026,,,Hifi Corner,Hifi Corner,Receivable Invoice,SRND Store Sales,SRND Store Sales,3685.0,1,0
SRND Group Ltd,#SR241366,2026-07-16,2026,,,Hifi Corner,Hifi Corner,Receivable Invoice,SRND Store Sales,SRND Store Sales,663.75,1,0
SRND Group Ltd,#SR241366,2026-07-16,2026,,,Hifi Corner,Hifi Corner,Receivable Invoice,SRND Store Sales,SRND Store Sales,4234.0,1,0
SRND Group Ltd,#SR241038,2024-04-25,2024,,,Holburn (Scotland) Limited,Holburn (Scotland) Limited,Receivable Invoice,Sales - Services - Project Design,Project Design,4545.0,1,0
SRND Group Ltd,#SR241058,2024-06-21,2024,,,Holburn (Scotland) Limited,Holburn (Scotland) Limited,Receivable Invoice,Sales - Materials - Audio Amplfiers,Audio Amplfiers,14400.0,1,0
SRND Group Ltd,#SR241058,2024-06-21,2024,,,Holburn (Scotland) Limited,Holburn (Scotland) Limited,Receivable Invoice,Sales - Materials - Audio Amplfiers,Audio Amplfiers,14400.0,1,0
SRND Group Ltd,#SR241058,2024-06-21,2024,,,Holburn (Scotland) Limited,Holburn (Scotland) Limited,Receivable Invoice,Sales - Materials - Speakers,Speakers,13500.0,1,0
SRND Group Ltd,#SR241058,2024-06-21,2024,,,Holburn (Scotland) Limited,Holburn (Scotland) Limited,Receivable Invoice,Sales - Materials - Speakers,Speakers,18000.0,1,0
SRND Group Ltd,#SR241058,2024-06-21,2024,,,Holburn (Scotland) Limited,Holburn (Scotland) Limited,Receivable Invoice,Sales - Materials - Speakers,Speakers,18000.0,1,0
SRND Group Ltd,#SR241058,2024-06-21,2024,,,Holburn (Scotland) Limited,Holburn (Scotland) Limited,Receivable Invoice,Sales - Materials - Speakers,Speakers,7800.0,1,0
SRND Group Ltd,#SR241058,2024-06-21,2024,,,Holburn (Scotland) Limited,Holburn (Scotland) Limited,Receivable Invoice,Sales - Materials - Speakers,Speakers,7800.0,1,0
SRND Group Ltd,#SR241058,2024-06-21,2024,,,Holburn (Scotland) Limited,Holburn (Scotland) Limited,Receivable Invoice,Sales - Materials - Speakers,Speakers,2880.0,1,0
SRND Group Ltd,#SR241057,2024-06-21,2024,,,Holburn (Scotland) Limited,Holburn (Scotland) Limited,Receivable Invoice,Sales - Materials - Screen Walls,Screen Walls,9603.38,1,0
SRND Group Ltd,#SR241064,2024-07-09,2024,,,Holburn (Scotland) Limited,Holburn (Scotland) Limited,Receivable Invoice,Sales - Materials - Projection Screens,Projection Screens,10381.8,1,0
SRND Group Ltd,#SR241073,2024-08-09,2024,,,Holburn (Scotland) Limited,Holburn (Scotland) Limited,Receivable Invoice,Sales - Materials - Projectors,Projectors,22750.0,1,0
SRND Group Ltd,#SR241073,2024-08-09,2024,,,Holburn (Scotland) Limited,Holburn (Scotland) Limited,Receivable Invoice,Sales - Materials - Video Processors,Video Processors,6706.0,1,0
SRND Group Ltd,#SR241073,2024-08-09,2024,,,Holburn (Scotland) Limited,Holburn (Scotland) Limited,Receivable Invoice,Sales - Materials - Projector Mounts,Projector Mounts,2118.6,1,0
SRND Group Ltd,#SR241073,2024-09-27,2024,,,Holburn (Scotland) Limited,Holburn (Scotland) Limited,Receivable Payment,Sales,Sales,-0.06,1,0
SRND Group Ltd,#SR241093,2024-10-02,2024,,,Holburn (Scotland) Limited,Holburn (Scotland) Limited,Receivable Invoice,SRND Store Sales,SRND Store Sales,1170.0,1,0
SRND Group Ltd,#SR241093,2024-10-02,2024,,,Holburn (Scotland) Limited,Holburn (Scotland) Limited,Receivable Invoice,SRND Store Sales,SRND Store Sales,5280.0,1,0
SRND Group Ltd,#SR241093,2024-10-02,2024,,,Holburn (Scotland) Limited,Holburn (Scotland) Limited,Receivable Invoice,SRND Store Sales,SRND Store Sales,1170.0,1,0
SRND Group Ltd,#SR241093,2024-10-02,2024,,,Holburn (Scotland) Limited,Holburn (Scotland) Limited,Receivable Invoice,SRND Store Sales,SRND Store Sales,3575.0,1,0
SRND Group Ltd,#SR241140,2025-02-17,2025,,,Holburn (Scotland) Limited,Holburn (Scotland) Limited,Receivable Invoice,SRND Store Sales,SRND Store Sales,548.4,1,0
SRND Group Ltd,INV-0012,2025-09-05,2025,,,Holburn (Scotland) Limited,Holburn (Scotland) Limited,Receivable Invoice,Sales - Services - Project Design,Project Design,45450.0,1,0
SRND Group Ltd,INV-0012,2025-09-05,2025,,,Holburn (Scotland) Limited,Holburn (Scotland) Limited,Receivable Invoice,Sales - Services - Project Design,Project Design,-5050.0,1,0
SRND Group Ltd,INV-0012,2025-09-05,2025,,,Holburn (Scotland) Limited,Holburn (Scotland) Limited,Receivable Invoice,SRND Store Sales,SRND Store Sales,-9603.38,1,0
SRND Group Ltd,INV-0012,2025-09-05,2025,,,Holburn (Scotland) Limited,Holburn (Scotland) Limited,Receivable Invoice,SRND Store Sales,SRND Store Sales,-3575.0,1,0
SRND Group Ltd,INV-0018,2025-09-10,2025,,,Holburn (Scotland) Limited,Holburn (Scotland) Limited,Receivable Invoice,Sales - Services - On Site Services,On Site Services,12500.0,1,0
SRND Group Ltd,INV-0016,2025-10-30,2025,,,Holburn (Scotland) Limited,Holburn (Scotland) Limited,Receivable Invoice,SRND Store Sales,SRND Store Sales,1462.5,1,0
SRND Group Ltd,#SR241284,2026-01-23,2026,,,Holburn (Scotland) Limited,Holburn (Scotland) Limited,Receivable Invoice,SRND Store Sales,SRND Store Sales,625.0,1,0
SRND Group Ltd,#SR241371,2026-07-27,2026,,,Holburn (Scotland) Limited,Holburn (Scotland) Limited,Receivable Invoice,SRND Store Sales,SRND Store Sales,6200.0,1,0
SRND Group Ltd,#SR241371,2026-07-27,2026,,,Holburn (Scotland) Limited,Holburn (Scotland) Limited,Receivable Invoice,SRND Store Sales,SRND Store Sales,2129.0,1,0
SRND Group Ltd,#SR241371,2026-07-27,2026,,,Holburn (Scotland) Limited,Holburn (Scotland) Limited,Receivable Invoice,SRND Store Sales,SRND Store Sales,75.0,1,0
SRND Group Ltd,#SR241010,2024-02-14,2024,,,Holburn HiFi Ltd,Holburn HiFi Ltd,Receivable Invoice,Sales - Materials - Sound Isolation,Sound Isolation,1701.0,1,0
SRND Group Ltd,#SR241016,2024-03-08,2024,,,Holburn HiFi Ltd,Holburn HiFi Ltd,Receivable Invoice,Sales - Materials - Speakers,Speakers,1300.0,1,0
SRND Group Ltd,#SR241016,2024-03-08,2024,,,Holburn HiFi Ltd,Holburn HiFi Ltd,Receivable Invoice,Sales - Materials - Speakers,Speakers,300.0,1,0
SRND Group Ltd,#SR241016,2024-03-08,2024,,,Holburn HiFi Ltd,Holburn HiFi Ltd,Receivable Invoice,Sales - Materials - Speakers,Speakers,225.0,1,0
SRND Group Ltd,#SR241016,2024-03-08,2024,,,Holburn HiFi Ltd,Holburn HiFi Ltd,Receivable Invoice,Sales - Materials - Speakers,Speakers,500.0,1,0
SRND Group Ltd,#SR241016,2024-03-08,2024,,,Holburn HiFi Ltd,Holburn HiFi Ltd,Receivable Invoice,Sales - Materials - Speakers,Speakers,650.0,1,0
SRND Group Ltd,#SR241029,2024-04-10,2024,,,Home Control Scotland Limited,Home Control Scotland Limited,Receivable Invoice,Sales - Materials - Speakers,Speakers,1100.0,1,0
SRND Group Ltd,#SR241029,2024-04-10,2024,,,Home Control Scotland Limited,Home Control Scotland Limited,Receivable Invoice,Sales - Materials - Speakers,Speakers,1000.0,1,0
SRND Group Ltd,#SR241028,2024-04-10,2024,,,Home Control Scotland Limited,Home Control Scotland Limited,Receivable Invoice,Sales - Materials - Speakers,Speakers,4000.0,1,0
SRND Group Ltd,#SR241062,2024-07-03,2024,,,Ideaworks,Ideaworks,Receivable Invoice,SRND Store Sales,SRND Store Sales,988.8,1,0
SRND Group Ltd,#SR241182,2025-05-14,2025,,,Ideaworks,Ideaworks,Receivable Invoice,SRND Store Sales,SRND Store Sales,548.4,1,0
SRND Group Ltd,#SR241123,2025-01-10,2025,,,Ideaworks (London) Limited,Ideaworks (London) Limited,Receivable Invoice,SRND Store Sales,SRND Store Sales,3000.0,1,0
SRND Group Ltd,#SR241135,2025-01-30,2025,,,Ideaworks (London) Limited,Ideaworks (London) Limited,Receivable Invoice,Sales - Materials - Airflow,Airflow,730.8,1,0
SRND Group Ltd,#SR241135,2025-01-30,2025,,,Ideaworks (London) Limited,Ideaworks (London) Limited,Receivable Invoice,Sales - Materials - Projector Mounts,Projector Mounts,1412.4,1,0
SRND Group Ltd,#SR241135,2025-01-30,2025,,,Ideaworks (London) Limited,Ideaworks (London) Limited,Receivable Invoice,Sales - Materials - Airflow,Airflow,1754.4,1,0
SRND Group Ltd,#SR241135,2025-01-30,2025,,,Ideaworks (London) Limited,Ideaworks (London) Limited,Receivable Invoice,Sales - Materials - Projector Mounts,Projector Mounts,3884.4,1,0
SRND Group Ltd,#SR241154,2025-03-18,2025,,,Ideaworks (London) Limited,Ideaworks (London) Limited,Receivable Invoice,Sales - Materials - Acoustic Treatment,Acoustic Treatment,3960.0,1,0
SRND Group Ltd,#SR241154,2025-03-18,2025,,,Ideaworks (London) Limited,Ideaworks (London) Limited,Receivable Invoice,Sales - Materials - Acoustic Treatment,Acoustic Treatment,1950.0,1,0
SRND Group Ltd,#SR241154,2025-03-18,2025,,,Ideaworks (London) Limited,Ideaworks (London) Limited,Receivable Invoice,Sales - Materials - Acoustic Treatment,Acoustic Treatment,1950.0,1,0
SRND Group Ltd,#SR241169,2025-04-22,2025,,,Ideaworks (London) Limited,Ideaworks (London) Limited,Receivable Invoice,SRND Store Sales,SRND Store Sales,1320.0,1,0
SRND Group Ltd,#SR241169,2025-04-22,2025,,,Ideaworks (London) Limited,Ideaworks (London) Limited,Receivable Invoice,SRND Store Sales,SRND Store Sales,780.0,1,0
SRND Group Ltd,#SR241169,2025-04-22,2025,,,Ideaworks (London) Limited,Ideaworks (London) Limited,Receivable Invoice,SRND Store Sales,SRND Store Sales,780.0,1,0
SRND Group Ltd,#SR241174,2025-05-02,2025,,,Ideaworks (London) Limited,Ideaworks (London) Limited,Receivable Invoice,Sales - Materials - Acoustic Treatment,Acoustic Treatment,2730.0,1,0
SRND Group Ltd,#SR241174,2025-05-02,2025,,,Ideaworks (London) Limited,Ideaworks (London) Limited,Receivable Invoice,Sales - Materials - Acoustic Treatment,Acoustic Treatment,1170.0,1,0
SRND Group Ltd,#SR241184,2025-05-15,2025,,,Ideaworks (London) Limited,Ideaworks (London) Limited,Receivable Invoice,Sales - Materials - Projector Mounts,Projector Mounts,6010.6,1,0
SRND Group Ltd,#SR241222,2025-07-31,2025,,,Ideaworks (London) Limited,Ideaworks (London) Limited,Receivable Invoice,SRND Store Sales,SRND Store Sales,780.0,1,0
SRND Group Ltd,#SR241222,2025-07-31,2025,,,Ideaworks (London) Limited,Ideaworks (London) Limited,Receivable Invoice,SRND Store Sales,SRND Store Sales,660.0,1,0
SRND Group Ltd,#SR241222,2025-07-31,2025,,,Ideaworks (London) Limited,Ideaworks (London) Limited,Receivable Credit Note,SRND Store Sales,SRND Store Sales,-780.0,1,0
SRND Group Ltd,#SR241222,2025-07-31,2025,,,Ideaworks (London) Limited,Ideaworks (London) Limited,Receivable Credit Note,SRND Store Sales,SRND Store Sales,-660.0,1,0
SRND Group Ltd,#SR241223,2025-07-31,2025,,,Ideaworks (London) Limited,Ideaworks (London) Limited,Receivable Invoice,SRND Store Sales,SRND Store Sales,390.0,1,0
SRND Group Ltd,#SR241223,2025-07-31,2025,,,Ideaworks (London) Limited,Ideaworks (London) Limited,Receivable Invoice,SRND Store Sales,SRND Store Sales,390.0,1,0
SRND Group Ltd,#SR241223,2025-07-31,2025,,,Ideaworks (London) Limited,Ideaworks (London) Limited,Receivable Invoice,SRND Store Sales,SRND Store Sales,660.0,1,0
SRND Group Ltd,#SR241245,2025-10-07,2025,,,Ideaworks (London) Limited,Ideaworks (London) Limited,Receivable Invoice,SRND Store Sales,SRND Store Sales,2557.8,1,0
SRND Group Ltd,#SR241307,2026-03-17,2026,,,Ideaworks (London) Limited,Ideaworks (London) Limited,Receivable Invoice,SRND Store Sales,SRND Store Sales,3884.4,1,0
SRND Group Ltd,#SR241307,2026-03-17,2026,,,Ideaworks (London) Limited,Ideaworks (London) Limited,Receivable Invoice,SRND Store Sales,SRND Store Sales,730.8,1,0
SRND Group Ltd,#SR241307,2026-03-17,2026,,,Ideaworks (London) Limited,Ideaworks (London) Limited,Receivable Invoice,SRND Store Sales,SRND Store Sales,2046.0,1,0
SRND Group Ltd,#SR241307,2026-03-17,2026,,,Ideaworks (London) Limited,Ideaworks (London) Limited,Receivable Invoice,SRND Store Sales,SRND Store Sales,1412.4,1,0
SRND Group Ltd,#SR241307,2026-03-17,2026,,,Ideaworks (London) Limited,Ideaworks (London) Limited,Receivable Invoice,SRND Store Sales,SRND Store Sales,2118.6,1,0
SRND Group Ltd,#SR241318,2026-04-21,2026,,,Ideaworks (London) Limited,Ideaworks (London) Limited,Receivable Invoice,SRND Store Sales,SRND Store Sales,12934.35,1,0
SRND Group Ltd,#SR241324,2026-05-05,2026,,,Ideaworks (London) Limited,Ideaworks (London) Limited,Receivable Invoice,SRND Store Sales,SRND Store Sales,2118.6,1,0
SRND Group Ltd,#SR241346,2026-06-03,2026,,,Ideaworks (London) Limited,Ideaworks (London) Limited,Receivable Invoice,SRND Store Sales,SRND Store Sales,548.4,1,0
SRND Group Ltd,#SR241372,2026-07-28,2026,,,Ideaworks (London) Limited,Ideaworks (London) Limited,Receivable Invoice,SRND Store Sales,SRND Store Sales,382.05,1,0
SRND Group Ltd,#SR241376,2026-08-03,2026,,,Ideaworks (London) Limited,Ideaworks (London) Limited,Receivable Invoice,SRND Store Sales,SRND Store Sales,100.0,1,0
SRND Group Ltd,#SR241061,2024-06-28,2024,,,Ideaworks (London) Ltd.,Ideaworks (London) Ltd.,Receivable Invoice,SRND Store Sales,SRND Store Sales,3000.0,1,0
SRND Group Ltd,#SR241061,2024-06-28,2024,,,Ideaworks (London) Ltd.,Ideaworks (London) Ltd.,Receivable Invoice,SRND Store Sales,SRND Store Sales,648.7,1,0
SRND Group Ltd,#SR241061,2024-06-28,2024,,,Ideaworks (London) Ltd.,Ideaworks (London) Ltd.,Receivable Invoice,SRND Store Sales,SRND Store Sales,1150.0,1,0
SRND Group Ltd,#SR241117,2024-12-13,2024,,,Ideaworks London Ltd,Ideaworks London Ltd,Receivable Invoice,SRND Store Sales,SRND Store Sales,1765.8,1,0
SRND Group Ltd,#SR241094,2024-10-09,2024,,,Ideaworks Ltd,Ideaworks Ltd,Receivable Invoice,SRND Store Sales,SRND Store Sales,3000.0,1,0
SRND Group Ltd,#SR241068,2024-07-29,2024,,,Illusion Instalaciones SL,Illusion Instalaciones SL,Receivable Invoice,SRND Store Sales,SRND Store Sales,309.81,1,0
SRND Group Ltd,#SR241068,2024-07-29,2024,,,Illusion Instalaciones SL,Illusion Instalaciones SL,Receivable Invoice,SRND Store Sales,SRND Store Sales,525.3,1,0
SRND Group Ltd,#SR241068,2024-07-29,2024,,,Illusion Instalaciones SL,Illusion Instalaciones SL,Receivable Invoice,SRND Store Sales,SRND Store Sales,228.17,1,0
SRND Group Ltd,#SR241098,2024-10-15,2024,,,Illusion Instalaciones SL,Illusion Instalaciones SL,Receivable Invoice,SRND Store Sales,SRND Store Sales,100.17,1,0
SRND Group Ltd,#SR241060,2024-06-27,2024,,,INDIGOZEST LTD,INDIGOZEST LTD,Receivable Invoice,Sales - Materials - Video Processors,Video Processors,6706.0,1,0
SRND Group Ltd,#SR241200,2025-06-16,2025,,,Inspired Dwellings,Inspired Dwellings,Receivable Invoice,Sales - Materials - Projector Mounts,Projector Mounts,2475.0,1,0
SRND Group Ltd,#SR241250,2025-10-21,2025,,,Inspired Dwellings,Inspired Dwellings,Receivable Invoice,SRND Store Sales,SRND Store Sales,4675.0,1,0
SRND Group Ltd,#SR241250,2025-10-21,2025,,,Inspired Dwellings,Inspired Dwellings,Receivable Invoice,SRND Store Sales,SRND Store Sales,9350.0,1,0
SRND Group Ltd,INV-0001,2023-10-10,2023,,,INT3 Ltd,INT3 Ltd,Receivable Invoice,Sales - Services - Project Design,Project Design,5000.0,1,0
SRND Group Ltd,INV-0004,2023-11-30,2023,,,INT3 Ltd,INT3 Ltd,Receivable Invoice,Sales - Services - Project Services,Project Services,1666.67,1,0
SRND Group Ltd,#SR241097,2024-10-14,2024,,,Intellihome AG,Intellihome AG,Receivable Invoice,SRND Store Sales,SRND Store Sales,1560.0,1,0
SRND Group Ltd,#SR241097,2024-10-14,2024,,,Intellihome AG,Intellihome AG,Receivable Invoice,SRND Store Sales,SRND Store Sales,1560.0,1,0
SRND Group Ltd,#SR241136,2025-02-04,2025,,,Intellihome AG,Intellihome AG,Receivable Invoice,SRND Store Sales,SRND Store Sales,1560.0,1,0
SRND Group Ltd,#SR241136,2025-02-04,2025,,,Intellihome AG,Intellihome AG,Receivable Invoice,SRND Store Sales,SRND Store Sales,1560.0,1,0
SRND Group Ltd,#SR241303,2026-03-10,2026,,,Intellihome AG,Intellihome AG,Receivable Invoice,SRND Store Sales,SRND Store Sales,2340.0,1,0
SRND Group Ltd,#SR241303,2026-03-10,2026,,,Intellihome AG,Intellihome AG,Receivable Invoice,SRND Store Sales,SRND Store Sales,2340.0,1,0
SRND Group Ltd,#SR241352,2026-06-16,2026,,,Intellihome AG,Intellihome AG,Receivable Invoice,SRND Store Sales,SRND Store Sales,2340.0,1,0
SRND Group Ltd,#SR241352,2026-06-16,2026,,,Intellihome AG,Intellihome AG,Receivable Invoice,SRND Store Sales,SRND Store Sales,2340.0,1,0
SRND Group Ltd,#SR241155,2025-03-18,2025,,,Kali Snickerier AB,Kali Snickerier AB,Receivable Invoice,Sales - Materials - Projector Mounts,Projector Mounts,4257.36,1,0
SRND Group Ltd,#SR241151,2025-03-10,2025,,,Ken Biggs Contractors LTD,Ken Biggs Contractors LTD,Receivable Invoice,Sales - Materials - Metal Fabric Track,Metal Fabric Track,27240.89,1,0
SRND Group Ltd,#SR241151,2025-03-10,2025,,,Ken Biggs Contractors LTD,Ken Biggs Contractors LTD,Receivable Invoice,Sales - Materials - Metal Fabric Track,Metal Fabric Track,5349.53,1,0
SRND Group Ltd,#SR241151,2025-03-10,2025,,,Ken Biggs Contractors LTD,Ken Biggs Contractors LTD,Receivable Invoice,Sales - Services - Project Design,Project Design,1800.0,1,0
SRND Group Ltd,#SR241165,2025-04-07,2025,,,Ken Biggs Contractors LTD,Ken Biggs Contractors LTD,Receivable Invoice,Sales - Materials - Metal Fabric Track,Metal Fabric Track,764.1,1,0
SRND Group Ltd,#SR241165,2025-04-07,2025,,,Ken Biggs Contractors LTD,Ken Biggs Contractors LTD,Receivable Invoice,Sales - Materials - Metal Fabric Track,Metal Fabric Track,300.0,1,0
SRND Group Ltd,#SR241165,2025-04-07,2025,,,Ken Biggs Contractors LTD,Ken Biggs Contractors LTD,Receivable Invoice,Sales - Materials - Metal Fabric Track,Metal Fabric Track,250.0,1,0
SRND Group Ltd,#SR241165,2025-04-07,2025,,,Ken Biggs Contractors LTD,Ken Biggs Contractors LTD,Receivable Invoice,Sales - Materials - Metal Fabric Track,Metal Fabric Track,590.0,1,0
SRND Group Ltd,#SR241165,2025-04-07,2025,,,Ken Biggs Contractors LTD,Ken Biggs Contractors LTD,Receivable Invoice,Sales - Materials - Metal Fabric Track,Metal Fabric Track,600.0,1,0
SRND Group Ltd,#SR241171,2025-04-24,2025,,,Kitchen Architecture,Kitchen Architecture,Receivable Invoice,Sales - Materials - Metal Fabric Track,Metal Fabric Track,6480.0,1,0
SRND Group Ltd,#SR241171,2025-04-24,2025,,,Kitchen Architecture,Kitchen Architecture,Receivable Invoice,Sales - Materials - Metal Fabric Track,Metal Fabric Track,225.0,1,0
SRND Group Ltd,#SR241188,2025-05-20,2025,,,Kiwi Smarthaus e.U.,Kiwi Smarthaus e.U.,Receivable Invoice,SRND Store Sales,SRND Store Sales,21.87,1,0
SRND Group Ltd,#SR241199,2025-06-13,2025,,,KL Consulting,KL Consulting,Receivable Invoice,Sales - Materials - Projection Screens,Projection Screens,3390.6,1,0
SRND Group Ltd,#SR241051,2024-05-23,2024,,,Labiib Solutions,Labiib Solutions,Receivable Invoice,SRND Store Sales,SRND Store Sales,2495.0,1,0
SRND Group Ltd,#SR241206,2025-07-04,2025,,,Le Groupe Prestige,Le Groupe Prestige,Receivable Invoice,SRND Store Sales,SRND Store Sales,493.56,1,0
SRND Group Ltd,#SR241269,2025-12-16,2025,,,Le Groupe Prestige,Le Groupe Prestige,Receivable Invoice,SRND Store Sales,SRND Store Sales,702.0,1,0
SRND Group Ltd,#SR241269,2025-12-16,2025,,,Le Groupe Prestige,Le Groupe Prestige,Receivable Invoice,SRND Store Sales,SRND Store Sales,702.0,1,0
SRND Group Ltd,#SR241298,2026-02-23,2026,,,Le Groupe Prestige,Le Groupe Prestige,Receivable Invoice,SRND Store Sales,SRND Store Sales,1906.74,1,0
SRND Group Ltd,#SR241337,2026-05-28,2026,,,Lesley Lokko,Lesley Lokko,Receivable Invoice,SRND Store Sales,SRND Store Sales,883.0,1,0
SRND Group Ltd,INV-0011,2025-08-27,2025,,,lewis@brief2build.com,lewis@brief2build.com,Receivable Invoice,Other Revenue,Other Revenue,12000.0,0,0
SRND Group Ltd,#SR241122,2024-12-27,2024,,,Lighthouse,Lighthouse,Receivable Invoice,Sales - Materials - Projectors,Projectors,72165.56,1,0
SRND Group Ltd,#SR241122,2024-12-27,2024,,,Lighthouse,Lighthouse,Receivable Invoice,Sales - Materials - Projectors,Projectors,4496.46,1,0
SRND Group Ltd,#SR241122,2024-12-27,2024,,,Lighthouse,Lighthouse,Receivable Invoice,Sales - Materials - Projectors,Projectors,4762.92,1,0
SRND Group Ltd,#SR241122,2024-12-27,2024,,,Lighthouse,Lighthouse,Receivable Invoice,Sales - Materials - Video Processors,Video Processors,9838.95,1,0
SRND Group Ltd,#SR241122,2024-12-27,2024,,,Lighthouse,Lighthouse,Receivable Invoice,Sales - Materials - Projector Mounts,Projector Mounts,4867.12,1,0
SRND Group Ltd,#SR241122,2024-12-27,2024,,,Lighthouse,Lighthouse,Receivable Invoice,Sales - Services - On Site Services,On Site Services,2220.48,1,0
SRND Group Ltd,#SR241122,2024-12-27,2024,,,Lighthouse,Lighthouse,Receivable Invoice,Sales - Materials - Projection Screens,Projection Screens,6868.75,1,0
SRND Group Ltd,#SR241189,2025-05-20,2025,,,Lighthouse,Lighthouse,Receivable Invoice,Sales - Materials - Speakers,Speakers,2520.0,1,0
SRND Group Ltd,#SR241189,2025-05-20,2025,,,Lighthouse,Lighthouse,Receivable Invoice,Sales - Materials - Speakers,Speakers,840.0,1,0
SRND Group Ltd,#SR241189,2025-05-20,2025,,,Lighthouse,Lighthouse,Receivable Invoice,Sales - Materials - Speakers,Speakers,1680.0,1,0
SRND Group Ltd,#SR241189,2025-05-20,2025,,,Lighthouse,Lighthouse,Receivable Invoice,Sales - Materials - Speakers,Speakers,1800.0,1,0
SRND Group Ltd,#SR241189,2025-05-20,2025,,,Lighthouse,Lighthouse,Receivable Invoice,Sales - Materials - Audio Amplfiers,Audio Amplfiers,1435.0,1,0
SRND Group Ltd,#SR241189,2025-05-20,2025,,,Lighthouse,Lighthouse,Receivable Invoice,Sales - Materials - Speakers,Speakers,360.0,1,0
SRND Group Ltd,#SR241314,2026-04-13,2026,,,Lighting Audio Video Projects,Lighting Audio Video Projects,Receivable Invoice,SRND Store Sales,SRND Store Sales,537.29,1,0
SRND Group Ltd,#SR241314,2026-04-13,2026,,,Lighting Audio Video Projects,Lighting Audio Video Projects,Receivable Invoice,SRND Store Sales,SRND Store Sales,765.0,1,0
SRND Group Ltd,#SR241314,2026-04-13,2026,,,Lighting Audio Video Projects,Lighting Audio Video Projects,Receivable Invoice,SRND Store Sales,SRND Store Sales,168.0,1,0
SRND Group Ltd,#SR241296,2026-02-18,2026,,,Link It Solutions Ltd,Link It Solutions Ltd,Receivable Invoice,SRND Store Sales,SRND Store Sales,558.45,1,0
SRND Group Ltd,#SR241296,2026-02-18,2026,,,Link It Solutions Ltd,Link It Solutions Ltd,Receivable Invoice,SRND Store Sales,SRND Store Sales,1496.0,1,0
SRND Group Ltd,#SR241277,2026-01-12,2026,,,Link Media Systems Projects Limited,Link Media Systems Projects Limited,Receivable Invoice,SRND Store Sales,SRND Store Sales,1827.0,1,0
SRND Group Ltd,#SR241333,2026-05-19,2026,,,Link Media Systems Projects Limited,Link Media Systems Projects Limited,Receivable Invoice,SRND Store Sales,SRND Store Sales,240.0,1,0
SRND Group Ltd,#SR241021,2024-03-25,2024,,,Loop Associates,Loop Associates,Receivable Invoice,Sales - Materials - Projection Screens,Projection Screens,1730.4,1,0
SRND Group Ltd,#SR241002,2024-01-11,2024,,,LSI Projects Ltd,LSI Projects Ltd,Receivable Invoice,Sales - Materials - Projector Mounts,Projector Mounts,2118.6,1,0
SRND Group Ltd,#SR241219,2025-07-28,2025,,,LUIS ARMANDO PRIEGO RAMOS MANZANILLA,LUIS ARMANDO PRIEGO RAMOS MANZANILLA,Receivable Invoice,SRND Store Sales,SRND Store Sales,9000.0,1,0
SRND Group Ltd,#SR241240,2025-09-29,2025,,,Luis Priego,Luis Priego,Receivable Invoice,SRND Store Sales,SRND Store Sales,2462.93,1,0
SRND Group Ltd,#SR241030,2024-04-16,2024,,,Magdalen College Oxford,Magdalen College Oxford,Receivable Invoice,Sales - Materials - Projector Mounts,Projector Mounts,2943.0,1,0
SRND Group Ltd,#SR241099,2024-10-17,2024,,,Martins Hifi,Martins Hifi,Receivable Invoice,SRND Store Sales,SRND Store Sales,529.8,1,0
SRND Group Ltd,#SR241321,2026-04-28,2026,,,Martins Hifi,Martins Hifi,Receivable Invoice,SRND Store Sales,SRND Store Sales,3300.0,1,0
SRND Group Ltd,#SR241005,2024-01-22,2024,,,McAllister AV Ltd.,McAllister AV Ltd.,Receivable Invoice,Sales - Materials - Projector Mounts,Projector Mounts,2118.6,1,0
SRND Group Ltd,#SR241018,2024-03-14,2024,,,McAllister AV Ltd.,McAllister AV Ltd.,Receivable Invoice,Sales - Materials - Projectors,Projectors,839.75,1,0
SRND Group Ltd,#SR241018,2024-03-14,2024,,,McAllister AV Ltd.,McAllister AV Ltd.,Receivable Invoice,Sales - Materials - Projectors,Projectors,50.0,1,0
SRND Group Ltd,#SR241183,2025-05-15,2025,,,Meridian Audio,Meridian Audio,Receivable Invoice,SRND Store Sales,SRND Store Sales,1755.0,1,0
SRND Group Ltd,#SR241209,2025-07-09,2025,,,Meridian Audio,Meridian Audio,Receivable Invoice,SRND Store Sales,SRND Store Sales,702.0,1,0
SRND Group Ltd,#SR241209,2025-07-09,2025,,,Meridian Audio,Meridian Audio,Receivable Invoice,SRND Store Sales,SRND Store Sales,1404.0,1,0
SRND Group Ltd,#SR241212,2025-07-16,2025,,,Meridian Audio,Meridian Audio,Receivable Invoice,SRND Store Sales,SRND Store Sales,351.0,1,0
SRND Group Ltd,#SR241230,2025-08-28,2025,,,Meridian Audio,Meridian Audio,Receivable Invoice,SRND Store Sales,SRND Store Sales,351.0,1,0
SRND Group Ltd,#SR241230,2025-08-28,2025,,,Meridian Audio,Meridian Audio,Receivable Invoice,SRND Store Sales,SRND Store Sales,351.0,1,0
SRND Group Ltd,#SR241019,2024-03-20,2024,,,Meridian Dynamics Sagl,Meridian Dynamics Sagl,Receivable Invoice,Sales - Materials - Acoustic Treatment,Acoustic Treatment,3705.0,1,0
SRND Group Ltd,#SR241019,2024-03-20,2024,,,Meridian Dynamics Sagl,Meridian Dynamics Sagl,Receivable Invoice,Sales - Materials - Acoustic Treatment,Acoustic Treatment,3705.0,1,0
SRND Group Ltd,INV-0020,2026-07-20,2026,,,Midwich Limited,Midwich Limited,Receivable Invoice,Sales - Materials - Speakers,Speakers,2475.0,1,0
SRND Group Ltd,#SR241267,2025-12-12,2025,,,MoreSenz B.V.,MoreSenz B.V.,Receivable Invoice,SRND Store Sales,SRND Store Sales,1876.77,1,0
SRND Group Ltd,#SR241161,2025-03-27,2025,,,Needle,Needle,Receivable Invoice,Sales - Materials - Projectors,Projectors,11838.26,1,0
SRND Group Ltd,#SR241161,2025-03-27,2025,,,Needle,Needle,Receivable Invoice,Sales - Materials - Projectors,Projectors,4110.51,1,0
SRND Group Ltd,#SR241161,2025-03-27,2025,,,Needle,Needle,Receivable Invoice,Sales - Materials - Projector Mounts,Projector Mounts,5544.55,1,0
SRND Group Ltd,#SR241161,2025-03-27,2025,,,Needle,Needle,Receivable Invoice,Sales - Services - On Site Services,On Site Services,1011.82,1,0
SRND Group Ltd,#SR241161,2025-03-27,2025,,,Needle,Needle,Receivable Invoice,Sales - Materials - Projection Screens,Projection Screens,1965.77,1,0
SRND Group Ltd,INV-0003,2023-12-04,2023,,,Neil Davidson,Neil Davidson,Receivable Invoice,Sales - Services - Project Services,Project Services,2083.33,1,0
SRND Group Ltd,#SR241274,2026-01-08,2026,,,New Wave AV,New Wave AV,Receivable Invoice,SRND Store Sales,SRND Store Sales,850.0,1,0
SRND Group Ltd,#SR241349,2026-06-11,2026,,,New Wave AV,New Wave AV,Receivable Invoice,SRND Store Sales,SRND Store Sales,810.0,1,0
SRND Group Ltd,#SR241349,2026-06-11,2026,,,New Wave AV,New Wave AV,Receivable Invoice,SRND Store Sales,SRND Store Sales,537.29,1,0
SRND Group Ltd,#SR241349,2026-06-11,2026,,,New Wave AV,New Wave AV,Receivable Invoice,SRND Store Sales,SRND Store Sales,252.0,1,0
SRND Group Ltd,#SR241356,2026-06-23,2026,,,New Wave AV,New Wave AV,Receivable Invoice,SRND Store Sales,SRND Store Sales,6991.8,1,0
SRND Group Ltd,#SR241356,2026-06-23,2026,,,New Wave AV,New Wave AV,Receivable Invoice,SRND Store Sales,SRND Store Sales,3178.2,1,0
SRND Group Ltd,#SR241236,2025-09-18,2025,,,NV&B CONSTRUCTION LTD,NV&B CONSTRUCTION LTD,Receivable Invoice,SRND Store Sales,SRND Store Sales,800.0,1,0
SRND Group Ltd,#SR241253,2025-11-05,2025,,,NV&B CONSTRUCTION LTD,NV&B CONSTRUCTION LTD,Receivable Invoice,SRND Store Sales,SRND Store Sales,3840.0,1,0
SRND Group Ltd,#SR241256,2025-11-13,2025,,,NV&B CONSTRUCTION LTD,NV&B CONSTRUCTION LTD,Receivable Invoice,SRND Store Sales,SRND Store Sales,2200.0,1,0
SRND Group Ltd,#SR241256,2025-11-13,2025,,,NV&B CONSTRUCTION LTD,NV&B CONSTRUCTION LTD,Receivable Invoice,SRND Store Sales,SRND Store Sales,7875.0,1,0
SRND Group Ltd,#SR241256,2025-11-13,2025,,,NV&B CONSTRUCTION LTD,NV&B CONSTRUCTION LTD,Receivable Invoice,SRND Store Sales,SRND Store Sales,960.0,1,0
SRND Group Ltd,#SR241288,2026-02-04,2026,,,NV&B CONSTRUCTION LTD,NV&B CONSTRUCTION LTD,Receivable Invoice,SRND Store Sales,SRND Store Sales,1750.0,1,0
SRND Group Ltd,#SR241368,2026-07-20,2026,,,OKTO Integrated Services Ltd,OKTO Integrated Services Ltd,Receivable Invoice,SRND Store Sales,SRND Store Sales,5481.0,1,0
SRND Group Ltd,#SR241368,2026-07-20,2026,,,OKTO Integrated Services Ltd,OKTO Integrated Services Ltd,Receivable Invoice,SRND Store Sales,SRND Store Sales,5297.4,1,0
SRND Group Ltd,#SR241261,2025-11-28,2025,,,One Diversified Netherlands B.V.,One Diversified Netherlands B.V.,Receivable Invoice,SRND Store Sales,SRND Store Sales,5202.01,1,0
SRND Group Ltd,#SR241041,2024-04-29,2024,,,ONEXP,ONEXP,Receivable Invoice,Sales - Materials - Projection Screens,Projection Screens,791.27,1,0
SRND Group Ltd,#SR241041,2024-04-29,2024,,,ONEXP,ONEXP,Receivable Invoice,Sales - Materials - Projection Screens,Projection Screens,15.27,1,0
SRND Group Ltd,#SR241204,2025-06-27,2025,,,ONEXP,ONEXP,Receivable Invoice,SRND Store Sales,SRND Store Sales,247.83,1,0
SRND Group Ltd,#SR241348,2026-06-08,2026,,,ONEXP,ONEXP,Receivable Invoice,SRND Store Sales,SRND Store Sales,480.0,1,0
SRND Group Ltd,#SR241264,2025-12-05,2025,,,Orchestral Limited,Orchestral Limited,Receivable Invoice,SRND Store Sales,SRND Store Sales,204.0,1,0
SRND Group Ltd,#SR241264,2025-12-05,2025,,,Orchestral Limited,Orchestral Limited,Receivable Invoice,SRND Store Sales,SRND Store Sales,408.0,1,0
SRND Group Ltd,#SR241312,2026-04-11,2026,,,Orchestral Limited,Orchestral Limited,Receivable Invoice,SRND Store Sales,SRND Store Sales,204.0,1,0
SRND Group Ltd,#SR241259,2025-11-19,2025,,,Out of Hour AV,Out of Hour AV,Receivable Invoice,SRND Store Sales,SRND Store Sales,5.0,1,0
SRND Group Ltd,#SR241259,2025-11-19,2025,,,Out of Hour AV,Out of Hour AV,Receivable Invoice,SRND Store Sales,SRND Store Sales,5.0,1,0
SRND Group Ltd,#SR241259,2025-11-19,2025,,,Out of Hour AV,Out of Hour AV,Receivable Invoice,SRND Store Sales,SRND Store Sales,5.0,1,0
SRND Group Ltd,#SR241259,2025-11-19,2025,,,Out of Hour AV,Out of Hour AV,Receivable Invoice,SRND Store Sales,SRND Store Sales,5.0,1,0
SRND Group Ltd,#SR241259,2025-11-19,2025,,,Out of Hour AV,Out of Hour AV,Receivable Invoice,SRND Store Sales,SRND Store Sales,5.0,1,0
SRND Group Ltd,#SR241259,2025-11-19,2025,,,Out of Hour AV,Out of Hour AV,Receivable Invoice,SRND Store Sales,SRND Store Sales,5.0,1,0
SRND Group Ltd,#SR241265,2025-12-08,2025,,,Out of Hour AV,Out of Hour AV,Receivable Invoice,SRND Store Sales,SRND Store Sales,1681.02,1,0
SRND Group Ltd,#SR241265,2025-12-08,2025,,,Out of Hour AV,Out of Hour AV,Receivable Invoice,SRND Store Sales,SRND Store Sales,537.29,1,0
SRND Group Ltd,#SR241297,2026-02-18,2026,,,Out of Hour AV,Out of Hour AV,Receivable Invoice,SRND Store Sales,SRND Store Sales,204.0,1,0
SRND Group Ltd,#SR241148,2025-02-25,2025,,,Pedro Barbosa,Pedro Barbosa,Receivable Invoice,Sales - Materials - Projection Screens,Projection Screens,21658.0,1,0
SRND Group Ltd,#SR241006,2024-01-30,2024,,,Perfect Integration Ltd,Perfect Integration Ltd,Receivable Invoice,Sales - Materials - Projector Mounts,Projector Mounts,500.0,1,0
SRND Group Ltd,#SR241007,2024-02-01,2024,,,Perfect Integration Ltd,Perfect Integration Ltd,Receivable Invoice,Sales - Materials - Projector Mounts,Projector Mounts,1827.0,1,0
SRND Group Ltd,#SR241020,2024-03-20,2024,,,Perfect Integration Ltd,Perfect Integration Ltd,Receivable Invoice,Sales - Materials - Projectors,Projectors,16575.0,1,0
SRND Group Ltd,#SR241037,2024-04-25,2024,,,Perfect Integration Ltd,Perfect Integration Ltd,Receivable Invoice,Sales - Materials - Acoustic Treatment,Acoustic Treatment,780.0,1,0
SRND Group Ltd,#SR241036,2024-04-25,2024,,,Perfect Integration Ltd,Perfect Integration Ltd,Receivable Invoice,Sales - Materials - Acoustic Treatment,Acoustic Treatment,1980.0,1,0
SRND Group Ltd,#SR241036,2024-04-25,2024,,,Perfect Integration Ltd,Perfect Integration Ltd,Receivable Invoice,Sales - Materials - Acoustic Treatment,Acoustic Treatment,1560.0,1,0
SRND Group Ltd,#SR241157,2025-03-21,2025,,,Perfect Integration Ltd,Perfect Integration Ltd,Receivable Invoice,SRND Store Sales,SRND Store Sales,120.0,1,0
SRND Group Ltd,#SR241226,2025-08-14,2025,,,Perfect Integration Ltd,Perfect Integration Ltd,Receivable Invoice,SRND Store Sales,SRND Store Sales,120.0,1,0
SRND Group Ltd,#SR241273,2026-01-08,2026,,,Perfect Integration Ltd,Perfect Integration Ltd,Receivable Invoice,SRND Store Sales,SRND Store Sales,200.0,1,0
SRND Group Ltd,#SR241003,2024-01-12,2024,,,Photo & Data Image DeBoot,Photo & Data Image DeBoot,Receivable Invoice,Sales - Materials - Projector Mounts,Projector Mounts,1675.77,1,0
SRND Group Ltd,#SR241114,2024-12-04,2024,,,Photo & Data Image DeBoot,Photo & Data Image DeBoot,Receivable Invoice,SRND Store Sales,SRND Store Sales,1008.57,1,0
SRND Group Ltd,#SR241047,2024-05-15,2024,,,Plafond Sébastien Dhennin EIRL,Plafond Sébastien Dhennin EIRL,Receivable Invoice,SRND Store Sales,SRND Store Sales,795.6,1,0
SRND Group Ltd,#SR241132,2025-01-28,2025,,,Plafond Sébastien Dhennin EIRL,Plafond Sébastien Dhennin EIRL,Receivable Invoice,SRND Store Sales,SRND Store Sales,1193.4,1,0
SRND Group Ltd,#SR241150,2025-03-01,2025,,,Plafond Sébastien Dhennin EIRL,Plafond Sébastien Dhennin EIRL,Receivable Invoice,SRND Store Sales,SRND Store Sales,795.6,1,0
SRND Group Ltd,#SR241343,2026-06-02,2026,,,Plafond Sébastien Dhennin EIRL,Plafond Sébastien Dhennin EIRL,Receivable Invoice,SRND Store Sales,SRND Store Sales,397.8,1,0
SRND Group Ltd,#SR241192,2025-05-27,2025,,,Planar UK Limited,Planar UK Limited,Receivable Invoice,Sales - Materials - Metal Fabric Track,Metal Fabric Track,298.61,1,0
SRND Group Ltd,#SR241192,2025-05-27,2025,,,Planar UK Limited,Planar UK Limited,Receivable Invoice,Sales - Materials - Metal Fabric Track,Metal Fabric Track,467.11,1,0
SRND Group Ltd,#SR241192,2025-05-27,2025,,,Planar UK Limited,Planar UK Limited,Receivable Invoice,Sales - Materials - Metal Fabric Track,Metal Fabric Track,271.12,1,0
SRND Group Ltd,#SR241192,2025-05-27,2025,,,Planar UK Limited,Planar UK Limited,Receivable Invoice,Sales - Materials - Metal Fabric Track,Metal Fabric Track,341.17,1,0
SRND Group Ltd,#SR241192,2025-05-27,2025,,,Planar UK Limited,Planar UK Limited,Receivable Invoice,Sales - Materials - Metal Fabric Track,Metal Fabric Track,378.81,1,0
SRND Group Ltd,#SR241192,2025-05-27,2025,,,Planar UK Limited,Planar UK Limited,Receivable Invoice,Sales - Materials - Metal Fabric Track,Metal Fabric Track,217.68,1,0
SRND Group Ltd,#SR241192,2025-05-27,2025,,,Planar UK Limited,Planar UK Limited,Receivable Invoice,Sales - Materials - Metal Fabric Track,Metal Fabric Track,526.57,1,0
SRND Group Ltd,#SR241192,2025-05-27,2025,,,Planar UK Limited,Planar UK Limited,Receivable Invoice,Sales - Materials - Metal Fabric Track,Metal Fabric Track,425.36,1,0
SRND Group Ltd,#SR241192,2025-05-27,2025,,,Planar UK Limited,Planar UK Limited,Receivable Invoice,Sales - Services - On Site Services,On Site Services,1500.0,1,0
SRND Group Ltd,#SR241125,2025-01-13,2025,,,PlanPro OÜ,PlanPro OÜ,Receivable Invoice,Sales - Materials - Projector Mounts,Projector Mounts,3353.76,1,0
SRND Group Ltd,#SR241243,2025-10-03,2025,,,Potters Home Digital,Potters Home Digital,Receivable Invoice,SRND Store Sales,SRND Store Sales,4749.0,1,0
SRND Group Ltd,#SR241305,2026-03-12,2026,,,Potters Home Digital,Potters Home Digital,Receivable Invoice,SRND Store Sales,SRND Store Sales,9498.8,1,0
SRND Group Ltd,#SR241078,2024-09-10,2024,,,Premier Film,Premier Film,Receivable Invoice,SRND Store Sales,SRND Store Sales,907.72,1,0
SRND Group Ltd,#SR241079,2024-09-10,2024,,,Premier Film,Premier Film,Receivable Invoice,SRND Store Sales,SRND Store Sales,1239.36,1,0
SRND Group Ltd,#SR241079,2024-09-10,2024,,,Premier Film,Premier Film,Receivable Invoice,SRND Store Sales,SRND Store Sales,485.44,1,0
SRND Group Ltd,#SR241079,2024-09-10,2024,,,Premier Film,Premier Film,Receivable Invoice,SRND Store Sales,SRND Store Sales,525.3,1,0
SRND Group Ltd,#SR241281,2026-01-22,2026,,,Prestige Audio Ltd,Prestige Audio Ltd,Receivable Invoice,SRND Store Sales,SRND Store Sales,3814.2,1,0
SRND Group Ltd,#SR241282,2026-01-22,2026,,,Prestige Audio Ltd,Prestige Audio Ltd,Receivable Invoice,SRND Store Sales,SRND Store Sales,3178.44,1,0
SRND Group Ltd,#SR241008,2024-02-07,2024,,,proAV limited,proAV limited,Receivable Invoice,Sales - Materials - Speakers,Speakers,750.0,1,0
SRND Group Ltd,#SR241092,2024-10-02,2024,,,proAV limited,proAV limited,Receivable Invoice,SRND Store Sales,SRND Store Sales,2542.8,1,0
SRND Group Ltd,#SR241272,2025-12-19,2025,,,proAV limited,proAV limited,Receivable Invoice,SRND Store Sales,SRND Store Sales,3750.0,1,0
SRND Group Ltd,#SR241315,2026-04-17,2026,,,proAV limited,proAV limited,Receivable Invoice,SRND Store Sales,SRND Store Sales,2225.4,1,0
SRND Group Ltd,#SR241347,2026-06-04,2026,,,proAV limited,proAV limited,Receivable Invoice,SRND Store Sales,SRND Store Sales,9181.2,1,0
SRND Group Ltd,#SR241347,2026-06-04,2026,,,proAV limited,proAV limited,Receivable Invoice,SRND Store Sales,SRND Store Sales,1836.24,1,0
SRND Group Ltd,#SR241347,2026-06-04,2026,,,proAV limited,proAV limited,Receivable Invoice,SRND Store Sales,SRND Store Sales,1461.6,1,0
SRND Group Ltd,#SR241066,2024-07-11,2024,,,Proxitel,Proxitel,Receivable Invoice,SRND Store Sales,SRND Store Sales,1863.53,1,0
SRND Group Ltd,#SR241067,2024-07-11,2024,,,Proxitel,Proxitel,Receivable Invoice,SRND Store Sales,SRND Store Sales,176.71,1,0
SRND Group Ltd,#SR241082,2024-09-13,2024,,,Quinn London Ltd,Quinn London Ltd,Receivable Invoice,SRND Store Sales,SRND Store Sales,2943.0,1,0
SRND Group Ltd,#SR241141,2025-02-18,2025,,,Raid Systems Ltd,Raid Systems Ltd,Receivable Invoice,SRND Store Sales,SRND Store Sales,540.0,1,0
SRND Group Ltd,#SR241141,2025-02-18,2025,,,Raid Systems Ltd,Raid Systems Ltd,Receivable Invoice,SRND Store Sales,SRND Store Sales,720.0,1,0
SRND Group Ltd,#SR241085,2024-09-13,2024,,,Richer Sounds,Richer Sounds,Receivable Invoice,SRND Store Sales,SRND Store Sales,1827.0,1,0
SRND Group Ltd,#SR241120,2024-12-20,2024,,,RMC London Ltd,RMC London Ltd,Receivable Invoice,Sales - Materials - Projectors,Projectors,9583.47,1,0
SRND Group Ltd,#SR241120,2024-12-20,2024,,,RMC London Ltd,RMC London Ltd,Receivable Invoice,Sales - Materials - Projectors,Projectors,1061.02,1,0
SRND Group Ltd,#SR241120,2024-12-20,2024,,,RMC London Ltd,RMC London Ltd,Receivable Invoice,Sales - Materials - Video Processors,Video Processors,3460.16,1,0
SRND Group Ltd,#SR241120,2024-12-20,2024,,,RMC London Ltd,RMC London Ltd,Receivable Invoice,Sales - Materials - Projection Screens,Projection Screens,5279.07,1,0
SRND Group Ltd,#SR241120,2024-12-20,2024,,,RMC London Ltd,RMC London Ltd,Receivable Invoice,Sales - Services - On Site Services,On Site Services,912.72,1,0
SRND Group Ltd,#SR241341,2026-05-29,2026,,,RMC London Ltd,RMC London Ltd,Receivable Invoice,SRND Store Sales,SRND Store Sales,1769.34,1,0
SRND Group Ltd,#SR241341,2026-05-29,2026,,,RMC London Ltd,RMC London Ltd,Receivable Invoice,SRND Store Sales,SRND Store Sales,3693.83,1,0
SRND Group Ltd,#SR241341,2026-05-29,2026,,,RMC London Ltd,RMC London Ltd,Receivable Invoice,SRND Store Sales,SRND Store Sales,1389.71,1,0
SRND Group Ltd,#SR241341,2026-05-29,2026,,,RMC London Ltd,RMC London Ltd,Receivable Invoice,SRND Store Sales,SRND Store Sales,1626.98,1,0
SRND Group Ltd,#SR241341,2026-05-29,2026,,,RMC London Ltd,RMC London Ltd,Receivable Invoice,SRND Store Sales,SRND Store Sales,813.49,1,0
SRND Group Ltd,#SR241341,2026-05-29,2026,,,RMC London Ltd,RMC London Ltd,Receivable Invoice,SRND Store Sales,SRND Store Sales,2614.8,1,0
SRND Group Ltd,#SR241341,2026-05-29,2026,,,RMC London Ltd,RMC London Ltd,Receivable Invoice,SRND Store Sales,SRND Store Sales,1162.14,1,0
SRND Group Ltd,#SR241341,2026-05-29,2026,,,RMC London Ltd,RMC London Ltd,Receivable Invoice,SRND Store Sales,SRND Store Sales,1220.24,1,0
SRND Group Ltd,#SR241341,2026-05-29,2026,,,RMC London Ltd,RMC London Ltd,Receivable Invoice,SRND Store Sales,SRND Store Sales,174.32,1,0
SRND Group Ltd,#SR241341,2026-05-29,2026,,,RMC London Ltd,RMC London Ltd,Receivable Invoice,SRND Store Sales,SRND Store Sales,679.85,1,0
SRND Group Ltd,#SR241045,2024-05-13,2024,,,Roelandschap Audio Video Engineering,Roelandschap Audio Video Engineering,Receivable Invoice,SRND Store Sales,SRND Store Sales,4022.2,1,0
SRND Group Ltd,#SR241086,2024-09-13,2024,,,S M CONTRACTS LTD,S M CONTRACTS LTD,Receivable Invoice,SRND Store Sales,SRND Store Sales,2162.0,1,0
SRND Group Ltd,#SR241086,2024-09-13,2024,,,S M CONTRACTS LTD,S M CONTRACTS LTD,Receivable Invoice,SRND Store Sales,SRND Store Sales,1715.0,1,0
SRND Group Ltd,#SR241095,2024-10-10,2024,,,S M CONTRACTS LTD,S M CONTRACTS LTD,Receivable Invoice,SRND Store Sales,SRND Store Sales,280.0,1,0
SRND Group Ltd,#SR241197,2025-06-10,2025,,,S M CONTRACTS LTD,S M CONTRACTS LTD,Receivable Invoice,Sales - Materials - LED Video Walls,LED Video Walls,113240.0,1,0
SRND Group Ltd,#SR241197,2025-06-10,2025,,,S M CONTRACTS LTD,S M CONTRACTS LTD,Receivable Invoice,Sales - Materials - LED Video Walls,LED Video Walls,9150.0,1,0
SRND Group Ltd,#SR241197,2025-06-10,2025,,,S M CONTRACTS LTD,S M CONTRACTS LTD,Receivable Invoice,Sales - Materials - Video Processors,Video Processors,3791.08,1,0
SRND Group Ltd,#SR241197,2025-06-10,2025,,,S M CONTRACTS LTD,S M CONTRACTS LTD,Receivable Invoice,Sales - Materials - Projector Mounts,Projector Mounts,8612.5,1,0
SRND Group Ltd,#SR241163,2025-04-03,2025,,,Sarah Woods,Sarah Woods,Receivable Invoice,Sales - Materials - LED Video Walls,LED Video Walls,16175.24,1,0
SRND Group Ltd,#SR241289,2026-02-05,2026,,,SAS EAS INGENIERIE,SAS EAS INGENIERIE,Receivable Invoice,SRND Store Sales,SRND Store Sales,244.8,1,0
SRND Group Ltd,#SR241359,2026-07-02,2026,,,SCP Galileo,SCP Galileo,Receivable Invoice,SRND Store Sales,SRND Store Sales,5000.0,1,0
SRND Group Ltd,#SR241131,2025-01-28,2025,,,Sevenoaks Sound and Vision,Sevenoaks Sound and Vision,Receivable Invoice,SRND Store Sales,SRND Store Sales,1170.0,1,0
SRND Group Ltd,#SR241131,2025-01-28,2025,,,Sevenoaks Sound and Vision,Sevenoaks Sound and Vision,Receivable Invoice,SRND Store Sales,SRND Store Sales,390.0,1,0
SRND Group Ltd,#SR241327,2026-05-11,2026,,,Sigma Design Ltd,Sigma Design Ltd,Receivable Invoice,SRND Store Sales,SRND Store Sales,390.0,1,0
SRND Group Ltd,#SR241187,2025-05-19,2025,,,Skarcon OÜ,Skarcon OÜ,Receivable Invoice,Sales - Materials - Airflow,Airflow,745.42,1,0
SRND Group Ltd,#SR241187,2025-05-19,2025,,,Skarcon OÜ,Skarcon OÜ,Receivable Invoice,Sales - Materials - Airflow,Airflow,2086.92,1,0
SRND Group Ltd,#SR241187,2025-05-19,2025,,,Skarcon OÜ,Skarcon OÜ,Receivable Invoice,Sales - Materials - Projector Mounts,Projector Mounts,3962.1,1,0
SRND Group Ltd,#SR241300,2026-03-02,2026,,,Smart Technology Advisers,Smart Technology Advisers,Receivable Invoice,SRND Store Sales,SRND Store Sales,3200.0,1,0
SRND Group Ltd,INV-0002,2023-11-13,2023,,,Smart Technology Advisers Ltd,Smart Technology Advisers Ltd,Receivable Invoice,Sales - Services - Product Design,Product Design,1920.0,1,0
SRND Group Ltd,#SR241208,2025-07-08,2025,,,Sorenson DIGITAL,Sorenson DIGITAL,Receivable Invoice,SRND Store Sales,SRND Store Sales,244.38,1,0
SRND Group Ltd,#SR241208,2025-07-08,2025,,,Sorenson DIGITAL,Sorenson DIGITAL,Receivable Invoice,SRND Store Sales,SRND Store Sales,305.78,1,0
SRND Group Ltd,#SR241323,2026-05-05,2026,,,Sorenson DIGITAL,Sorenson DIGITAL,Receivable Invoice,SRND Store Sales,SRND Store Sales,600.65,1,0
SRND Group Ltd,#SR241156,2025-03-20,2025,,,SorensonDIGITAL,SorensonDIGITAL,Receivable Invoice,Sales - Materials - Projector Mounts,Projector Mounts,1863.32,1,0
SRND Group Ltd,#SR241238,2025-09-24,2025,,,Special-Elektronik AB,Special-Elektronik AB,Receivable Invoice,SRND Store Sales,SRND Store Sales,5163.75,1,0
SRND Group Ltd,#SR241229,2025-08-27,2025,,,Specialty Theatre,Specialty Theatre,Receivable Invoice,SRND Store Sales,SRND Store Sales,296.03,1,0
SRND Group Ltd,#SR241251,2025-10-29,2025,,,Specialty Theatre,Specialty Theatre,Receivable Invoice,SRND Store Sales,SRND Store Sales,295.89,1,0
SRND Group Ltd,,2025-01-23,2025,,,Stereolabs,Stereolabs,Spend Money,Sales - Materials - LED Control and Power,LED Control and Power,-589.55,0,0
SRND Group Ltd,#SR241172,2025-04-28,2025,,,Stone Audio,Stone Audio,Receivable Invoice,SRND Store Sales,SRND Store Sales,120.0,1,0
SRND Group Ltd,INV-5015,2025-10-20,2025,,,Store Holdings South Ltd,Store Holdings South Ltd,Receivable Invoice,SRND Store Sales,SRND Store Sales,3750.0,1,0
SRND Group Ltd,INV-5015,2025-10-20,2025,,,Store Holdings South Ltd,Store Holdings South Ltd,Receivable Invoice,SRND Store Sales,SRND Store Sales,6500.0,1,0
SRND Group Ltd,INV-5015,2025-10-20,2025,,,Store Holdings South Ltd,Store Holdings South Ltd,Receivable Invoice,SRND Store Sales,SRND Store Sales,5000.0,1,0
SRND Group Ltd,INV-5015,2025-10-20,2025,,,Store Holdings South Ltd,Store Holdings South Ltd,Receivable Invoice,SRND Store Sales,SRND Store Sales,3750.0,1,0
SRND Group Ltd,INV-5015,2025-10-20,2025,,,Store Holdings South Ltd,Store Holdings South Ltd,Receivable Invoice,SRND Store Sales,SRND Store Sales,20000.0,1,0
SRND Group Ltd,INV-5015,2025-10-20,2025,,,Store Holdings South Ltd,Store Holdings South Ltd,Receivable Invoice,SRND Store Sales,SRND Store Sales,2250.0,1,0
SRND Group Ltd,INV-5015,2025-10-20,2025,,,Store Holdings South Ltd,Store Holdings South Ltd,Receivable Invoice,SRND Store Sales,SRND Store Sales,3750.0,1,0
SRND Group Ltd,INV-5015,2025-10-20,2025,,,Store Holdings South Ltd,Store Holdings South Ltd,Receivable Invoice,SRND Store Sales,SRND Store Sales,3750.0,1,0
SRND Group Ltd,INV-5015,2025-10-20,2025,,,Store Holdings South Ltd,Store Holdings South Ltd,Receivable Invoice,SRND Store Sales,SRND Store Sales,29195.0,1,0
SRND Group Ltd,#SR241196,2025-06-03,2025,,,Studio Electronica,Studio Electronica,Receivable Invoice,Sales - Materials - Projector Mounts,Projector Mounts,1125.0,1,0
SRND Group Ltd,#SR241328,2026-05-12,2026,,,Sysco Productions Ltd,Sysco Productions Ltd,Receivable Invoice,SRND Store Sales,SRND Store Sales,3320.0,1,0
SRND Group Ltd,#SR241198,2025-06-12,2025,,,TD Sat & Sound SL,TD Sat & Sound SL,Receivable Invoice,Sales - Materials - Projector Mounts,Projector Mounts,559.36,1,0
SRND Group Ltd,#SR241145,2025-02-24,2025,,,The Media Factory,The Media Factory,Receivable Invoice,Sales - Materials - Video Processors,Video Processors,3411.98,1,0
SRND Group Ltd,#SR241379,2026-08-10,2026,,,Thibault Pfohl,Thibault Pfohl,Receivable Invoice,SRND Store Sales,SRND Store Sales,7192.6,1,0
SRND Group Ltd,#SR241185,2025-05-15,2025,,,THINK Group,THINK Group,Receivable Invoice,Sales - Materials - Projectors,Projectors,12928.5,1,0
SRND Group Ltd,#SR241185,2025-05-15,2025,,,THINK Group,THINK Group,Receivable Invoice,Sales - Materials - Projectors,Projectors,4143.75,1,0
SRND Group Ltd,#SR241185,2025-05-15,2025,,,THINK Group,THINK Group,Receivable Invoice,Sales - Materials - Projector Mounts,Projector Mounts,559.37,1,0
SRND Group Ltd,#SR241004,2024-01-17,2024,,,Tillman Domotics,Tillman Domotics,Receivable Invoice,Sales - Materials - Projector Mounts,Projector Mounts,4290.0,1,0
SRND Group Ltd,#SR241065,2024-07-11,2024,,,Tillman Domotics,Tillman Domotics,Receivable Invoice,SRND Store Sales,SRND Store Sales,2118.6,1,0
SRND Group Ltd,#SR241325,2026-05-06,2026,,,Tillman Domotics,Tillman Domotics,Receivable Invoice,SRND Store Sales,SRND Store Sales,1827.0,1,0
SRND Group Ltd,#SR241345,2026-06-03,2026,,,Tillman Domotics,Tillman Domotics,Receivable Invoice,SRND Store Sales,SRND Store Sales,1023.0,1,0
SRND Group Ltd,#SR241345,2026-06-03,2026,,,Tillman Domotics,Tillman Domotics,Receivable Invoice,SRND Store Sales,SRND Store Sales,730.8,1,0
SRND Group Ltd,#SR241109,2024-11-11,2024,,,Timestate Real Estate Construction Wholesale Clothing Foreign Trade Limited Company,Timestate Real Estate Construction Wholesale Clothing Foreign Trade Limited Company,Receivable Invoice,SRND Store Sales,SRND Store Sales,13845.0,1,0
SRND Group Ltd,#SR241109,2024-11-11,2024,,,Timestate Real Estate Construction Wholesale Clothing Foreign Trade Limited Company,Timestate Real Estate Construction Wholesale Clothing Foreign Trade Limited Company,Receivable Invoice,SRND Store Sales,SRND Store Sales,3461.25,1,0
SRND Group Ltd,#SR241074,2024-08-22,2024,,,TNL Systems Ltd T/a The Next Level,TNL Systems Ltd T/a The Next Level,Receivable Invoice,SRND Store Sales,SRND Store Sales,186.15,1,0
SRND Group Ltd,#SR241081,2024-09-11,2024,,,TNL Systems Ltd T/a The Next Level,TNL Systems Ltd T/a The Next Level,Receivable Invoice,SRND Store Sales,SRND Store Sales,186.15,1,0
SRND Group Ltd,#SR241013,2024-02-29,2024,,,Van Berge Henegouwen Installaties B.V,Van Berge Henegouwen Installaties B.V,Receivable Invoice,Sales - Materials - Projector Mounts,Projector Mounts,1502.03,1,0
SRND Group Ltd,#SR241076,2024-08-23,2024,,,Van Berge Henegouwen Installaties B.V,Van Berge Henegouwen Installaties B.V,Receivable Invoice,Sales - Materials - Projection Screens,Projection Screens,14118.84,1,0
SRND Group Ltd,#SR241080,2024-09-11,2024,,,Van Berge Henegouwen Installaties B.V,Van Berge Henegouwen Installaties B.V,Receivable Invoice,SRND Store Sales,SRND Store Sales,390.0,1,0
SRND Group Ltd,#SR241128,2025-01-17,2025,,,Van Berge Henegouwen Installaties B.V,Van Berge Henegouwen Installaties B.V,Receivable Invoice,SRND Store Sales,SRND Store Sales,1989.0,1,0
SRND Group Ltd,#SR241130,2025-01-27,2025,,,Van Berge Henegouwen Installaties B.V,Van Berge Henegouwen Installaties B.V,Receivable Invoice,SRND Store Sales,SRND Store Sales,2340.0,1,0
SRND Group Ltd,#SR241128,2025-03-25,2025,,,Van Berge Henegouwen Installaties B.V,Van Berge Henegouwen Installaties B.V,Receivable Credit Note,SRND Store Sales,SRND Store Sales,-1928.79,1,0
SRND Group Ltd,#SR241159,2025-03-26,2025,,,Van Berge Henegouwen Installaties B.V,Van Berge Henegouwen Installaties B.V,Receivable Invoice,SRND Store Sales,SRND Store Sales,112.97,1,0
SRND Group Ltd,#SR241221,2025-07-31,2025,,,Van Berge Henegouwen Installaties B.V,Van Berge Henegouwen Installaties B.V,Receivable Invoice,SRND Store Sales,SRND Store Sales,10400.0,1,0
SRND Group Ltd,#SR241257,2025-11-13,2025,,,Van Berge Henegouwen Installaties B.V,Van Berge Henegouwen Installaties B.V,Receivable Invoice,SRND Store Sales,SRND Store Sales,200.0,1,0
SRND Group Ltd,#SR241276,2026-01-10,2026,,,Van Berge Henegouwen Installaties B.V,Van Berge Henegouwen Installaties B.V,Receivable Invoice,SRND Store Sales,SRND Store Sales,764.13,1,0
SRND Group Ltd,#SR241027,2024-04-08,2024,,,Wasserman Live,Wasserman Live,Receivable Invoice,Sales - Materials - Plastic Fabric Track,Plastic Fabric Track,100.0,1,0
SRND Group Ltd,#SR241235,2025-09-12,2025,,,WebcentrikAV,WebcentrikAV,Receivable Invoice,SRND Store Sales,SRND Store Sales,246.5,1,0
SRND Group Ltd,#SR241235,2025-09-12,2025,,,WebcentrikAV,WebcentrikAV,Receivable Invoice,SRND Store Sales,SRND Store Sales,4165.2,1,0
SRND Group Ltd,#SR241040,2024-04-29,2024,,,What you See and Hear Ltd,What you See and Hear Ltd,Receivable Invoice,Sales - Materials - Speakers,Speakers,1500.0,1,0
SRND Group Ltd,#SR241043,2024-05-10,2024,,,What you See and Hear Ltd,What you See and Hear Ltd,Receivable Invoice,Sales - Materials - Speakers,Speakers,5250.0,1,0
SRND Group Ltd,#SR241046,2024-05-15,2024,,,What you See and Hear Ltd,What you See and Hear Ltd,Receivable Invoice,Sales - Materials - Speakers,Speakers,7780.34,1,0
SRND Group Ltd,#SR241046,2024-05-15,2024,,,What you See and Hear Ltd,What you See and Hear Ltd,Receivable Invoice,Sales - Materials - Speakers,Speakers,1084.54,1,0
SRND Group Ltd,#SR241046,2024-05-15,2024,,,What you See and Hear Ltd,What you See and Hear Ltd,Receivable Invoice,Sales - Materials - Speakers,Speakers,3942.05,1,0
SRND Group Ltd,#SR241046,2024-05-15,2024,,,What you See and Hear Ltd,What you See and Hear Ltd,Receivable Invoice,Sales - Materials - Speakers,Speakers,235.77,1,0
SRND Group Ltd,#SR241046,2024-05-15,2024,,,What you See and Hear Ltd,What you See and Hear Ltd,Receivable Invoice,Sales - Materials - Speakers,Speakers,874.6,1,0
SRND Group Ltd,#SR241147,2025-02-25,2025,,,Zagar Ltd,Zagar Ltd,Receivable Invoice,Sales - Materials - Projection Screens,Projection Screens,35134.2,1,0
